# ts x y z qx qy qz qw
0.000000000 0.000000000 0.000000000 0.000000000 0.004539511 -0.197054339 -0.000514399 0.980381923
0.010000000 0.000244615 0.000132038 -0.001340147 0.007329363 -0.191463247 -0.001001762 0.981471906
0.020000000 0.000821377 0.000350287 -0.002244051 0.005806723 -0.204488439 -0.000282631 0.978851715
0.030000000 0.000945016 0.002295760 -0.004429217 -0.000100116 -0.263650592 0.001631971 0.964616863
0.040000000 0.001142747 0.008904502 -0.004798187 0.000473553 -0.303584947 0.001884070 0.952802396
0.050000000 0.001319128 0.012938377 -0.002742509 0.003057565 -0.331732580 -0.000926880 0.943368055
0.060000000 0.001742326 0.028704851 -0.001495585 0.004992635 -0.361042558 -0.001967849 0.932533899
0.070000000 0.002020720 0.033745561 0.000615915 0.003794424 -0.401953225 -0.003723021 0.915644771
0.080000000 0.002967475 0.055964569 0.002362384 0.001364645 -0.449973198 -0.003588638 0.893033807
0.090000000 0.003307059 0.061321857 0.004573280 0.003032399 -0.503908738 -0.002007973 0.863749244
0.100000000 0.004693450 0.087617216 0.006368758 0.014671057 -0.562148049 -0.006239593 0.826882941
0.110000000 0.005132944 0.093168471 0.005640710 0.013966039 -0.615471722 -0.013216150 0.787924389
0.120000000 0.007353674 0.123414958 0.007083754 0.013690790 -0.660995341 -0.013736826 0.750139335
0.130000000 0.007821246 0.128961545 0.003045105 0.010540524 -0.693027846 -0.005673786 0.720811425
0.140000000 0.010490115 0.161869770 0.003760681 0.002955039 -0.721542646 -0.006925743 0.692329049
0.150000000 0.010891950 0.167393737 -0.001994896 -0.002179768 -0.740914370 -0.000378259 0.671595862
0.160000000 0.012804913 0.204103005 -0.002203661 -0.012137481 -0.753905257 0.005021694 0.656851830
0.170000000 0.011224722 0.235705946 -0.009302959 -0.019284803 -0.766005752 0.009270088 0.642477509
0.180000000 0.011476078 0.240307077 -0.010341687 -0.028382479 -0.776633102 0.013957376 0.629158686
0.190000000 0.011605382 0.245661099 -0.015257622 -0.034433249 -0.789527747 0.015132253 0.612561264
0.200000000 0.007389558 0.277834737 -0.016818818 -0.034483670 -0.800273007 0.020330677 0.598298132
0.210000000 0.007482554 0.283375032 -0.018452027 -0.032629310 -0.810546657 0.026095149 0.584181896
0.220000000 0.000715546 0.314303972 -0.019107719 -0.030239693 -0.817122160 0.028832853 0.574948349
0.230000000 -0.007391842 0.343513953 -0.019218724 -0.026948164 -0.815683313 0.030647993 0.577057388
0.240000000 -0.007984008 0.351198655 -0.017570848 -0.021907205 -0.807443846 0.031946992 0.588671301
0.250000000 -0.008403706 0.358390544 -0.014282262 -0.015021668 -0.788019120 0.029307873 0.614769277
0.260000000 -0.016093546 0.387341234 -0.010461978 -0.008682082 -0.758724825 0.020357214 0.651035210
0.270000000 -0.021394788 0.417311564 -0.005803903 -0.006578923 -0.728491789 0.011524215 0.684925999
0.280000000 -0.022629163 0.427921327 -0.002485208 -0.000595311 -0.701216369 0.003423451 0.712940060
0.290000000 -0.022983668 0.459465350 0.000276272 0.002203857 -0.673610441 -0.011595661 0.738992326
0.300000000 -0.023827694 0.472011681 0.001798644 -0.009539413 -0.643523115 -0.026832895 0.764896723
0.310000000 -0.020959870 0.503398343 0.006510160 -0.008401673 -0.618701844 -0.031029883 0.784967889
0.320000000 -0.021152557 0.517661800 0.006481837 -0.018343232 -0.592615764 -0.044463022 0.804047960
0.330000000 -0.014024149 0.548549960 0.010137790 -0.026243103 -0.575359458 -0.055796797 0.815573118
0.340000000 -0.012957312 0.564419039 0.006444765 -0.032780554 -0.569208929 -0.057123476 0.819550816
0.350000000 -0.003935704 0.592911546 0.008237656 -0.032343455 -0.576125096 -0.051377132 0.815103775
0.360000000 -0.001723423 0.609779569 0.003413261 -0.028192265 -0.585523527 -0.039700314 0.809191746
0.370000000 0.008041491 0.633312989 0.005422344 -0.028329428 -0.589470981 -0.038029608 0.806396401
0.380000000 0.011258608 0.650049128 0.001521443 -0.032771350 -0.590619029 -0.038547055 0.805362853
0.390000000 0.023531611 0.670574991 0.006545265 -0.035097170 -0.593234741 -0.037082572 0.803408746
0.400000000 0.028402194 0.687141325 0.005401257 -0.037647405 -0.596192343 -0.037865032 0.801064044
0.410000000 0.045000869 0.706208826 0.012456770 -0.040414457 -0.606491398 -0.039330530 0.793087615
0.420000000 0.052502521 0.722753992 0.013467693 -0.040587091 -0.627584522 -0.039925399 0.776463984
0.430000000 0.071253203 0.739407600 0.020403347 -0.039935928 -0.655612045 -0.042792160 0.752825876
0.440000000 0.080996180 0.755297728 0.022391071 -0.038493195 -0.682844178 -0.044116770 0.728214126
0.450000000 0.101032221 0.768826758 0.028625991 -0.030968607 -0.705617759 -0.040171394 0.706774916
0.460000000 0.112830805 0.783363438 0.030255851 -0.014362220 -0.728618807 -0.032878457 0.683979069
0.470000000 0.129718231 0.789255076 0.030009223 0.002503756 -0.749661766 -0.030524633 0.661112105
0.480000000 0.141333585 0.799608872 0.026453574 0.006890273 -0.769736188 -0.028409064 0.637692441
0.490000000 0.148538388 0.794919644 0.022400690 0.012416783 -0.783219744 -0.024604850 0.621133848
0.500000000 0.155596585 0.798264503 0.015234416 0.017809834 -0.790966999 -0.024784719 0.611097156
0.510000000 0.152580061 0.786590929 0.009964111 -0.002152108 -0.803248338 -0.037314944 0.594470412
0.520000000 0.153162918 0.783700154 0.003168500 -0.022171625 -0.808152996 -0.055003805 0.585979296
0.530000000 0.147781046 0.771281832 -0.001552289 -0.027155971 -0.809696544 -0.058182696 0.583325667
0.540000000 0.145787325 0.765617959 -0.008821714 -0.027406870 -0.815491439 -0.046116521 0.576277575
0.550000000 0.136655935 0.750767725 -0.014170682 -0.027408718 -0.820729453 -0.034968835 0.569586787
0.560000000 0.124516255 0.731227801 -0.015632372 -0.026290439 -0.820940798 -0.029550078 0.569641828
0.570000000 0.116974988 0.719326537 -0.016872096 -0.024440142 -0.818605345 -0.025737922 0.573258692
0.580000000 0.110054211 0.707098680 -0.015239581 -0.019892845 -0.809683125 -0.022595199 0.586094675
0.590000000 0.103625729 0.694611702 -0.011328231 -0.013196581 -0.795138397 -0.019972781 0.605955334
0.600000000 0.101018050 0.689315912 -0.003525569 -0.005857198 -0.776220218 -0.021676248 0.630061907
0.610000000 0.099509377 0.681742009 0.003632097 0.002892793 -0.754952066 -0.026534512 0.655236544
0.620000000 0.097985056 0.674109070 0.009144061 0.012594088 -0.735567964 -0.032864000 0.676536116
0.630000000 0.101111128 0.670824049 0.014311793 0.022938841 -0.716049491 -0.042070473 0.696402908
0.640000000 0.104513007 0.667202168 0.018385170 0.029870438 -0.692343849 -0.057288040 0.718669488
0.650000000 0.109072371 0.667986755 0.022238259 0.035685464 -0.663438095 -0.070332661 0.744063007
0.660000000 0.117847437 0.670158264 0.024265630 0.044903690 -0.632563913 -0.074755205 0.769583143
0.670000000 0.132667310 0.673630619 0.024466233 0.050493672 -0.602063846 -0.083076092 0.792507336
0.680000000 0.146622855 0.676591959 0.022646614 0.052000979 -0.577623990 -0.088526282 0.809820673
0.690000000 0.154249219 0.678170911 0.021494856 0.051711119 -0.566125387 -0.080707380 0.818727259
0.700000000 0.168148805 0.681653226 0.020820388 0.048285337 -0.563588830 -0.068602575 0.821784548
0.710000000 0.187127551 0.687198154 0.017828867 0.043304305 -0.564028961 -0.060680975 0.822383054
0.720000000 0.209731221 0.693611803 0.012978188 0.034191843 -0.567945644 -0.060024026 0.820162045
0.730000000 0.225788444 0.696401989 0.010785227 0.022794068 -0.568452923 -0.060156273 0.820196883
0.740000000 0.238617994 0.698662026 0.011182405 0.013206857 -0.563436277 -0.059769905 0.823888766
0.750000000 0.252085623 0.701071910 0.012291993 0.005853534 -0.552143420 -0.060403045 0.831537643
0.760000000 0.271770952 0.704546954 0.011129262 -0.000741834 -0.539022167 -0.062183454 0.839992721
0.770000000 0.285376913 0.706132072 0.015869077 -0.007776688 -0.528596024 -0.066393782 0.846237338
0.780000000 0.305379378 0.707797290 0.017274566 -0.013262918 -0.528314390 -0.071390763 0.845938153
0.790000000 0.316889067 0.707643332 0.026074542 -0.018060224 -0.544052603 -0.077014367 0.835313941
0.800000000 0.331581569 0.705033823 0.029225203 -0.021451880 -0.572118791 -0.082519241 0.815726965
0.810000000 0.341776468 0.705010347 0.041317128 -0.017181725 -0.606344582 -0.086086488 0.790341795
0.820000000 0.353022694 0.701827704 0.048091946 0.000074132 -0.635044884 -0.085008144 0.767783567
0.830000000 0.364758350 0.697124835 0.053558616 0.016908482 -0.662308687 -0.086081144 0.744077511
0.840000000 0.377262182 0.690007990 0.056309816 0.031853548 -0.686948272 -0.090761269 0.720312304
0.850000000 0.388262137 0.688279003 0.061678740 0.042069208 -0.706064000 -0.085642330 0.701690246
0.860000000 0.401306589 0.682286140 0.062742722 0.041764874 -0.713266557 -0.085014702 0.694463112
0.870000000 0.412221531 0.681725416 0.064777017 0.039448840 -0.718688540 -0.092862406 0.687973215
0.880000000 0.424572790 0.681286199 0.063306359 0.042226297 -0.713822788 -0.096295080 0.692388059
0.890000000 0.436264270 0.682736140 0.059637370 0.046235842 -0.706709243 -0.096528558 0.699361516
0.900000000 0.452082614 0.692047572 0.055127159 0.049770204 -0.690604903 -0.092343345 0.715584029
0.910000000 0.463096702 0.693747687 0.046709597 0.047871522 -0.681497157 -0.091734750 0.724468549
0.920000000 0.473864418 0.702396286 0.040456787 0.049389098 -0.677067554 -0.083732108 0.729471849
0.930000000 0.483417875 0.702743272 0.031515614 0.052902039 -0.673067580 -0.076294539 0.733730570
0.940000000 0.483824796 0.699363213 0.025042359 0.056307147 -0.659766686 -0.070212971 0.746061367
0.950000000 0.492663487 0.699637207 0.017565330 0.059782599 -0.640155521 -0.068402077 0.762855233
0.960000000 0.490582275 0.697238713 0.011755862 0.062445505 -0.610691736 -0.067286371 0.786529533
0.970000000 0.498598058 0.697344755 0.006415964 0.067325981 -0.586889203 -0.065621497 0.804190335
0.980000000 0.493023562 0.694506878 -0.000791110 0.073824787 -0.563221901 -0.067555439 0.820223904
0.990000000 0.500236571 0.694044675 -0.006551197 0.083200041 -0.540712787 -0.078014018 0.833439409
1.000000000 0.492451280 0.683288031 -0.015676405 0.081518183 -0.512659239 -0.098826214 0.848980960
1.010000000 0.495109809 0.683681178 -0.022010161 0.078719811 -0.485297764 -0.105700187 0.864359151
1.020000000 0.499626345 0.683532821 -0.028783464 0.099055165 -0.458963789 -0.113895380 0.875538781
1.030000000 0.504566284 0.682743279 -0.035097386 0.095809828 -0.442174017 -0.125507896 0.882921505
1.040000000 0.510250873 0.680991408 -0.040193666 0.100624263 -0.429746856 -0.128834804 0.888028148
1.050000000 0.517638265 0.676591576 -0.044694253 0.098027560 -0.431941659 -0.127764467 0.887408159
1.060000000 0.525485098 0.671077184 -0.048109093 0.092087414 -0.439440488 -0.124615419 0.884806738
1.070000000 0.534082881 0.663629277 -0.049450150 0.081268274 -0.446634056 -0.123860716 0.882367277
1.080000000 0.543923318 0.654330557 -0.048705215 0.067124581 -0.452571228 -0.121789638 0.880818289
1.090000000 0.553795688 0.644732652 -0.046133552 0.054185529 -0.453999715 -0.119838999 0.881241625
1.100000000 0.563280761 0.635413094 -0.041939807 0.044575482 -0.449310819 -0.115410805 0.884767292
1.110000000 0.572103894 0.626308897 -0.036188991 0.036781388 -0.440159670 -0.112774952 0.890049664
1.120000000 0.580715230 0.617288308 -0.028875674 0.029634944 -0.430182237 -0.114424408 0.894970429
1.130000000 0.590139976 0.607626478 -0.020570816 0.021730878 -0.420656477 -0.116192218 0.899486112
1.140000000 0.600521544 0.598046152 -0.011584392 0.013470014 -0.421029233 -0.118230205 0.899207742
1.150000000 0.611491572 0.589615773 -0.001601840 0.002923834 -0.435683089 -0.121177156 0.891901224
1.160000000 0.623343646 0.582345800 0.009572517 -0.005783036 -0.462144979 -0.123526679 0.878139929
1.170000000 0.635967220 0.575721116 0.021461877 -0.009452683 -0.497169315 -0.125642629 0.858456317
1.180000000 0.649039422 0.569536643 0.033351194 -0.011116277 -0.535945860 -0.127502829 0.834494753
1.190000000 0.663333598 0.564250561 0.045200208 -0.000251211 -0.573091325 -0.125675668 0.809797442
1.200000000 0.678643268 0.560039287 0.056967391 0.007581954 -0.603504809 -0.134458748 0.785904132
1.210000000 0.692378865 0.557310761 0.066891883 0.006101054 -0.625651891 -0.133975426 0.768487524
1.220000000 0.706531218 0.556192388 0.075742558 0.012528778 -0.633492710 -0.123745279 0.763686534
1.230000000 0.720346306 0.554852516 0.084209107 0.020568870 -0.634917166 -0.116296540 0.763499986
1.240000000 0.733171095 0.552174073 0.092990580 0.022294135 -0.627275763 -0.112574663 0.770295420
1.250000000 0.745102407 0.549605251 0.100464263 0.028491016 -0.609037281 -0.108070135 0.785227800
1.260000000 0.755756925 0.548455045 0.105811054 0.037518135 -0.587163067 -0.104329347 0.801839953
1.270000000 0.764450723 0.549728190 0.109121329 0.046653817 -0.571138504 -0.098447235 0.813592264
1.280000000 0.770589115 0.553027347 0.110873512 0.054563708 -0.563566165 -0.089867013 0.819353342
1.290000000 0.773784268 0.557051544 0.111388767 0.061564499 -0.549915632 -0.082309794 0.828871346
1.300000000 0.775444492 0.560511331 0.110965194 0.068353555 -0.532221420 -0.075478809 0.840458863
1.310000000 0.777600178 0.562833518 0.109589710 0.075105692 -0.514239751 -0.068607057 0.851592441
1.320000000 0.781167382 0.564206719 0.107384407 0.077996933 -0.492431966 -0.068131074 0.864167457
1.330000000 0.786674289 0.564183450 0.104566081 0.070798561 -0.471542316 -0.077249271 0.875595773
1.340000000 0.793026298 0.562768304 0.100606723 0.068295463 -0.451595346 -0.087542065 0.885287388
1.350000000 0.799026592 0.561578263 0.095521499 0.071113182 -0.431110183 -0.096485908 0.894302742
1.360000000 0.805513233 0.560652321 0.090017800 0.073031335 -0.408351389 -0.105930747 0.903711372
1.370000000 0.814061583 0.557974193 0.084334958 0.083862800 -0.386139450 -0.115987256 0.911268518
1.380000000 0.824615778 0.554240637 0.078681441 0.085844136 -0.370353696 -0.126736650 0.916191435
1.390000000 0.834393487 0.549642816 0.072592814 0.082383479 -0.362259637 -0.134257871 0.918670638
1.400000000 0.843402913 0.544186430 0.065948568 0.073766092 -0.361525393 -0.142823464 0.918400464
1.410000000 0.852888756 0.537433190 0.059243742 0.063228153 -0.366436949 -0.149969572 0.916097861
1.420000000 0.863090461 0.528846473 0.053312843 0.053476363 -0.374463293 -0.151889367 0.913152310
1.430000000 0.874068249 0.518517027 0.049089554 0.040349782 -0.383487416 -0.152407741 0.909989658
1.440000000 0.885278727 0.507268522 0.047073788 0.027715272 -0.387531142 -0.153823576 0.908509650
1.450000000 0.896073978 0.495838364 0.047235687 0.018293993 -0.383108163 -0.155032359 0.910416626
1.460000000 0.906314352 0.484539837 0.049212283 0.011243597 -0.371471601 -0.156055110 0.915166233
1.470000000 0.916003713 0.473085274 0.052886872 0.002658955 -0.356704721 -0.159748096 0.920453811
1.480000000 0.925279105 0.461200707 0.058127002 -0.004932093 -0.344282471 -0.165565239 0.924139279
1.490000000 0.934287366 0.448509928 0.064562961 -0.011918392 -0.338514258 -0.170838936 0.925245971
1.500000000 0.943224723 0.435549920 0.071550630 -0.021778770 -0.345589163 -0.174893083 0.921686620
1.510000000 0.953061726 0.422843545 0.079102754 -0.032057954 -0.368974235 -0.178665263 0.911542114
1.520000000 0.963820843 0.410462255 0.087102985 -0.042237110 -0.401806305 -0.182259151 0.896409126
1.530000000 0.975262440 0.397874831 0.095365176 -0.051664611 -0.437637209 -0.185289513 0.878334923
1.540000000 0.987856911 0.385116870 0.103802981 -0.055976422 -0.477037376 -0.187093447 0.856911911
1.550000000 1.000452911 0.372534128 0.112549361 -0.053351410 -0.512485102 -0.186692153 0.836456028
1.560000000 1.011352516 0.361007852 0.120737946 -0.049825525 -0.544713476 -0.183969429 0.816676127
1.570000000 1.020680554 0.350953977 0.127503379 -0.047636914 -0.572827493 -0.178478893 0.798589176
1.580000000 1.029336837 0.342797675 0.133427095 -0.049860050 -0.592183552 -0.172271152 0.785592303
1.590000000 1.037760771 0.335855076 0.139274035 -0.052100224 -0.602522453 -0.174359859 0.777078439
1.600000000 1.046142526 0.329668012 0.145267712 -0.044346679 -0.597884213 -0.175580710 0.780858024
1.610000000 1.053569526 0.324401441 0.151300569 -0.033287707 -0.580791212 -0.174430963 0.794447818
1.620000000 1.060303556 0.319981836 0.156696893 -0.028330485 -0.561213567 -0.172606330 0.808976990
1.630000000 1.065249922 0.318759299 0.160307288 -0.023706630 -0.546388598 -0.167533662 0.820262134
1.640000000 1.068547831 0.320133087 0.162863641 -0.016114496 -0.533768131 -0.160959215 0.830014480
1.650000000 1.070146264 0.323150920 0.165004734 -0.008935918 -0.521577676 -0.155303307 0.838902712
1.660000000 1.070554293 0.326033418 0.166416851 -0.002465281 -0.501990941 -0.155062605 0.850855220
1.670000000 1.071198448 0.327907341 0.167098924 0.002536051 -0.477029838 -0.155508603 0.865016287
1.680000000 1.072481307 0.328566371 0.166945096 0.007136265 -0.450114312 -0.156855355 0.879057779
1.690000000 1.074425779 0.327568137 0.165939618 0.014640698 -0.425727532 -0.159441632 0.890572897
1.700000000 1.076688529 0.325062743 0.164168129 0.020314589 -0.397042952 -0.164163686 0.902770456
1.710000000 1.079829571 0.321877039 0.161657446 0.022548621 -0.366998982 -0.179691017 0.912422296
1.720000000 1.083676407 0.318785299 0.158479834 0.010378349 -0.329367456 -0.201712917 0.922345525
1.730000000 1.089170448 0.313670198 0.154277901 0.008534175 -0.300534290 -0.209359739 0.930470208
1.740000000 1.095057376 0.308376472 0.150712800 -0.002520193 -0.277005171 -0.214684022 0.936574906
1.750000000 1.101559516 0.302304026 0.145911605 -0.000935745 -0.256241769 -0.215173611 0.942358529
1.760000000 1.108136021 0.295962825 0.140088272 -0.004948999 -0.248750714 -0.213371846 0.944759782
1.770000000 1.115419396 0.288436387 0.133558000 -0.014244928 -0.248025104 -0.210397115 0.945522969
1.780000000 1.123526349 0.279767661 0.127307800 -0.021327397 -0.248909753 -0.207315537 0.945837907
1.790000000 1.132324402 0.270236934 0.122359113 -0.032399485 -0.246593629 -0.201451307 0.947396024
1.800000000 1.141235467 0.260589560 0.119301444 -0.043634450 -0.240202790 -0.197309827 0.949456416
1.810000000 1.150291887 0.250673059 0.118056698 -0.058780598 -0.229328111 -0.194267876 0.951952441
1.820000000 1.159347693 0.240557285 0.118657855 -0.068086616 -0.215604013 -0.191965949 0.955001674
1.830000000 1.168450514 0.230098415 0.121105399 -0.075397859 -0.203419120 -0.192349414 0.957046252
1.840000000 1.178194538 0.218484835 0.124927897 -0.080865245 -0.193708388 -0.194185141 0.958243186
1.850000000 1.188496200 0.206014525 0.129862081 -0.089829109 -0.194335560 -0.193895031 0.957376174
1.860000000 1.199708455 0.193314411 0.135598802 -0.090387771 -0.219521992 -0.195562936 0.951522613
1.870000000 1.211698458 0.180532844 0.142001258 -0.101673943 -0.250630690 -0.195462267 0.942677659
1.880000000 1.224635015 0.167850097 0.149125630 -0.105525205 -0.295440294 -0.194426179 0.929396538
1.890000000 1.237713976 0.154341392 0.157112917 -0.111386843 -0.343244576 -0.192467956 0.912541625
1.900000000 1.250758333 0.140661460 0.165938107 -0.099176549 -0.386575288 -0.188137084 0.897400689
1.910000000 1.263700762 0.127008366 0.174604609 -0.090485686 -0.429672107 -0.194077305 0.877227577
1.920000000 1.273880372 0.115042056 0.182372517 -0.088964612 -0.457556454 -0.192958653 0.863420145
1.930000000 1.284047430 0.104483804 0.189035863 -0.094918784 -0.478728445 -0.180662413 0.853914863
1.940000000 1.295534397 0.094565818 0.195280437 -0.091275003 -0.485050055 -0.174087082 0.852108565
1.950000000 1.307585110 0.085090606 0.201498465 -0.092762235 -0.481019496 -0.176644510 0.853704943
1.960000000 1.319129830 0.076907472 0.206809280 -0.090641810 -0.458968303 -0.177199402 0.865870967
1.970000000 1.329876311 0.069666186 0.210407930 -0.080786570 -0.429116083 -0.178199819 0.881803687
1.980000000 1.340233866 0.063613312 0.212046914 -0.072299620 -0.392620660 -0.179955845 0.899020398
1.990000000 1.350371678 0.059453068 0.211813830 -0.064787407 -0.361259065 -0.178863053 0.912854035
2.000000000 1.360580831 0.056829921 0.210110940 -0.055128904 -0.331980588 -0.178125895 0.924673379
2.010000000 1.371262019 0.054887668 0.207417115 -0.044663973 -0.304607687 -0.178247699 0.934583888
2.020000000 1.382403712 0.052908854 0.203764749 -0.035307887 -0.271773167 -0.180564321 0.944610621
2.030000000 1.393937982 0.049914691 0.199007599 -0.029818566 -0.238247003 -0.185845240 0.952791040
2.040000000 1.405531048 0.046190605 0.193189142 -0.025811943 -0.200989151 -0.188381990 0.960962710
2.050000000 1.417691452 0.041361537 0.186172850 -0.026330411 -0.165704319 -0.198995953 0.965530631
2.060000000 1.430411576 0.034781926 0.177874296 -0.031211700 -0.121869780 -0.210101731 0.969551881
2.070000000 1.445037997 0.027749945 0.168813756 -0.033418799 -0.091595713 -0.217742003 0.971124003
2.080000000 1.458859820 0.021568062 0.160848732 -0.050343442 -0.062997564 -0.228727738 0.970144560
2.090000000 1.470228190 0.015241848 0.153645861 -0.053479639 -0.039802600 -0.226248126 0.971785710
2.100000000 1.480443888 0.009495503 0.145152987 -0.052249194 -0.027483272 -0.221718016 0.973322050
2.110000000 1.491127822 0.004175186 0.136603357 -0.055794530 -0.027078042 -0.213330232 0.975009724
2.120000000 1.502273814 -0.000456498 0.128312969 -0.060822556 -0.030438754 -0.202496679 0.976918213
2.130000000 1.514117974 -0.004429299 0.120620505 -0.061442319 -0.039952869 -0.192559757 0.978544506
2.140000000 1.526872172 -0.009203562 0.113461548 -0.061323258 -0.049508960 -0.183390919 0.979875549
2.150000000 1.540901925 -0.015037115 0.107508390 -0.066605774 -0.054886439 -0.175769168 0.980640785
2.160000000 1.555969038 -0.021877675 0.102784764 -0.069472235 -0.061156159 -0.169170045 0.981231384
2.170000000 1.571805659 -0.029977104 0.099525337 -0.072912550 -0.064843386 -0.163335459 0.981733479
2.180000000 1.588044528 -0.038728449 0.097951021 -0.081447436 -0.079098750 -0.159539394 0.980641058
2.190000000 1.604722035 -0.047869474 0.098407613 -0.088259401 -0.104847302 -0.157268988 0.977999891
2.200000000 1.621622858 -0.057358752 0.101025770 -0.089951605 -0.140307715 -0.155012736 0.973752281
2.210000000 1.638993138 -0.067605601 0.105203411 -0.090692097 -0.185815629 -0.153056709 0.966344214
2.220000000 1.657132289 -0.078897001 0.110320158 -0.095811831 -0.236411236 -0.150492394 0.955134472
2.230000000 1.677124010 -0.091010551 0.116227091 -0.101211418 -0.289847865 -0.146898965 0.940300568
2.240000000 1.698037676 -0.104239091 0.123525783 -0.103610139 -0.343125822 -0.144153531 0.922360759
2.250000000 1.720566732 -0.118409253 0.131874883 -0.104499293 -0.393066737 -0.140091876 0.902747309
2.260000000 1.743993606 -0.132834790 0.140954672 -0.106034952 -0.441520573 -0.133359196 0.880926499
2.270000000 1.767546268 -0.147540514 0.151507660 -0.108745744 -0.489642053 -0.125827019 0.855916225
2.280000000 1.789947569 -0.161477727 0.163442609 -0.107826374 -0.525402566 -0.119641285 0.835470873
2.290000000 1.812337708 -0.174341270 0.175245245 -0.103224879 -0.548805188 -0.115137039 0.821523556
2.300000000 1.834496453 -0.185928804 0.186446575 -0.098542489 -0.571777726 -0.110542564 0.806932433
2.310000000 1.854249149 -0.195289195 0.197281112 -0.093782874 -0.594302177 -0.105861459 0.791708940
2.320000000 1.870071775 -0.202055819 0.207447735 -0.084870694 -0.599153657 -0.103921285 0.789311236
2.330000000 1.883228865 -0.207173829 0.216225810 -0.070570314 -0.581093319 -0.105588244 0.803866599
2.340000000 1.897626646 -0.213388086 0.224231446 -0.055030444 -0.563907150 -0.100545142 0.817845371
2.350000000 1.913915414 -0.221073418 0.231853149 -0.037728114 -0.548111202 -0.085835522 0.831133541
2.360000000 1.931155248 -0.229108541 0.238853107 -0.020390251 -0.531799025 -0.071045059 0.843638924
2.370000000 1.948498583 -0.237645016 0.245515841 -0.003033184 -0.514985984 -0.056187683 0.855349742
2.380000000 1.966610032 -0.246459924 0.252083814 0.014326740 -0.497687913 -0.041277388 0.866254964
2.390000000 1.986421497 -0.253744721 0.259027888 0.036737869 -0.480099081 -0.025833222 0.876063837
2.400000000 2.007033939 -0.259210243 0.266606244 0.060449605 -0.456505622 -0.010979540 0.887596706
2.410000000 2.027341546 -0.263308998 0.272785744 0.065560792 -0.425171222 -0.004559858 0.902723890
2.420000000 2.047908575 -0.265503750 0.276995004 0.066336604 -0.400590784 -0.007262630 0.913823688
2.430000000 2.069307724 -0.266328269 0.280324562 0.075230449 -0.369571899 -0.002869580 0.926147265
2.440000000 2.091552199 -0.266418176 0.282520806 0.101894407 -0.335420486 0.004976615 0.936528622
2.450000000 2.114293485 -0.266505464 0.283225919 0.119546463 -0.305666305 0.003315099 0.944598202
2.460000000 2.135838991 -0.266608676 0.282878727 0.101668107 -0.276519831 -0.015076948 0.955496240
2.470000000 2.156003543 -0.266671521 0.283181624 0.076623783 -0.263562630 -0.045505509 0.960516936
2.480000000 2.175981264 -0.268251621 0.283805953 0.055349544 -0.263868920 -0.065300898 0.960752525
2.490000000 2.195715739 -0.270585871 0.284992084 0.044509528 -0.270127397 -0.083141605 0.958194951
2.500000000 2.215927061 -0.273273152 0.286887731 0.041312813 -0.280095937 -0.104399736 0.953383560
2.510000000 2.236701261 -0.275435086 0.289328028 0.041140091 -0.288738247 -0.128806132 0.947811531
2.520000000 2.258054266 -0.277523337 0.292143385 0.048527622 -0.296596775 -0.154456977 0.941179295
2.530000000 2.279088852 -0.279224650 0.296105132 0.058877261 -0.300754874 -0.182178810 0.934286281
2.540000000 2.300073962 -0.280708500 0.301233336 0.065707939 -0.307145748 -0.212537480 0.925295507
2.550000000 2.321578978 -0.282563210 0.307521311 0.057746474 -0.336028319 -0.243558436 0.907981058
2.560000000 2.342806902 -0.285869294 0.315683096 0.049660295 -0.364185176 -0.274053384 0.888705663
2.570000000 2.363596758 -0.290562343 0.325378834 0.041466867 -0.391555511 -0.303956465 0.867510950
2.580000000 2.383510780 -0.296334929 0.336087836 0.033183882 -0.418080213 -0.333203098 0.844442693
2.590000000 2.404946917 -0.301551831 0.347585722 0.021812444 -0.442394802 -0.363312785 0.819643140
2.600000000 2.428482113 -0.306105389 0.359126646 -0.015771403 -0.455539645 -0.405265336 0.792461294
2.610000000 2.453142846 -0.312134159 0.370591325 -0.043956425 -0.486192779 -0.434894581 0.756671076
2.620000000 2.478832143 -0.318969734 0.383234525 -0.073046539 -0.496848682 -0.477786255 0.720781441
2.630000000 2.504862937 -0.325706088 0.396730970 -0.119082318 -0.493865175 -0.519500855 0.687048362
2.640000000 2.532382401 -0.333888802 0.409485932 -0.148279343 -0.493194573 -0.550879857 0.656737187
2.650000000 2.557698256 -0.344758471 0.420868873 -0.166097192 -0.496142999 -0.568063873 0.635261587
2.660000000 2.580586460 -0.358823428 0.431691743 -0.159039314 -0.504604007 -0.579617006 0.619778525
2.670000000 2.600941514 -0.375354141 0.442571757 -0.150575977 -0.499240728 -0.595428527 0.611187728
2.680000000 2.619400120 -0.394076888 0.453035287 -0.136141290 -0.478767679 -0.612911894 0.613666089
2.690000000 2.635884542 -0.413497681 0.462320118 -0.123368230 -0.444704609 -0.639997480 0.614346251
2.700000000 2.651283960 -0.432990371 0.470003122 -0.108570598 -0.408614696 -0.667312044 0.613140352
2.710000000 2.666759111 -0.452014655 0.475682440 -0.095113762 -0.375185945 -0.693259262 0.607931308
2.720000000 2.682907742 -0.471448493 0.479390917 -0.086476877 -0.355703408 -0.709179439 0.602545732
2.730000000 2.698287470 -0.488344084 0.482819243 -0.071063372 -0.330049779 -0.721982975 0.603951757
2.740000000 2.712790259 -0.502825106 0.485240150 -0.055126066 -0.303612006 -0.733865078 0.605163543
2.750000000 2.727238933 -0.514625222 0.485782155 -0.024014793 -0.275838427 -0.738191250 0.615150494
2.760000000 2.743763571 -0.524517525 0.483580710 0.017960027 -0.263046874 -0.730276936 0.630221689
2.770000000 2.762619712 -0.534852966 0.480044971 0.067235759 -0.256056098 -0.717543362 0.644240755
2.780000000 2.781477415 -0.544820075 0.475872390 0.118183802 -0.257249215 -0.696220963 0.659645209
2.790000000 2.801585025 -0.555884808 0.470844047 0.159265066 -0.261843048 -0.677947003 0.668177161
2.800000000 2.822218257 -0.567411719 0.463827153 0.198529145 -0.266382147 -0.659252812 0.674546115
2.810000000 2.843131582 -0.578416792 0.455549144 0.224065650 -0.254485918 -0.653545005 0.676690793
2.820000000 2.863854838 -0.589831584 0.445245015 0.240105783 -0.249104270 -0.644266611 0.682068038
2.830000000 2.885188709 -0.601305467 0.434325046 0.252737099 -0.254865373 -0.634338559 0.684676707
2.840000000 2.907045423 -0.614599596 0.423257542 0.251185613 -0.256357314 -0.637277090 0.681956469
2.850000000 2.927529003 -0.630167501 0.411607687 0.246271605 -0.256294709 -0.643298923 0.678107524
2.860000000 2.945775045 -0.647175830 0.400117437 0.241339071 -0.256212823 -0.649272362 0.674207566
2.870000000 2.961848356 -0.664805970 0.389440913 0.236388381 -0.256111663 -0.655196958 0.670256888
2.880000000 2.975945272 -0.683828160 0.379306776 0.239544284 -0.233706595 -0.664968327 0.667695206
2.890000000 2.988113521 -0.702572989 0.369212289 0.252637521 -0.204216880 -0.673658479 0.663817748
2.900000000 2.999060211 -0.720915019 0.358435392 0.262959303 -0.182569198 -0.682445675 0.657106379
2.910000000 3.009896157 -0.739521963 0.347158363 0.265813885 -0.173013380 -0.693057514 0.647364373
2.920000000 3.021000205 -0.758488475 0.336305490 0.260167785 -0.173551473 -0.705623013 0.635837065
2.930000000 3.032108983 -0.777978639 0.326934869 0.238141584 -0.183233790 -0.722254862 0.622946128
2.940000000 3.042701658 -0.798402018 0.319349712 0.199927241 -0.201805519 -0.743061671 0.605939753
2.950000000 3.052721408 -0.819741104 0.313317514 0.156527832 -0.222731031 -0.763361746 0.585806086
2.960000000 3.061964510 -0.842254219 0.308555573 0.108190242 -0.247139979 -0.783595306 0.559638364
2.970000000 3.068866113 -0.865565292 0.304940351 0.054529227 -0.273485614 -0.801334585 0.529240083
2.980000000 3.072693150 -0.889669518 0.302300099 0.000699332 -0.294887526 -0.815148203 0.498572227
2.990000000 3.073612082 -0.913156741 0.301626560 -0.052771585 -0.291085544 -0.830470791 0.472019736
3.000000000 3.073078515 -0.936792967 0.301710408 -0.105622556 -0.277354810 -0.842473943 0.449617437
3.010000000 3.070085356 -0.960632427 0.302260449 -0.133757107 -0.276573775 -0.850694679 0.426537861
3.020000000 3.064473947 -0.982969577 0.304014539 -0.140446338 -0.270722240 -0.861256573 0.406474367
3.030000000 3.055158200 -1.003840040 0.306137001 -0.127818426 -0.253219680 -0.873161279 0.396398315
3.040000000 3.043483668 -1.023123425 0.306852344 -0.092127483 -0.233159309 -0.883814224 0.394995799
3.050000000 3.031296057 -1.040181753 0.305434931 -0.047438864 -0.212375112 -0.892258367 0.395627822
3.060000000 3.018926722 -1.055014322 0.301978968 -0.004167729 -0.191451959 -0.899983267 0.391610644
3.070000000 3.006680483 -1.068423771 0.296731727 0.028466588 -0.169695711 -0.907780866 0.382527017
3.080000000 2.994896265 -1.080713745 0.289898113 0.058108460 -0.150664664 -0.913671294 0.372999106
3.090000000 2.983458192 -1.092776935 0.281513701 0.095770379 -0.137040997 -0.915613767 0.365649052
3.100000000 2.971751983 -1.104868612 0.270852596 0.142829035 -0.130551273 -0.912564034 0.360254237
3.110000000 2.960379203 -1.117207897 0.257761843 0.197988349 -0.128296111 -0.904125906 0.356226148
3.120000000 2.949519670 -1.129898268 0.242596037 0.250736429 -0.122791041 -0.893443576 0.351869549
3.130000000 2.938754984 -1.142303391 0.225514423 0.297201599 -0.116466682 -0.881746143 0.347318961
3.140000000 2.927963212 -1.154349658 0.206475794 0.338091317 -0.126337387 -0.867110047 0.343297673
3.150000000 2.917446073 -1.166418870 0.187110106 0.369921027 -0.136552073 -0.853739086 0.340061079
3.160000000 2.905769614 -1.178124122 0.166834726 0.389090555 -0.133853204 -0.844793672 0.342075300
3.170000000 2.892870544 -1.188983764 0.145227811 0.400510788 -0.149369748 -0.835013435 0.346456852
3.180000000 2.880201764 -1.200600965 0.123187558 0.406665207 -0.168451635 -0.826493337 0.350936206
3.190000000 2.867310207 -1.213404253 0.100519536 0.401116110 -0.194577692 -0.821368789 0.355807111
3.200000000 2.854087223 -1.228462700 0.077389252 0.387842033 -0.220478831 -0.819487951 0.359732042
3.210000000 2.840614340 -1.244828926 0.054021869 0.369003683 -0.242305335 -0.821526137 0.360858993
3.220000000 2.826787024 -1.262716837 0.030531340 0.345677160 -0.261102893 -0.826313912 0.359913739
3.230000000 2.812416658 -1.282080373 0.007819759 0.321169203 -0.272246649 -0.833435677 0.357934461
3.240000000 2.797645617 -1.302431138 -0.013707910 0.294558667 -0.279595390 -0.842038431 0.355011113
3.250000000 2.782296556 -1.323285840 -0.033596300 0.263813464 -0.284776041 -0.852147186 0.350927679
3.260000000 2.766172357 -1.344286789 -0.051313124 0.226639416 -0.290604970 -0.864221530 0.342497407
3.270000000 2.749157412 -1.365384861 -0.067041647 0.179819878 -0.299784273 -0.877776659 0.327570357
3.280000000 2.730551154 -1.386816541 -0.080792232 0.120337539 -0.313932525 -0.890792424 0.305702638
3.290000000 2.709480069 -1.408780954 -0.092733117 0.053842157 -0.331219568 -0.899935114 0.278408711
3.300000000 2.685173715 -1.431296676 -0.103121441 -0.016830796 -0.349330860 -0.903703433 0.246991457
3.310000000 2.657490860 -1.453860842 -0.112049911 -0.086102842 -0.364583149 -0.902318736 0.213275238
3.320000000 2.627019392 -1.475830515 -0.119542062 -0.153708048 -0.378130154 -0.895465083 0.177577329
3.330000000 2.594374999 -1.496174670 -0.124856421 -0.220196914 -0.393238268 -0.881252841 0.142374205
3.340000000 2.560404509 -1.514919687 -0.127242264 -0.284421279 -0.417613274 -0.856091902 0.108675412
3.350000000 2.524676078 -1.533183425 -0.126572553 -0.347736939 -0.437581581 -0.825669176 0.076627624
3.360000000 2.485735835 -1.550748599 -0.122646555 -0.407123655 -0.447099249 -0.794878146 0.050212790
3.370000000 2.445921179 -1.566373399 -0.115016842 -0.446491566 -0.462751871 -0.764915310 0.037557365
3.380000000 2.406313745 -1.579235703 -0.104387542 -0.463383808 -0.470043199 -0.750572595 0.031234885
3.390000000 2.367031182 -1.589036378 -0.092344947 -0.455319008 -0.471889136 -0.753880438 0.040859876
3.400000000 2.326956007 -1.596016870 -0.079914383 -0.422734635 -0.473486525 -0.770000720 0.064844662
3.410000000 2.285655550 -1.601410777 -0.070250811 -0.380553049 -0.468838989 -0.791532401 0.094052311
3.420000000 2.239911178 -1.604053164 -0.064815056 -0.332843794 -0.475973781 -0.804564342 0.123855515
3.430000000 2.195412912 -1.604236488 -0.062858051 -0.294487496 -0.470210578 -0.819688746 0.142441170
3.440000000 2.151219528 -1.605276887 -0.062580992 -0.265224347 -0.470091967 -0.826782134 0.158432611
3.450000000 2.106965451 -1.608970256 -0.062408055 -0.234680911 -0.466171699 -0.835653198 0.171150667
3.460000000 2.061553947 -1.614473362 -0.062922213 -0.191445842 -0.458183787 -0.847292022 0.188447169
3.470000000 2.015904551 -1.620353376 -0.065866434 -0.147205698 -0.437959511 -0.864529736 0.197763206
3.480000000 1.970996737 -1.625491934 -0.071901581 -0.102562641 -0.416397305 -0.879511652 0.206284859
3.490000000 1.928235334 -1.630573817 -0.080279204 -0.057751779 -0.382390755 -0.901698255 0.193345028
3.500000000 1.887374314 -1.634409834 -0.091702177 -0.016081131 -0.346482314 -0.918561398 0.189568883
3.510000000 1.848878843 -1.638581127 -0.106980034 0.017104470 -0.312764739 -0.931719695 0.183804422
3.520000000 1.812016782 -1.641486366 -0.124522455 0.033019842 -0.285586180 -0.941412957 0.176328861
3.530000000 1.776804971 -1.642654919 -0.143269298 0.049622490 -0.266297581 -0.949228459 0.159964181
3.540000000 1.744358575 -1.642456784 -0.162128231 0.052233082 -0.238605839 -0.959083871 0.143168040
3.550000000 1.713629960 -1.640274558 -0.181932794 0.051974478 -0.216064578 -0.966640391 0.127362108
3.560000000 1.684983716 -1.636186295 -0.201410245 0.040972272 -0.195822788 -0.972759497 0.117105376
3.570000000 1.657175192 -1.630218552 -0.219810190 0.025288247 -0.177465972 -0.977721631 0.109209639
3.580000000 1.628528859 -1.622488669 -0.236717055 0.006048677 -0.157798725 -0.982110844 0.102573220
3.590000000 1.599007084 -1.613097891 -0.252100788 -0.014320439 -0.139331854 -0.985423022 0.096555822
3.600000000 1.568643063 -1.602519651 -0.265832192 -0.037482208 -0.124030555 -0.987355337 0.091328768
3.610000000 1.536804263 -1.590955014 -0.278551953 -0.063317869 -0.110676941 -0.988060552 0.086474315
3.620000000 1.503279547 -1.578901730 -0.289932866 -0.097510158 -0.100567845 -0.986810679 0.081132982
3.630000000 1.468523560 -1.566477767 -0.299017058 -0.142969941 -0.094031202 -0.982366963 0.075318520
3.640000000 1.433531941 -1.554171411 -0.305506547 -0.199361567 -0.089094294 -0.973389142 0.069503603
3.650000000 1.398207612 -1.543006510 -0.309164233 -0.262673650 -0.086690987 -0.958854890 0.063910301
3.660000000 1.361582795 -1.533646420 -0.310385227 -0.329141640 -0.088761432 -0.938249875 0.058943708
3.670000000 1.323442893 -1.525545140 -0.308868876 -0.394853647 -0.092917876 -0.912370666 0.055105668
3.680000000 1.284156103 -1.519124562 -0.304235832 -0.459560094 -0.099836201 -0.881150446 0.049103403
3.690000000 1.243517948 -1.513922793 -0.296520068 -0.521559693 -0.110665234 -0.844751421 0.046083928
3.700000000 1.202861817 -1.510404215 -0.285817070 -0.572335192 -0.128031902 -0.808705335 0.045121398
3.710000000 1.160602350 -1.508293385 -0.272343168 -0.621660079 -0.145788169 -0.768420329 0.042599931
3.720000000 1.119348984 -1.507264408 -0.255779179 -0.660213942 -0.154573844 -0.733860780 0.040900279
3.730000000 1.079215611 -1.505392445 -0.237192464 -0.675724691 -0.165830039 -0.716788923 0.045936697
3.740000000 1.041875781 -1.501226102 -0.217689138 -0.663087872 -0.171166986 -0.726600278 0.055392896
3.750000000 1.007529545 -1.495740248 -0.198898664 -0.628572387 -0.172158450 -0.755609013 0.065675276
3.760000000 0.974821919 -1.489331648 -0.181498163 -0.590809725 -0.167644533 -0.785209249 0.079281866
3.770000000 0.943659320 -1.480004443 -0.165833015 -0.546070438 -0.163811997 -0.815759709 0.097513097
3.780000000 0.914251629 -1.471663868 -0.150793806 -0.510233781 -0.162290369 -0.837385923 0.110037002
3.790000000 0.885781467 -1.463927743 -0.136883567 -0.485730183 -0.162060389 -0.850800810 0.118070323
3.800000000 0.858683420 -1.455859653 -0.124600981 -0.456593325 -0.158226908 -0.866792956 0.123112761
3.810000000 0.832778085 -1.446784817 -0.113672998 -0.418899037 -0.149668675 -0.886671578 0.126239442
3.820000000 0.806995719 -1.437675007 -0.104118961 -0.376834915 -0.136360286 -0.907731583 0.124196185
3.830000000 0.781046530 -1.428768852 -0.096471771 -0.333143108 -0.120692643 -0.927549545 0.118746778
3.840000000 0.755442867 -1.418971237 -0.090512059 -0.288829344 -0.097503311 -0.946692846 0.104131502
3.850000000 0.729284733 -1.408627619 -0.085916541 -0.247920028 -0.070679022 -0.962436655 0.085181105
3.860000000 0.702297415 -1.397980164 -0.082423764 -0.211660962 -0.047906132 -0.973870640 0.066937402
3.870000000 0.675117890 -1.386293762 -0.080595795 -0.179728642 -0.025245221 -0.982281440 0.046727575
3.880000000 0.649736225 -1.372456286 -0.079914651 -0.155254990 -0.003088745 -0.987409288 0.030153714
3.890000000 0.625367174 -1.357468180 -0.081860959 -0.138337686 0.013907020 -0.990095603 0.019492962
3.900000000 0.601980595 -1.342086716 -0.086344334 -0.130951089 0.023780412 -0.991006119 0.013898770
3.910000000 0.579419175 -1.326981562 -0.093241274 -0.130089217 0.029587702 -0.990992950 0.011590389
3.920000000 0.558125510 -1.312175100 -0.101499652 -0.129222168 0.035393814 -0.990940342 0.009281546
3.930000000 0.537536526 -1.297887903 -0.110410361 -0.126571828 0.048856195 -0.990729404 0.006920500
3.940000000 0.517590426 -1.283971731 -0.119683849 -0.118095243 0.064143742 -0.990916602 0.004835585
3.950000000 0.497747490 -1.269846084 -0.130035456 -0.105988201 0.075858619 -0.991463771 0.003400368
3.960000000 0.477887180 -1.255146341 -0.141694308 -0.099960678 0.087557655 -0.991126117 0.003246567
3.970000000 0.458006234 -1.241259782 -0.153150974 -0.105109618 0.091928550 -0.990191584 0.004662346
3.980000000 0.437134855 -1.228823923 -0.163520328 -0.119086624 0.095102054 -0.988294384 0.006941617
3.990000000 0.415375348 -1.217720354 -0.171829836 -0.141610445 0.095225258 -0.985280741 0.010024661
4.000000000 0.392524272 -1.208165566 -0.177698704 -0.175819696 0.094050100 -0.979827409 0.013426196
4.010000000 0.368444475 -1.199646955 -0.181106700 -0.216661039 0.093671888 -0.971589736 0.017232422
4.020000000 0.342642825 -1.192012131 -0.182466896 -0.261650238 0.091990909 -0.960522013 0.021778161
4.030000000 0.314904886 -1.185196909 -0.181700686 -0.314456745 0.087863700 -0.944799258 0.027409637
4.040000000 0.286075424 -1.178844824 -0.177752245 -0.367617246 0.083757626 -0.925572913 0.034014741
4.050000000 0.256801981 -1.172717988 -0.171024741 -0.419940447 0.078769969 -0.903218730 0.040512216
4.060000000 0.228323046 -1.166498987 -0.161473566 -0.465433773 0.066067724 -0.881308198 0.047982483
4.070000000 0.200442543 -1.160412113 -0.150114037 -0.497691088 0.047002502 -0.864101929 0.058499595
4.080000000 0.172137586 -1.154222718 -0.138217181 -0.527828017 0.045948636 -0.845247517 0.069591246
4.090000000 0.145727280 -1.147233420 -0.125637098 -0.538344379 0.043566033 -0.838089079 0.076772560
4.100000000 0.120562196 -1.140059690 -0.112775328 -0.526232015 0.038669233 -0.845853500 0.078207497
4.110000000 0.099800025 -1.134256596 -0.102147420 -0.491666500 0.040714636 -0.866459674 0.076511462
4.120000000 0.080150482 -1.128929422 -0.093366553 -0.447351455 0.050945532 -0.889274910 0.080444784
4.130000000 0.059518860 -1.125823082 -0.085406532 -0.398075816 0.060901438 -0.911982443 0.078196441
4.140000000 0.037892185 -1.124556044 -0.078504195 -0.355167117 0.067563138 -0.929102843 0.077842466
4.150000000 0.016901326 -1.124549379 -0.073357389 -0.320391894 0.072576990 -0.941369955 0.076838941
4.160000000 -0.002523186 -1.125552610 -0.069881047 -0.289147824 0.075073923 -0.951603305 0.072170568
4.170000000 -0.020456147 -1.126058962 -0.067662758 -0.245679445 0.079423002 -0.963503065 0.070678433
4.180000000 -0.038601241 -1.125916448 -0.067544794 -0.201979099 0.082816076 -0.973574387 0.067073503
4.190000000 -0.056734353 -1.124714593 -0.069714743 -0.160648685 0.088242072 -0.981121688 0.061689306
4.200000000 -0.074646376 -1.122062593 -0.074016953 -0.121296855 0.100866863 -0.986297200 0.048278177
4.210000000 -0.092614257 -1.118124654 -0.080609890 -0.079407783 0.130670003 -0.987706143 0.032501213
4.220000000 -0.111136541 -1.113633823 -0.088472692 -0.040981322 0.147094006 -0.988004923 0.023025141
4.230000000 -0.130345782 -1.109469586 -0.097405470 -0.010952090 0.156268088 -0.987573185 0.012630936
4.240000000 -0.150066769 -1.106243634 -0.106650873 0.009980495 0.171997961 -0.985021739 0.007018817
4.250000000 -0.169507334 -1.102646355 -0.115831249 0.034526541 0.171154016 -0.984552233 0.013081326
4.260000000 -0.187323313 -1.099250378 -0.125799179 0.043672206 0.162059721 -0.985525736 0.023841345
4.270000000 -0.203848236 -1.096395888 -0.136458758 0.046084437 0.163558034 -0.984972820 0.030879403
4.280000000 -0.219226646 -1.094299321 -0.147504738 0.031682692 0.160434990 -0.985804360 0.038033986
4.290000000 -0.235570720 -1.093003524 -0.158200894 0.011800998 0.163707635 -0.985448965 0.044168801
4.300000000 -0.253655257 -1.091602148 -0.167792988 -0.007391354 0.161459811 -0.985613074 0.049426365
4.310000000 -0.273008950 -1.090154617 -0.175796429 -0.024465824 0.160760971 -0.985287617 0.052589402
4.320000000 -0.293305309 -1.088547248 -0.182218484 -0.045401604 0.160155726 -0.984502464 0.055170057
4.330000000 -0.314463418 -1.086959558 -0.187098689 -0.068728214 0.157902476 -0.983394284 0.057261888
4.340000000 -0.335879328 -1.085760742 -0.190537356 -0.098443838 0.154061015 -0.981387610 0.058756896
4.350000000 -0.358216808 -1.084468893 -0.192607678 -0.139305407 0.144543488 -0.977799773 0.060073180
4.360000000 -0.381587877 -1.083072616 -0.193441349 -0.197821596 0.132254511 -0.969391915 0.060453907
4.370000000 -0.406309764 -1.081738474 -0.192573446 -0.258550173 0.119254857 -0.956631420 0.061533842
4.380000000 -0.433097849 -1.081122738 -0.189983546 -0.317011947 0.105244019 -0.940440453 0.063236673
4.390000000 -0.461848758 -1.081565760 -0.185573884 -0.367378223 0.096939760 -0.922672244 0.065664715
4.400000000 -0.492183671 -1.082698450 -0.180037263 -0.410558435 0.081754622 -0.905429950 0.070388624
4.410000000 -0.521898045 -1.083977013 -0.173855700 -0.454998415 0.062688867 -0.885438152 0.071033984
4.420000000 -0.551072843 -1.086007115 -0.166839688 -0.501186402 0.058399274 -0.860484972 0.070479270
4.430000000 -0.578659222 -1.089091385 -0.158364456 -0.541673987 0.048516298 -0.835955191 0.073582465
4.440000000 -0.606771806 -1.093171862 -0.148656154 -0.561064108 0.048150540 -0.822694911 0.077856762
4.450000000 -0.635829152 -1.097196486 -0.137177740 -0.560725252 0.045080113 -0.823552573 0.072911829
4.460000000 -0.665073562 -1.101079945 -0.124006949 -0.536061599 0.053317194 -0.839774339 0.067633564
4.470000000 -0.695475111 -1.104074232 -0.109990491 -0.502146696 0.062909669 -0.860416342 0.059789520
4.480000000 -0.725170784 -1.107238046 -0.097682697 -0.458046184 0.071194543 -0.884420287 0.054090543
4.490000000 -0.753641124 -1.110656327 -0.088313621 -0.413754465 0.078948178 -0.905563563 0.050289763
4.500000000 -0.780907210 -1.114938348 -0.081954757 -0.375613492 0.085066559 -0.921870740 0.042807990
4.510000000 -0.806811866 -1.119684675 -0.078305445 -0.345287066 0.090890892 -0.933521659 0.032449942
4.520000000 -0.831233253 -1.124024536 -0.076495377 -0.307242267 0.095692414 -0.946509745 0.023758223
4.530000000 -0.855162803 -1.127258292 -0.076743549 -0.267186505 0.096121384 -0.958643649 0.019349566
4.540000000 -0.879486750 -1.129941065 -0.078892199 -0.224781646 0.092690558 -0.969854791 0.016228269
4.550000000 -0.903979735 -1.132766662 -0.082919766 -0.180205006 0.087551174 -0.979655461 0.011667273
4.560000000 -0.928021377 -1.135770577 -0.088359905 -0.130336998 0.091120075 -0.987261508 0.004910589
4.570000000 -0.950935032 -1.139507626 -0.095345460 -0.086041914 0.095773284 -0.991673029 0.002978499
4.580000000 -0.973014800 -1.144038550 -0.103955404 -0.039171004 0.088789482 -0.995238429 0.009084599
4.590000000 -0.993419453 -1.150133302 -0.113633804 0.001454234 0.085983701 -0.996200869 0.013730154
4.600000000 -1.012323743 -1.156775520 -0.124642121 0.031119594 0.075620346 -0.996215797 0.029448605
4.610000000 -1.030035250 -1.163978959 -0.136487428 0.048894605 0.059273760 -0.995728887 0.051185183
4.620000000 -1.047019386 -1.172017050 -0.148626554 0.057001517 0.048920896 -0.994910031 0.067168464
4.630000000 -1.063465915 -1.180155451 -0.160581108 0.051795172 0.038622563 -0.994732249 0.079582097
4.640000000 -1.079291117 -1.187887450 -0.171830071 0.037841306 0.028825213 -0.994812990 0.089912505
4.650000000 -1.095383074 -1.194957396 -0.181891650 0.020347620 0.026361706 -0.994842802 0.095806231
4.660000000 -1.112528813 -1.201244670 -0.190676860 0.001439424 0.027783001 -0.994656107 0.099424655
4.670000000 -1.130428153 -1.207141001 -0.197249418 -0.011205831 0.029319832 -0.994381345 0.101096574
4.680000000 -1.149491938 -1.212229972 -0.202297914 -0.019078306 0.030948775 -0.994191321 0.101300585
4.690000000 -1.170023013 -1.216538600 -0.206529484 -0.039809605 0.035011818 -0.993593646 0.099804986
4.700000000 -1.191955340 -1.220442448 -0.209535663 -0.077586573 0.040348510 -0.991576719 0.095540207
4.710000000 -1.215467469 -1.224115649 -0.210877685 -0.132140295 0.034874792 -0.986662107 0.088434030
4.720000000 -1.240219127 -1.227744789 -0.209939886 -0.195570448 0.022472042 -0.977157528 0.080064805
4.730000000 -1.266187757 -1.231670609 -0.206599505 -0.257029228 0.012491549 -0.963645950 0.071877820
4.740000000 -1.293870797 -1.235741720 -0.201482794 -0.315591296 0.004778461 -0.946800606 0.062832411
4.750000000 -1.323489992 -1.240445261 -0.194694663 -0.368554656 -0.002519278 -0.928044760 0.053796307
4.760000000 -1.354261660 -1.245902812 -0.186701367 -0.419217091 -0.016656866 -0.906502405 0.047254309
4.770000000 -1.385122876 -1.251602348 -0.177500906 -0.471611572 -0.035728882 -0.880259185 0.038075440
4.780000000 -1.417698563 -1.258457515 -0.167071573 -0.524606200 -0.052052028 -0.849190429 0.030895563
4.790000000 -1.451966887 -1.266530479 -0.155330357 -0.568041760 -0.054939016 -0.820644114 0.029214747
4.800000000 -1.487112102 -1.275068260 -0.140679363 -0.590853065 -0.045966149 -0.805148716 0.022700536
4.810000000 -1.522071646 -1.282588184 -0.124064119 -0.589991222 -0.037307293 -0.806362705 0.017254339
4.820000000 -1.555754733 -1.288866057 -0.106355482 -0.561866542 -0.026865315 -0.826719169 0.010938857
4.830000000 -1.590161732 -1.293058336 -0.089273291 -0.520185560 -0.019453014 -0.853801004 0.007239320
4.840000000 -1.624824060 -1.292953028 -0.073715079 -0.475731182 -0.010849793 -0.879487596 0.007980795
4.850000000 -1.657384506 -1.291970836 -0.060556404 -0.432282816 -0.009522419 -0.901617918 0.011225891
4.860000000 -1.689477221 -1.291612418 -0.049433222 -0.399910777 -0.008674678 -0.916478238 0.007984965
4.870000000 -1.720345513 -1.291407679 -0.040670890 -0.370227811 -0.007327944 -0.928902700 0.004176473
4.880000000 -1.750006219 -1.290415661 -0.034233094 -0.332940147 -0.008544621 -0.942906328 0.002346221
4.890000000 -1.778875909 -1.288900715 -0.030130950 -0.291465565 -0.015197510 -0.956449089 0.004690348
4.900000000 -1.808544749 -1.288219125 -0.028269026 -0.247311021 -0.025482630 -0.968556717 0.009261765
4.910000000 -1.837447925 -1.288675803 -0.028100647 -0.202189448 -0.034835087 -0.978656716 0.011703698
4.920000000 -1.864472229 -1.289867011 -0.029397669 -0.152396002 -0.042788298 -0.987247705 0.016928932
4.930000000 -1.889708028 -1.292872942 -0.032838350 -0.106818539 -0.054515025 -0.992514985 0.023063293
4.940000000 -1.913716340 -1.296966197 -0.038348422 -0.067219715 -0.068196963 -0.994694902 0.037586387
4.950000000 -1.936056290 -1.302776199 -0.045555153 -0.042578527 -0.079772666 -0.994220756 0.057866040
4.960000000 -1.956535419 -1.309855332 -0.054129487 -0.020161917 -0.088698133 -0.992832169 0.077526912
4.970000000 -1.975184029 -1.317883408 -0.063677812 -0.006628158 -0.087838058 -0.991604583 0.094662000
4.980000000 -1.992859014 -1.326011582 -0.073398994 0.005292057 -0.088657979 -0.989961960 0.109941230
4.990000000 -2.009336629 -1.334245615 -0.082857526 0.013636120 -0.098933725 -0.987331399 0.123299968
5.000000000 -2.024866274 -1.342376611 -0.092171223 0.012212472 -0.111608806 -0.985014600 0.130921987
5.010000000 -2.040534055 -1.350134032 -0.100735896 0.006804155 -0.109811392 -0.985688252 0.127725607
5.020000000 -2.057486320 -1.356959062 -0.108518740 -0.008628150 -0.101325798 -0.986835090 0.125758274
5.030000000 -2.076003373 -1.362845277 -0.114431807 -0.019180800 -0.103958762 -0.986654837 0.123842256
5.040000000 -2.096787335 -1.367752213 -0.119909931 -0.030060616 -0.092218552 -0.988211723 0.118446987
5.050000000 -2.119721188 -1.371513583 -0.124677118 -0.045481869 -0.081832828 -0.989212671 0.112663571
5.060000000 -2.144298708 -1.374866407 -0.128081888 -0.063891275 -0.075653612 -0.989349904 0.106682727
5.070000000 -2.170036035 -1.378388708 -0.129899525 -0.101710311 -0.070476564 -0.987429533 0.098341160
5.080000000 -2.196383104 -1.382706801 -0.129634999 -0.154304070 -0.068188174 -0.981755919 0.087726522
5.090000000 -2.223464414 -1.388074348 -0.127239995 -0.213410060 -0.067502140 -0.971650268 0.076127289
5.100000000 -2.251829915 -1.394426901 -0.123105533 -0.273784791 -0.073360530 -0.956974436 0.062129297
5.110000000 -2.280894547 -1.402302532 -0.116946709 -0.330363822 -0.084507096 -0.938894702 0.046851192
5.120000000 -2.310691576 -1.410112682 -0.108710353 -0.380729812 -0.090887095 -0.919572153 0.034225759
5.130000000 -2.341969655 -1.417472974 -0.098870803 -0.425864605 -0.099380714 -0.899024557 0.022752101
5.140000000 -2.374349452 -1.424908976 -0.087944323 -0.470162457 -0.107998028 -0.875947133 -0.000556466
5.150000000 -2.405626527 -1.432490225 -0.075889811 -0.516927694 -0.108096754 -0.849107023 -0.010868006
5.160000000 -2.435604449 -1.440875906 -0.063386064 -0.537937449 -0.124851748 -0.833607620 -0.011561870
5.170000000 -2.465004073 -1.447822651 -0.049929309 -0.536648105 -0.127156557 -0.834067048 -0.013121771
5.180000000 -2.496004330 -1.452180959 -0.035383156 -0.503064359 -0.123759355 -0.855286262 -0.009761285
5.190000000 -2.528817363 -1.454615712 -0.021984929 -0.458024873 -0.120852118 -0.880663068 -0.006367312
5.200000000 -2.560778898 -1.457370881 -0.011107304 -0.408713969 -0.120527714 -0.904667531 -0.001618722
5.210000000 -2.592197929 -1.459852727 -0.002533674 -0.364624660 -0.127847765 -0.922335705 0.000808301
5.220000000 -2.622820087 -1.463706990 0.004663803 -0.333121365 -0.134967600 -0.933173859 0.000672097
5.230000000 -2.651162962 -1.467964505 0.010068625 -0.301050938 -0.138752201 -0.943459507 -0.000563827
5.240000000 -2.677421834 -1.472350694 0.013471189 -0.257454655 -0.139708503 -0.956137345 0.000111086
5.250000000 -2.703372641 -1.476388498 0.014035437 -0.220529980 -0.151842428 -0.963487508 0.001492344
5.260000000 -2.730040267 -1.480940915 0.013153870 -0.184655390 -0.165613142 -0.968744571 0.002937855
5.270000000 -2.756823954 -1.485775483 0.010177629 -0.148502646 -0.179134385 -0.972542370 0.004378940
5.280000000 -2.783240311 -1.490905230 0.004438550 -0.112126206 -0.192385790 -0.974875185 0.005813429
5.290000000 -2.809218539 -1.495939857 -0.003779256 -0.075580865 -0.205347396 -0.975739501 0.007239161
5.300000000 -2.833018704 -1.500995696 -0.012756988 -0.038921673 -0.217999678 -0.975134018 0.008653988
5.310000000 -2.854218051 -1.505974553 -0.022344708 -0.002203851 -0.230323577 -0.973059646 0.010055779
5.320000000 -2.874091281 -1.511186482 -0.034131338 0.003240953 -0.233638467 -0.972300596 0.005840671
5.330000000 -2.894270291 -1.515962101 -0.046700702 -0.000318787 -0.234410737 -0.972137595 0.000011195
5.340000000 -2.914672848 -1.520294044 -0.060145373 -0.003878512 -0.235171925 -0.971928634 -0.005818282
5.350000000 -2.935324259 -1.523869096 -0.074622792 -0.007438053 -0.235921995 -0.971673723 -0.011647484
5.360000000 -2.956186658 -1.526379703 -0.088900601 -0.020985654 -0.221932248 -0.974593992 -0.021730863
5.370000000 -2.977818589 -1.527209860 -0.102587860 -0.023475120 -0.212316863 -0.976395353 -0.031977843
5.380000000 -3.000325501 -1.526722911 -0.115868461 -0.025962603 -0.206840591 -0.977110844 -0.042394718
5.390000000 -3.023157299 -1.525000114 -0.129152982 -0.030485685 -0.202543589 -0.977219895 -0.055569725
5.400000000 -3.045509622 -1.522533948 -0.141845729 -0.042905875 -0.195801534 -0.977171559 -0.070403050
5.410000000 -3.068452506 -1.519601491 -0.154004700 -0.062315827 -0.186510964 -0.976745502 -0.085431969
5.420000000 -3.092490453 -1.515805588 -0.165213464 -0.090804839 -0.174985863 -0.975075052 -0.101799174
5.430000000 -3.117881451 -1.510897563 -0.174718365 -0.140937033 -0.163105514 -0.968797254 -0.122332438
5.440000000 -3.144850298 -1.504562029 -0.181120281 -0.200476735 -0.151008854 -0.957161543 -0.144385546
5.450000000 -3.173581404 -1.496891238 -0.183884191 -0.259151773 -0.138260889 -0.941397561 -0.165815914
5.460000000 -3.203398171 -1.488140969 -0.182825949 -0.316709081 -0.124916599 -0.921573299 -0.186531112
5.470000000 -3.233010092 -1.478750242 -0.177864512 -0.372056455 -0.113040814 -0.897520258 -0.207973930
5.480000000 -3.261453506 -1.469327799 -0.169819333 -0.423405722 -0.100430199 -0.870459672 -0.230089829
5.490000000 -3.290206884 -1.460350577 -0.159061058 -0.459088636 -0.072170373 -0.846036769 -0.261248631
5.500000000 -3.319576118 -1.452104077 -0.146888251 -0.480997188 -0.034626968 -0.824133036 -0.297064670
5.510000000 -3.350657723 -1.444249294 -0.134646220 -0.498497914 0.001470680 -0.803622793 -0.325097023
5.520000000 -3.382405700 -1.434975391 -0.121977111 -0.510155038 0.011568023 -0.787985799 -0.344508924
5.530000000 -3.412864161 -1.423291629 -0.108503505 -0.495546145 -0.003185991 -0.789355968 -0.362410021
5.540000000 -3.442392830 -1.409776847 -0.094877085 -0.457573657 -0.023620903 -0.805480779 -0.375857841
5.550000000 -3.470858820 -1.393754822 -0.082575856 -0.416537611 -0.053924549 -0.821383555 -0.385898454
5.560000000 -3.497993736 -1.377289813 -0.072884727 -0.370705083 -0.091550932 -0.834839762 -0.396533405
5.570000000 -3.525422119 -1.361818431 -0.065406600 -0.331711125 -0.123666467 -0.843076893 -0.404840322
5.580000000 -3.554192045 -1.347738181 -0.060225662 -0.301049099 -0.146517265 -0.846139957 -0.414667705
5.590000000 -3.582263265 -1.335147378 -0.056503358 -0.264694715 -0.170122576 -0.849326687 -0.423838644
5.600000000 -3.609065141 -1.322662149 -0.055365224 -0.225225806 -0.199222472 -0.853460010 -0.425663899
5.610000000 -3.635668763 -1.310432139 -0.057338757 -0.187595247 -0.236674018 -0.857193400 -0.417148543
5.620000000 -3.662587900 -1.298335626 -0.061175682 -0.158327858 -0.283797881 -0.856345421 -0.401327263
5.630000000 -3.688751494 -1.286773462 -0.066617823 -0.129277016 -0.322930514 -0.852814877 -0.389499836
5.640000000 -3.715260848 -1.275817376 -0.074936448 -0.098577515 -0.345866606 -0.849961035 -0.385000005
5.650000000 -3.742640960 -1.265883339 -0.085681150 -0.067730451 -0.368284965 -0.845834872 -0.379923861
5.660000000 -3.770594272 -1.258039879 -0.098043744 -0.042967468 -0.389180571 -0.841391011 -0.372496238
5.670000000 -3.797930860 -1.251770869 -0.111203952 -0.029336582 -0.407958704 -0.837871441 -0.361497592
5.680000000 -3.825062273 -1.247208232 -0.124176978 -0.020613052 -0.425229142 -0.835140912 -0.348274225
5.690000000 -3.850860218 -1.244193853 -0.137004838 -0.023938614 -0.438284692 -0.834132556 -0.334000526
5.700000000 -3.876276459 -1.241690634 -0.150187922 -0.033108326 -0.445130164 -0.832100632 -0.329198290
5.710000000 -3.901652036 -1.236827878 -0.164141832 -0.046529140 -0.443348546 -0.831239670 -0.332141110
5.720000000 -3.926563936 -1.228675635 -0.179041313 -0.062621271 -0.436954298 -0.831136133 -0.338174876
5.730000000 -3.950463398 -1.217487310 -0.194134351 -0.075839570 -0.430399284 -0.830570575 -0.345191738
5.740000000 -3.973772195 -1.204584071 -0.208621898 -0.083823171 -0.420066374 -0.830828823 -0.355304637
5.750000000 -3.996055184 -1.190570991 -0.221832809 -0.089408812 -0.405143869 -0.832084748 -0.368102543
5.760000000 -4.017010549 -1.175483305 -0.233561634 -0.095428570 -0.388042140 -0.833038671 -0.382574513
5.770000000 -4.036800942 -1.159359364 -0.243773746 -0.107561179 -0.368421797 -0.832107426 -0.400366337
5.780000000 -4.055691616 -1.142065548 -0.252703185 -0.130375839 -0.344801697 -0.827440342 -0.423622959
5.790000000 -4.074001402 -1.123266438 -0.260174209 -0.167486356 -0.315311236 -0.817512193 -0.451886003
5.800000000 -4.092066675 -1.103160791 -0.266423305 -0.215109508 -0.281481046 -0.800583192 -0.483283429
5.810000000 -4.109041181 -1.081127757 -0.271372509 -0.269372740 -0.243465496 -0.776631259 -0.514788080
5.820000000 -4.125344421 -1.057478017 -0.274813035 -0.317651327 -0.206498502 -0.749445617 -0.542943155
5.830000000 -4.140606043 -1.032183860 -0.276632359 -0.357452851 -0.171168662 -0.721315291 -0.568007922
5.840000000 -4.153881499 -1.005811024 -0.277794052 -0.393819269 -0.131668172 -0.690225982 -0.592585833
5.850000000 -4.163496540 -0.978881635 -0.278191312 -0.425301931 -0.081586399 -0.658774297 -0.615205943
5.860000000 -4.172393495 -0.950892396 -0.277359074 -0.453063797 -0.030498201 -0.624561870 -0.635393993
5.870000000 -4.180295167 -0.920883984 -0.275504625 -0.483211174 0.023242198 -0.593121978 -0.643562803
5.880000000 -4.186210392 -0.888914893 -0.270998770 -0.499792207 0.045641431 -0.568303877 -0.652039349
5.890000000 -4.189028499 -0.857370175 -0.264325341 -0.484480189 0.062847913 -0.560640071 -0.668589409
5.900000000 -4.188788471 -0.823506196 -0.257238243 -0.457324480 0.045108823 -0.570713930 -0.680518276
5.910000000 -4.183757548 -0.787803036 -0.252046171 -0.417988936 0.007929143 -0.588576493 -0.691953821
5.920000000 -4.176754565 -0.752101486 -0.249490744 -0.379054796 -0.036999174 -0.610013739 -0.694860965
5.930000000 -4.167802508 -0.715933886 -0.250042228 -0.353048742 -0.058287185 -0.610528602 -0.706550788
5.940000000 -4.157394094 -0.679140715 -0.252477951 -0.334166997 -0.086917566 -0.610012123 -0.713206117
5.950000000 -4.147007489 -0.642318636 -0.256338481 -0.307729887 -0.124280451 -0.612985128 -0.717011798
5.960000000 -4.137007482 -0.604981451 -0.261739803 -0.276241001 -0.162940674 -0.621959691 -0.714358025
5.970000000 -4.126119098 -0.568506102 -0.269699611 -0.257818537 -0.216235489 -0.627353261 -0.702281782
5.980000000 -4.114875838 -0.534591147 -0.279437929 -0.230287647 -0.257997868 -0.631349991 -0.694119506
5.990000000 -4.104450817 -0.503343600 -0.290441775 -0.217199404 -0.301358491 -0.631881211 -0.680245260
6.000000000 -4.095424409 -0.473934011 -0.303271916 -0.203391378 -0.338562987 -0.627087612 -0.671392715
6.010000000 -4.085809165 -0.446333324 -0.317622654 -0.188290439 -0.366783355 -0.620543444 -0.667040115
6.020000000 -4.076825864 -0.420435194 -0.333943748 -0.185322149 -0.390089516 -0.619173831 -0.655827445
6.030000000 -4.069109936 -0.395325522 -0.351540224 -0.183270237 -0.401984031 -0.618163971 -0.650149339
6.040000000 -4.061432407 -0.370309760 -0.370417496 -0.194310973 -0.398326442 -0.620746969 -0.646724433
6.050000000 -4.053706012 -0.344268200 -0.390082966 -0.208035385 -0.388791748 -0.623508839 -0.645599708
6.060000000 -4.046315569 -0.316975032 -0.409916458 -0.225720449 -0.372907842 -0.626048540 -0.646570373
6.070000000 -4.038811392 -0.288280401 -0.429754742 -0.244152728 -0.351486679 -0.627710931 -0.650250373
6.080000000 -4.031294589 -0.258846161 -0.449205358 -0.257842140 -0.325974139 -0.628519814 -0.657435270
6.090000000 -4.023365633 -0.228782978 -0.468773751 -0.270998755 -0.296755161 -0.628215059 -0.666214596
6.100000000 -4.015135981 -0.197892661 -0.488917178 -0.285335550 -0.262692781 -0.624632569 -0.677798112
6.110000000 -4.006046168 -0.165801668 -0.509509956 -0.302420725 -0.224823114 -0.617004661 -0.690870118
6.120000000 -3.995752604 -0.131907459 -0.529853200 -0.326695533 -0.180956978 -0.603807080 -0.704231220
6.130000000 -3.983264334 -0.096082567 -0.549225427 -0.359494182 -0.126897785 -0.583117632 -0.717380451
6.140000000 -3.968341165 -0.058950496 -0.565640705 -0.396218165 -0.067808317 -0.556783330 -0.726915071
6.150000000 -3.950888719 -0.020933125 -0.578273127 -0.435563395 -0.010218117 -0.525595086 -0.730705087
6.160000000 -3.931121747 0.017079554 -0.587335734 -0.473637357 0.042970671 -0.493626491 -0.728116792
6.170000000 -3.909455757 0.054674355 -0.592924258 -0.512466941 0.092086085 -0.458760115 -0.720025655
6.180000000 -3.886045507 0.091051906 -0.595210326 -0.555697701 0.137386297 -0.419520003 -0.704505527
6.190000000 -3.862102103 0.125128294 -0.594758090 -0.608588371 0.173398469 -0.377885547 -0.675837021
6.200000000 -3.839116152 0.158338180 -0.591059539 -0.653954228 0.206185317 -0.338849074 -0.644214861
6.210000000 -3.815877558 0.190950713 -0.584387513 -0.688056290 0.239619885 -0.304571566 -0.613512033
6.220000000 -3.790368400 0.223181856 -0.574630670 -0.720048686 0.258824059 -0.283970300 -0.577841556
6.230000000 -3.763636733 0.251371235 -0.564208519 -0.741575567 0.263135516 -0.279917031 -0.549974394
6.240000000 -3.735338328 0.274916413 -0.554493723 -0.748152634 0.256618205 -0.292686399 -0.537354078
6.250000000 -3.705594176 0.295689380 -0.545633587 -0.742681515 0.232151321 -0.326022651 -0.536879095
6.260000000 -3.675364997 0.315372777 -0.539031925 -0.729545599 0.201893795 -0.379139305 -0.532217532
6.270000000 -3.646367675 0.334361334 -0.533907007 -0.716505642 0.178139611 -0.423469557 -0.524937595
6.280000000 -3.618761211 0.352426680 -0.529517340 -0.704620308 0.157553514 -0.457765740 -0.518784772
6.290000000 -3.592922567 0.371035213 -0.525375349 -0.691481359 0.136687108 -0.491247498 -0.511708961
6.300000000 -3.568377227 0.390838303 -0.522896274 -0.672043438 0.121985948 -0.519508110 -0.513408579
6.310000000 -3.543263939 0.410846013 -0.523410667 -0.647163060 0.107546876 -0.540242798 -0.527021216
6.320000000 -3.517929751 0.430860478 -0.526270885 -0.609912602 0.086265318 -0.569800712 -0.543959614
6.330000000 -3.493310054 0.451418789 -0.530104589 -0.564229702 0.065337782 -0.600990578 -0.562304314
6.340000000 -3.470119261 0.472679595 -0.535259501 -0.518416849 0.048231554 -0.622553948 -0.584246754
6.350000000 -3.448014178 0.493627562 -0.541692639 -0.469848020 0.032010637 -0.633028495 -0.614404656
6.360000000 -3.427190587 0.513361053 -0.549249641 -0.416290530 0.014515095 -0.634168626 -0.651399770
6.370000000 -3.407404129 0.532325782 -0.558248580 -0.358328835 -0.004215152 -0.632041798 -0.687099588
6.380000000 -3.388055078 0.551007599 -0.568650751 -0.304244803 -0.024652905 -0.624504505 -0.718902954
6.390000000 -3.368019659 0.568431020 -0.580666120 -0.253062797 -0.033676474 -0.608081858 -0.751705773
6.400000000 -3.346611842 0.583018605 -0.593936421 -0.199989253 -0.022876277 -0.585941769 -0.784954278
6.410000000 -3.323611234 0.594196254 -0.608643993 -0.152397199 -0.001904327 -0.564947753 -0.810928790
6.420000000 -3.299731303 0.603318875 -0.624372069 -0.114856278 0.024362983 -0.548154994 -0.828094550
6.430000000 -3.274325509 0.610572194 -0.640784228 -0.086971160 0.049499220 -0.536541020 -0.837919792
6.440000000 -3.247426877 0.616907130 -0.656247718 -0.063951185 0.075958022 -0.526395162 -0.844422144
6.450000000 -3.218953390 0.622769115 -0.670061273 -0.041336324 0.102716439 -0.517200882 -0.848671838
6.460000000 -3.189261162 0.628363190 -0.681952339 -0.024513996 0.119756789 -0.510704979 -0.851021622
6.470000000 -3.158625693 0.633610670 -0.692271338 -0.019133842 0.126850956 -0.505218234 -0.853403344
6.480000000 -3.127427459 0.638765529 -0.702127777 -0.020483876 0.137833758 -0.500729906 -0.854313659
6.490000000 -3.096085952 0.643823415 -0.711210855 -0.025800029 0.158370103 -0.497434293 -0.852532928
6.500000000 -3.065605979 0.648761257 -0.718341722 -0.035410216 0.182465165 -0.494303328 -0.849185963
6.510000000 -3.036246958 0.654065939 -0.723615605 -0.056838287 0.219441990 -0.491710017 -0.840735322
6.520000000 -3.007807494 0.660925234 -0.727626052 -0.084841700 0.268083371 -0.488356122 -0.826100170
6.530000000 -2.979810031 0.670306178 -0.730162878 -0.115216624 0.318389282 -0.483524070 -0.807191346
6.540000000 -2.952236509 0.682882117 -0.730689034 -0.151563184 0.373730788 -0.476895771 -0.780976519
6.550000000 -2.925525019 0.696973661 -0.728238313 -0.188853136 0.426859607 -0.468097266 -0.750340135
6.560000000 -2.899871195 0.712769930 -0.722866494 -0.230395241 0.470607882 -0.459563750 -0.717110461
6.570000000 -2.874810913 0.730451319 -0.715209203 -0.267256192 0.500313544 -0.452315980 -0.688237416
6.580000000 -2.851027950 0.748164952 -0.705700012 -0.282593280 0.530357431 -0.441304032 -0.666417876
6.590000000 -2.828090761 0.765642676 -0.694935547 -0.301113787 0.549963190 -0.438236784 -0.644064825
6.600000000 -2.804989799 0.783750747 -0.681513312 -0.304459411 0.533926002 -0.450883597 -0.647249158
6.610000000 -2.781527800 0.803034370 -0.665786047 -0.284369633 0.499485197 -0.469483892 -0.670248704
6.620000000 -2.755300827 0.823092099 -0.648891105 -0.251400042 0.458084982 -0.495304947 -0.693995085
6.630000000 -2.728479613 0.843809341 -0.632167257 -0.229202132 0.416675588 -0.508147962 -0.718076240
6.640000000 -2.702877441 0.862762237 -0.616108597 -0.211801322 0.393775198 -0.516623028 -0.730193084
6.650000000 -2.679885019 0.882350835 -0.600474925 -0.198838521 0.379066989 -0.523687002 -0.736561868
6.660000000 -2.657906512 0.901153554 -0.585964855 -0.176314027 0.353853036 -0.529710187 -0.750405564
6.670000000 -2.636259475 0.919422696 -0.572723210 -0.147649032 0.324082257 -0.532610004 -0.767787105
6.680000000 -2.614772221 0.937983185 -0.561560462 -0.114417639 0.287995939 -0.536572443 -0.784892959
6.690000000 -2.593511629 0.957719521 -0.552788580 -0.079582285 0.261667802 -0.530352917 -0.802447758
6.700000000 -2.572030693 0.978126333 -0.546980246 -0.030630945 0.235872412 -0.519855982 -0.820472856
6.710000000 -2.551841302 0.999110082 -0.542801763 0.006697600 0.210978118 -0.513219728 -0.831894757
6.720000000 -2.533325554 1.020375849 -0.539727819 0.035018964 0.192118905 -0.509286501 -0.838147516
6.730000000 -2.517479236 1.040399694 -0.537411709 0.057454575 0.170379185 -0.508368107 -0.842158995
6.740000000 -2.503291612 1.059840041 -0.537585665 0.075846926 0.154115946 -0.508321676 -0.843862900
6.750000000 -2.490972863 1.078691277 -0.540011828 0.087696093 0.142139581 -0.510069342 -0.843762408
6.760000000 -2.480577803 1.096897275 -0.543991532 0.095175514 0.135861977 -0.509111118 -0.844564393
6.770000000 -2.471181981 1.113769044 -0.549199109 0.093179995 0.137501314 -0.510405942 -0.843739682
6.780000000 -2.461846190 1.129908214 -0.555170955 0.091183635 0.139139410 -0.511696159 -0.842907355
6.790000000 -2.452214224 1.147277032 -0.561107961 0.089186451 0.140776250 -0.512981758 -0.842067420
6.800000000 -2.441700387 1.166249237 -0.566503914 0.086420978 0.138031621 -0.513842698 -0.842285206
6.810000000 -2.430486122 1.186012617 -0.571111343 0.093410383 0.123703450 -0.512262420 -0.844724316
6.820000000 -2.418374470 1.204726313 -0.575300672 0.086519498 0.121789678 -0.511482388 -0.846207668
6.830000000 -2.405070518 1.223208843 -0.579018999 0.074540239 0.127471278 -0.510247612 -0.847255688
6.840000000 -2.391052405 1.241760146 -0.582219761 0.064908025 0.152096666 -0.508542872 -0.845007514
6.850000000 -2.376410408 1.260861079 -0.584587829 0.036355573 0.181522651 -0.506881930 -0.841901721
6.860000000 -2.361314303 1.280434554 -0.586294485 0.007194836 0.220321906 -0.503582484 -0.835350928
6.870000000 -2.345791693 1.301563379 -0.587135869 -0.031083782 0.265425535 -0.497673739 -0.825169033
6.880000000 -2.329909712 1.325424554 -0.586452457 -0.063113469 0.306052840 -0.491275127 -0.813017281
6.890000000 -2.313187012 1.351271081 -0.584186592 -0.090124464 0.344145736 -0.483449321 -0.799823760
6.900000000 -2.295342421 1.378345757 -0.580734574 -0.114088474 0.379975935 -0.473468686 -0.786402894
6.910000000 -2.276931319 1.406028604 -0.576474828 -0.150588291 0.407286862 -0.468454166 -0.769409691
6.920000000 -2.259257875 1.433550509 -0.571477888 -0.184922922 0.438597642 -0.450534052 -0.755284509
6.930000000 -2.242152535 1.461686361 -0.566193424 -0.210603825 0.478480157 -0.436681747 -0.732128281
6.940000000 -2.226150899 1.490379014 -0.560229754 -0.224588526 0.496899036 -0.428248541 -0.720593179
6.950000000 -2.210923288 1.518903780 -0.554194994 -0.215264901 0.497168495 -0.421707415 -0.727081403
6.960000000 -2.196745719 1.546746494 -0.547879575 -0.195320560 0.484102458 -0.420214963 -0.742235861
6.970000000 -2.184235619 1.574025278 -0.541369363 -0.167694093 0.456844300 -0.423013541 -0.764350391
6.980000000 -2.175494870 1.600879289 -0.537506535 -0.137802937 0.425174153 -0.425874822 -0.786681591
6.990000000 -2.168998894 1.627572491 -0.535971671 -0.111007066 0.392117576 -0.428694319 -0.806314095
7.000000000 -2.164514719 1.653896276 -0.536614462 -0.088987843 0.371443897 -0.426168652 -0.820055409
7.010000000 -2.161800235 1.680431349 -0.539101289 -0.074491106 0.350950831 -0.418654970 -0.834273699
7.020000000 -2.160514849 1.706298378 -0.542176725 -0.056307363 0.318943864 -0.413464984 -0.850970622
7.030000000 -2.159588514 1.732068344 -0.546817953 -0.040903671 0.282779355 -0.412472712 -0.865002305
7.040000000 -2.158587049 1.757537918 -0.553547724 -0.031640975 0.241125312 -0.415563623 -0.876449832
7.050000000 -2.157235716 1.782494000 -0.562497540 -0.029570647 0.197461280 -0.420439257 -0.885079347
7.060000000 -2.156273924 1.806915056 -0.571962882 -0.021041130 0.149011764 -0.424436998 -0.892863931
7.070000000 -2.156125588 1.830652789 -0.581545339 -0.006394633 0.102750941 -0.431621771 -0.896160700
7.080000000 -2.157126951 1.854189409 -0.592413859 -0.002882461 0.061725927 -0.436344351 -0.897655395
7.090000000 -2.159157210 1.878204427 -0.603420303 0.006598272 0.030457479 -0.441877144 -0.896534101
7.100000000 -2.161568927 1.900924485 -0.614301283 0.013348060 0.000979601 -0.456951630 -0.889390846
7.110000000 -2.164830493 1.922198523 -0.625930442 0.006999541 -0.024600401 -0.475140592 -0.879538086
7.120000000 -2.167801951 1.942444701 -0.638044608 -0.004138820 -0.039019643 -0.489582378 -0.871073724
7.130000000 -2.169497021 1.962133466 -0.650742484 -0.013050805 -0.039348369 -0.502266827 -0.863718367
7.140000000 -2.169900533 1.981481948 -0.663707096 -0.017893128 -0.032660384 -0.513308466 -0.857395798
7.150000000 -2.169378743 2.001170640 -0.676383299 -0.027711213 -0.028748388 -0.520574057 -0.852882330
7.160000000 -2.167683647 2.020986097 -0.688117153 -0.037989459 -0.022728836 -0.525299697 -0.849764926
7.170000000 -2.164480194 2.040766682 -0.698401138 -0.038609769 -0.013891718 -0.528394444 -0.848006850
7.180000000 -2.160100979 2.060485913 -0.706849212 -0.036929795 -0.004159146 -0.529408983 -0.847552371
7.190000000 -2.154646876 2.080341599 -0.713380527 -0.040215330 0.012959497 -0.527753008 -0.848346357
7.200000000 -2.148008335 2.100769673 -0.717912367 -0.049575798 0.039663793 -0.522978883 -0.849977712
7.210000000 -2.139889334 2.121384610 -0.720277712 -0.064511886 0.074009645 -0.515426759 -0.851290811
7.220000000 -2.130326529 2.141885969 -0.720717534 -0.086877598 0.118174397 -0.503864820 -0.851238708
7.230000000 -2.120380313 2.162781658 -0.719246323 -0.115485426 0.169351482 -0.488264142 -0.848281391
7.240000000 -2.109356730 2.184703010 -0.716215895 -0.143667157 0.219903723 -0.470861951 -0.842194232
7.250000000 -2.097061755 2.207577230 -0.711591871 -0.171318808 0.269644601 -0.451722454 -0.832999688
7.260000000 -2.083972107 2.230863445 -0.705628712 -0.199610732 0.313069463 -0.432923414 -0.821413650
7.270000000 -2.070498278 2.253833673 -0.698820403 -0.229836964 0.348459808 -0.411982832 -0.809951158
7.280000000 -2.056922611 2.276330885 -0.691020166 -0.254963702 0.385783311 -0.389427919 -0.796561764
7.290000000 -2.044394777 2.298033051 -0.682318474 -0.267309604 0.416174743 -0.378863727 -0.782180564
7.300000000 -2.031608983 2.320512620 -0.672785589 -0.273715573 0.430678838 -0.374630208 -0.774110929
7.310000000 -2.017133788 2.343911026 -0.661848678 -0.272065668 0.436274526 -0.372323754 -0.772670585
7.320000000 -2.001020883 2.367580787 -0.649166730 -0.252797541 0.417911691 -0.375325586 -0.787765147
7.330000000 -1.985255622 2.390065657 -0.637946140 -0.229516434 0.383580989 -0.380964427 -0.809354024
7.340000000 -1.969918903 2.411423421 -0.629200804 -0.207520788 0.345688441 -0.385958362 -0.829741386
7.350000000 -1.955448521 2.431997934 -0.623066966 -0.187263951 0.309600409 -0.389487773 -0.846982334
7.360000000 -1.941476742 2.452732368 -0.619277499 -0.172884796 0.277141638 -0.391012384 -0.860472356
7.370000000 -1.928356962 2.473256808 -0.617647234 -0.160310895 0.238660827 -0.391866445 -0.873946289
7.380000000 -1.916038846 2.493157484 -0.617714059 -0.147445043 0.199745378 -0.392006857 -0.885828633
7.390000000 -1.903355293 2.512650350 -0.619666435 -0.133186131 0.161602163 -0.391106374 -0.896204218
7.400000000 -1.889542700 2.531850535 -0.623296002 -0.117288530 0.127432023 -0.389680103 -0.904518600
7.410000000 -1.875179495 2.550441956 -0.628204568 -0.110979245 0.093248056 -0.394123114 -0.907554614
7.420000000 -1.861995484 2.570926008 -0.634141357 -0.112082857 0.053902024 -0.405963104 -0.905387190
7.430000000 -1.850729374 2.590779172 -0.640359175 -0.103487365 0.025940724 -0.413327816 -0.904310544
7.440000000 -1.841569494 2.609612787 -0.647312502 -0.094870116 0.000844165 -0.420080563 -0.902513861
7.450000000 -1.833056417 2.628155974 -0.656286449 -0.086529274 -0.011247353 -0.425555571 -0.900715625
7.460000000 -1.825274484 2.645638261 -0.665656057 -0.081162033 -0.024654266 -0.432092049 -0.897831472
7.470000000 -1.817700203 2.663235380 -0.674648784 -0.090656566 -0.044456004 -0.445210384 -0.889714991
7.480000000 -1.810757523 2.679962108 -0.683933394 -0.093496439 -0.058652338 -0.461028728 -0.880494651
7.490000000 -1.804288038 2.696136734 -0.692864019 -0.099928370 -0.061537570 -0.474421418 -0.872440122
7.500000000 -1.798299132 2.712446694 -0.701206685 -0.114411633 -0.058233067 -0.482764249 -0.866289540
7.510000000 -1.791329798 2.728793766 -0.708546861 -0.117197266 -0.041222835 -0.486816131 -0.864624504
7.520000000 -1.782786758 2.745830093 -0.714746681 -0.118621430 -0.018199459 -0.491118227 -0.862786546
7.530000000 -1.772721849 2.764036347 -0.719919368 -0.116256495 0.005242383 -0.494618183 -0.861283808
7.540000000 -1.760624053 2.782932170 -0.723961184 -0.109238957 0.027197847 -0.496034748 -0.860974249
7.550000000 -1.746754148 2.801912483 -0.726547413 -0.102158160 0.043070046 -0.496860543 -0.860719630
7.560000000 -1.731284750 2.821267412 -0.727958746 -0.096326562 0.056821579 -0.497549713 -0.860195783
7.570000000 -1.714793869 2.840522507 -0.727861784 -0.094104877 0.082180244 -0.494568114 -0.860112237
7.580000000 -1.698148315 2.859426136 -0.725952076 -0.101138684 0.117286514 -0.488600150 -0.858652860
7.590000000 -1.681659222 2.877892722 -0.722198177 -0.113514526 0.157434621 -0.480892325 -0.855027113
7.600000000 -1.665386663 2.897062979 -0.716864207 -0.137457670 0.201618893 -0.469500638 -0.848542492
7.610000000 -1.649073455 2.916078724 -0.710091202 -0.164289156 0.251589218 -0.455505832 -0.837989484
7.620000000 -1.632051660 2.935396788 -0.701924875 -0.197545186 0.299602648 -0.440796409 -0.822747032
7.630000000 -1.613929317 2.955234185 -0.691885226 -0.223774633 0.343736772 -0.425330623 -0.806761307
7.640000000 -1.594727498 2.975630736 -0.680474199 -0.260333603 0.362914128 -0.420903857 -0.789531313
7.650000000 -1.575456446 2.996935831 -0.668922028 -0.282764019 0.389497846 -0.404684781 -0.777538530
7.660000000 -1.556493696 3.019041013 -0.657562752 -0.293753385 0.422362709 -0.395821707 -0.760686445
7.670000000 -1.538011226 3.041511075 -0.645410005 -0.311575091 0.430640292 -0.389197453 -0.752326555
7.680000000 -1.519798690 3.063239781 -0.632386815 -0.298468119 0.398709480 -0.405727026 -0.766376613
7.690000000 -1.500351565 3.085434711 -0.620413484 -0.281108606 0.361626861 -0.424035508 -0.781279625
7.700000000 -1.479607152 3.107869710 -0.609553364 -0.265450575 0.315387117 -0.440137842 -0.797712755
7.710000000 -1.458323743 3.131478579 -0.600040985 -0.260430891 0.281303420 -0.449854307 -0.806644432
7.720000000 -1.438729441 3.153232040 -0.591600712 -0.250909372 0.255389751 -0.457489772 -0.813955571
7.730000000 -1.421837305 3.172006871 -0.584953232 -0.238178244 0.233612875 -0.462012849 -0.821730050
7.740000000 -1.406873184 3.189274034 -0.580111449 -0.218551582 0.201140965 -0.468288719 -0.832155751
7.750000000 -1.392399260 3.206542149 -0.578015397 -0.199800285 0.165033196 -0.472704515 -0.842255503
7.760000000 -1.377295182 3.224310059 -0.578531724 -0.180169795 0.128904736 -0.478607368 -0.849621916
7.770000000 -1.362414988 3.242428987 -0.581716444 -0.164775040 0.091416533 -0.486364794 -0.853194873
7.780000000 -1.348763984 3.262376395 -0.586078261 -0.160129242 0.046869368 -0.489930657 -0.855645861
7.790000000 -1.336026094 3.281538248 -0.591704210 -0.152325431 0.007971254 -0.485132261 -0.861034327
7.800000000 -1.323484416 3.299121850 -0.598649233 -0.127113578 -0.022634392 -0.469412282 -0.873488370
7.810000000 -1.312231665 3.316246341 -0.607347140 -0.093545822 -0.035324721 -0.450963098 -0.886923688
7.820000000 -1.301200163 3.332980613 -0.617645268 -0.058759179 -0.042271492 -0.432063396 -0.898933647
7.830000000 -1.289880113 3.348029893 -0.629546275 -0.029382465 -0.035418478 -0.416587804 -0.907929955
7.840000000 -1.276957260 3.361114148 -0.642369203 -0.010844852 -0.021522023 -0.405155838 -0.913929942
7.850000000 -1.262289481 3.373137867 -0.655741707 -0.004597948 -0.013508480 -0.395657350 -0.918287341
7.860000000 -1.245748033 3.385544315 -0.669243245 -0.007429135 0.001315648 -0.385073382 -0.922855117
7.870000000 -1.227656409 3.398793152 -0.681529837 -0.011424954 0.012971234 -0.373611433 -0.927424237
7.880000000 -1.208457628 3.412456462 -0.692333805 -0.014424488 0.019042404 -0.361850411 -0.931930041
7.890000000 -1.188716030 3.426148253 -0.701706807 -0.018231982 0.036844911 -0.349507387 -0.936031321
7.900000000 -1.168358229 3.439936744 -0.709081818 -0.026747408 0.066887591 -0.337004015 -0.938743266
7.910000000 -1.147338935 3.454225480 -0.714094958 -0.040758370 0.107034438 -0.324509080 -0.938922915
7.920000000 -1.125124079 3.469217422 -0.716596392 -0.061090951 0.157809891 -0.311050835 -0.935206561
7.930000000 -1.102148198 3.484671775 -0.716132911 -0.085983069 0.214644668 -0.295878497 -0.926817400
7.940000000 -1.078427284 3.500437571 -0.712393688 -0.109716694 0.271366795 -0.279179307 -0.914538804
7.950000000 -1.054078254 3.516925848 -0.705349720 -0.129435820 0.324211327 -0.259144365 -0.900542937
7.960000000 -1.029342083 3.533822720 -0.695350496 -0.147071570 0.374204219 -0.236458982 -0.884549776
7.970000000 -1.004215569 3.550372463 -0.683004288 -0.153582908 0.426688342 -0.209188902 -0.866365600
7.980000000 -0.978724265 3.566594692 -0.668862562 -0.143114435 0.483078170 -0.177311813 -0.845407749
7.990000000 -0.951875487 3.583094830 -0.653272072 -0.126018587 0.536792420 -0.139218113 -0.822551841
8.000000000 -0.924961816 3.599324823 -0.636389463 -0.114412613 0.576153221 -0.102309541 -0.802801331
8.010000000 -0.897199092 3.614391065 -0.619650515 -0.108068931 0.604494720 -0.071648660 -0.785985820
8.020000000 -0.868432426 3.628069386 -0.602008171 -0.094499725 0.618231808 -0.042938678 -0.779111997
8.030000000 -0.839873121 3.641190089 -0.583570582 -0.080558971 0.607616866 -0.019550697 -0.789892250
8.040000000 -0.810750006 3.653962781 -0.563693799 -0.073295181 0.579023332 -0.003038741 -0.812004041
8.050000000 -0.781517822 3.666201587 -0.544377225 -0.065162148 0.539184344 0.007520473 -0.839629430
8.060000000 -0.753533131 3.678609657 -0.527944762 -0.062257484 0.499029403 0.016170656 -0.864194521
8.070000000 -0.725973676 3.691575374 -0.513946401 -0.063162980 0.463188552 0.028173561 -0.883557046
8.080000000 -0.698929759 3.705360866 -0.502282618 -0.063393444 0.431659538 0.043073263 -0.898774726
8.090000000 -0.672169244 3.719095166 -0.493189375 -0.068136229 0.400632658 0.054127399 -0.912097118
8.100000000 -0.645709202 3.732767446 -0.486565394 -0.080894971 0.361093399 0.059050098 -0.927135722
8.110000000 -0.618959379 3.745416344 -0.482292589 -0.101185129 0.318502493 0.058244888 -0.940704664
8.120000000 -0.592590117 3.757071475 -0.479957201 -0.128436698 0.277493048 0.052012696 -0.950682019
8.130000000 -0.567647356 3.767652279 -0.478449424 -0.155605773 0.233259547 0.042597362 -0.958938106
8.140000000 -0.544906423 3.778040050 -0.477493736 -0.177320272 0.185630773 0.028890165 -0.966055949
8.150000000 -0.523118812 3.789335751 -0.478838557 -0.201389938 0.144470607 0.007750781 -0.968767393
8.160000000 -0.501695321 3.801992866 -0.481349537 -0.233560733 0.108608042 -0.014684481 -0.966145974
8.170000000 -0.480753582 3.814922555 -0.485858047 -0.249018508 0.077825351 -0.035037963 -0.964730708
8.180000000 -0.460594872 3.828083603 -0.492333976 -0.276260681 0.059162915 -0.066533012 -0.956949917
8.190000000 -0.440922103 3.842377787 -0.499579479 -0.296590990 0.052667082 -0.092166100 -0.949086600
8.200000000 -0.420790364 3.857413773 -0.506947622 -0.306535274 0.053488950 -0.113308405 -0.943576316
8.210000000 -0.400575428 3.872940022 -0.514063654 -0.309426319 0.057712131 -0.130914497 -0.940098962
8.220000000 -0.381106045 3.888538715 -0.520757829 -0.307133302 0.061662831 -0.145917062 -0.938389600
8.230000000 -0.362101552 3.903859401 -0.526719017 -0.298239334 0.064210941 -0.156237159 -0.939425465
8.240000000 -0.343146865 3.918449960 -0.531790806 -0.283115013 0.068078435 -0.161656327 -0.942909565
8.250000000 -0.324256683 3.931944593 -0.535640914 -0.266733657 0.071948387 -0.165069174 -0.946799215
8.260000000 -0.305024012 3.944308202 -0.538740102 -0.251550546 0.077455270 -0.165373024 -0.950460292
8.270000000 -0.285260873 3.955501409 -0.540809233 -0.239342531 0.088103918 -0.161412873 -0.953361808
8.280000000 -0.264862451 3.965369722 -0.541489015 -0.233090474 0.123109839 -0.147007391 -0.953363323
8.290000000 -0.243882923 3.973327111 -0.539851783 -0.226495303 0.157934539 -0.132385512 -0.951961467
8.300000000 -0.222345960 3.979633852 -0.536360016 -0.220799096 0.195671911 -0.116545814 -0.948355068
8.310000000 -0.200086950 3.985236764 -0.531529438 -0.223233216 0.253967001 -0.093554907 -0.936437490
8.320000000 -0.176920034 3.989672310 -0.525033264 -0.229682209 0.313695218 -0.069637979 -0.918690342
8.330000000 -0.153021676 3.993641311 -0.517215924 -0.236401988 0.367906513 -0.045706615 -0.898147985
8.340000000 -0.128125004 3.996848108 -0.508190733 -0.246958171 0.412008316 -0.026193365 -0.876683932
8.350000000 -0.102743855 3.999718706 -0.498257881 -0.274619785 0.448905032 -0.010999265 -0.850263054
8.360000000 -0.079730317 4.001146966 -0.487385121 -0.275273160 0.478600693 0.002888057 -0.833761191
8.370000000 -0.057831764 4.002085246 -0.475925541 -0.286383441 0.514293840 0.006460081 -0.808359226
8.380000000 -0.035657828 4.001865585 -0.462830727 -0.300101306 0.523912256 0.001031541 -0.797153743
8.390000000 -0.013125881 3.999831306 -0.448569799 -0.304539760 0.504785446 -0.011366124 -0.807662058
8.400000000 0.009218063 3.996788625 -0.434430369 -0.303398495 0.462138774 -0.029614935 -0.832766512
8.410000000 0.033972989 3.991287829 -0.421852444 -0.301809835 0.428025852 -0.038296346 -0.851021788
8.420000000 0.058591385 3.984556335 -0.410367879 -0.309233117 0.376334308 -0.057151664 -0.871482102
8.430000000 0.085017946 3.978132649 -0.400616076 -0.317148631 0.341271239 -0.069117166 -0.882141431
8.440000000 0.111552177 3.971739388 -0.393089395 -0.320683046 0.310492789 -0.079586576 -0.891303870
8.450000000 0.136741116 3.965445753 -0.387696517 -0.321680364 0.269994559 -0.087078260 -0.903350462
8.460000000 0.161513247 3.959555255 -0.384799729 -0.318067797 0.224877958 -0.097176679 -0.915870883
8.470000000 0.187363858 3.954303484 -0.384813296 -0.310407490 0.179301374 -0.104060863 -0.927722773
8.480000000 0.213504618 3.948997807 -0.387496639 -0.292478145 0.135895645 -0.104368326 -0.940795494
8.490000000 0.239649011 3.943686472 -0.392793976 -0.264849669 0.090522436 -0.097407066 -0.955077068
8.500000000 0.264765595 3.938316251 -0.400433365 -0.238977778 0.047408127 -0.093418085 -0.965357526
8.510000000 0.289782326 3.932052372 -0.409913646 -0.222957318 0.006174758 -0.088909806 -0.970745566
8.520000000 0.313712108 3.925040658 -0.422514673 -0.189244124 -0.029235836 -0.078934134 -0.978315557
8.530000000 0.335983901 3.916862541 -0.437237146 -0.171216530 -0.055390741 -0.078949607 -0.980501772
8.540000000 0.356379769 3.908729906 -0.451968897 -0.160284366 -0.070822869 -0.079273678 -0.981330081
8.550000000 0.375292430 3.900997664 -0.465861352 -0.141457613 -0.076592416 -0.078989195 -0.983810984
8.560000000 0.392975672 3.893271713 -0.479209260 -0.125301680 -0.076824734 -0.080469810 -0.985861075
8.570000000 0.409745774 3.885359315 -0.492689990 -0.111217603 -0.075701389 -0.082145967 -0.987497840
8.580000000 0.425891326 3.878205281 -0.506161872 -0.093621107 -0.068755749 -0.084932472 -0.989592952
8.590000000 0.442422140 3.871825224 -0.519467399 -0.073705451 -0.054068219 -0.085937310 -0.992098238
8.600000000 0.459642548 3.865281099 -0.532005443 -0.054626168 -0.034299838 -0.086510728 -0.994160649
8.610000000 0.477101221 3.858139114 -0.542652460 -0.038651805 -0.007436686 -0.087387943 -0.995396444
8.620000000 0.495043196 3.850389896 -0.551114920 -0.026953194 0.029808131 -0.087373730 -0.995364673
8.630000000 0.513781942 3.842172766 -0.557991883 -0.025455211 0.074529034 -0.087216124 -0.993071399
8.640000000 0.533321541 3.834071933 -0.563606639 -0.020663787 0.129496173 -0.087694416 -0.987478323
8.650000000 0.554158122 3.826223618 -0.567960607 -0.018889356 0.189253814 -0.088428088 -0.977755930
8.660000000 0.577057526 3.818895986 -0.570870916 -0.021326427 0.252777395 -0.088902786 -0.963195238
8.670000000 0.602629181 3.812621349 -0.571104271 -0.030276517 0.314852843 -0.090184738 -0.944361018
8.680000000 0.630155758 3.805911211 -0.568099162 -0.041552021 0.373508507 -0.092578146 -0.922059712
8.690000000 0.659158676 3.799187999 -0.562449524 -0.061647909 0.427825858 -0.097679266 -0.896450407
8.700000000 0.689417032 3.793126002 -0.554961502 -0.094113756 0.479239654 -0.101516343 -0.866698556
8.710000000 0.721712660 3.788216888 -0.546125804 -0.113950114 0.527277377 -0.107647620 -0.835108334
8.720000000 0.756629336 3.783647412 -0.535141279 -0.129606801 0.566503729 -0.118668979 -0.805104512
8.730000000 0.792088028 3.777358963 -0.521531846 -0.149205320 0.582574436 -0.128246257 -0.788604905
8.740000000 0.827224870 3.769903834 -0.505671906 -0.157785003 0.570194652 -0.138334404 -0.794257858
8.750000000 0.861002779 3.761572777 -0.489201623 -0.158939334 0.531072601 -0.153212803 -0.818062356
8.760000000 0.895045699 3.751677423 -0.473665586 -0.155711267 0.484018323 -0.174456837 -0.843234888
8.770000000 0.929452369 3.740582770 -0.459569204 -0.150525563 0.435157571 -0.197723010 -0.865381739
8.780000000 0.963678123 3.730601577 -0.446644969 -0.148007757 0.393660267 -0.216350680 -0.881088918
8.790000000 0.998044968 3.721934289 -0.435528901 -0.146811861 0.360850180 -0.231860386 -0.891332815
8.800000000 1.031873373 3.712755879 -0.427108090 -0.141573203 0.326769501 -0.242322902 -0.902473453
8.810000000 1.064947545 3.702571547 -0.421011411 -0.125090560 0.287179242 -0.247236789 -0.916926608
8.820000000 1.098228696 3.692761951 -0.417226777 -0.099034267 0.242878438 -0.247923925 -0.932596379
8.830000000 1.131678982 3.683756098 -0.416014930 -0.070258436 0.200352007 -0.241800082 -0.946813364
8.840000000 1.164855562 3.674563379 -0.417489781 -0.036494282 0.159325342 -0.225239095 -0.960495160
8.850000000 1.196748757 3.665253494 -0.421619796 0.004922519 0.117654818 -0.200865642 -0.972515350
8.860000000 1.226778989 3.657624291 -0.427876582 0.045602076 0.084316766 -0.176127035 -0.979688931
8.870000000 1.255107376 3.650728393 -0.435270556 0.081567678 0.060862786 -0.151650914 -0.983180774
8.880000000 1.282100567 3.646431224 -0.443637354 0.116829738 0.037913080 -0.128289395 -0.984101236
8.890000000 1.308550765 3.644724313 -0.453395422 0.144567814 0.019185700 -0.111278447 -0.983030601
8.900000000 1.335262273 3.642998853 -0.465345687 0.161157959 0.012392753 -0.104348930 -0.981318415
8.910000000 1.361117250 3.641668732 -0.478575042 0.175171599 0.016160954 -0.102805025 -0.979022401
8.920000000 1.385975829 3.640788122 -0.492525570 0.189147010 0.019925628 -0.101238685 -0.976512727
8.930000000 1.410566909 3.638819014 -0.506967430 0.203151581 0.025883899 -0.098675102 -0.973818609
8.940000000 1.435382382 3.635084293 -0.521358139 0.214492316 0.033212510 -0.096228309 -0.971406242
8.950000000 1.460465121 3.629509943 -0.535311193 0.219898823 0.036050034 -0.096987956 -0.970019711
8.960000000 1.485913045 3.622488299 -0.549059696 0.223282962 0.042184258 -0.097555589 -0.968941750
8.970000000 1.511705596 3.614631854 -0.561900041 0.224701665 0.056462225 -0.099218258 -0.967717374
8.980000000 1.538057082 3.606498104 -0.573322090 0.222368214 0.075453946 -0.103348109 -0.966528969
8.990000000 1.564904276 3.598493959 -0.582806656 0.217400928 0.103002874 -0.109521578 -0.964433652
9.000000000 1.592264856 3.590979200 -0.589883217 0.209953609 0.141390615 -0.117364444 -0.960288375
9.010000000 1.620289100 3.584086988 -0.594392421 0.200740869 0.184300981 -0.126183901 -0.953841640
9.020000000 1.649712608 3.578305472 -0.596870858 0.187137568 0.240925821 -0.138007888 -0.942278145
9.030000000 1.681364440 3.574551153 -0.597183759 0.172567507 0.300869403 -0.150089470 -0.925835411
9.040000000 1.715165582 3.572949352 -0.595291539 0.155527873 0.361563892 -0.161868660 -0.904920532
9.050000000 1.750126220 3.573514073 -0.591088542 0.137475611 0.418968059 -0.171382061 -0.881018962
9.060000000 1.785794626 3.575987094 -0.584110940 0.115047310 0.471115186 -0.183609551 -0.855045104
9.070000000 1.822172847 3.580857023 -0.575037716 0.085240473 0.512550547 -0.197434826 -0.831291458
9.080000000 1.859917280 3.586846488 -0.564259415 0.073951638 0.545392972 -0.205775549 -0.809156403
9.090000000 1.896600573 3.592283253 -0.552014130 0.049738789 0.573047309 -0.214139827 -0.789485256
9.100000000 1.933167415 3.598000193 -0.537422916 0.037108522 0.568030183 -0.214517093 -0.793692059
9.110000000 1.968498522 3.603404444 -0.521839414 0.039598546 0.537717196 -0.212646519 -0.814907130
9.120000000 2.003707330 3.607877008 -0.506339328 0.047279043 0.485504068 -0.210195564 -0.847271100
9.130000000 2.041229815 3.609374158 -0.492190614 0.053233338 0.437011877 -0.203163122 -0.874592235
9.140000000 2.076488680 3.609356720 -0.480005135 0.062879175 0.393913128 -0.201902418 -0.894490956
9.150000000 2.110506809 3.611454137 -0.470323518 0.071084172 0.363695621 -0.200037535 -0.907004697
9.160000000 2.142644147 3.614653755 -0.462827867 0.079999290 0.338100168 -0.194603379 -0.917288349
9.170000000 2.172851494 3.617429388 -0.457026301 0.095689464 0.296041844 -0.181767845 -0.932825388
9.180000000 2.202958463 3.619458289 -0.453765269 0.106685774 0.250753836 -0.176789079 -0.945772848
9.190000000 2.233249081 3.622316772 -0.453101138 0.109573874 0.205021881 -0.173965982 -0.956919762
9.200000000 2.262477879 3.625954472 -0.454970091 0.099826544 0.159203020 -0.173133204 -0.966806058
9.210000000 2.290041925 3.631695541 -0.460307413 0.085761347 0.120449110 -0.170934893 -0.974124358
9.220000000 2.317801723 3.638587759 -0.467900550 0.086602572 0.085800809 -0.168479551 -0.978137443
9.230000000 2.342902352 3.647295674 -0.476172205 0.097954133 0.053654296 -0.156634812 -0.981321425
9.240000000 2.365238342 3.655972626 -0.485785723 0.110024007 0.026402837 -0.148066326 -0.982483573
9.250000000 2.384882367 3.664199798 -0.496781746 0.113430500 0.008027190 -0.149570390 -0.982190299
9.260000000 2.402227145 3.672686148 -0.508658383 0.116582893 0.001173711 -0.150250158 -0.981749429
9.270000000 2.418582737 3.680415151 -0.520912962 0.121738155 0.005402409 -0.149604172 -0.981208045
9.280000000 2.435265596 3.687294855 -0.533379433 0.119293338 0.013691716 -0.147084340 -0.981808450
9.290000000 2.453832883 3.693262337 -0.546011283 0.116392744 0.022187857 -0.144446818 -0.982392765
9.300000000 2.473345085 3.698741747 -0.559809935 0.104464164 0.034810000 -0.139591812 -0.984067898
9.310000000 2.492825825 3.704549917 -0.573243430 0.094376550 0.043390027 -0.132244548 -0.985759480
9.320000000 2.512679876 3.710491882 -0.586675885 0.084768214 0.059390483 -0.122830854 -0.987015553
9.330000000 2.533534283 3.716080016 -0.599765744 0.073289533 0.086436217 -0.113058673 -0.987104433
9.340000000 2.556016380 3.722123246 -0.612246545 0.058171139 0.126265563 -0.102689450 -0.984950762
9.350000000 2.580800889 3.728651947 -0.623170734 0.042537950 0.177600779 -0.091911701 -0.978877278
9.360000000 2.607752080 3.735788768 -0.631466165 0.027857754 0.236709099 -0.079067763 -0.967957146
9.370000000 2.636823673 3.743480177 -0.636614532 0.013324845 0.298074125 -0.064281691 -0.952282589
9.380000000 2.667510387 3.751649632 -0.638408329 0.003748694 0.353851880 -0.044899175 -0.934215638
9.390000000 2.699378628 3.760929963 -0.637250817 -0.001131158 0.402577359 -0.024153304 -0.915066559
9.400000000 2.731321810 3.770178419 -0.633213631 0.006640928 0.453929163 -0.000990041 -0.891012476
9.410000000 2.762494940 3.778062414 -0.626262191 0.029164019 0.500931739 0.023202542 -0.864684043
9.420000000 2.794289487 3.786099194 -0.617921024 0.057046985 0.549414796 0.051240004 -0.832023729
9.430000000 2.825988341 3.794293164 -0.608267289 0.088036600 0.587954409 0.070030600 -0.801033635
9.440000000 2.858087653 3.800730167 -0.598270509 0.113737463 0.615870416 0.094775466 -0.773812013
9.450000000 2.889781425 3.804755560 -0.588283181 0.141869852 0.612081241 0.123146715 -0.768156486
9.460000000 2.921081221 3.807425220 -0.580192030 0.162586771 0.586513339 0.144974631 -0.780096149
9.470000000 2.952674803 3.810517334 -0.573751817 0.177605937 0.552636170 0.172657366 -0.795763048
9.480000000 2.983102962 3.814771159 -0.569602158 0.186154082 0.508056109 0.204429231 -0.815741587
9.490000000 3.012443318 3.819831859 -0.567640094 0.190240747 0.467831321 0.233581387 -0.830892321
9.500000000 3.042564653 3.825803253 -0.567536737 0.191668053 0.432533517 0.263351352 -0.840728363
9.510000000 3.072429968 3.832710525 -0.569176668 0.189786431 0.400384318 0.293232366 -0.847164853
9.520000000 3.101273695 3.840785813 -0.572125079 0.179694301 0.367191352 0.319598305 -0.854831792
9.530000000 3.128611834 3.849342067 -0.576212509 0.154243158 0.329722861 0.334936224 -0.869085502
9.540000000 3.153999115 3.857895013 -0.581512669 0.121882432 0.289927122 0.344259478 -0.884631193
9.550000000 3.178784895 3.866609730 -0.588512729 0.083589195 0.249743467 0.346813992 -0.900200590
9.560000000 3.202309278 3.875470768 -0.596093296 0.036273561 0.214600519 0.339991722 -0.914896975
9.570000000 3.224914168 3.883605574 -0.603083427 -0.019209595 0.183363345 0.325834384 -0.927276027
9.580000000 3.246934401 3.890825381 -0.611023376 -0.070088162 0.150800434 0.306880718 -0.937107840
9.590000000 3.268771571 3.898871626 -0.621147071 -0.115335954 0.117393685 0.285333069 -0.944193508
9.600000000 3.290665372 3.908455551 -0.632735296 -0.158253169 0.093840220 0.262015766 -0.947363545
9.610000000 3.312604796 3.918559797 -0.645155278 -0.198957760 0.078056257 0.237716760 -0.947530354
9.620000000 3.335002056 3.928682766 -0.657832729 -0.231996739 0.071328610 0.215589468 -0.945838741
9.630000000 3.358652223 3.938305386 -0.670370260 -0.264102490 0.076057246 0.196048661 -0.941291715
9.640000000 3.384792223 3.946360544 -0.682254087 -0.292212152 0.082136544 0.182807071 -0.935118827
9.650000000 3.413475900 3.951843094 -0.693627242 -0.305350814 0.084949546 0.179262201 -0.931348226
9.660000000 3.443654632 3.954485088 -0.705067543 -0.312526271 0.086024863 0.179475336 -0.928824880
9.670000000 3.474080808 3.955017363 -0.716353500 -0.317235229 0.085427517 0.181450372 -0.926897897
9.680000000 3.504574875 3.954233726 -0.726787767 -0.318021574 0.080459647 0.186514329 -0.926067454
9.690000000 3.534903839 3.952600143 -0.736359745 -0.317552046 0.073167744 0.194217710 -0.925249512
9.700000000 3.564944570 3.950269438 -0.744849923 -0.315478909 0.067687721 0.205203065 -0.924003860
9.710000000 3.594376134 3.947321231 -0.751742656 -0.311473569 0.065695321 0.218635485 -0.922424450
9.720000000 3.622928084 3.943496880 -0.757276816 -0.305875074 0.071135912 0.234498916 -0.919994771
9.730000000 3.650940923 3.939044421 -0.761629562 -0.294833319 0.088257285 0.255363558 -0.916555191
9.740000000 3.678922886 3.934563947 -0.764924564 -0.278708155 0.117539271 0.281244799 -0.910718204
9.750000000 3.706754913 3.930075926 -0.767062334 -0.258670478 0.157611585 0.311976537 -0.900510307
9.760000000 3.733714835 3.924687708 -0.768032289 -0.235406230 0.204430959 0.346197698 -0.884838428
9.770000000 3.759142660 3.917934853 -0.767800294 -0.211165052 0.250401949 0.378982147 -0.865494493
9.780000000 3.784125295 3.910197343 -0.766764744 -0.186047545 0.295333778 0.410193830 -0.842558777
9.790000000 3.809677070 3.901051144 -0.765366365 -0.155510627 0.333593899 0.441340750 -0.818382488
9.800000000 3.835351411 3.890492780 -0.762857123 -0.115778769 0.359103644 0.472660979 -0.796386495
9.810000000 3.860967439 3.879039291 -0.759455663 -0.082526681 0.380053097 0.495894698 -0.776426068
9.820000000 3.885867797 3.866153955 -0.754838685 -0.057387078 0.389897854 0.511526032 -0.763562378
9.830000000 3.909115373 3.850990615 -0.749565517 -0.040126540 0.389177944 0.527332445 -0.754222037
9.840000000 3.930811711 3.832508867 -0.744065807 -0.048538042 0.358866769 0.541827164 -0.758473483
9.850000000 3.951520194 3.810617853 -0.740513270 -0.068515042 0.323659108 0.548272707 -0.768080405
9.860000000 3.971052590 3.785820143 -0.739255712 -0.092637876 0.285851236 0.556192143 -0.774827462
9.870000000 3.988923986 3.759756601 -0.740671304 -0.124432658 0.251378125 0.561261668 -0.778659676
9.880000000 4.005839458 3.733267871 -0.744907253 -0.150316612 0.222855815 0.567193752 -0.778480218
9.890000000 4.020979833 3.708456977 -0.750388367 -0.173164493 0.191212283 0.574922220 -0.776476891
9.900000000 4.034751810 3.685609124 -0.757391932 -0.198435259 0.157202201 0.580664804 -0.773782464
9.910000000 4.048431820 3.665059714 -0.766452872 -0.236810628 0.126626127 0.577802639 -0.770733845
9.920000000 4.062550657 3.646626193 -0.777679226 -0.288561890 0.099918567 0.566247544 -0.765579542
9.930000000 4.077737985 3.629711442 -0.790235768 -0.337283345 0.073075251 0.552983689 -0.758359409
9.940000000 4.092934261 3.612554395 -0.805141429 -0.373138958 0.049907496 0.539785594 -0.752932980
9.950000000 4.108100334 3.595732003 -0.821745110 -0.404819319 0.040902001 0.525031916 -0.747522462
9.960000000 4.124650568 3.579261813 -0.839396544 -0.403365220 0.012429255 0.517233605 -0.754726050
9.970000000 4.139711671 3.562349229 -0.858912908 -0.402773441 0.004834905 0.509018814 -0.760690493
9.980000000 4.154345189 3.545277387 -0.878230969 -0.403525538 0.007525463 0.505128248 -0.762860381
9.990000000 4.167726396 3.527589128 -0.897514410 -0.397528443 0.020762858 0.504047617 -0.766469856
10.000000000 4.180009270 3.508531389 -0.916375556 -0.392587101 0.040342062 0.504159844 -0.768160620
10.010000000 4.191656375 3.488077163 -0.934391274 -0.388905439 0.053714999 0.504456871 -0.769019196
10.020000000 4.202880201 3.467356651 -0.951414244 -0.383059591 0.059179952 0.506011158 -0.770529552
10.030000000 4.213942216 3.446685541 -0.967283540 -0.374827190 0.061458585 0.509430135 -0.772145296
10.040000000 4.224453205 3.426024130 -0.981799440 -0.361502108 0.066175475 0.515912066 -0.773803445
10.050000000 4.233841483 3.405479516 -0.994583253 -0.344277431 0.077816141 0.525897201 -0.773853884
10.060000000 4.242355921 3.385035703 -1.006017445 -0.317862873 0.098216822 0.541303838 -0.772209042
10.070000000 4.249957813 3.364766552 -1.016030257 -0.284855377 0.133168484 0.561586253 -0.765339434
10.080000000 4.256562189 3.343807881 -1.024659490 -0.242397313 0.177309557 0.584631503 -0.753664959
10.090000000 4.262049805 3.321131146 -1.031932615 -0.198510102 0.227456935 0.607492381 -0.734717694
10.100000000 4.266219234 3.296015879 -1.038179308 -0.155788341 0.275766576 0.626581142 -0.712094699
10.110000000 4.268708256 3.268076633 -1.043946134 -0.117464302 0.314761741 0.641749750 -0.689408763
10.120000000 4.269393505 3.238768126 -1.049225996 -0.075346448 0.355242237 0.655950799 -0.661705686
10.130000000 4.267208863 3.209546792 -1.053012359 -0.027346340 0.400510222 0.665392590 -0.629361932
10.140000000 4.262812298 3.181463831 -1.054532494 0.012656939 0.446001377 0.668563659 -0.594932944
10.150000000 4.257706967 3.151920695 -1.054992887 0.057063624 0.481650151 0.667748672 -0.564684502
10.160000000 4.251915563 3.121773354 -1.054146691 0.084319113 0.509922280 0.664627828 -0.539573355
10.170000000 4.244497130 3.091636711 -1.052113522 0.097745191 0.517825766 0.665045730 -0.529165883
10.180000000 4.235287354 3.060424295 -1.049069790 0.089578542 0.506117037 0.669595610 -0.536155714
10.190000000 4.222677277 3.027082228 -1.046077502 0.053410967 0.481914208 0.678707211 -0.551599934
10.200000000 4.205891116 2.992001577 -1.046552865 0.017866289 0.452710560 0.675962993 -0.581212506
10.210000000 4.185063585 2.956098105 -1.049593151 -0.029240887 0.428392928 0.670658257 -0.604848718
10.220000000 4.164001995 2.920278609 -1.054386462 -0.071454250 0.407819781 0.666992500 -0.619433871
10.230000000 4.144592424 2.884005397 -1.061315306 -0.103832005 0.390261347 0.664218004 -0.629070297
10.240000000 4.126582828 2.847684178 -1.070768555 -0.135339525 0.366668471 0.661798878 -0.639734078
10.250000000 4.108055278 2.811643942 -1.083282078 -0.169355383 0.336513152 0.658495738 -0.651506728
10.260000000 4.089258546 2.776478898 -1.097948823 -0.189674220 0.300509866 0.661026161 -0.660879660
10.270000000 4.069485671 2.743129633 -1.113796986 -0.204885450 0.262672716 0.664844371 -0.668585791
10.280000000 4.048970987 2.710814750 -1.130570968 -0.219740795 0.224379305 0.667507748 -0.675130592
10.290000000 4.027337554 2.679359968 -1.148823865 -0.234214451 0.185696148 0.669011669 -0.680502695
10.300000000 4.003878720 2.649374626 -1.167836784 -0.241480837 0.159609704 0.669608703 -0.683985331
10.310000000 3.978810268 2.620110746 -1.186828868 -0.246830492 0.142612628 0.671630470 -0.683848564
10.320000000 3.954289988 2.592323082 -1.204540130 -0.246045619 0.130834096 0.677059960 -0.681126863
10.330000000 3.930892680 2.565955505 -1.222458906 -0.239079414 0.129349864 0.683301363 -0.677649536
10.340000000 3.907762926 2.541049369 -1.239614516 -0.218060223 0.129166446 0.693305818 -0.674605671
10.350000000 3.884622012 2.517234569 -1.255106456 -0.188379325 0.133374982 0.703074085 -0.672615176
10.360000000 3.861378257 2.492864642 -1.269361569 -0.156755181 0.141041016 0.711264532 -0.670550528
10.370000000 3.837246415 2.467253065 -1.283021772 -0.125602273 0.146292435 0.718704005 -0.668047263
10.380000000 3.812326753 2.439865916 -1.295418617 -0.094215140 0.152390386 0.724802475 -0.665253373
10.390000000 3.786527898 2.411163189 -1.306663188 -0.056390114 0.164046586 0.730629098 -0.660371103
10.400000000 3.759882820 2.381351676 -1.316620783 -0.012009653 0.182587495 0.735722337 -0.652096786
10.410000000 3.732191561 2.350742285 -1.324904088 0.036468945 0.210730750 0.737904297 -0.640124843
10.420000000 3.703750416 2.319569024 -1.330569955 0.089224677 0.247005266 0.736001855 -0.623962038
10.430000000 3.674544922 2.288191165 -1.333059839 0.144096002 0.287661088 0.729015310 -0.604172259
10.440000000 3.645098178 2.256243025 -1.331862392 0.195898610 0.328929209 0.716548969 -0.583083944
10.450000000 3.614898035 2.223567664 -1.327275818 0.244013660 0.368834963 0.700199771 -0.560480494
10.460000000 3.584134212 2.190369939 -1.319349906 0.290273155 0.410133231 0.679319169 -0.534843617
10.470000000 3.552706245 2.157326389 -1.307654616 0.333948119 0.455593081 0.651671616 -0.506199272
10.480000000 3.521506805 2.125930514 -1.292836028 0.367186567 0.506925816 0.615349371 -0.479108958
10.490000000 3.491152109 2.096108821 -1.276707721 0.391088146 0.553623344 0.578733515 -0.453452063
10.500000000 3.461666868 2.066208825 -1.258760471 0.414729610 0.588924651 0.546149757 -0.427653539
10.510000000 3.432770107 2.037410630 -1.239089030 0.427929934 0.616243224 0.516808062 -0.412346562
10.520000000 3.403417471 2.010715709 -1.218263513 0.425547142 0.629674774 0.500604254 -0.414505356
10.530000000 3.372562268 1.987916066 -1.198053040 0.407911633 0.627028709 0.499495115 -0.436975661
10.540000000 3.342096111 1.966715341 -1.178762509 0.379195568 0.607633090 0.509794205 -0.476552849
10.550000000 3.311175314 1.945626869 -1.161423481 0.349298623 0.578859588 0.521743143 -0.520284674
10.560000000 3.283213295 1.924951365 -1.145084438 0.313082089 0.552140498 0.533222698 -0.559279921
10.570000000 3.258273468 1.903686900 -1.129866903 0.287245169 0.530652869 0.539944883 -0.586819622
10.580000000 3.235418328 1.882181826 -1.115643360 0.269389703 0.513944828 0.541345757 -0.608469123
10.590000000 3.213021596 1.860934541 -1.102794417 0.250641852 0.488772024 0.550391955 -0.628768054
10.600000000 3.191687336 1.839626664 -1.091192817 0.224597666 0.445621998 0.572866991 -0.650230984
10.610000000 3.171091631 1.817430201 -1.081257938 0.202487766 0.400111469 0.598515187 -0.663844174
10.620000000 3.151562264 1.794782270 -1.073229274 0.181393045 0.349909588 0.630073376 -0.669079505
10.630000000 3.132107389 1.772463676 -1.067241656 0.167471524 0.293838190 0.671798373 -0.659013925
10.640000000 3.112892933 1.750852584 -1.063352375 0.153909693 0.235441892 0.711157352 -0.644309043
10.650000000 3.093605986 1.730398558 -1.061251137 0.140102547 0.189393485 0.742809193 -0.626686434
10.660000000 3.074410429 1.710237373 -1.060875073 0.129120332 0.144181758 0.771882300 -0.605588372
10.670000000 3.054233663 1.690239162 -1.062415613 0.127005815 0.106180774 0.796999559 -0.580850127
10.680000000 3.031243718 1.671050279 -1.066250568 0.125204441 0.076702639 0.813932932 -0.562097620
10.690000000 3.007950047 1.653001309 -1.071661191 0.130841910 0.045998085 0.824704070 -0.548295329
10.700000000 2.984623821 1.636392085 -1.078575423 0.134578880 0.029042429 0.829021174 -0.542004572
10.710000000 2.960546139 1.621275188 -1.086970139 0.139256633 0.015867451 0.832076883 -0.536659925
10.720000000 2.935951756 1.607544743 -1.096731383 0.151035319 -0.004351608 0.834463471 -0.529943498
10.730000000 2.910295702 1.595044520 -1.106352310 0.160556514 -0.021971999 0.835471282 -0.525096728
10.740000000 2.883885485 1.583021431 -1.115470210 0.166321431 -0.030403755 0.836143714 -0.521801191
10.750000000 2.856674505 1.570680493 -1.124546417 0.171007834 -0.037208979 0.836776180 -0.518823127
10.760000000 2.829032657 1.558134136 -1.133655919 0.176065328 -0.044487029 0.836838622 -0.516452345
10.770000000 2.802511458 1.545675720 -1.141503878 0.185545444 -0.045276838 0.836254560 -0.514005066
10.780000000 2.777359599 1.533009204 -1.147750110 0.198174490 -0.040686891 0.834354071 -0.512761867
10.790000000 2.753136992 1.519802460 -1.152182570 0.219460782 -0.029658625 0.830126637 -0.511709975
10.800000000 2.729926998 1.506316169 -1.154757099 0.251641710 -0.009488073 0.821552560 -0.511505441
10.810000000 2.707268084 1.491490710 -1.155790624 0.292995511 0.018951546 0.807939425 -0.510909342
10.820000000 2.684937143 1.473993622 -1.155370333 0.340547909 0.050349611 0.789248638 -0.508506270
10.830000000 2.663098010 1.454394952 -1.152559011 0.386978007 0.084117594 0.766226954 -0.506032122
10.840000000 2.641320163 1.433642906 -1.146702903 0.428408807 0.114902167 0.743220715 -0.500885571
10.850000000 2.620207387 1.411755728 -1.138397268 0.461671266 0.148805468 0.718999076 -0.497751849
10.860000000 2.599755487 1.389232810 -1.128501347 0.485114363 0.182946647 0.700411505 -0.490528595
10.870000000 2.579712782 1.368732439 -1.117340613 0.522386346 0.198447179 0.678657966 -0.476607373
10.880000000 2.563576452 1.348560519 -1.106612902 0.518480438 0.216730989 0.671144075 -0.483499063
10.890000000 2.547844319 1.327746593 -1.094701062 0.502940583 0.212716235 0.680189814 -0.489023915
10.900000000 2.530964701 1.306109701 -1.080916862 0.462006256 0.184736149 0.706303754 -0.503545213
10.910000000 2.511094611 1.283481287 -1.066772426 0.421422816 0.153673585 0.729068503 -0.516958758
10.920000000 2.491982215 1.260700407 -1.054264514 0.383462616 0.121819683 0.749521792 -0.525674300
10.930000000 2.473993667 1.237208510 -1.043803203 0.355489439 0.099261272 0.762296379 -0.531675361
10.940000000 2.458098643 1.214482980 -1.035737343 0.338104894 0.082375605 0.771149401 -0.533130323
10.950000000 2.444454230 1.194865264 -1.029311401 0.305608817 0.058924591 0.786049113 -0.534095437
10.960000000 2.431824705 1.176121107 -1.025202537 0.269075025 0.029553272 0.799112065 -0.536791526
10.970000000 2.419108713 1.156960109 -1.023502264 0.231544247 0.002403795 0.811949470 -0.535835369
10.980000000 2.406345124 1.137763876 -1.024272182 0.203131951 -0.033324305 0.824001302 -0.527871912
10.990000000 2.393252524 1.119407928 -1.026753294 0.169504719 -0.069304972 0.833860191 -0.520713120
11.000000000 2.379902251 1.100457845 -1.031371566 0.141779891 -0.101453868 0.840410772 -0.513142581
11.010000000 2.366965424 1.080885086 -1.036940343 0.115380155 -0.118828965 0.846279814 -0.506337410
11.020000000 2.354892059 1.062281508 -1.042595981 0.097404984 -0.141456225 0.849234272 -0.499303071
11.030000000 2.343472323 1.045233896 -1.048030934 0.076447648 -0.150851908 0.848238723 -0.501886967
11.040000000 2.333110452 1.029342421 -1.055290258 0.059487364 -0.154635447 0.844062908 -0.510006803
11.050000000 2.324447104 1.013831767 -1.063216049 0.050432259 -0.148651272 0.841078862 -0.517634749
11.060000000 2.317283756 0.998534529 -1.071435017 0.050238354 -0.138630529 0.838407928 -0.524718810
11.070000000 2.310329587 0.983087440 -1.079108274 0.052338146 -0.130669284 0.836434299 -0.529682849
11.080000000 2.304227346 0.966203419 -1.085891475 0.061175506 -0.120033834 0.835545301 -0.532647620
11.090000000 2.298154065 0.947833098 -1.091267002 0.071220969 -0.109346829 0.835737811 -0.533397746
11.100000000 2.291772345 0.928717242 -1.094862180 0.087292555 -0.102658467 0.835739554 -0.532335090
11.110000000 2.284711472 0.909325008 -1.096710854 0.107321541 -0.091678667 0.835892337 -0.530434831
11.120000000 2.277014394 0.889760391 -1.097025831 0.128560700 -0.073837447 0.835609130 -0.528940035
11.130000000 2.268308154 0.869951179 -1.096399522 0.154729570 -0.049658309 0.834159924 -0.527038931
11.140000000 2.258536258 0.849230059 -1.094895653 0.189635917 -0.015756845 0.830348593 -0.523747225
11.150000000 2.247844110 0.827895463 -1.092009457 0.232127329 0.022500682 0.823008757 -0.517945178
11.160000000 2.236392315 0.805405368 -1.087533210 0.278412927 0.061242641 0.811735911 -0.509725801
11.170000000 2.224067857 0.780893828 -1.081471185 0.321656803 0.096201438 0.798365617 -0.499894515
11.180000000 2.210966297 0.754637057 -1.074251090 0.361955546 0.125318603 0.784132018 -0.488283123
11.190000000 2.197328876 0.727635506 -1.065756167 0.400299806 0.157492327 0.766488324 -0.476919156
11.200000000 2.183907938 0.700372635 -1.056850422 0.437251629 0.195193335 0.746709414 -0.461666141
11.210000000 2.171118196 0.671509298 -1.047243838 0.479783013 0.219699441 0.723556138 -0.444979699
11.220000000 2.159781942 0.640554004 -1.036782453 0.510935996 0.236276246 0.703056185 -0.434545676
11.230000000 2.148299991 0.609846082 -1.024484167 0.525753890 0.247255472 0.692649610 -0.427415602
11.240000000 2.136244392 0.579517359 -1.010109760 0.523046125 0.239319405 0.700087765 -0.423114754
11.250000000 2.123748829 0.549254766 -0.993850079 0.498696009 0.219547215 0.723599451 -0.423680476
11.260000000 2.110061207 0.519458720 -0.977350664 0.478435317 0.201298823 0.744248513 -0.420324378
11.270000000 2.096144347 0.491055368 -0.961448418 0.470199677 0.185355740 0.758255705 -0.411829818
11.280000000 2.083091628 0.464569481 -0.946238380 0.461686448 0.169303230 0.771815248 -0.403092128
11.290000000 2.070205525 0.438955661 -0.932138254 0.452900654 0.153150768 0.784919137 -0.394116465
11.300000000 2.057367210 0.413487050 -0.919931211 0.445252795 0.141838685 0.795648224 -0.385455108
11.310000000 2.044557344 0.387000603 -0.908940891 0.439026015 0.135954022 0.804009869 -0.377280787
11.320000000 2.032277299 0.361227548 -0.899613397 0.425774493 0.129144102 0.812814469 -0.375992713
11.330000000 2.019686326 0.334498639 -0.891130747 0.403796560 0.121165035 0.821921098 -0.383031437
11.340000000 2.007352228 0.308106998 -0.884489029 0.383755336 0.118894001 0.829728487 -0.387487674
11.350000000 1.995347974 0.283215785 -0.878788555 0.366533512 0.124415337 0.836151404 -0.388619143
11.360000000 1.984669576 0.257819440 -0.872680255 0.345622430 0.130938686 0.842011751 -0.392958532
11.370000000 1.976220759 0.232010434 -0.866093179 0.317214485 0.133687872 0.846072912 -0.407017384
11.380000000 1.968670607 0.206289697 -0.860120156 0.283621940 0.134656175 0.848915543 -0.425169038
11.390000000 1.961863643 0.181397352 -0.854470530 0.249031370 0.138525150 0.851118198 -0.440899050
11.400000000 1.954515630 0.157372652 -0.849214336 0.217979123 0.134872388 0.849709120 -0.460748252
11.410000000 1.947620868 0.133400664 -0.844860669 0.195660475 0.140443554 0.845964213 -0.475749027
11.420000000 1.940573544 0.109780861 -0.841307954 0.195788997 0.142834647 0.837197738 -0.490270210
11.430000000 1.933668077 0.086807206 -0.837537940 0.200818997 0.153133924 0.824330374 -0.506656852
11.440000000 1.926625895 0.064003644 -0.833127172 0.199461797 0.162893573 0.816428928 -0.516840866
11.450000000 1.918752320 0.042413010 -0.827884336 0.200882554 0.160469152 0.811512942 -0.524730975
11.460000000 1.910743386 0.021325871 -0.822137218 0.201575949 0.151314587 0.810184910 -0.529217767
11.470000000 1.902077979 0.000140162 -0.815819589 0.199807048 0.140946055 0.809693715 -0.533486120
11.480000000 1.892345937 -0.021362979 -0.809236983 0.194878594 0.133590906 0.811173136 -0.534952284
11.490000000 1.881412747 -0.042722179 -0.802413487 0.191756804 0.129873035 0.813535090 -0.533406955
11.500000000 1.869763470 -0.063364064 -0.795305909 0.198202683 0.130458934 0.814455938 -0.529488138
11.510000000 1.858311061 -0.082839386 -0.787316775 0.212816423 0.139348287 0.814869170 -0.520844949
11.520000000 1.847168334 -0.101742425 -0.778803381 0.239555833 0.155593998 0.812134464 -0.508764310
11.530000000 1.836464621 -0.121376217 -0.769525199 0.277720898 0.180195959 0.805013909 -0.492293740
11.540000000 1.826124248 -0.142050279 -0.759534391 0.317175096 0.210229144 0.794491904 -0.473271888
11.550000000 1.815488677 -0.163465201 -0.748805906 0.353456638 0.241061082 0.782223443 -0.452862502
11.560000000 1.804001824 -0.186314024 -0.737577827 0.384512577 0.268879902 0.769433356 -0.433388956
11.570000000 1.791973412 -0.209250253 -0.725421171 0.401202055 0.299003567 0.758869523 -0.416834291
11.580000000 1.780615552 -0.231126784 -0.713513769 0.420100058 0.316292307 0.754052727 -0.393547459
11.590000000 1.769913242 -0.251460188 -0.702118424 0.436804529 0.327652405 0.742995402 -0.387044619
11.600000000 1.758640188 -0.271863344 -0.689601362 0.429498996 0.340509407 0.743080323 -0.383947380
11.610000000 1.746824258 -0.291438961 -0.675760221 0.403430560 0.324992489 0.761680924 -0.389186120
11.620000000 1.735225475 -0.310814733 -0.662499155 0.371014536 0.306813490 0.777872405 -0.403891344
11.630000000 1.724234093 -0.330220097 -0.650776905 0.331659694 0.288129689 0.799648585 -0.409322941
11.640000000 1.713880533 -0.350325448 -0.641104038 0.295876846 0.274997782 0.814526641 -0.416388596
11.650000000 1.705371523 -0.370292698 -0.633285774 0.272507328 0.266217956 0.823142085 -0.421075842
11.660000000 1.698968160 -0.389765590 -0.626946195 0.246766793 0.259185234 0.832449419 -0.423033249
11.670000000 1.693301655 -0.407843474 -0.622172377 0.207520597 0.244341896 0.843460814 -0.431052312
11.680000000 1.688050912 -0.426894719 -0.619800203 0.167930906 0.229886925 0.853505768 -0.436439134
11.690000000 1.683044264 -0.446730823 -0.619771517 0.134181395 0.214134015 0.860690639 -0.441988236
11.700000000 1.678041851 -0.466485759 -0.622017007 0.095149067 0.202117599 0.867183268 -0.445071130
11.710000000 1.672661400 -0.485453552 -0.625801335 0.056964391 0.173377344 0.875378450 -0.447669436
11.720000000 1.666691107 -0.504485113 -0.631135212 0.026044393 0.156791527 0.874931871 -0.457419204
11.730000000 1.661703306 -0.523299457 -0.637565975 0.014864507 0.143576021 0.871456642 -0.468751847
11.740000000 1.657684773 -0.540542797 -0.643029338 0.004593943 0.130444729 0.867521387 -0.479968448
11.750000000 1.653837529 -0.556778868 -0.648108308 -0.005678547 0.117258754 0.863222455 -0.490983840
11.760000000 1.649598692 -0.572099535 -0.653461984 -0.015948657 0.104023622 0.858561649 -0.501793406
11.770000000 1.644538714 -0.587183770 -0.658414323 -0.028424205 0.094223305 0.852533944 -0.513322421
11.780000000 1.639684214 -0.601915917 -0.664186000 -0.040388994 0.088597191 0.845518122 -0.524993688
11.790000000 1.634732990 -0.615895799 -0.669620575 -0.048154393 0.095485812 0.839306623 -0.533036590
11.800000000 1.628629782 -0.629492082 -0.675847442 -0.046098464 0.090092838 0.837797921 -0.536519204
11.810000000 1.621239284 -0.642808414 -0.682627630 -0.032263570 0.084440179 0.838973725 -0.536611598
11.820000000 1.613069417 -0.655707459 -0.688405556 -0.021136982 0.079747509 0.840105242 -0.536112624
11.830000000 1.603985835 -0.668790247 -0.693013510 -0.008357025 0.073475870 0.841451478 -0.535248415
11.840000000 1.593781054 -0.682694446 -0.696389044 0.009027720 0.063852838 0.843986157 -0.532474115
11.850000000 1.582635659 -0.697290485 -0.697870530 0.024045474 0.055935103 0.845002140 -0.531285669
11.860000000 1.570526096 -0.712410499 -0.697929851 0.036618109 0.050725848 0.845690853 -0.529993381
11.870000000 1.557959078 -0.728294334 -0.696321738 0.053472893 0.049434190 0.847142575 -0.526351943
11.880000000 1.544846770 -0.744591607 -0.693631277 0.066530173 0.054689599 0.849314945 -0.520813698
11.890000000 1.530833806 -0.760969957 -0.690111224 0.088745927 0.072598814 0.849795764 -0.514490750
11.900000000 1.516231830 -0.777181403 -0.685303176 0.122147362 0.089134700 0.848130366 -0.507749850
11.910000000 1.501024409 -0.792797532 -0.679085772 0.160599739 0.109650718 0.844464954 -0.499062507
11.920000000 1.484570257 -0.808456494 -0.672351077 0.202510993 0.135482587 0.837795009 -0.488603407
11.930000000 1.467222854 -0.825020242 -0.664794177 0.244845977 0.163219600 0.828352345 -0.476699278
11.940000000 1.449342294 -0.842617072 -0.656288403 0.277372068 0.185099073 0.820615794 -0.464104286
11.950000000 1.431879260 -0.861881744 -0.648226922 0.292572902 0.198659916 0.822038214 -0.446305399
11.960000000 1.414781349 -0.882900025 -0.640574449 0.307304214 0.202314794 0.819912742 -0.438606817
11.970000000 1.397145393 -0.904929914 -0.632916374 0.292599607 0.197199099 0.825943960 -0.439675518
11.980000000 1.380108375 -0.926223317 -0.625834868 0.260924756 0.189203939 0.837270437 -0.441699397
11.990000000 1.364100643 -0.946775618 -0.620572230 0.228936899 0.180981809 0.847592521 -0.443193411
12.000000000 1.349241236 -0.969389609 -0.617261484 0.196674408 0.172542573 0.856897830 -0.444155769
12.010000000 1.334903730 -0.993918824 -0.616799068 0.177933383 0.173064557 0.861661127 -0.442638084
12.020000000 1.321099935 -1.017247373 -0.618169849 0.181576698 0.178354796 0.863396641 -0.435621062
12.030000000 1.310149627 -1.037164809 -0.618830654 0.170906642 0.171213138 0.867780151 -0.434090533
12.040000000 1.301058875 -1.056461574 -0.620434659 0.142210584 0.155177636 0.873524286 -0.438920690
12.050000000 1.291857788 -1.076150871 -0.623829945 0.108363919 0.144108987 0.878288141 -0.442831573
12.060000000 1.282069531 -1.095668882 -0.629209701 0.078918648 0.138479376 0.883766791 -0.439944960
12.070000000 1.271852967 -1.114164630 -0.635768228 0.051118391 0.132017848 0.889130109 -0.435207821
12.080000000 1.260822340 -1.130911192 -0.643042242 0.022570109 0.109515265 0.894843658 -0.432147919
12.090000000 1.251324339 -1.150093444 -0.651443146 -0.004321719 0.089041645 0.900069768 -0.426529391
12.100000000 1.240195488 -1.169382979 -0.661767335 -0.025408527 0.076890931 0.902317624 -0.423397091
12.110000000 1.229670682 -1.187100192 -0.672248674 -0.041546081 0.063588314 0.903817931 -0.421121832
12.120000000 1.219629257 -1.203002692 -0.683908440 -0.051262042 0.055947095 0.905861323 -0.416722197
12.130000000 1.209635808 -1.218266118 -0.696665359 -0.046965837 0.050024165 0.907091594 -0.415303063
12.140000000 1.199356286 -1.233092670 -0.709997960 -0.034336002 0.046413260 0.907799403 -0.415411955
12.150000000 1.188404407 -1.247887522 -0.722697528 -0.020987802 0.048538399 0.907979235 -0.415664824
12.160000000 1.176335962 -1.262511382 -0.734283259 -0.008708371 0.049363504 0.907966775 -0.416033345
12.170000000 1.162545357 -1.277111465 -0.744647941 0.008333216 0.039372756 0.908517066 -0.415905139
12.180000000 1.147065141 -1.290555494 -0.753848075 0.025422946 0.031107148 0.908866935 -0.415146858
12.190000000 1.130836228 -1.302902997 -0.761489731 0.046006501 0.026724143 0.909505966 -0.412271899
12.200000000 1.113933139 -1.314001863 -0.767569658 0.076836857 0.028907210 0.909733557 -0.406995487
12.210000000 1.096098849 -1.324356441 -0.771867825 0.115378739 0.040484639 0.907809348 -0.401161972
12.220000000 1.076873791 -1.334674420 -0.774358895 0.157125642 0.057059122 0.903532542 -0.394569049
12.230000000 1.056601742 -1.345314273 -0.775254538 0.205491522 0.078595429 0.895756652 -0.386284886
12.240000000 1.034855744 -1.356994826 -0.774324151 0.252835785 0.103040425 0.884931767 -0.377296308
12.250000000 1.011317395 -1.371827544 -0.771922563 0.299412183 0.127172487 0.871419336 -0.367161876
12.260000000 0.986071675 -1.388851490 -0.767898347 0.345006627 0.151009811 0.855329209 -0.355778595
12.270000000 0.960064224 -1.406942683 -0.761582926 0.385969768 0.176356542 0.837982046 -0.343091531
12.280000000 0.934361673 -1.424575389 -0.753236118 0.417502063 0.205592724 0.821398096 -0.329740545
12.290000000 0.909358975 -1.441447739 -0.744113664 0.446043887 0.231553063 0.804080882 -0.317619215
12.300000000 0.884129416 -1.458856983 -0.734831957 0.468221546 0.249312811 0.788766927 -0.310577592
12.310000000 0.858021220 -1.477650491 -0.724785043 0.480707175 0.260986298 0.779409561 -0.305495500
12.320000000 0.831494415 -1.496321177 -0.711836519 0.457353209 0.253803670 0.793946522 -0.309936543
12.330000000 0.805008851 -1.514647513 -0.698473455 0.415836082 0.245183761 0.814678643 -0.321347141
12.340000000 0.776684512 -1.531369056 -0.685929096 0.387466148 0.233774365 0.828543673 -0.329749771
12.350000000 0.749608851 -1.546307504 -0.673197913 0.358632081 0.222084938 0.841416215 -0.337757403
12.360000000 0.723099724 -1.560621801 -0.660511378 0.329368418 0.210129482 0.853280850 -0.345360446
12.370000000 0.696403859 -1.574913392 -0.649477731 0.304460189 0.198236490 0.863689635 -0.349351546
12.380000000 0.669404179 -1.589485739 -0.641074480 0.300575728 0.187613377 0.871463839 -0.339125685
12.390000000 0.644506363 -1.602792992 -0.633656367 0.279055641 0.175472764 0.880008576 -0.341938830
12.400000000 0.620440436 -1.617229609 -0.628047311 0.249801154 0.161567980 0.889123915 -0.347784178
12.410000000 0.600583565 -1.634379293 -0.624476602 0.219052022 0.151555136 0.895498099 -0.356553512
12.420000000 0.581826320 -1.653106902 -0.623535372 0.193440384 0.139002266 0.905883248 -0.350192417
12.430000000 0.563584161 -1.674453769 -0.623812121 0.167090770 0.131183314 0.913063216 -0.348119486
12.440000000 0.546192923 -1.697295171 -0.624733499 0.137867050 0.114498944 0.921893993 -0.343502742
12.450000000 0.527853232 -1.720316439 -0.626101184 0.107209846 0.106304221 0.929309674 -0.337029659
12.460000000 0.508356616 -1.742857287 -0.627783233 0.099891686 0.094091561 0.933818711 -0.330380150
12.470000000 0.488372331 -1.764660082 -0.629430444 0.092546830 0.081853754 0.938078184 -0.323642346
12.480000000 0.467044024 -1.785682838 -0.632514068 0.085533690 0.069598724 0.942000251 -0.316978757
12.490000000 0.444935727 -1.805778388 -0.637320373 0.090495382 0.057535578 0.942771226 -0.315725606
12.500000000 0.422316682 -1.824247978 -0.642564610 0.080508266 0.048373519 0.945380559 -0.312144229
12.510000000 0.398495501 -1.841453605 -0.649636132 0.078873253 0.038883994 0.944698862 -0.315928957
12.520000000 0.375782323 -1.857417204 -0.656498601 0.083294198 0.024687599 0.945216298 -0.314672448
12.530000000 0.353282339 -1.871500828 -0.663126674 0.095605334 0.014556003 0.944296502 -0.314566144
12.540000000 0.330607126 -1.884633411 -0.669050592 0.102830183 0.020629030 0.943774302 -0.313513099
12.550000000 0.306493945 -1.896977390 -0.675338804 0.111941370 0.021095870 0.942939296 -0.312873102
12.560000000 0.281103869 -1.908566664 -0.681329719 0.126936977 0.019588350 0.941578385 -0.311341365
12.570000000 0.255480027 -1.919766129 -0.686180477 0.149593761 0.017182933 0.939203085 -0.308583893
12.580000000 0.229894515 -1.930546265 -0.689016336 0.174076775 0.024086996 0.935882309 -0.305354544
12.590000000 0.204355791 -1.942601284 -0.689851550 0.206984654 0.032226140 0.930060980 -0.301836714
12.600000000 0.178498052 -1.955644848 -0.688351651 0.247267404 0.045864136 0.920833929 -0.298027158
12.610000000 0.151682013 -1.969532181 -0.684571319 0.293322227 0.062580185 0.907901117 -0.292850394
12.620000000 0.124669745 -1.984476360 -0.678629808 0.342342096 0.081753279 0.891251786 -0.285986968
12.630000000 0.096992641 -2.001060618 -0.670758709 0.386857137 0.101856980 0.872732783 -0.279828877
12.640000000 0.068921613 -2.018736079 -0.661062083 0.429723518 0.121058294 0.852042452 -0.273324438
12.650000000 0.041381962 -2.037014780 -0.650027159 0.469784629 0.141236542 0.829937519 -0.265628228
12.660000000 0.014570420 -2.054939450 -0.638584621 0.493534311 0.160861746 0.816908614 -0.251411414
12.670000000 -0.011609167 -2.072777542 -0.626732162 0.526188161 0.165504717 0.796512359 -0.247592952
12.680000000 -0.036421586 -2.091500500 -0.614092378 0.530231738 0.164104166 0.792921428 -0.251395578
12.690000000 -0.060253168 -2.110055188 -0.600407923 0.504491742 0.152977185 0.809429369 -0.258669982
12.700000000 -0.083673418 -2.129922487 -0.586792255 0.460016854 0.134883213 0.832416241 -0.277982401
12.710000000 -0.106191846 -2.150364119 -0.574548100 0.415018724 0.116898544 0.855495037 -0.286744538
12.720000000 -0.127510324 -2.172098672 -0.563540822 0.377426561 0.102820604 0.872784251 -0.291932810
12.730000000 -0.147533973 -2.194882032 -0.554138343 0.352023883 0.093729680 0.884053764 -0.292818843
12.740000000 -0.164147518 -2.217308693 -0.546343066 0.328966609 0.086094684 0.894850068 -0.289157451
12.750000000 -0.177056546 -2.238188332 -0.539825128 0.292386368 0.076724636 0.908202695 -0.289467453
12.760000000 -0.189250988 -2.258954875 -0.535289653 0.266943978 0.067765349 0.917141334 -0.288098148
12.770000000 -0.202415045 -2.279089916 -0.532117788 0.248775377 0.059311387 0.923757426 -0.285070498
12.780000000 -0.217151692 -2.298493865 -0.529944838 0.230493706 0.050830466 0.929953664 -0.281913282
12.790000000 -0.232458481 -2.316960426 -0.528126405 0.212107273 0.042326443 0.935727231 -0.278627934
12.800000000 -0.248871318 -2.334759806 -0.527204350 0.193624437 0.033803183 0.941075504 -0.275215947
12.810000000 -0.264342067 -2.351510066 -0.526581147 0.177026476 0.019102406 0.946982017 -0.267435570
12.820000000 -0.279669943 -2.367484739 -0.527652359 0.163444340 0.007681803 0.951301342 -0.261252167
12.830000000 -0.294526166 -2.382253972 -0.530440276 0.157985546 0.002253897 0.952236721 -0.261305785
12.840000000 -0.309336634 -2.395564945 -0.535367360 0.162547373 -0.000605611 0.950829760 -0.263629954
12.850000000 -0.324357658 -2.407290288 -0.541150502 0.169898706 -0.002914711 0.948914479 -0.265870732
12.860000000 -0.339854247 -2.417570366 -0.548138435 0.176551246 -0.005515542 0.947058621 -0.268102976
12.870000000 -0.356904555 -2.427251806 -0.554867175 0.183193290 -0.008116045 0.945146462 -0.270319281
12.880000000 -0.375581342 -2.436982519 -0.560165219 0.189824443 -0.010716065 0.943178117 -0.272519517
12.890000000 -0.394782767 -2.445938441 -0.563339264 0.196444312 -0.013315449 0.941153701 -0.274703552
12.900000000 -0.414316225 -2.454022895 -0.564747556 0.201027959 -0.014214239 0.939630990 -0.276548942
12.910000000 -0.434453208 -2.461199583 -0.565006222 0.204864942 -0.015442500 0.938439800 -0.277709609
12.920000000 -0.455058536 -2.467638960 -0.563951220 0.214720455 -0.012707836 0.936432490 -0.277178334
12.930000000 -0.476381858 -2.473446277 -0.561415106 0.233226288 -0.002344447 0.932524204 -0.275678455
12.940000000 -0.498196276 -2.478915807 -0.557501566 0.261855578 0.011572793 0.925189561 -0.274448543
12.950000000 -0.520401988 -2.485378124 -0.552214358 0.298662873 0.027280909 0.913967176 -0.273350034
12.960000000 -0.543396581 -2.493726737 -0.545626870 0.336641591 0.042874517 0.900356675 -0.272382220
12.970000000 -0.566700236 -2.504153114 -0.537856207 0.373990208 0.058387875 0.885060952 -0.270904581
12.980000000 -0.590127065 -2.515521676 -0.529003639 0.410638818 0.073791948 0.868108638 -0.268919882
12.990000000 -0.613419027 -2.527504752 -0.518896934 0.448939748 0.090925385 0.848209437 -0.265944408
13.000000000 -0.635433386 -2.539371311 -0.507437606 0.488837302 0.113713577 0.824625192 -0.260960931
13.010000000 -0.654890374 -2.550616116 -0.494664762 0.526180247 0.141013338 0.799130974 -0.254242547
13.020000000 -0.674322619 -2.562938718 -0.481728261 0.567192393 0.162077273 0.768623035 -0.247471970
13.030000000 -0.693661979 -2.575326060 -0.468639136 0.608382930 0.173236698 0.735626955 -0.242306086
13.040000000 -0.709050872 -2.588513760 -0.455760030 0.625827772 0.180940684 0.718817514 -0.242696210
13.050000000 -0.721541985 -2.601760509 -0.443286131 0.617135185 0.181024821 0.723434435 -0.251031463
13.060000000 -0.733155763 -2.614918408 -0.429179101 0.597478191 0.180393983 0.736276482 -0.261485686
13.070000000 -0.745734516 -2.627002461 -0.413860653 0.578591600 0.178784209 0.748131496 -0.271232801
13.080000000 -0.755757464 -2.638861075 -0.399261436 0.561967544 0.175181427 0.758482954 -0.279656138
13.090000000 -0.762186452 -2.649838480 -0.386295578 0.546102507 0.172038749 0.768250795 -0.286296064
13.100000000 -0.766562957 -2.658238721 -0.375223648 0.528818838 0.168509875 0.779830680 -0.289515404
13.110000000 -0.771242679 -2.664130524 -0.365845442 0.501031933 0.159598367 0.797963632 -0.294532521
13.120000000 -0.777607413 -2.668976552 -0.357962076 0.471538052 0.147397884 0.815971437 -0.300193844
13.130000000 -0.784341686 -2.673086090 -0.351973623 0.440618443 0.134810383 0.832774544 -0.306868225
13.140000000 -0.791325136 -2.676722290 -0.347669156 0.413343601 0.128267574 0.847801274 -0.306475933
13.150000000 -0.798769340 -2.679889002 -0.344447376 0.382976862 0.116436248 0.865966289 -0.299789443
13.160000000 -0.806594891 -2.684174616 -0.342068758 0.353847562 0.097452086 0.885152326 -0.286007611
13.170000000 -0.816247952 -2.687728011 -0.340046127 0.329053344 0.089302721 0.900146833 -0.271080431
13.180000000 -0.825788536 -2.688799385 -0.338298338 0.314894829 0.071097068 0.910296486 -0.259126921
13.190000000 -0.835871180 -2.689072446 -0.337269519 0.299119096 0.073805907 0.915960703 -0.257092289
13.200000000 -0.847663028 -2.689237209 -0.336867578 0.297528811 0.069146227 0.918265422 -0.251960357
13.210000000 -0.861398957 -2.688748760 -0.337503015 0.303574473 0.068359730 0.915955796 -0.253366267
13.220000000 -0.875614529 -2.688666266 -0.337609951 0.311804761 0.065007012 0.913532208 -0.253003527
13.230000000 -0.890192084 -2.688557218 -0.336577271 0.316364601 0.063645867 0.912144700 -0.252694854
13.240000000 -0.904877199 -2.688393994 -0.334291064 0.314666457 0.058582204 0.912798095 -0.253678504
13.250000000 -0.919605662 -2.688326790 -0.330957215 0.310366793 0.051330303 0.914815429 -0.253279262
13.260000000 -0.934398050 -2.687988369 -0.326218459 0.306812289 0.047817371 0.916566217 -0.251964460
13.270000000 -0.950363970 -2.687570458 -0.320284426 0.306501575 0.046377783 0.917100826 -0.250663041
13.280000000 -0.966896845 -2.687562562 -0.313075651 0.316962361 0.048643849 0.914066273 -0.248297174
13.290000000 -0.983527923 -2.687846806 -0.304765943 0.338455551 0.056993951 0.906802016 -0.244764444
13.300000000 -1.000371621 -2.688411393 -0.295797003 0.371754277 0.067661762 0.894195777 -0.240071982
13.310000000 -1.017585899 -2.689491374 -0.285958353 0.410188525 0.079249278 0.877671170 -0.234857922
13.320000000 -1.035781739 -2.691921050 -0.275199342 0.444291413 0.093065914 0.860619958 -0.230818466
13.330000000 -1.054771264 -2.695595510 -0.263491903 0.473475620 0.103548259 0.845289209 -0.224910533
13.340000000 -1.073548097 -2.699165174 -0.251677038 0.503769428 0.118062090 0.826734664 -0.220878929
13.350000000 -1.090928016 -2.701902738 -0.240219397 0.535094828 0.144854850 0.803390663 -0.217379944
13.360000000 -1.105963080 -2.705104166 -0.229351359 0.561919682 0.155949389 0.785992930 -0.205283154
13.370000000 -1.116531216 -2.707454869 -0.220642272 0.580900322 0.177161125 0.767482358 -0.205279279
13.380000000 -1.127755382 -2.710000486 -0.211410850 0.593225205 0.185275395 0.756305309 -0.204350589
