timestamp_us,gyr_x,gyr_y,gyr_z,acc_x,acc_y,acc_z,flap_displacement_left_actual_rad,flap_displacement_right_actual_rad,flap_phase_left_actual_rad,flap_phase_right_actual_rad,gt_px,gt_py,gt_pz,gt_qx,gt_qy,gt_qz,gt_qw
0,0.0015998838248317986,-0.0011238296387631845,9.975202758028047e-05,4.093034936377711,0.16006321643907578,8.930970331458077,0.0034010973916792286,0.0009986279037917669,3.2764675617218018,3.2764675617218018,0.0,0.0,0.0,0.009014376107980929,-0.2114920470780423,-0.0038159881685818713,0.9773306980139427
10000,-0.016644679641850013,-0.07565988906853024,0.03662863796132169,2.938813637960445,-0.1786711401520805,8.538116463432964,-0.016516967700895335,0.029485882011066774,3.4429316531114464,3.4429316531114464,-0.00037245555124025553,0.0006712326562536841,-0.002672562832526426,0.0075987009519771975,-0.20889175227799678,-0.00340617819629885,0.9779033150184969
20000,-0.47527260510191865,-3.9926953392162803,0.05282402581409762,-6.572220425977319,-1.9014338223092109,1.3576596093179398,-0.10915840580036046,-0.10499942349744419,3.6188463131007986,3.6188463131007986,-0.0006688055101802537,0.0013833751934875238,-0.00526239548522528,0.0028954777254995376,-0.22198278845001346,-0.0033495959872834064,0.9750405314895477
30000,-0.5911361517439848,-10.87902020873973,0.09168219566361824,-5.808669212423843,-1.0548093964693388,7.217797579569943,-0.2526846888469694,-0.25339562743702176,3.7947927490272666,3.7947927490272666,-0.0007627804690966689,0.0015074459493177594,-0.00801885481039677,0.0006855807898328145,-0.26879233733389324,-0.003931125172983505,0.9631898855492813
40000,0.23486055446579257,-11.027480727245669,0.12364872521546276,9.080747146617291,5.926357219476216,26.845789266816322,-0.42173493414578817,-0.3930250204094206,3.970722008113219,3.970722008113219,-0.0008906564638420517,0.001644668693724427,-0.011072584842100497,0.006509712099792804,-0.3163311030379469,-0.004426332614482455,0.9486161839641782
50000,0.17869743900206547,-7.338550531333903,0.040558116360240974,3.003469872654452,6.890105784090582,22.923153225311236,-0.535408600834034,-0.5186795480435888,4.146633979934074,4.146633979934074,-0.0020223870367141322,0.0008419495469581817,-0.010427409639109153,0.010341955973502182,-0.3457266737336273,-0.005258508039161367,0.9382635339332582
60000,-0.12158775890117147,-7.177409916939818,0.21160316369060053,2.23528522310014,1.702953631955304,24.766719587134446,-0.7057664027768615,-0.6911245334970865,4.322563224069032,4.322563224069032,-0.003932686499948532,-0.0006022942723878932,-0.00875870424543479,0.009734011163550984,-0.3733330027409205,-0.005140513949965732,0.9276320893584082
70000,-0.4852376795714787,-9.612176417194746,0.18006796795896818,1.1534377171549834,1.6349281507316515,17.59316675419072,-0.821648729762374,-0.826293826914121,4.498510047260816,4.498510047260816,-0.00576802197890082,-0.0025706370685326385,-0.006564651711293723,0.007246043523334565,-0.411995939336451,-0.005888597448601973,0.9111378409678866
80000,-0.4427532019624304,-11.687682065344848,-0.13771431364504355,5.65738072972715,-0.8727146418688111,12.96468107925248,-0.9752444614354743,-1.059858893415698,4.674439395021818,4.674439395021818,-0.00917683809408791,-0.006359403298109384,-0.004063737691735458,0.005084191156177291,-0.4593976159151426,-0.007852106848564603,0.8881814712713891
90000,0.602122557611812,-13.019491467495751,-0.7066117260488445,8.647456174333644,1.307604364676402,7.463497302841134,-1.114661141537219,-1.107469608560533,4.8503683430698805,4.8503683430698805,-0.011320748447431708,-0.008874934863619108,-0.0025422749180826765,0.011875128144400332,-0.5144113754769489,-0.011460847725897753,0.8573847252434996
100000,0.3174085881655151,-12.871654086964377,-0.9363829557966995,9.005630488555104,0.8865292540980957,1.5307008423712587,-1.1970859441373718,-1.3194472974275302,5.0262801408908135,5.0262801408908135,-0.015666300952977483,-0.01414856438116359,-0.002162904078121808,0.017132206137876464,-0.57283802404877,-0.016945935078510065,0.8193142992777955
110000,-1.3656268695628424,-12.719206795897547,-0.6616002333127371,8.170075972813224,1.3922625262129815,-5.086326991845405,-1.220197501230263,-1.2756430511008583,5.202226779326554,5.202226779326554,-0.01797596043378353,-0.016872444740926473,-3.925982830682573e-05,0.013024878160406081,-0.628404309995851,-0.024733705543910002,0.7773844734348714
120000,-0.10695889326677274,-11.321211099325946,-0.7830249889118829,9.308864244204798,0.4910350647176617,-4.456038079630869,-1.3012350700913593,-1.3119123253318616,5.378138662465029,5.378138662465029,-0.023056990476015032,-0.02306935201500808,0.001485194832331227,0.013769167678754779,-0.6742004436933807,-0.02852530130279007,0.7378688765157858
130000,-0.13536945367042438,-9.765236179787914,-0.2117687173037105,12.944139977757686,-1.7807123449912297,1.2088655465375981,-1.1761636536669309,-1.1956930019247243,5.5540678203051534,5.5540678203051534,-0.025713074468833634,-0.025797962939589372,0.0033107883208209343,0.010494308957902645,-0.7090777981226017,-0.028518854492926075,0.7044751384027049
140000,0.09195628112311906,-8.231693834808247,-0.1779960961170657,10.422948631265134,13.785967853460008,-5.751141038568093,-1.0832180171303993,-1.0599141487762334,5.7299971465625825,5.7299971465625825,-0.03208020513624419,-0.0324727459327193,0.004598268307596465,0.015337247991882179,-0.7394749519604276,-0.03424210335035322,0.6721376664086777
150000,0.842982650910136,-5.654842338590202,1.2084675010090216,7.656315440138075,4.671813988446488,-3.249077332304002,-0.9868528163813283,-0.9434640291856988,5.905926446326114,5.905926446326114,-0.034751410849501944,-0.03567159212134194,0.006622450655519363,0.017178118085629964,-0.7607980613547733,-0.03217388162592923,0.6479630108570825
160000,0.929068017355895,-3.9085924654386504,1.2404403814763278,4.667452611950853,2.8464796793374236,-5.344325751033371,-0.8690915025691137,-0.811462165916449,6.081873179560621,6.081873179560621,-0.04156934802948955,-0.04417871904447708,0.007303910889064513,0.01704479646818858,-0.7775315463519097,-0.02733601370571339,0.6280182415309665
170000,0.9418772958827552,-2.8074276262799183,1.9614420886615636,3.2652668016726323,0.7397551444579812,-6.333300380429375,-0.7563064538978401,-0.6715973413306551,6.257802024128124,6.257802024128124,-0.04448300286952919,-0.047761870311457164,0.009048638826664845,0.01243715451166981,-0.7909607361874444,-0.018040330332671613,0.611474429129262
180000,0.44293131572333444,-1.9846620654398428,2.099172276703142,2.3842552659756,0.9743428563818922,-10.423681036245256,-0.6135280212232496,-0.5030173297031028,0.1505282319181953,0.1505282319181953,-0.052472976972310306,-0.058021478644668126,0.010149694160751899,0.005942801413094253,-0.8017242201334953,-0.010488541203153076,0.5975725466134912
190000,-0.48408796305108065,-2.0488794558556274,2.2975941883861037,3.1280717662966504,-1.6760931808903508,-13.545230924310392,-0.4807573476109333,-0.38361223906417463,0.32645741138529427,0.32645741138529427,-0.055398767355778714,-0.062204861869856146,0.011140124296371401,-0.005407993209123806,-0.8123302018698995,-0.004671995876835541,0.583153984119105
200000,0.6440392329978611,-2.292827548304982,1.8993988030275872,6.197691719827735,-2.6889639683196394,-17.15476259955847,-0.3657963731429763,-0.2785570286071653,0.5024040790324031,0.5024040790324031,-0.0637139986468103,-0.07517156024377471,0.012168142872244936,-0.012159991949044855,-0.8231704917008582,0.004675709830091866,0.5676447955599976
210000,1.1277204662315148,-2.5079683070320695,1.4261014463434336,10.50596797405644,-2.3899247293050996,-19.774643492666158,-0.2563560148410443,-0.1632261518019876,0.6783333638308608,0.6783333638308608,-0.0668588141938184,-0.07947751192687622,0.013328080810939502,-0.015464659714931725,-0.8340978565524735,0.014251857774747323,0.5512154701606619
220000,1.0844277827086772,-1.4200008981027559,1.1820716798648212,14.624668000813626,-3.0334368515457206,-20.092410682022102,-0.13155548785391266,-0.043430727845916554,0.8542452409441763,0.8542452409441763,-0.07628137841763936,-0.09318478219103057,0.014513682689953844,-0.018117443218477344,-0.8415286171220611,0.02299584432026572,0.5394187019003467
230000,0.9682119359187971,0.9093665359744622,0.6944674175038454,17.101022631947245,-3.2779683879432207,-18.591963468989896,0.001674088987805848,0.0794428704228841,1.0301741762923902,1.0301741762923902,-0.08012692399739547,-0.0969013392617168,0.018045442863617644,-0.019446073540492322,-0.842446949328301,0.02982155643319535,0.5376017694941104
240000,0.7391389457023473,4.084826842986625,0.019360261551443356,17.78856977780484,-3.636517918342448,-17.008707916249204,0.12375509868666366,0.20670210816835702,1.2061033865659851,1.2061033865659851,-0.09320947688906878,-0.10729591134083336,0.022353387589420348,-0.01909664586132787,-0.8347118564854527,0.0335876290196915,0.5493298698744606
250000,1.1219074066252486,8.41665847751248,-0.9658946868048209,19.152381745874248,-0.8536168551450912,-14.52997592152803,0.29139917977258173,0.3294164215373744,1.3820455465591257,1.3820455465591257,-0.09762241560246396,-0.11084034601670573,0.02834167379860314,-0.01289811549919113,-0.8144860652860126,0.03339390734481171,0.5790776588884472
260000,-0.297889033732193,10.648788103058518,-1.9995178217144174,12.816500901434667,-2.5869170973521607,-22.156850550643856,0.4395612613248852,0.4622363066144194,1.5579793747412563,1.5579793747412563,-0.11373751401667773,-0.11965885288139669,0.03354299391907162,-0.00783575256675183,-0.787195859525425,0.025979683746499876,0.6161057829303112
270000,-0.18521900381039166,10.604160470565548,-2.019736568052437,7.333405487982566,-5.062162747886667,-28.329736069816406,0.5416791971217082,0.6053797590131327,1.733895896882201,1.733895896882201,-0.11823354618117976,-0.12336767401600164,0.041256450506429565,-0.0026446048055830764,-0.7585196074505163,0.01943484224803919,0.6513549708763501
280000,1.5060488806089238,7.844957581041884,-2.400391656405672,-2.4889639269163215,-12.306986591220173,-28.689235101123618,0.6476919615034653,0.7621243482048681,1.9098201277478246,1.9098201277478246,-0.13402036266131126,-0.13397637882231817,0.04785529326297988,0.008688736888241845,-0.7370827154593994,0.019474571742475175,0.6754660002381557
290000,5.092402730094092,7.784451255700601,-0.9716696901654283,3.3583613176726628,-4.467840289437528,-18.658906665643674,0.64905165449401,0.9137436957339102,2.0857622550256387,2.0857622550256387,-0.14226492948741115,-0.14764400857992996,0.05430700550167511,0.027469382099622294,-0.7149101174644642,0.03648699519914866,0.6977231945229772
300000,8.143366779252947,8.131627144934635,0.4458742778699892,6.01102487672504,-1.1344771459022867,-12.036257413035804,0.6852763167316731,1.0453169572194212,2.261696215355469,2.261696215355469,-0.14633323258508263,-0.15202657655337654,0.05841460922084607,0.05211693414016525,-0.6894101457706129,0.06833162086270379,0.7192553549850343
310000,5.824768159701647,7.690633444193153,-0.7859152748452891,-3.7234041364812165,6.502255170680669,-14.641759915111997,0.6510251065514513,1.06304205025156,2.4376123115339503,2.4376123115339503,-0.15271419824923094,-0.16299740782763275,0.06326377593767868,0.07536617122929952,-0.6631847092422282,0.08536224076852854,0.739742704940382
320000,-1.1946848396826881,5.392038848481036,-3.3911004108515934,9.808948248538782,10.5707985891501,8.786821098495736,0.5536670719235502,1.0548828756550193,2.6135515933451448,2.6135515933451448,-0.15672005299760652,-0.16720237466637888,0.06353620044081071,0.08286042162637916,-0.6391289201907396,0.0681165471432032,0.761582897594875
330000,-3.4642133661588264,1.995987033898613,-2.1555489948718547,2.6711010967810394,-2.1584829911082664,10.152556669324253,0.4218166352230713,0.9167656294070752,2.7894836812521113,2.7894836812521113,-0.16070097488710938,-0.17151060991695316,0.06762163087023215,0.07465267537025502,-0.6283916726456505,0.050456730018176445,0.7726609878889562
340000,-2.69851310499727,-0.6081555219254531,-1.3206787819350072,-0.8747100382681698,-1.0535536235269423,13.935828025842309,0.3393724225062955,0.8478479194318451,2.965397664971169,2.965397664971169,-0.1640050629168021,-0.178162356565234,0.06799973413305493,0.06792749410725639,-0.6277710154053949,0.036907612952721804,0.774549698771693
350000,-0.7234872283154665,-0.7592575802963324,-1.1766730449663207,-1.2409721878551898,12.817212520046683,11.268448479625144,0.2360027759450226,0.7427973709039725,3.1413242837366244,3.1413242837366244,-0.16459404303388867,-0.18119236931479588,0.0706525016041939,0.07149822184418973,-0.6277430692546857,0.027610315279638954,0.7746381824864981
360000,-0.11447953394487347,-2.928776763509916,-1.6743313256772598,0.27709016922815705,3.6979897525642276,20.654659347358077,0.10290863057031902,0.6292604969119664,3.31725340789513,3.31725340789513,-0.16833547700301693,-0.18545198566337912,0.0687844157052932,0.07696814526006188,-0.6352080070024021,0.019313330512020332,0.7682536610519964
370000,0.6213108061157967,-2.829829276368632,-3.259596254042555,4.629030650404595,12.56482916929866,25.23186509660876,-0.009843983002462846,0.5127043378031146,3.4931826480061314,3.4931826480061314,-0.16631740037398138,-0.18688320391243246,0.07051836900785002,0.09131531483000252,-0.6413577095269241,0.006387294949256121,0.7617617765227569
380000,0.36131298244595844,-3.8166692114836347,-3.32671485870881,3.8570723706252052,7.301081187775812,25.132503458631582,-0.1200272979750003,0.3930029243850767,3.6691117732269607,3.6691117732269607,-0.16969533773671971,-0.19096449182137598,0.07489473285552084,0.10395566396167001,-0.6510129744380517,-0.007621478638393079,0.7518758142851607
390000,-1.4928898359518774,-2.4543909311693426,-2.9003634009976387,9.83041676727425,4.6031184175519275,31.349167536664368,-0.2293647668636142,0.2699946172385461,3.845053326439782,3.845053326439782,-0.16023356559014837,-0.19025806238980253,0.07678331719310355,0.10742383758624804,-0.6552380482942498,-0.025066475095158858,0.7473251574864114
400000,-2.4837986868747226,-1.9882550478852066,-2.6297794973954,9.26870565032943,4.515930147213396,29.14175169373328,-0.3379817468102977,0.14807029165094257,4.020974185945805,4.020974185945805,-0.1624498161190795,-0.19391027673411368,0.08481636399090492,0.10625526022882877,-0.65755603549085,-0.04457141683645514,0.7445423216073421
410000,-2.5475191786969456,-4.0411549548069825,-2.036182279495033,12.014178379776046,10.578195399705443,24.838460388722854,-0.4683733377473465,0.001826583719244674,4.196911760161894,4.196911760161894,-0.15099256060106714,-0.19206716164750165,0.08785533578253041,0.10309260468434281,-0.6674945984316105,-0.06390820674112263,0.73466905272725
420000,-1.8526283639982546,-6.316813498264564,-2.0095590969201425,12.45526213682304,6.798126312490584,20.62957417689299,-0.6171181082024865,-0.13593721435912967,4.372845684145734,4.372845684145734,-0.15189298558849823,-0.1951811031718414,0.098274067110115,0.10105359036124527,-0.6855527757276545,-0.08157840446912426,0.7163452571850266
430000,-0.21342302230833343,-8.772717094196217,-2.509839153382032,14.630158676621292,8.417891863294892,20.968872771191187,-0.7271471731490162,-0.28162447573989813,4.548774744135567,4.548774744135567,-0.13873189553679446,-0.19395205671588514,0.10271716111487045,0.10553849108438515,-0.7119768592739935,-0.09665178210051013,0.6874656440686813
440000,-1.6227926698139934,-8.87999578805434,-3.1862978872443177,15.025003611834073,7.000089244628059,22.098692211648558,-0.8250296192341511,-0.4261038258522085,4.724691334351162,4.724691334351162,-0.13816911225779582,-0.19667361622457002,0.1102047636402107,0.10682384979060958,-0.7364203486597998,-0.11888829211423796,0.6573730365582786
450000,-4.268949525569267,-6.893482207853587,-3.3121083160744544,8.96394306525339,9.806494527464286,16.929130557236796,-0.898519400907918,-0.6169002390191547,4.900628086248059,4.900628086248059,-0.12611495979927506,-0.196858023546233,0.11513496268161638,0.10138491097885131,-0.7513220154458178,-0.15089632093037209,0.6344025766513901
460000,-6.644812416860363,-6.574954457253166,-2.6677580692790452,5.854323400984299,7.799113795834374,12.801640410330622,-0.9098772215305053,-0.7477032965789147,5.076562358367138,5.076562358367138,-0.12444860523163799,-0.1994250158404088,0.11735799636047783,0.08576617853425093,-0.7623357678910965,-0.18947503382510816,0.6128519814526975
470000,-7.009158136522042,-5.994473012550124,-2.261841237224115,1.2081294401408589,-3.926447988843403,5.306499344943308,-0.9077687272641782,-0.8320911515575123,5.252491571606056,5.252491571606056,-0.11269763531855242,-0.1992018507602955,0.12066472688206231,0.06560261914774623,-0.7710608704036023,-0.22461131429339537,0.5922087368359139
480000,-2.849926466323962,-6.394677188319387,-4.708409130030596,-0.11202126034978199,4.547908412790417,-8.082213542329463,-0.9304468743011313,-0.8547630913227242,5.4284208432780545,5.4284208432780545,-0.10995953537967598,-0.20142266060975322,0.1194146278181421,0.07066355755027455,-0.7879704433943335,-0.251740703822329,0.5574368663896523
490000,3.8206683606046647,-3.8518896728788548,-6.003744539595647,1.0355610801026571,-6.1881536763331395,-7.833929255012483,-0.857629610544902,-0.7878387301732288,5.604337738336508,5.604337738336508,-0.09889227012434483,-0.20801378663020365,0.12067114395027212,0.09853961170306229,-0.8041486130401301,-0.24983380889564566,0.5302999349460068
500000,5.033040541954378,-3.120941625654161,-5.443760081064074,-0.14353734840974752,-9.487685820375573,-15.807489467022094,-0.7352563179809603,-0.657627239237992,5.780261529489687,5.780261529489687,-0.09528036506517365,-0.21161116166999783,0.12038816268489733,0.12838489341034284,-0.8194091949522376,-0.24052731381406364,0.5042147376675257
510000,2.6684046806258164,-2.2369026982693088,-3.922454525624213,0.7794102259893027,-3.614770063792155,-24.587178992523306,-0.662411747327473,-0.5202869794740345,5.956190825631799,5.956190825631799,-0.09006725257033298,-0.22072339214877004,0.12057911448867537,0.1483324450880924,-0.8297573587028142,-0.2370957130705261,0.48299672282148687
520000,3.6373415100271256,-0.6209570007366606,-3.2338671348188353,3.749924413857769,-1.9590240890137398,-30.2786799065529,-0.566809852043629,-0.40454877170703357,6.132131379374396,6.132131379374396,-0.08717653489106021,-0.22537829373585422,0.11853790836256506,0.16982932795674444,-0.8371968198765193,-0.22617297611468984,0.4680868178338582
530000,2.254563739121072,-0.9652468779157178,-2.760768917718421,6.408192319468164,1.406412012990317,-36.31836447254609,-0.4457840238879073,-0.28307743143070285,0.02488137247494926,0.02488137247494926,-0.08842042955722967,-0.2314255350048749,0.11949112229892356,0.185844159390222,-0.8435561187295498,-0.22049500928931048,0.45305294817823033
540000,1.3828283512651516,-1.2622209249777134,-2.324828815716741,9.288402697559652,4.227308304573725,-37.35408878114604,-0.33103009931478566,-0.14799567980476772,0.20079965284663537,0.20079965284663537,-0.08724711443362262,-0.23568817648943324,0.11958622586810508,0.19774900609006135,-0.8495420464920616,-0.21758473517917146,0.4379846171379571
550000,0.14698919724043874,-0.7945233111881859,-2.455857183454913,10.069343049103093,2.575161196540734,-33.65985102914836,-0.1982767419812246,-0.018080205392819636,0.37673278849409897,0.37673278849409897,-0.09406369159110683,-0.2378316313709581,0.12354852477777112,0.20775349518940545,-0.8527050178379132,-0.21896818824799247,0.4263631906321434
560000,-0.8824633639585148,0.20827734642513107,-2.9879919321417625,14.078322166989455,-0.280200512198029,-27.158934741033537,-0.06679330530852566,0.110392974307952,0.552658257726268,0.552658257726268,-0.09515884141953809,-0.2409713780700503,0.12748664071340327,0.21783112418950448,-0.8516906253304236,-0.22305134690261494,0.42121345741029936
570000,-0.5001691153161149,2.1797480570365324,-3.4551002712085572,19.261009677390902,-1.3480032372881965,-21.36710280582428,0.08831912129615352,0.24582491315620356,0.7285804351625647,0.7285804351625647,-0.10777229552268267,-0.23630305857298067,0.13427410127797568,0.23163093546763502,-0.8455621664820248,-0.2231037468126924,0.4261413503835919
580000,-0.596190242572358,4.743821278337455,-3.9811800085269167,20.199600105124606,0.32758137704375745,-17.34886270679939,0.24637267075601132,0.380185937682567,0.9045198228049305,0.9045198228049305,-0.11194471241734211,-0.23664637538238215,0.14013776255280486,0.24958024468923537,-0.8323045833086352,-0.2214181997400906,0.4426655203290153
590000,-1.3766623621078733,7.153722413484633,-4.277877592400981,12.62070173887947,-3.0773600890224637,-17.07159079786413,0.38986875401105636,0.5195924335069732,1.0804465817577746,1.0804465817577746,-0.12868606468731086,-0.2267160625489631,0.14858631000302946,0.2703179243835144,-0.8123367120548127,-0.2209232606508181,0.4671511521000196
600000,0.053572433582336855,8.235575606060056,-3.4172058044051954,4.986725982439258,-3.0936718559086955,-20.603670957681768,0.5365346633967204,0.664778479281217,1.2563777170680623,1.2563777170680623,-0.13593162888535304,-0.22402016008450398,0.15452351679925874,0.2933157046309235,-0.7919741880037535,-0.21248483395542153,0.49152108631430774
610000,1.3758662830497996,8.06101234906723,-3.051202605459966,1.055222506852364,-4.245056387949643,-22.14504267718954,0.7279905495172113,0.8184390585226409,1.4323052498759061,1.4323052498759061,-0.1435110957543613,-0.22108613256194043,0.16249196925506865,0.31789557808297175,-0.7727444899553896,-0.198722589720125,0.512169588138348
620000,3.038624536071802,8.221899085939446,-1.7738861422840786,-0.46697666882150907,-5.048893416123381,-19.60150910547313,0.8466623492892427,0.9746722171878127,1.6082358707376727,1.6082358707376727,-0.1479469246803277,-0.22053827060050263,0.16871248378337572,0.34139316460922503,-0.7554850145459201,-0.174762245690954,0.5311791199169112
630000,4.472219194432138,9.080713800582222,-0.7368283067007911,2.2097841325882492,-6.469596703658675,-14.433956707166757,0.8651529152335629,1.1206173137850421,1.7841639009754306,1.7841639009754306,-0.15117324287007683,-0.22385641151246438,0.17573222334901772,0.36351400639520165,-0.7373689133972526,-0.13977562591393713,0.5519125176241533
640000,5.477392864575614,10.161814676667596,-0.7290108236369246,4.398228348687088,-3.3430283616736998,-8.121303683073105,0.87791098838017,1.2595827818581156,1.9600936959111532,1.9600936959111532,-0.15388432767317933,-0.2261689007845707,0.17996988459762814,0.38673973660564825,-0.7150569403392186,-0.09780955753528045,0.574072502962528
650000,5.560829550696892,9.959838099418695,-1.8653392886192977,-0.05784911485588585,6.497826211157712,-7.606699512670478,0.8776459235699582,1.3584910185749974,2.1360314740684476,2.1360314740684476,-0.1492179397938892,-0.22840039188124206,0.1853342528187824,0.41618324755447833,-0.6862184614041273,-0.06531727832249992,0.592983457472214
660000,1.7713295305915775,7.449123421897387,-5.300154738761977,0.9323313584889287,13.538848501917945,-3.1322277106614744,0.8793359654731467,1.364110745083016,2.3119523351926965,2.3119523351926965,-0.1474693995007625,-0.2302833895294949,0.19082978943344603,0.44458484193731973,-0.6509869879028963,-0.06433910761240527,0.6118992883901093
670000,-1.3891878107704265,5.861666780376091,-6.882143912144289,-4.3349739223583885,6.0547666722359725,-1.2469268159646625,0.8047229376131798,1.3122506729977774,2.4878723119564405,2.4878723119564405,-0.13934638238944788,-0.23026932236214492,0.1964219848463042,0.4665047440341057,-0.6150409837777808,-0.07981892313186847,0.6306558899886706
680000,-3.293408965480505,4.138174353003308,-5.592125522235377,-5.304526793745514,-1.6600832032121853,5.490318459227166,0.7080120387544382,1.2507420397795561,2.663801483244285,2.663801483244285,-0.1347670296223479,-0.23080710138237143,0.2001410432789021,0.4748357714446345,-0.5859715408373495,-0.09864245530360677,0.6491825702350282
690000,-2.7296040535937207,2.5271403731871636,-5.010866291099596,-2.8914429646811026,-0.9988536990507818,6.875720802689794,0.6172700740406286,1.16228161182914,2.8397376819718847,2.8397376819718847,-0.12264461084936043,-0.23325827990787448,0.20292799854788995,0.4811631332636762,-0.5623214010757949,-0.11752038231531538,0.6621673812719099
700000,-2.5378891653049784,0.8314436546175513,-4.425935468776457,-2.9247283719989947,-1.4374984147965653,5.499707560779031,0.5719082862328116,1.0382960172114772,3.0156774828839055,3.0156774828839055,-0.1144123500267028,-0.23536504165701133,0.2042032259507452,0.48481285373210453,-0.5454171477561376,-0.13787502766644316,0.6696768687476597
710000,-3.2914030415710984,-0.5964713037208512,-4.262760602966045,-2.74237277332555,-1.3208133536190452,7.997198794728824,0.43578192082978245,0.9052879730418063,3.1916067132084525,3.1916067132084525,-0.10037743418222597,-0.2394566057276542,0.204474278808008,0.48386768924107904,-0.5326240624452185,-0.1630906064991237,0.6749704597125705
720000,-3.2561031867725183,-1.01601726115395,-4.271337775987394,-0.9261514118933003,0.7593148618139487,12.737814114050542,0.3060282325133779,0.7752540683000836,3.367529526465109,3.367529526465109,-0.08320266991031262,-0.2451391600900874,0.20448522957170873,0.48190834059361326,-0.52056548977013,-0.1891108193422151,0.678979395957205
730000,-2.1900442990244575,-1.1598696442787693,-4.087590720206249,2.0879603725711013,3.5450418853317562,18.420261503537763,0.17038392848706027,0.6369058982236878,3.543454033994255,3.543454033994255,-0.07007386343047786,-0.2506924046921551,0.2042590617496361,0.482162818856563,-0.5101357144727456,-0.21185072774727842,0.6799998809445655
740000,-1.72537938421677,-1.2109513879477136,-4.353327251156286,2.4320296102139185,6.736938987259928,19.909650336810913,0.05379306609880863,0.5156393963149646,3.7193942852318287,3.7193942852318287,-0.0622607756070809,-0.2543773653151504,0.20604649961276583,0.4842428982388079,-0.4991354782727668,-0.2345340802640144,0.6792395417151513
750000,-1.8737374507992688,-1.3975747715899383,-4.5508206938985225,2.576950884000248,8.041281862148537,20.00077920941121,-0.0630826223517638,0.3983372038864593,3.895317922742361,3.895317922742361,-0.046440653110702494,-0.2618667279164225,0.20672524091508043,0.4855861043706713,-0.48772259333690016,-0.25861659407666693,0.6778276067401128
760000,-1.8472607874528084,-2.3324161726097583,-4.234816245904584,5.156919229083175,8.543726095348207,21.364577521354658,-0.18207386293303687,0.2797203254905832,4.071235042584682,4.071235042584682,-0.03183705752783847,-0.26882926115856903,0.20780301200767243,0.48418183017377703,-0.4802359352045279,-0.2834802338574798,0.6742257477135628
770000,-1.7271915907585227,-4.636501477332534,-3.725732812353817,7.623376848321744,7.956463327932895,21.06038611791969,-0.3041416729763683,0.12936716414590313,4.247169382870197,4.247169382870197,-0.0160821120517739,-0.2780124930852873,0.20876405034836537,0.4777585385282074,-0.4820029146102689,-0.31153567375170615,0.6651056255593301
780000,-1.3971233930671265,-7.582737287863616,-3.0830723864051164,9.104222444926549,6.368555979898195,20.15328797602758,-0.43428515077685786,-0.027156136315666185,4.423107209332013,4.423107209332013,-0.0005125056991629878,-0.2870856433155532,0.21001471345963502,0.46534241070369914,-0.4954640239420571,-0.3431500544496195,0.6482436902206127
790000,-0.7910522511876847,-10.090145958424236,-2.548471550447398,9.406779061412491,5.723968839726424,20.708790701222203,-0.5587347738676229,-0.1546955487506463,4.599022672984784,4.599022672984784,0.013606230700625097,-0.296605684338074,0.21122092910406204,0.44824824958196247,-0.5185304161589271,-0.37659966184401467,0.6231953216799132
800000,-1.5426784627161152,-10.460596171996906,-2.856522506290725,9.857532738357396,8.984987689658858,23.45346948045067,-0.6410655608108036,-0.29464936795068125,4.774954154016601,4.774954154016601,0.028297270684824183,-0.30656160953468103,0.2096547354185389,0.42795039971410437,-0.5387128852952984,-0.4130358666244024,0.596697792423587
810000,-3.687182271678643,-9.015294648406107,-3.3354738177933103,7.282758075666387,8.684050046106648,23.86906372286478,-0.7564124359913438,-0.43362185679417914,4.950895321463289,4.950895321463289,0.04287676516491201,-0.3183051318847059,0.20826675254119215,0.40432649820340627,-0.5471251212238096,-0.4532149811345284,0.5759951088782193
820000,-5.234570561889258,-8.045437643957898,-3.3766687909518502,2.812725295544622,5.081538198054213,19.33173349365193,-0.7659877674650053,-0.6030852452670841,5.126810757950654,5.126810757950654,0.05873177482528302,-0.3313456517762727,0.2044563461868633,0.3772369378904526,-0.5475424805756239,-0.49591450531329634,0.5585322981493513
830000,-4.18435548022863,-7.365376668783884,-3.880064727157563,4.111736470153653,3.693431514120729,15.019981458124954,-0.7461796156998576,-0.7442185252219993,5.3027570424761095,5.3027570424761095,0.0738305708848229,-0.340681399172748,0.19548199217534784,0.35587024367355663,-0.5476710360971181,-0.532933284688356,0.537954384645494
840000,-0.5827720142014297,-6.59327047922929,-4.869539466991298,8.87586524265725,-1.1114366823780069,12.21135009339468,-0.7194742243435703,-0.7590775101453949,5.478685448478053,5.478685448478053,0.09089837966933789,-0.35118297812947263,0.18783915724432482,0.3431746298022184,-0.5511915484350344,-0.5614819488855475,0.5129883736202868
850000,1.1529916544473986,-5.513935499999536,-5.075410797002037,9.035545167577018,-6.982761248986035,8.380654841110607,-0.6534646006878632,-0.7037237302736584,5.6545979523287855,5.6545979523287855,0.10343915829307715,-0.3653047194921838,0.1810973960254359,0.33500346173712564,-0.5547398351770736,-0.5850859904444513,0.48755592466658737
860000,3.4450523444795156,-3.2713029144833023,-5.522175543570404,8.045385028266741,-5.716239144065305,0.628243755044742,-0.6147881119114302,-0.596455638413096,5.830527303174904,5.830527303174904,0.11737996530389364,-0.382836297363906,0.1720376528604084,0.3475744839045614,-0.5623047995317829,-0.5895575213928672,0.4641413788180259
870000,6.538314428426841,-1.048089111621715,-5.936269866237181,12.457715135360772,1.6011394856052896,-3.6339876376810714,-0.5582811721510513,-0.4490399161572293,6.006474033721442,6.006474033721442,0.1289296716940806,-0.4031657998378617,0.16361735396114246,0.38877678622585427,-0.5657338882271508,-0.5614862303445352,0.4620941368777252
880000,4.88129635725547,1.507187871528152,-3.85201827519078,9.452970708963562,1.2543079051272141,-4.881238139029262,-0.43976764469033575,-0.33293921867620047,6.18240320886752,6.18240320886752,0.14153826893787377,-0.4308018626288378,0.15368820813558282,0.4251167534400096,-0.5765265127441077,-0.534890801949579,0.44809012044172614
890000,3.322873709122682,6.29188203340366,-2.5661821579314656,1.8589928438262853,0.5469114523459963,-14.621255150068807,-0.2949737136625213,-0.21174850276593907,0.07514671924892724,0.07514671924892724,0.15033966418073821,-0.45186954626904263,0.1442407409498198,0.441574992740978,-0.5977915107487469,-0.5347675726956634,0.4020951114546462
900000,2.0219889076232844,8.438947767413747,-2.4225135645008473,2.128741156376702,-1.4772777551187255,-18.125612408203736,-0.17049432328397854,-0.08118909955003663,0.25107590216464715,0.25107590216464715,0.1583574242012091,-0.481386082996767,0.13333755211621373,0.47136227365799177,-0.5856863736093848,-0.5200700320014495,0.4053593967755874
910000,2.2291246135573504,7.048764559495234,-2.256012336038204,-3.1439083313031695,-1.6836950080746158,-23.749513598520664,-0.08313588496270566,-0.016372942786235713,0.42700508573138407,0.42700508573138407,0.16082563023956709,-0.4992675404843748,0.12356336294237097,0.5017102066722395,-0.5735670173436683,-0.5004215771326386,0.4109574068884385
920000,2.709357819823282,2.081277493812181,-1.7410156168186977,-8.574891297497025,0.14552355751898205,-27.629804075082152,-0.07291905502038078,0.07792069223232834,0.6029168274137717,0.6029168274137717,0.15690503202641673,-0.5231728168200984,0.11360924058505634,0.5198731766763266,-0.5730283221308621,-0.4891270718741922,0.402647649649334
930000,1.477576891513147,-0.5502649452773982,-1.8464986466436317,11.779441829602833,4.243218811835508,-13.40772293315919,-0.00911683020948216,0.1229779088129352,0.7788479623610023,0.7788479623610023,0.15482452403177624,-0.5412199848582065,0.1029490766151947,0.5265904823422464,-0.5768274347281598,-0.4847149491154782,0.39373086309745947
940000,-0.2815207922378114,7.000059725202248,-2.236296077913498,13.8016178543504,0.02104648178008748,-14.196133677663603,0.1227181497844887,0.23485748535932582,0.9547925909465107,0.9547925909465107,0.1413625847892587,-0.5655433333295051,0.09232467731693011,0.5487481593674614,-0.5595863771850119,-0.4668050374426378,0.4096725534838215
950000,-0.9634761481135102,9.861876211529061,-2.450986019715604,2.6310337019359973,-6.0164293839191245,-23.18951231799649,0.28653049112747253,0.3576648314418123,1.1307218540671258,1.1307218540671258,0.13736986442279206,-0.583223918384046,0.07947484696089008,0.57874321241686,-0.5332014763362485,-0.4426081706016133,0.42994242292538626
960000,-0.913258753959079,10.415256228265495,-2.4937995675734137,-0.04946281133216008,-2.4706613391976657,-19.608084221883832,0.4107935556325124,0.48958516707729216,1.3066335696464328,1.3066335696464328,0.11965400031444984,-0.6066088948522299,0.06547725798477683,0.608828109542809,-0.5039051190980366,-0.41580195048976615,0.4500185573353937
970000,-0.9157838803645482,9.43872875645534,-2.6032045181415033,-6.334986667929361,-0.2286992769647431,-28.106740394638337,0.593012773893842,0.5762261763412024,1.4825801040056454,1.4825801040056454,0.11319100458393694,-0.6255174905271784,0.052176464718212356,0.6362563967344674,-0.47426427974140467,-0.3924725421603937,0.4649908539165012
980000,-2.657103407100518,8.032472121817058,-2.7249021378422524,-0.9799918259875643,2.391848664663314,-21.435888067289895,0.6924971367570919,0.6278218798506177,1.6585092301044888,1.6585092301044888,0.08968557922498749,-0.6518218506322935,0.039814259725488355,0.65510995849873,-0.4444723308410379,-0.3759722100426269,0.4815809243192573
990000,-4.162062396969479,8.250852199818116,-2.637257354163569,4.503744201594684,3.54045409385264,-9.882871045829312,0.7870646012206499,0.6743102262356399,1.8344225773137097,1.8344225773137097,0.08291751819300919,-0.6712262108432081,0.026213115153390365,0.6678073089175021,-0.4124249156233797,-0.35961810511178127,0.5045928116860406
1000000,-4.855869295905196,6.24007607650844,-2.701809899609161,2.3613150564438303,4.7691058017150505,-8.1822139498544,0.838646274900367,0.7061723268105635,2.0103501508871027,2.0103501508871027,0.05971948777496347,-0.6984598103104759,0.014032575483269971,0.6737596832871805,-0.3823296561988296,-0.3535103761590479,0.5243112979094876
1010000,-3.957060029486924,6.400541829401903,-2.9390208102575865,-0.6091405607387463,-3.326033712421584,-5.195342824393818,0.8187615696750266,0.7071085332960997,2.186279246400545,2.186279246400545,0.05451909365262009,-0.7168333791384542,0.0005282300977640375,0.68112097369148,-0.349912654191386,-0.34901514855238674,0.540207163702283
1020000,-4.54114424662919,6.5556843902290085,-2.688483027231239,-8.623375498613575,4.276013340360351,-10.041927045967777,0.7785690742673269,0.7078077596139627,2.362225314821515,2.362225314821515,0.038119861737743344,-0.7398909720192668,-0.008710911533368115,0.687019710439902,-0.3141028648383061,-0.3454798233236391,0.5567647613164014
1030000,-5.2359877791409115,2.560802818950854,-2.927219040535649,-5.496474122357135,-15.044972816957172,2.5785574996979275,0.7439784619460684,0.6385693034116132,2.538137808572678,2.538137808572678,0.03510220858652839,-0.7577199511705095,-0.02506043606371311,0.679724457428613,-0.2860173468180742,-0.35835900582901503,0.5724924123809565
1040000,-4.695755973059476,-1.3818968044632427,-1.8642073435752802,-4.773448255513357,-2.7891223776625442,0.19503022002586562,0.6270073362662606,0.5143960198602707,2.714084325597028,2.714084325597028,0.028355316939068897,-0.7781235875676187,-0.039423681971221425,0.6655255267166763,-0.270727661327962,-0.37808361145372477,0.5838108336015116
1050000,-5.456890554814071,-4.891973167758847,-1.6000438917417887,-2.5263350040628905,-0.9204869949803413,4.080127573815234,0.5132989324261168,0.399445104804048,2.8900134199624326,2.8900134199624326,0.026791292187462526,-0.7953481879342793,-0.05733342248229373,0.6392291360819843,-0.2649841207105103,-0.4065024462821358,0.5965947439609212
1060000,-5.119419007699175,-7.4295039036204455,-0.8525126560287392,-0.77436558258407,3.5192044153936615,8.344196314754564,0.37102853296200305,0.2973213041403244,3.065925072866772,3.065925072866772,0.026959177601928785,-0.8127119594739747,-0.06735328654302003,0.6061748364532584,-0.2705279267381653,-0.4380541117487456,0.6061974131301066
1070000,-5.573143042722774,-7.872145487346979,-0.893534807751665,5.035031233338832,-1.7284441512600561,16.902837960137404,0.2506071403501046,0.17341204907117055,3.2418540751576366,3.2418540751576366,0.026238327509308546,-0.8301719789305139,-0.08620162129648623,0.5699737270204341,-0.2778533825545362,-0.4693983104797414,0.6144856991242371
1080000,-4.130632446585875,-10.291085442296943,-0.047931887112122644,1.3178078809858602,-0.6419687719213322,20.18576480857345,0.11173468408467503,0.06053767043370128,3.4177999291763754,3.4177999291763754,0.03035785932548199,-0.8487150242062812,-0.09380252320551152,0.5297886118471383,-0.2976219384303151,-0.5035462289708297,0.6141550323911061
1090000,-3.939768796976533,-10.928550466611672,0.5189473178896024,4.401813048493555,0.6694214352731069,25.98116113606807,-0.008894161986058177,-0.06132282711615433,3.593730136269631,3.593730136269631,0.03062973375684494,-0.8667090968527787,-0.11379276227035323,0.4856326534050955,-0.3208271220502792,-0.5358515104744394,0.6116322771289328
1100000,-2.6971008492222555,-12.346030855251925,0.6579236825549177,5.669274869966767,1.6054826090206271,30.571864668060385,-0.12013179616676097,-0.19512184728652598,3.7696592399492417,3.7696592399492417,0.03966796584042402,-0.88824410031887,-0.12054466378322737,0.4391369001515868,-0.35081338698853287,-0.5675896864476127,0.601606763819349
1110000,-1.6925958900056082,-14.406321242733235,0.8938403914717238,6.72846533369479,2.696231164432224,31.657285821316407,-0.2534534758355298,-0.3146572822768343,3.945588526030715,3.945588526030715,0.04027886127364344,-0.9070874666224766,-0.1402829572313981,0.3871573859999988,-0.3885576480446461,-0.5987659446577853,0.5836192732678822
1120000,-0.5060096093339689,-15.733483167957724,0.8570116305978658,8.064724942488047,1.0375878284712021,33.865649104280344,-0.3876050500163591,-0.43464817115872123,4.12151762965544,4.12151762965544,0.05029363826862657,-0.9365884344348661,-0.14564900820537766,0.3325074589832231,-0.4311507891852609,-0.6268472775739296,0.5573242120198978
1130000,0.41366677449593986,-16.57177072216718,0.6734832532157813,11.539468119607088,3.7410707104094705,37.32036706282375,-0.5039227631669538,-0.5815363597514436,4.2974467655412525,4.2974467655412525,0.05844399130307415,-0.9770042996183004,-0.1640192622445418,0.27588166926258256,-0.4757433046702572,-0.6505291246300208,0.523802892922913
1140000,1.6879234976989732,-16.595081763570345,0.5381330286622342,13.554386722576591,3.0370643167704543,39.97215419826508,-0.6456641065005417,-0.7304338441075694,4.4733601725120025,4.4733601725120025,0.05900272238890533,-0.9967971442506012,-0.16473850949654126,0.22112199786027703,-0.5209415502535235,-0.6668955402645041,0.48474251067659657
1150000,3.378289185605447,-16.876847260139378,-0.10031810978132813,15.727834044038573,1.7862187710304998,39.59731471166526,-0.7734644325464829,-0.8567296382404701,4.649287646073049,4.649287646073049,0.059749366999589104,-1.0186742313627897,-0.1812883990227878,0.16983122273743181,-0.5680745803175009,-0.6757078803349147,0.4380268113185547
1160000,4.444383915560831,-16.78438018051964,-0.49462885820772406,14.35657800509631,2.164214262159867,34.38607908102407,-0.9354499272632464,-0.9978416111106411,4.8252314671263115,4.8252314671263115,0.06276868565042737,-1.0657852148206723,-0.17857315405330673,0.12149309675233119,-0.6143055276293571,-0.6770644655258181,0.3865900356809321
1170000,6.5954234928898305,-17.05752950062677,-1.4573590946067787,15.009408862188778,1.8297391961809577,28.770962440788203,-1.0470561795970237,-1.0995993410092166,5.001163376414684,5.001163376414684,0.06332322568333792,-1.0891576897843116,-0.19463310736763886,0.07870012705813852,-0.6636021425216979,-0.6679173408649961,0.32760481103530503
1180000,11.241128718334192,-17.011749560989827,-2.7362373739802885,12.960888000905893,1.0636801652590577,16.765024362571328,-1.1519611110186598,-1.1627676235061877,5.177077352037774,5.177077352037774,0.06055712206888242,-1.144784661960256,-0.19413929178068523,0.047592282706759796,-0.7231873314541368,-0.6379619278554076,0.26026839388987694
1190000,9.593647276200103,-16.488439928603086,-3.234849856527268,14.087148312201393,3.4357952048948115,4.894084186862713,-1.154438569103465,-1.1771803739089721,5.35300389540528,5.35300389540528,0.06084019774199473,-1.1696937419889932,-0.2110420936343788,0.015385544455933016,-0.7711099885791494,-0.6075207412908271,0.1899242465740027
1200000,8.744614685951769,-15.210301239259845,-2.9717150655549243,16.98675927840273,8.337643406061304,-4.087361661868475,-1.145590799922843,-1.1652309273158274,5.528946560125139,5.528946560125139,0.05306859645210002,-1.2291681314973406,-0.2091954297865006,-0.016578400834375024,-0.8099364552303334,-0.573041754653098,0.12390013131064728
1210000,12.052724222416035,-12.088232833471372,-3.637342514832172,22.12083160080977,-1.0572867191079218,5.805704222112806,-1.0703518735457156,-1.0755608491084474,5.704879482559907,5.704879482559907,0.05296529673335107,-1.255721019049278,-0.2266210669253269,-0.032606651691161004,-0.8484845457513263,-0.5240396422806948,0.06628148463167052
1220000,14.571119686922671,-9.067632253341966,-5.211339416938593,17.504369908242225,11.32039175456892,-6.883573024702534,-0.980249332920564,-0.9419540167933756,5.8807951925622035,5.8807951925622035,0.038455648159761616,-1.3101409198080924,-0.23314352815237893,-0.03373115741445788,-0.8869566006836362,-0.4601491460828827,0.02080771208959936
1230000,12.422215245724137,-6.011796790326047,-2.7707537456691558,19.128750088405408,11.77415969101645,-0.5618012030307953,-0.8463661665453598,-0.8471908938472442,6.056732517005663,6.056732517005663,0.030506203488273376,-1.3561580074225628,-0.25031165044299336,-0.036643621909878826,-0.9135036503780204,-0.40512781110118945,-0.0063073284135549985
1240000,13.049734877155034,-1.4586442151774306,-1.9688239477461744,11.019686600666853,4.966525697098445,-6.656167088412385,-0.714265522305633,-0.7273991709871581,6.232666742046639,6.232666742046639,0.028735611582040355,-1.3863492243563842,-0.2581484411868727,-0.03384102656590075,-0.9384441517178034,-0.3436626860438367,-0.008562549197175657
1250000,12.55658337152331,1.4470758847294016,-0.7113709201845477,6.660829001198526,6.10626813702615,-13.97403381380123,-0.5735398488601967,-0.5705744999575952,0.12539792723874044,0.12539792723874044,0.010932926221846065,-1.4255306224340383,-0.27480735410872803,-0.03103982467826667,-0.9593059813660617,-0.2806031678770705,0.005515938414503778
1260000,12.272329896391307,3.984180522344305,-0.00589276941525177,6.556631697262575,8.36651731377616,-14.460230700998997,-0.42899670151441527,-0.43690229536248787,0.3013222006980527,0.3013222006980527,0.007319693727074722,-1.4564968072937217,-0.28210782336874746,-0.02731407489645548,-0.9742266920465112,-0.22130341913064158,0.034074778029366745
1270000,11.542229095036436,5.6070627041574665,0.7333519847534777,4.461329652784073,7.817362089474894,-18.003917155206373,-0.30916271863099865,-0.3106807018221289,0.47725137051368094,0.47725137051368094,-0.03120082143504862,-1.508045966337595,-0.2968597784038734,-0.024609300231928675,-0.9836404558129753,-0.16359446024758928,0.07129297725889261
1280000,10.529082616274307,5.932697602443157,2.072898853969758,5.709021123440845,5.864644503766808,-22.500511094008775,-0.1858120346939134,-0.1741940634202564,0.6531932444281559,0.6531932444281559,-0.03940293584183033,-1.5417198856685386,-0.3039675213768693,-0.0276973624629849,-0.9878370889309555,-0.10697555136984889,0.10939366185536788
1290000,9.306334201814817,6.935267226409588,3.2333062616305943,9.561244190035671,5.514211801965364,-24.316217857222952,-0.06461187645907054,-0.049737677958519896,0.8291273037903011,0.8291273037903011,-0.06864239738630445,-1.572274172715793,-0.31573844075449403,-0.035613799814738036,-0.9855726641653224,-0.06054895258342234,0.1539870294988347
1300000,7.7612751173183625,7.574654173734413,4.6783471155385925,11.574719784503328,5.491166572247495,-30.02604680187034,0.06126859777058236,0.06722148363571488,1.0050442169551772,1.0050442169551772,-0.07849750565217405,-1.6041914887146544,-0.317416405562224,-0.04973755473990999,-0.9785496429012642,-0.026288157423861924,0.19818099002064016
1310000,6.148962957838609,9.062951153826775,5.595771512449235,15.896502304445931,8.045337042085722,-31.411100012618128,0.19969617992168034,0.18959888158342203,1.18096807968179,1.18096807968179,-0.10518553179500598,-1.6339733759886028,-0.3242482349518293,-0.06846602182756438,-0.9666436161797489,-0.0002624698259592468,0.24680448590663093
1320000,4.726617833795687,10.970569798075601,6.175642953374444,18.913595337543164,8.931033381161754,-36.233078102000576,0.34203892149509385,0.31536079590740757,1.3568972641627006,1.3568972641627006,-0.1166650459285003,-1.6655802130253414,-0.3196262772573736,-0.09053371995520476,-0.9493916251803812,0.018670889238424717,0.3001842525574478
1330000,2.6328455631794228,12.268802888907233,6.452626824164929,23.178800194172755,8.166546098497705,-36.51097001487561,0.48422320666969887,0.42433825792038193,1.5328382313848934,1.5328382313848934,-0.14314311297752402,-1.6973296093703172,-0.3200295303816054,-0.11600974377038017,-0.9265263781898183,0.02754503991885831,0.35683592958761456
1340000,0.8377464679983546,14.509341826277295,6.398973673575981,26.33049877963696,9.198283197447887,-39.73592947979277,0.6167746090845556,0.5457767581863278,1.7087732873251582,1.7087732873251582,-0.15628661925810838,-1.7291904565728673,-0.3161599819709526,-0.14370144768397658,-0.8959835669697278,0.027442240683882242,0.41929734685540376
1350000,-1.0053359878119148,15.558325572619594,6.224800656075258,26.29374797918502,8.546925851647874,-43.016858980045924,0.7399482046052572,0.6712635495580002,1.8846903673245237,1.8846903673245237,-0.18608373589904176,-1.7594541546241012,-0.3108687007546099,-0.17378773636094716,-0.8592167985045981,0.019671989377607873,0.4807882368485884
1360000,-2.524866543464987,15.673172026205366,5.5497901619664285,27.36709108920807,9.219256620000518,-40.499908210202335,0.8673215834803143,0.7678824088670947,2.0606140695746724,2.0606140695746724,-0.20163342088345246,-1.7909070287625224,-0.30784018696307697,-0.20306726955198154,-0.817906040836619,0.0040754790276458265,0.5383091889150372
1370000,-6.043312979862181,14.651131581801572,4.817038582968509,21.73121150479446,16.30624798673245,-39.625675759034365,1.0031755463403929,0.8153126030047896,2.2365544222804665,2.2365544222804665,-0.23384416678805658,-1.8181452802078573,-0.29861236132347413,-0.23714557373879103,-0.7753364099264506,-0.02666879396795746,0.5847257508668123
1380000,-8.883857822040296,12.905040109249871,3.269949638717009,21.005765582615183,5.471228069153005,-21.37009603467136,1.0771283507789462,0.8435795050995775,2.4124900863978738,2.4124900863978738,-0.25181771575707323,-1.8485599397507446,-0.2922595365241004,-0.2719557424845109,-0.7347092514197757,-0.07009779945933939,0.6175181685738886
1390000,-8.961902283889673,11.469140296297631,2.886578202457964,19.508555529222157,5.279823646046908,-6.740428039202918,1.054859159737521,0.8309914124848327,2.588408608209434,2.588408608209434,-0.2787853461453108,-1.871554475185224,-0.2806888139701588,-0.30144998661902805,-0.6926801899552676,-0.1148849508356595,0.6450763583347403
1400000,-10.109643779296132,8.234120530147727,2.208852790951494,11.127645374524219,7.833148861904781,-7.82851952122087,0.9596507871746082,0.7465773627157032,2.7643310209423966,2.7643310209423966,-0.29680218398840263,-1.9001630706682346,-0.265941237060799,-0.33356905689890304,-0.6597639764280516,-0.15927870205220077,0.654273241665887
1410000,-9.009559661425767,3.3674574806941595,2.0749962484851947,6.925148069065981,2.7911422651802917,-3.388014250400889,0.8337597206347293,0.6356231947721812,2.940270735948893,2.940270735948893,-0.3206226586188785,-1.9181108688105184,-0.25230992502095373,-0.36382385974093867,-0.641866216590466,-0.19179262812344033,0.6471905027737586
1420000,-7.493401786164677,-2.960653383050248,2.740092412421044,0.40853998488073273,2.875778610519404,-5.925751623552393,0.7167172647889911,0.5053376940076417,3.1162070671907465,3.1162070671907465,-0.33866925320856,-1.9440954498446432,-0.23791337765626047,-0.39931694306219445,-0.6435315268174099,-0.2026166061074813,0.6207734400769763
1430000,-7.810644763030207,-7.582903456094988,1.8951742542303298,-2.3218455460674896,1.9738523962429246,0.2258349484280313,0.5794028809677648,0.36911622394133586,3.2921262558634083,3.2921262558634083,-0.3630179356468737,-1.9658848451152535,-0.2257634455673453,-0.4364751719137667,-0.6552861989035141,-0.20711458702362504,0.5806831921723457
1440000,-7.323254271855317,-10.152816228884266,2.333465455180483,3.004432609331592,1.2699862076546666,9.556070755030918,0.43572718707442787,0.24238458449626632,3.468047781852679,3.468047781852679,-0.38210451310506854,-1.992316133765519,-0.2171044491358482,-0.47411683236474816,-0.6696465975477428,-0.20298595435958824,0.5344000056080427
1450000,-7.3748947665197795,-10.310099149320697,3.2875396023856314,5.209790373454561,-4.604890136252566,17.9591435294866,0.29638461475259464,0.11324668797978266,3.6439869276284504,3.6439869276284504,-0.40442607575021006,-2.015548921370969,-0.20853421157303098,-0.5137789989922881,-0.6790658693902659,-0.19479245218546115,0.4867818667486493
1460000,-8.52804609031665,-8.29779694542508,4.06885759246651,11.239770293308318,-0.8366692293675143,28.273412157093983,0.15736295390429558,-0.004826987590087563,3.8199238887207336,3.8199238887207336,-0.42338757583512854,-2.0419301047012186,-0.2059186380066093,-0.554779697049617,-0.6780576753899764,-0.19349977667398288,0.4416051551028308
1470000,-8.184037888100772,-4.780611899330559,3.9228846703069378,10.095310126274182,-3.2128559635360525,32.30627578220567,0.04130770602857781,-0.10576853946224955,3.99584374708288,3.99584374708288,-0.44640469496651913,-2.065744615788948,-0.20215440096404116,-0.589443215985689,-0.667929131611189,-0.2002945881892179,0.40781055432110025
1480000,-6.660722330686409,-3.3422324174814335,3.2380260692935643,11.458870365484225,-6.124518481325676,36.640964283934956,-0.06637081036217114,-0.20997605635599634,4.171773663330079,4.171773663330079,-0.4662702315669026,-2.0918991120764305,-0.20391447145252395,-0.6162332670411467,-0.6570190573086476,-0.20683359097763881,0.3818407843176859
1490000,-4.935959451315611,-3.8628105157712205,2.709530066766791,14.973307539858794,-1.2369105838418857,33.93808267812511,-0.1804652312048759,-0.3385873436883272,4.3477112774614675,4.3477112774614675,-0.4915482727694629,-2.1138087779022405,-0.2049867150035445,-0.6375874097694852,-0.6497799582691918,-0.20708824245554464,0.3583054012595953
1500000,-3.409376093358265,-5.02215376620788,2.0985511408271065,12.966987186773459,2.1285724905213925,25.337245176498946,-0.3090476733023729,-0.47838747589804614,4.523640526582604,4.523640526582604,-0.5132420689951501,-2.138480575975025,-0.2077815310923152,-0.6547030875650162,-0.647663305254916,-0.19970547115457526,0.33468467988547307
1510000,-2.1019988512054444,-8.270265503938084,1.5253181494838062,17.565967618221553,2.9724145703345775,22.312897387496317,-0.4407774579929194,-0.6291491227746451,4.699561110614457,4.699561110614457,-0.5383240440683819,-2.1575151215715676,-0.21123190856671245,-0.6701153571950205,-0.6533954244069874,-0.178181044158962,0.3037619839904678
1520000,2.4479681126735744,-8.417154562318222,1.0806189265597475,21.99376873645957,-5.927822261156696,23.77917520634365,-0.5650043011194908,-0.7359800358040456,4.875489944518147,4.875489944518147,-0.5606352534006919,-2.179864704924413,-0.2147836235366936,-0.6762578758412475,-0.6633791615839433,-0.14111337802102802,0.2875593641013324
1530000,5.0559605694545295,-7.086531913164759,0.06650192031736046,22.451249697115397,0.5602597559580222,21.78739540337904,-0.7090514552860252,-0.7730364777189893,5.051419825780961,5.051419825780961,-0.5852197710492606,-2.1955527982078435,-0.21998035697373042,-0.6727910904746877,-0.6760314639916168,-0.10163409455324007,0.2828499939819253
1540000,4.254663091191122,-4.608751935511468,-0.2320521119429814,17.332753633316162,3.5025741080053945,12.267190605881941,-0.7886859857581958,-0.7898566200426661,5.22733992668563,5.22733992668563,-0.607857501108677,-2.2148678100955257,-0.2284480199207104,-0.667144768414086,-0.6849423299903553,-0.07411911488004681,0.28333411262059016
1550000,2.8014913171883573,-1.3614893706417812,0.08733205542142627,12.198500148946177,-0.011020899773137922,3.4819364325047184,-0.7415945732128361,-0.7376038697444283,5.4032756665229975,5.4032756665229975,-0.6322758651814072,-2.226980322233619,-0.23726756818469585,-0.6628356184930468,-0.6871942108609733,-0.062424546287695594,0.2907167615341085
1560000,1.486409842562115,1.3449041918861064,0.46587506312296134,13.030114080253526,-1.4457568933919855,4.359417385715865,-0.7141832343003456,-0.6483075404654699,5.579210314229588,5.579210314229588,-0.6553443251703199,-2.24263369640068,-0.2529345588823566,-0.6607860722637728,-0.6836350251703651,-0.06340974511102264,0.303288844647286
1570000,1.6801133395357504,3.7873799836357747,-0.025281347701757783,8.575718684158819,0.931968119568878,-4.932453863362793,-0.5952677609432617,-0.5801087718173259,5.755133789852767,5.755133789852767,-0.6767805197752723,-2.2486105137048416,-0.26694481991742947,-0.6565535865689331,-0.6796100245382088,-0.07291995448593963,0.31898320135771147
1580000,2.216805983476053,8.228939515439402,-0.5103406665329181,4.030120321938989,0.9436876940411922,-17.232009532277225,-0.4536452380115577,-0.4717119974419127,5.931068528734809,5.931068528734809,-0.6979129933816383,-2.2580727353725423,-0.27947354172304717,-0.6488551487557632,-0.670681952822896,-0.09421562002761376,0.34683732647109317
1590000,2.7403919782726125,10.910312764655444,0.08829663982258379,2.697232185022376,-1.0269302496683734,-20.926749930463316,-0.35737284004798026,-0.35486610260987816,6.106985962397037,6.106985962397037,-0.7195883424721562,-2.258980727299617,-0.2906451120020157,-0.6403219111226298,-0.654096454234952,-0.11858109478772474,0.38481710285858006
1600000,3.407102702683213,11.381787087796349,1.3064743554427583,1.4686399696489556,-2.582157808507071,-25.38411752459509,-0.2534990033485976,-0.2450844540163804,6.282915101869275,6.282915101869275,-0.7410727268410506,-2.262354877612139,-0.30349775573256965,-0.6328337236767425,-0.6312212981621838,-0.13852667682217407,0.42648740981707883
1610000,3.870149995103669,11.246266925195101,2.119009295399744,2.823508372970333,-2.2065182234247684,-34.73515408774303,-0.13513039593625367,-0.10220264790305766,0.17566333675615553,0.17566333675615553,-0.7632898297965032,-2.25782516962435,-0.31473916497401605,-0.6251779130342059,-0.6048064153019668,-0.1547711900284704,0.4684097093367631
1620000,3.985758554866998,9.24042704484265,2.3423847841493517,8.083217946892916,-1.4395606132964431,-37.14719957728861,-0.021426122483647853,-0.005104901055756851,0.3516021369732627,0.3516021369732627,-0.7854356205298707,-2.2541607303438367,-0.32634822056473983,-0.6176483572257168,-0.5813787876892819,-0.1644760689573613,0.503444966984126
1630000,3.1030268767894102,6.00171398446899,2.224430060622219,12.058799147693751,-1.2497389690349954,-37.54924599610045,0.07315410925991966,0.08415246727896641,0.5275173473053059,0.5275173473053059,-0.8076979615584903,-2.2455148991119054,-0.33622330042597626,-0.6136465595658311,-0.5650571050907037,-0.16733487046077938,0.525497296898287
1640000,1.613303011137826,3.7111743612019303,1.666580050666516,14.78749936088145,0.5491468160262941,-38.89181852813056,0.186150834591372,0.18998295742193425,0.7034465240752681,0.7034465240752681,-0.8300510811028484,-2.2355816073425117,-0.34206381585533474,-0.6132852847842118,-0.5550857143312407,-0.16948061613242016,0.5357586489902892
1650000,0.7839741590573053,3.0488552507416644,0.9097696689379865,22.17329894692719,1.7752620113209967,-33.54997824111072,0.32428853358161874,0.3074490805228716,0.879379235662384,0.879379235662384,-0.8498601664455724,-2.224248023263825,-0.3462608679175993,-0.6113912577926556,-0.5479779292406636,-0.17767254182075476,0.542543442355339
1660000,0.7189123967836801,3.9643808559015894,0.1818656454875873,29.191877538568697,3.2346345445508833,-29.8784685305357,0.438120866891959,0.4019891288030561,1.0553224526339164,1.0553224526339164,-0.8695259770645195,-2.2093337284103125,-0.3477288554003261,-0.6067264686454221,-0.5414950392195217,-0.1901580460727546,0.5500054838449309
1670000,0.42218088177405183,5.931381550302846,-0.5369910442977865,29.98793538544144,4.4416794307507335,-28.217465910612887,0.5817535434144022,0.4973090940341974,1.2312486836854006,1.2312486836854006,-0.8853390071414939,-2.198865992972689,-0.3503627989479096,-0.5999358269880031,-0.5319754421384998,-0.20897685590180987,0.5598283720526879
1680000,0.012989040124122603,7.296221764757077,-1.033197083345775,23.43876750469067,3.1749400052690104,-27.28262312774897,0.7125496914759153,0.6426854606228035,1.4071633637486585,1.4071633637486585,-0.8999109703820897,-2.183368290728534,-0.34898381993479916,-0.5903442871688779,-0.5186359872264396,-0.23502765388790478,0.5720772126808349
1690000,-0.06097207123259289,7.82601831183429,-1.1404993541596642,15.188713129753701,1.4201620727466464,-27.020666753596053,0.8725097890849258,0.8039200367314084,1.583110035653064,1.583110035653064,-0.9132789576265863,-2.1751439754998647,-0.3454305696559191,-0.5804347506196778,-0.5041860830237299,-0.2602043668750366,0.5841109324584008
1700000,-0.15951983492999422,7.872920723433588,-1.1009748500029524,11.203101189187041,0.014040143385004027,-23.481365976706986,1.0048048209312306,0.9522297594763366,1.7590391499100022,1.7590391499100022,-0.9241910957324386,-2.1615553131073275,-0.34201902105649507,-0.5703214245205108,-0.4885004402358501,-0.2843126464127863,0.596042877410706
1710000,0.27961506421657195,8.572792421091508,-0.9416917297059453,8.545030214222546,-1.151162404150742,-18.551978180441473,1.1127851134538802,1.0587448627176042,1.9349536226385453,1.9349536226385453,-0.9352334764616672,-2.1533925528253994,-0.33799113172803774,-0.5576125903696191,-0.4701591165546368,-0.30848065864211255,0.610621230736023
1720000,1.391757625136663,9.470334268060814,-0.010851856704601263,7.5012215180147255,-4.210349246298269,-9.024525176759528,1.2224042012553948,1.1218834228665517,2.110897304781709,2.110897304781709,-0.9423181428999038,-2.1392142519034802,-0.335364801862603,-0.541870445834532,-0.4437806198137289,-0.32801648538576955,0.6339088000051705
1730000,1.8973498107090503,9.45405530116039,1.676075481927847,5.069330364631456,-3.7817694507530466,-2.2782553364829417,1.2635178460284102,1.2360549541092944,2.2868113936958707,2.2868113936958707,-0.9487257406904975,-2.1347487798178064,-0.33019511809708607,-0.5263556506180181,-0.4118459503772389,-0.34086965673548175,0.6611660300842647
1740000,1.4315787255468202,9.29840037755873,1.4449131311511125,4.329668147489103,3.2821971344049596,-1.746173077736147,1.3481656246867355,1.2360549541092944,2.462755132474662,2.462755132474662,-0.9478756797431698,-2.1263459942885454,-0.32644137305950965,-0.5075738245981554,-0.38396350011725283,-0.35972427497420123,0.6823043962593197
1750000,-0.28152952122946195,7.831415751454545,-0.8780049617267678,5.299487227923258,2.2902463500830814,8.124438383379623,1.1487786428021751,1.0815411629772107,2.6386690785664726,2.6386690785664726,-0.9517451061446315,-2.124816055862637,-0.32154340581181784,-0.4888004727096891,-0.3595051166178291,-0.386015928790131,0.6948538491831777
1760000,-2.6821173242064082,5.6051971506106035,-0.6491699392569376,-0.10967335375488481,2.2155294538067576,12.35238215837014,1.0179201639103808,1.0164833117582426,2.8146141203644106,2.8146141203644106,-0.946141166496715,-2.121719506610755,-0.3175910266514301,-0.48298198301442263,-0.3349343707202131,-0.40823276620202054,0.6984936506459863
1770000,-2.601882534619385,3.7539338004518825,1.708101236068464,-3.1826629039697276,3.52303459068842,4.365976076095789,0.9276509866666655,0.865130307928423,2.9905432936389573,2.9905432936389573,-0.949145435356248,-2.1255404656083465,-0.31189447910562546,-0.4845990215762975,-0.31134116914195537,-0.4170025093066985,0.7030927192885248
1780000,-0.6712400080059379,1.8191937195665526,2.9889800862700255,-2.158604734802842,-2.1857669815795258,7.809145253225673,0.7686615615649807,0.7461763225926289,3.166472326012446,3.166472326012446,-0.9419584991691824,-2.133275905696574,-0.3054757410995719,-0.48546299774286245,-0.29312201929716714,-0.4122753083365387,0.7130457417036279
1790000,0.6849141655441022,1.173626733075081,2.920185305545438,-0.8941161027921819,-0.37220573222511993,11.254637421966825,0.6657399038214862,0.623723112347395,3.3423861366126957,3.3423861366126957,-0.94441205535062,-2.138271998091595,-0.3001100402288222,-0.48172157235611424,-0.28093462461210994,-0.4046664250173866,0.7247517836366144
1800000,0.4248890966370813,0.9379762412021501,1.8737534445816164,2.074351580113898,1.1585642567675387,16.02723545659206,0.5247587599313114,0.4973732760631526,3.5183292663257575,3.5183292663257575,-0.9364222163056408,-2.148471637144193,-0.2915089568296585,-0.47713524166155885,-0.27233220885709475,-0.4011414427760567,0.7329820407562011
1810000,-0.547842807318611,1.6165957922728165,0.6285173314828016,4.909557465584661,-1.815309446028941,23.052201018238197,0.39067057996722343,0.388142376565886,3.6942459078519647,3.6942459078519647,-0.9382481309053196,-2.154286007951645,-0.28661896274741494,-0.4729331535583988,-0.26183351250801407,-0.40489396433540503,0.7374539454350919
1820000,-1.018229476966129,2.3674900309556075,0.27850617934776006,5.984426232734939,-2.155157701754667,27.39900250339784,0.2838263154400959,0.26748793698085876,3.8701876311376324,3.8701876311376324,-0.9293422347260298,-2.1662018015307316,-0.27711331464331646,-0.4682877499896408,-0.24844429903484128,-0.41227531509312004,0.7409528176959682
1830000,-0.9424127544199515,2.3339974795070586,0.017376404335585235,6.832340798401562,-2.0921762558435244,28.707890687363907,0.15684367288069756,0.15801145319826962,4.0461013103921815,4.0461013103921815,-0.9309346743040146,-2.1736935010397302,-0.27074139661715,-0.46284702214849704,-0.2360419321713122,-0.42037881341904,0.7438672553443272
1840000,-0.6473959982484028,0.7655112724835611,-0.35534166080470825,9.094371213611609,-1.670994225358694,28.58811597223316,0.012025398404836383,0.05691772490380858,4.222030555597648,4.222030555597648,-0.9222204023751399,-2.1898161420194486,-0.25873919822018815,-0.4588743817306245,-0.23126441914081963,-0.42597512468246773,0.7446450586571784
1850000,-0.8682684549330301,-2.257652435116458,-0.9428988697400498,9.723780658137478,-4.271751846671836,24.923116172452115,-0.10218258737814297,-0.06977390096048795,4.397974127997998,4.397974127997998,-0.9232305435583266,-2.1974351031834813,-0.2514199579823303,-0.46144661167563467,-0.23845367417271554,-0.42696028699145183,0.7402106343324079
1860000,-0.582690849130361,-5.575897679606819,-0.8826945869787882,11.08634678230389,-2.0876470220347243,19.977875132974596,-0.21540344218811142,-0.20804173824829095,4.573888660973253,4.573888660973253,-0.913686964000659,-2.2131128553201944,-0.24040072093143328,-0.4696609891203145,-0.25916357725291383,-0.42004234652432787,0.7319953706481602
1870000,-0.4543723793804497,-8.819416097595536,-1.128590039906435,10.956871791827739,-1.683493523933411,20.811906318100785,-0.3579819530502107,-0.3476419102013635,4.749818029696591,4.749818029696591,-0.913696282209165,-2.220672713140999,-0.23139260735682854,-0.4835446864290767,-0.2921122672677527,-0.4057689474621062,0.7184751358351892
1880000,-0.761970778928861,-10.17834235682614,-1.8835436278631348,11.437609716924905,-1.5902142584913717,26.854099286572232,-0.49031493056724545,-0.4806193940736298,4.925747241149381,4.925747241149381,-0.9018009082887667,-2.23519721926162,-0.21865548287522357,-0.4996782806137982,-0.3300954742658561,-0.39040851855389547,0.6992422916218601
1890000,-0.5700851497951297,-8.677892980423335,-2.0617934490925207,7.494791368788405,1.0345099595629748,28.855716910736774,-0.6086568721856671,-0.6397164894935002,5.101690790437274,5.101690790437274,-0.9005528876220967,-2.242020141263056,-0.20947764199488283,-0.5113892716599538,-0.36282230187357134,-0.3782222636182359,0.6810204911731824
1900000,-0.9012888256285385,-7.189938843462753,-2.4513514389291995,7.791296214190301,4.80515431978887,24.067191683221036,-0.6787514684635294,-0.7171963214288196,5.27760514226005,5.27760514226005,-0.8851726030013255,-2.2525029037850697,-0.20041490218531127,-0.5206114410190126,-0.3913520570415755,-0.3713512948267093,0.6617442940894626
1910000,-2.302428815475894,-5.424905317475772,-2.0683244884788006,-3.8770061882705495,7.485533508104177,-4.487401819690723,-0.6734576161069005,-0.7186125414239044,5.453534172096781,5.453534172096781,-0.8822077718948144,-2.258359719962677,-0.19392520119068032,-0.5336022638388991,-0.41258617531109754,-0.36958394290530205,0.6391001338716279
1920000,-2.3912039453501377,-2.881515116544898,-0.45250820754716725,9.564856384588648,1.5188483804364308,4.798204182035502,-0.6952196495834784,-0.6634358896766444,5.629479868239478,5.629479868239478,-0.8609466910784137,-2.2635543555406703,-0.1959166766685141,-0.5427797960360873,-0.41965669168949205,-0.3710085418562797,0.6258042952912127
1930000,-1.320091668847092,-3.0781541846742715,0.5380494350861045,3.99750100172951,-0.3287270990468097,-2.5769489794326295,-0.5747038582349346,-0.5432856898047379,5.805397143256883,5.805397143256883,-0.8568132680941386,-2.2687732118051835,-0.19007520980073453,-0.5572077018255641,-0.42773847997981446,-0.36149565065655864,0.6130907472203625
1940000,-3.0563514988174267,2.9764898742418837,0.04218332828011074,6.642899688697682,5.767560405579961,-11.712793909190342,-0.48715869383311367,-0.4371021267834249,5.981338962269376,5.981338962269376,-0.8328774983416196,-2.270462188422551,-0.1907069235120629,-0.5630465965614386,-0.4179500679047121,-0.37637352243855515,0.6055074255913148
1950000,-5.3473470230133415,2.573403784861715,0.18380385440180602,7.554939810900462,-2.584094797164476,-6.856922154983666,-0.3791922563886832,-0.3565947708332789,6.157268384522759,6.157268384522759,-0.8279619163876608,-2.274624039722171,-0.1861057772869079,-0.5782236983190927,-0.4026020016355051,-0.3918079715824765,0.5916548794573583
1960000,-4.1712373984628375,6.55892235380683,0.554302505595471,6.127187264585342,-1.6364447197590717,-11.164299871928137,-0.2609530483204936,-0.24903336851075822,0.04999751950472131,0.04999751950472131,-0.803936561131687,-2.269894999557607,-0.19021864678795192,-0.582425648903214,-0.37651879454100046,-0.4148759943911766,0.5889752712423456
1970000,-5.469597502364331,8.299566727738073,-0.5014279823963581,2.9100353487827753,-0.6082511688790682,-29.78371135719873,-0.12512230068701227,-0.12192209660179412,0.2259364542479787,0.2259364542479787,-0.798369929707531,-2.2734537430164052,-0.18673453199261106,-0.584483936446701,-0.3450335993820463,-0.4474092556221041,0.5823704159011799
1980000,-4.653020440577738,6.873156239086245,-1.171853638649318,8.863882810104977,-3.0740682009903515,-23.907009167383883,-0.010638872663986906,0.006367128744539949,0.40185562602611924,0.40185562602611924,-0.7752727338034582,-2.2665189305629148,-0.19507162308824472,-0.5850283313349885,-0.3208364637193764,-0.47549446399300926,0.5733330879998513
1990000,-3.77236288040529,6.497911455498226,-1.0304563259661328,6.904095398769572,-4.411265465766996,-29.875146556294894,0.13262291775608512,0.11744849223718748,0.5777948195560114,0.5777948195560114,-0.7690013756863023,-2.2696443614624253,-0.19261570332373582,-0.5836330123406713,-0.2986690650144102,-0.49975873516767255,0.5660481455964501
2000000,-2.8575551296349615,6.860260820625126,-1.2710062107817266,10.576340723087064,-5.911805632648125,-31.722252888414758,0.2688211007634898,0.23328898043359309,0.7537138898348061,0.7537138898348061,-0.7457487201761562,-2.262493045513612,-0.20364538904010576,-0.5776846310690237,-0.27813005991013606,-0.5238433842621726,0.5608139134916179
2010000,-2.4451780603454933,8.749992206796463,-1.963945199878665,14.36192137777383,-4.518900245391256,-30.249108759368703,0.4115896658672531,0.3681453059508032,0.9296531943926567,0.9296531943926567,-0.7389694118354353,-2.2651937643916567,-0.20180216308813664,-0.5636217723908816,-0.2554057177988499,-0.5542980073469544,0.5566436347016027
2020000,-2.2000311046358543,9.935053382047935,-2.181334703951136,17.615591759260482,-6.095046889580131,-26.845934604462624,0.5670656243281977,0.4895974946797204,1.1055872812829861,1.1055872812829861,-0.718660640087378,-2.257805401370948,-0.21368429366474317,-0.5441414427270004,-0.2301496380053065,-0.5873017202298912,0.5531888681526552
2030000,-1.2279958588403437,11.402077699214193,-2.6649733954426993,16.50930720384339,-5.118853724715302,-29.1930458132146,0.7043529450913577,0.6161735539659086,1.281504085993717,1.281504085993717,-0.7115478097814961,-2.260279378643297,-0.2121148688468328,-0.5158619375701721,-0.20459392462232395,-0.6230165887465235,0.551251410447745
2040000,0.9939977794711422,11.022987078349722,-1.8280990897251734,12.72520994677203,-5.840127856003323,-26.64006256896577,0.8501617354744129,0.7572760851793464,1.4574281101431552,1.4574281101431552,-0.697926792068936,-2.2585603222873285,-0.22720090642523422,-0.48237679289513663,-0.18397260867362328,-0.6513386448566516,0.5560797412694739
2050000,2.0759986577416294,11.037868359362633,-0.8519964448830574,10.231864303651866,-2.5764332184854317,-26.683132866593944,0.9993714474676771,0.9122180514973415,1.6333573245739288,1.6333573245739288,-0.6905388369649978,-2.2608810715852434,-0.22747991308168494,-0.44554859176209094,-0.164534255548893,-0.6745818748081591,0.5651143471104749
2060000,3.021263081372575,10.199972617187505,-0.584627703033205,7.049388336989108,-5.567194367665344,-22.192199348594144,1.010853005088528,1.0374610452726387,1.8093000125506293,1.8093000125506293,-0.677389062843325,-2.2623323151102093,-0.2455657999200928,-0.40847163458824637,-0.1486864304946802,-0.692540201850445,0.5757007364460306
2070000,6.208534340683859,10.472856522925143,0.6835880530862718,5.6240652034037435,-4.359934074439804,-15.789750945076579,1.1135670928145904,1.120881132984186,1.9852332381406725,1.9852332381406725,-0.6620667718973643,-2.2649505147494815,-0.24928987262548688,-0.36120903969056184,-0.1400669558476228,-0.7032675213437118,0.596090656652555
2080000,8.576219740537926,10.724825667974931,1.8712221909392774,-0.9289878714755374,2.751662118857032,-1.8075258656961528,1.1768203467355993,1.2095729065179375,2.1611488127990697,2.1611488127990697,-0.6537036190179237,-2.2672488314217643,-0.2749180664352894,-0.2954999381617049,-0.1394135651580966,-0.7107848102990098,0.6229194152091735
2090000,6.863438948648869,8.73635086108921,0.8584369757684988,3.9423904547058433,6.021012146884235,5.142310409755354,1.1439140535571233,1.1834983934938093,2.3370739929588495,2.3370739929588495,-0.63867845895971,-2.267821036341436,-0.28164955661948526,-0.23901678105312124,-0.14090644731494778,-0.7168845980231505,0.6396036464852823
2100000,4.2635432821616375,7.463361965297018,-0.2587698383747294,-2.828037568497939,4.170321822744773,-0.30082070058037436,1.0743690550853238,1.122673713628004,2.5130159013870497,2.5130159013870497,-0.6296693030341552,-2.269922810095375,-0.30569752578925274,-0.19214304669657822,-0.13454764377922787,-0.7246313415994808,0.6479871911784608
2110000,4.340009665773042,5.540944762622161,0.050248248231710244,-9.062902559839726,-11.81499160357543,2.413193869917076,1.0009081751292954,1.0462429323263267,2.6889499885776047,2.6889499885776047,-0.6140132736207539,-2.275901732333739,-0.3149251993782033,-0.15824885491954999,-0.1254171369780579,-0.7260658735749305,0.6573098119598942
2120000,4.169750579867168,2.259239806423795,1.5367751531015317,-8.461342352399669,-0.39329744369613917,4.113721640992936,0.9052741154398944,0.9434249278591467,2.8648791000753917,2.8648791000753917,-0.6043035860920606,-2.27859610984964,-0.32745894978988704,-0.13219368770371104,-0.1274159908458089,-0.7207233330762873,0.66846680648143
2130000,3.130835142694857,0.09125682114624896,1.5045430714470878,-3.949113931338446,2.11372683375663,5.41341277546724,0.7805667812306457,0.8047920707112729,3.040808256322684,3.040808256322684,-0.5841137626020563,-2.2897275613595234,-0.3378231794825038,-0.11561167988094416,-0.13471493405962084,-0.7148326049215272,0.6763875907773014
2140000,4.105593646017239,-1.0087641965567635,0.9196637860724097,-2.8179755222083576,1.9623149013127994,7.060212653543597,0.6658016001742063,0.6846501918934276,3.216737429432847,3.216737429432847,-0.5730212815924808,-2.2936251935137033,-0.34396013202178655,-0.09915755597829275,-0.14916923495416987,-0.7094090996804282,0.6816561066448418
2150000,3.4017391142837146,-1.0546418609945192,-0.5003356835568805,1.4348927800177413,-0.7163877431243196,12.840312834360478,0.5561425409628423,0.5570679856692013,3.3926665714093716,3.3926665714093716,-0.5559178580054064,-2.3171583818981727,-0.35407993253694126,-0.08926612821575228,-0.15803376879112682,-0.7086007065486115,0.6818665008297814
2160000,3.4006977469745707,-0.16366514271375152,-1.250810636251644,3.95244545635837,-2.1634311640478594,19.229330134959554,0.4315202414454389,0.45142138599321396,3.5685957786777607,3.5685957786777607,-0.5444294142739576,-2.324245545053355,-0.3583204999060979,-0.07845912422404526,-0.1637233424914194,-0.7102313387453298,0.680154598906344
2170000,2.7767129738991194,0.59007807071385,-2.0293199436184914,3.6663547078483427,1.6995246409875746,24.157504463126944,0.31952048814331807,0.3797646944609689,3.744525053136826,3.744525053136826,-0.531319209094995,-2.3495514860169044,-0.36626761458344875,-0.06170194967962659,-0.16606210657929818,-0.7160339386454565,0.6752122961499245
2180000,1.523925614004386,1.105265633551224,-2.814241604842248,4.520687223267929,-0.38870076522304325,25.47101007073,0.20882681641425643,0.2913667682080835,3.920442296879841,3.920442296879841,-0.5200914688668288,-2.358869886808285,-0.36372912086768044,-0.05068965301159521,-0.16131886377586732,-0.7250937535286688,0.667567099145347
2190000,1.1068172832564975,0.8368923304448879,-3.200541866424131,5.894871200303331,0.5698310089172111,25.422331419046174,0.09818877652580187,0.18347059316266012,4.096365773387362,4.096365773387362,-0.5076200967037843,-2.3877293178543186,-0.3676150516725014,-0.04391936301187209,-0.1561759246999448,-0.7352974109037212,0.6580409467616987
2200000,1.1107930775004617,-0.22849207806628033,-3.3484662544346664,4.686234788406564,0.36266331575456684,24.0737711688834,0.010417528721417902,0.09349401346773803,4.272295004729166,4.272295004729166,-0.4963376074699757,-2.399771331407139,-0.35981478735167555,-0.04044628186734651,-0.15441660786834452,-0.7457437848155923,0.6468275016621176
2210000,0.49940865026490494,-2.3585330194075538,-3.704296248270465,7.522070368287648,1.9319149372916997,22.915571218877233,-0.09841536573269309,-0.025954201869259036,4.44823571945556,4.44823571945556,-0.4813120781020205,-2.4293805210364705,-0.3598392036903087,-0.051653121753049765,-0.16284970892954087,-0.7559603760993768,0.6319302470070707
2220000,-0.10108394205335229,-5.996181079981003,-4.013230841513301,9.919430072048467,0.28979899429592887,22.562607970198005,-0.23175624634843692,-0.14847312314617803,4.624170983300864,4.624170983300864,-0.4691676214537813,-2.4436020403368115,-0.3525618340824106,-0.07909499203846085,-0.1806575564551445,-0.7656569172247744,0.612271438690347
2230000,-0.4090935848101415,-9.715022224802826,-4.271781888572886,11.9782546869378,-0.33967566470462507,25.369515234565426,-0.36360529369414235,-0.2756817588763436,4.800099967794836,4.800099967794836,-0.4565612598158366,-2.472291550508875,-0.34984110755657993,-0.12057210754897978,-0.2068110881463738,-0.7731769773561061,0.5872724260404072
2240000,-0.7328961559729511,-11.497283967838495,-4.995239452098269,10.78642569533632,-1.3365533433259715,27.636204607741167,-0.49307440266617797,-0.40824811479689765,4.976018382619245,4.976018382619245,-0.44483505637776977,-2.4880808341974032,-0.3387563046528569,-0.16432583648818658,-0.23390738058534302,-0.7803633362112653,0.5561631237931774
2250000,-0.49066000186682107,-12.10599246198334,-5.649943907397123,9.228741680468906,0.8786644359627866,30.793535698607222,-0.6353852580245725,-0.5501175773489658,5.151951448329925,5.151951448329925,-0.43496793544106094,-2.5135225380690116,-0.33179998837687313,-0.20384489414192897,-0.26379008773104284,-0.7865100830460793,0.5198691547052624
2260000,-1.083755029269908,-12.290637736157985,-5.347153649363238,8.457967836011454,3.1407064492275496,31.40122838494781,-0.7596275391886437,-0.6870021812876503,5.327887483586807,5.327887483586807,-0.4241001112447167,-2.5297730260072404,-0.3209548417453383,-0.24371986077343968,-0.29145306960857087,-0.7897726682413309,0.4815754044584147
2270000,-2.6811690567646966,-9.922694263447797,-5.145791091972789,6.528782401341962,8.226256753555338,20.419002260735923,-0.8061886249529184,-0.7697919984378748,5.50380693205156,5.50380693205156,-0.41642518507870996,-2.5523183535066902,-0.3115261118097412,-0.2754153017036418,-0.30951288398161936,-0.7954858856440148,0.44221080038600397
2280000,-4.472944196986228,-9.195031916691972,-3.8145509540258122,10.485849544435904,-1.3551455655187334,9.16733960071957,-0.7718313275580064,-0.7769301575208314,5.679737860415159,5.679737860415159,-0.4065476800401432,-2.5686370746748164,-0.30220038774702895,-0.3182525410245524,-0.3136829393069596,-0.7963116021353454,0.40768390454346043
2290000,-4.742380700737921,-6.799024558914239,-3.100350903836184,20.58937336231342,-19.27206255385663,11.29362091568821,-0.7081984079299437,-0.7308550813097077,5.855665190934289,5.855665190934289,-0.3998154670854053,-2.5890002918141697,-0.2925918924946441,-0.35445639841536164,-0.3083303972046003,-0.7969593868562471,0.3796692817226309
2300000,-3.7187358946955427,-5.535619315490128,-4.368308551335907,29.11117729018481,-10.918463227597734,8.88639835223675,-0.6306094003698098,-0.609109029587103,6.031596057216859,6.031596057216859,-0.3906511858306124,-2.6052331634988812,-0.285300907945082,-0.3823024163414029,-0.3090714504767443,-0.7978420479295606,0.3489523857423689
2310000,-4.315167146733113,-1.1488081573226467,-3.6096829093241087,24.74690933238959,1.1908097755777554,3.8285767144062675,-0.507405757168981,-0.44651618987045233,6.207523621387068,6.207523621387068,-0.382319606554388,-2.6250475852242485,-0.27456181442088795,-0.3937742570530047,-0.30194668379087164,-0.8052649779644953,0.3245278876982539
2320000,-3.5764443681803293,4.316468294820587,-1.8259049404609866,14.50440423309181,2.339522782704722,0.26109728664144793,-0.3637126575003331,-0.3346797619872103,0.10025932894146194,0.10025932894146194,-0.37275106947179126,-2.6416320490599534,-0.2641876713255322,-0.38430969415106675,-0.28659174222021616,-0.818689313504574,0.3160997314552864
2330000,-6.120022442877739,8.576611706788434,-1.6013228828832113,1.0826507690533038,3.0683611762717,-15.029824936629376,-0.22113772711444693,-0.20230773974945737,0.27618850674135587,0.27618850674135587,-0.36488144101536446,-2.660113694536527,-0.2532615779745361,-0.360702585226157,-0.25507729995155204,-0.8426281311602101,0.30790753261010834
2340000,-6.166476053464033,10.208529259032973,-2.348403414818058,2.2736204564464058,-1.4710095765114222,-16.007365050044402,-0.0858927771314517,-0.05462170780306698,0.4521176838228129,0.4521176838228129,-0.35575690771517776,-2.6765181138438114,-0.24192764624080673,-0.32986339733722625,-0.220287656317624,-0.8680435637023447,0.2986031799665991
2350000,-5.157786632681197,9.107881201599556,-2.9695824314171766,2.259050125593955,-6.101756149198874,-23.89614039415683,0.04691888180182965,0.06754783882022938,0.6280468788427385,0.6280468788427385,-0.34808010633521635,-2.6942064167339255,-0.23349882987894593,-0.30169487898617464,-0.19073989678417136,-0.8889974084963415,0.2868485653704238
2360000,-4.2253009613299595,6.794303688856157,-2.6762443952506736,4.6540735882299495,-7.012813853459745,-29.493706203856302,0.17614780058145094,0.1874474923865671,0.8039844392996542,0.8039844392996542,-0.3392942202680408,-2.7105235467171864,-0.2291770658640196,-0.28221906089832655,-0.16785200389142635,-0.9036580435719846,0.2749186183999773
2370000,-4.1136633735942825,6.7650472327007325,-2.7654257654111127,7.198842992641864,-6.139484709651131,-32.58948269133227,0.32385121275020834,0.3236130433743177,0.9799141973418912,0.9799141973418912,-0.33187031852164517,-2.725159335122081,-0.2278289744671299,-0.262145206746065,-0.14558827740092095,-0.91728874581184,0.2620406473630325
2380000,-3.6219318770508333,8.095201145604367,-2.970516181847051,12.162657930763737,-7.084820528931217,-25.84445107083733,0.47458489415249067,0.45623242966169086,1.1558344352981322,1.1558344352981322,-0.3234725043240926,-2.7398115807529586,-0.22795511745796312,-0.23487090239958663,-0.12319893354311574,-0.9313401050344139,0.2495261323675935
2390000,-2.1410398479785724,9.75547309068219,-2.5321018079817765,12.990294891049006,-5.515205807424267,-20.55425256836702,0.6349942725976538,0.5864636261330962,1.3317709214060542,1.3317709214060542,-0.31695376461303115,-2.754128819881356,-0.2310187004927013,-0.19789953713123193,-0.10495853583989681,-0.9442771557136225,0.2411641187137516
2400000,0.19050460488906013,10.269518384841177,-1.3813608155569888,9.481575046899914,-8.140468131829403,-17.882354226976116,0.7881809182087618,0.692921336186505,1.507703666851441,1.507703666851441,-0.3094242330855743,-2.7685528749390467,-0.24219505802691255,-0.1558356130294756,-0.09383298216788927,-0.9534507108676513,0.24050441807829345
2410000,2.7473288029083482,9.932160085331494,0.24700950531695243,4.325819441231452,-4.300839002449165,-14.898255473158764,0.8913321238359687,0.7530253167593339,1.6836281901674823,1.6836281901674823,-0.30383936739488315,-2.779961248711438,-0.2541910746989188,-0.1122445731891896,-0.09626204542516914,-0.9573062819865138,0.24839375368413932
2420000,4.668840333396845,9.1793297083783,1.226406469901168,0.6005965447156237,0.42548367328374637,-6.654951225645903,0.9547927121316413,0.8736023809826733,1.8595688239330457,1.8595688239330457,-0.30091680624183664,-2.7923739468442297,-0.2667369916041103,-0.06519158737366235,-0.11271256678641396,-0.9567344142564489,0.2602022190556609
2430000,4.8836158310858755,7.074802157552769,1.3093688969251018,-1.0307000703467981,0.09943657301760823,-1.2302952017189315,0.9912750963803147,0.883805140808876,2.035498001836281,2.035498001836281,-0.29790046604057346,-2.8071616006258013,-0.28144689251375427,-0.02093350526398574,-0.12905103490759132,-0.9537177413904608,0.2707952889245313
2440000,3.27673180941811,5.893999871801906,2.047957844334243,-4.05289702765721,12.532498502442223,-5.564290752627612,0.9940297916148146,0.8917525425836433,2.2114210274348807,2.2114210274348807,-0.2918201963209093,-2.8217327515455017,-0.297292423877429,0.015590583164974043,-0.13964550721640573,-0.9485113510341435,0.2838701868640535
2450000,2.724235778095365,4.615930059966106,2.204343915602629,-7.799805882023548,-0.19143450137740714,-0.3296011640982102,0.942781836987793,0.8665758241642827,2.387344560009751,2.387344560009751,-0.29042860455901487,-2.839366748054782,-0.3129682437870487,0.0418677756537783,-0.14518740331726274,-0.942940152356584,0.29670115664341074
2460000,3.239666501788122,1.9563369582731136,2.5006251211425425,-9.359428372938622,-10.808981286703572,7.338909322004319,0.9194447256834096,0.7745330078017115,2.563279949500675,2.563279949500675,-0.2884750492747334,-2.856746505215979,-0.32847692869172773,0.05740453718417988,-0.15177766134760912,-0.9372206423832593,0.30868386436163353
2470000,3.2709145392804757,-1.1131599781824468,3.444026526985551,-6.619063962462654,1.1113724463907886,10.475563565009612,0.7631544139167121,0.6344061435053957,2.7392016553715806,2.7392016553715806,-0.28891193652579195,-2.8765415331448403,-0.34422991404666764,0.060973345022931315,-0.16552104046582106,-0.9302107823005334,0.32185856653452044
2480000,3.0517345731774395,-3.339702377097055,3.416767829555059,-3.644867669409452,3.2006259363912086,13.675887295782577,0.6701950711190818,0.5222352983072941,2.9151440641487056,2.9151440641487056,-0.2894192747387143,-2.8963806943665418,-0.35735904723424416,0.0528503946836421,-0.18101942886900327,-0.9238659822891581,0.3330322040323011
2490000,2.925831388397017,-4.354455656820042,3.212171090903547,-3.1938988587070716,-0.6266334194551428,16.44809255681493,0.5764719120858823,0.4104394427054509,3.0910693865237775,3.0910693865237775,-0.2918835622308023,-2.916642251301934,-0.3700286513426703,0.03650524818352189,-0.19557573812928084,-0.9180710628813312,0.3428746432884608
2500000,2.7795684760641812,-3.8314697754307963,2.638848234276349,-0.5394719595888623,-0.33003045558534844,22.0592701137597,0.48010413310777583,0.324573334920059,3.266984802360952,3.266984802360952,-0.2953117424579689,-2.937413933799946,-0.3787993309220922,0.02002177509788708,-0.20819970726074397,-0.9126414797783399,0.351194447288781
2510000,2.0004702162255508,-2.395688668736567,1.7983924193453567,3.049387513497102,2.4880025696561248,27.075672965670126,0.35127962444027194,0.21774988889364752,3.442918212704541,3.442918212704541,-0.2983223701442395,-2.9569763587725406,-0.38569355337762584,0.008171421956825084,-0.21487295021788339,-0.9087710186528584,0.35762840880516295
2520000,1.024347759727596,-1.6282499375528285,1.320880870038818,4.37325330507518,-0.1859872973118047,29.75171266757854,0.2531644293055945,0.12559234039012038,3.618860762043404,3.618860762043404,-0.3031607934127214,-2.9773065418613727,-0.3908069085522349,-0.001559536921070225,-0.21578852779264537,-0.9064961062400946,0.3629017614854214
2530000,0.6660500175683017,-1.3687460001581884,0.7407375750639487,6.142900718059923,-2.666418205087752,30.886640229234228,0.11981488122130915,0.04093477089162804,3.794787092200764,3.794787092200764,-0.30581319560884246,-2.995096755625976,-0.3870271413859787,-0.010058747816244624,-0.21421610282431952,-0.9056134536325808,0.36588872008139206
2540000,0.7039447998777296,-1.7387464440960747,0.3549476467208283,8.982685462550789,-3.0762100034134416,31.449804257135263,0.005356618105637651,-0.055473241137340694,3.970701682442879,3.970701682442879,-0.31084139453330295,-3.0133595451863773,-0.386300836596673,-0.019126374539704394,-0.21259185827177035,-0.905133584418654,0.3676575552752343
2550000,0.49673129504937125,-2.9390455625149463,-0.21300535271838464,10.48464532937705,-2.429717237324167,29.107426437245106,-0.09637980603338585,-0.1452518446416595,4.146648200521902,4.146648200521902,-0.3132866287679281,-3.028659862477592,-0.3858241652948728,-0.0344892748602414,-0.21319820401804834,-0.9051785835614282,0.36607205244981483
2560000,-0.025925118582726454,-5.8810416769384775,-0.9481605602637139,12.008611136265266,-1.0189647083151132,25.595601318081794,-0.186774139178533,-0.27834865788391255,4.322576273633693,4.322576273633693,-0.31853676862633984,-3.043418793277581,-0.38164808803642725,-0.06609418895487877,-0.21921951352430477,-0.9056298838786616,0.3569438002017767
2570000,-0.3570133162789656,-9.31665770732278,-1.4611053092130277,15.496042031225334,-1.688591041486714,27.635138172788373,-0.3234043011710047,-0.40408993667603216,4.498488882467861,4.498488882467861,-0.3189953622942453,-3.058371486303934,-0.3804181246059272,-0.11324193931179657,-0.22984526973049568,-0.9043399223807079,0.34134545544341754
2580000,-0.3610895246615266,-11.14039220585463,-1.771906881009531,15.43447514562342,-2.8995527079367003,31.04244400802922,-0.45259029975413356,-0.5185918232582527,4.674417935976976,4.674417935976976,-0.3214827969607356,-3.072496517836583,-0.37600400789837096,-0.16580577968640406,-0.24186450149862268,-0.9003109790818603,0.32163666967879856
2590000,-0.1858082615108222,-11.408296677498106,-2.1203604437051036,10.49797914741433,-2.3391584901417675,31.822597813853747,-0.5893545235612656,-0.6848811582065535,4.8503471679181445,4.8503471679181445,-0.3234429362522495,-3.0881506045201936,-0.3717915269863138,-0.21478424839717292,-0.25418093069481634,-0.8942608031089091,0.29926141938878037
2600000,-0.10395720545472929,-11.679294055280655,-2.606866627798573,6.873759753394485,-0.47997496247554716,31.23493634419628,-0.7444260505668121,-0.820882867609699,5.026276561024254,5.026276561024254,-0.328746009841288,-3.103431120111811,-0.36512862897919607,-0.2608298701885515,-0.2680013047062677,-0.8862597011586961,0.2732888976802029
2610000,-0.1610785371485506,-11.693359756367641,-2.7372709947880494,6.260943382098832,2.079282468858319,29.21756091401944,-0.8687227233082074,-0.9375387945164002,5.202205601084714,5.202205601084714,-0.3335812660333408,-3.1193793186413825,-0.35872811278582123,-0.3051360735035185,-0.2818904525002875,-0.8758306855898778,0.2456631018594438
2620000,0.4692725293831069,-12.243251363512885,-2.4416946401464696,3.8234442626245126,2.8973552928617012,19.91137991209779,-0.9873070768587012,-1.0713670880070891,5.378151926715049,5.378151926715049,-0.34465340863812344,-3.1352103897562054,-0.35160164010158673,-0.34974999761422126,-0.299429609038415,-0.8604752164277019,0.21817252419508218
2630000,1.048128218815808,-12.937752548256453,-2.378158937864379,5.828991067386148,5.022524182318109,5.178195128162455,-0.9817695523118892,-1.0650878466324412,5.554081506549814,5.554081506549814,-0.3506981617071515,-3.1500956533642928,-0.34532735526579406,-0.3974962069610048,-0.3224465095834173,-0.8380117079291427,0.18910682505601506
2640000,0.2671849608871326,-11.844757865129239,-1.8702678673213626,9.973082601941417,-2.219524874575277,-2.4759788218466894,-0.9801584628663056,-1.016222150850193,5.73001067568665,5.73001067568665,-0.36455644167792556,-3.1636377597635046,-0.3411168832531064,-0.4469299720448991,-0.3388622148915167,-0.8116891295941702,0.16305445809734842
2650000,0.1559372066541666,-10.154511383694352,-1.4461735389791779,16.140110895484227,-13.893215293391203,3.4666179324332167,-0.8755066465526191,-0.919267803578722,5.90593823877353,5.90593823877353,-0.37157640770727696,-3.177595316501277,-0.33509787859899287,-0.48839397533267825,-0.3456533766287219,-0.7881607561243152,0.14421404435579044
2660000,-0.1944295411772665,-7.11296660514507,-2.409831482310812,23.629892202175935,-2.8588750123259103,6.654615833852823,-0.7411327886136361,-0.7644553443322296,6.081851452190989,6.081851452190989,-0.3877993035481593,-3.1889087808318672,-0.33058739864554365,-0.5153936761282328,-0.3503976367013759,-0.7717604765636403,0.12639866144615536
2670000,-1.4808995057760375,-2.7219506848602193,-0.2971353580910677,20.200395104835394,1.743134300016423,4.887929112031859,-0.6080913035537653,-0.6299637604887492,6.257780441591386,6.257780441591386,-0.40200656819958225,-3.2091150911285857,-0.3238148182914336,-0.5292059109471419,-0.34198475538565165,-0.766981812896681,0.12135250136747372
2680000,-1.6088662182625224,-0.07553802368994904,0.933193892255373,11.111166475117654,0.6323603248551978,2.4967733155631024,-0.4151838372802252,-0.45774759160090495,0.15052471790304622,0.15052471790304622,-0.4373383779091028,-3.2372306333558165,-0.32029452113006646,-0.5336994566745458,-0.33085134363834917,-0.7685220268677664,0.12278506658813888
2690000,-4.473852823604099,1.098016892032837,1.4822641076063614,0.11140635425871544,0.12041236278087662,-6.111435372922977,-0.30618255904572317,-0.38115456904092254,0.32647089786740935,0.32647089786740935,-0.4534113442753346,-3.2573557581001036,-0.31316287736883347,-0.5378573442074357,-0.3126707409006058,-0.7741899829354879,0.11651761836365943
2700000,-1.908002067111158,3.566462895984676,0.24384348557537341,4.269103452340127,-7.755986430420106,-8.095799106615463,-0.1625327474817909,-0.27501290507433096,0.5024002285063176,0.5024002285063176,-0.4935124336771961,-3.2848986470542627,-0.3108690075045436,-0.5308566565875897,-0.30102021844257193,-0.7829696573324348,0.12056763223254348
2710000,-0.192877315946438,4.185689396013314,-0.09073236075820744,11.136133261036052,-0.36535977190399127,-8.148627111413955,-0.024384087342904214,-0.1426420134657641,0.6783294459013263,0.6783294459013263,-0.5082289810025385,-3.302697726469069,-0.30551064934901606,-0.5200543500040611,-0.29869027950527705,-0.7900595102132119,0.1270179526388813
2720000,-0.3675082715529645,6.0443120521510725,-0.372548287073814,11.274781557567742,2.032279610841451,-9.956089898428374,0.10398961211755038,0.00025403571744488763,0.8542411138207981,0.8542411138207981,-0.5421975687346652,-3.321808710668201,-0.3047988298548214,-0.5010577748412249,-0.2962915058126503,-0.8020628467240891,0.13359505888798034
2730000,-0.10261629910741407,7.598189168941139,-0.2135328327941696,8.709042587597075,1.5029194634480778,-12.364063909261539,0.2757637276189513,0.13545632254356604,1.0301702402012438,1.0301702402012438,-0.5559277449395752,-3.3378030002720003,-0.30013336575663696,-0.4756451856406952,-0.29357499438872514,-0.8167001593333617,0.14344416959692136
2740000,-0.37173880654994285,9.233692299919992,-0.28949303313209807,6.164150023917641,-2.5462361274394434,-14.616939625428898,0.44005212701461327,0.28668780415889095,1.206099449959268,1.206099449959268,-0.5843880867557775,-3.349699983422267,-0.3015199422531122,-0.4437166234556939,-0.2876064452243213,-0.8344344561794864,0.15529722816248992
2750000,0.916763160486887,10.15922646303586,0.12588325472280232,-0.15270039517764725,-2.5477390913017874,-18.180356343449805,0.598649056942502,0.41922605612010005,1.3820286661821086,1.3820286661821086,-0.5972108583935848,-3.364474716944931,-0.2987210099099798,-0.40650905302876705,-0.2856517788717541,-0.850592905722296,0.1721776982305173
2760000,0.5436949233944841,8.719359051228231,-1.2177415152941633,-5.857704433672269,2.4549497867440593,-21.770547888354166,0.7212602783787159,0.5256546412601967,1.557975002289524,1.557975002289524,-0.6198903776699587,-3.371252892832314,-0.30178061273033474,-0.37110743455874956,-0.28786814015028556,-0.8645712797120297,0.17868326222324904
2770000,-1.3923781754674358,7.173719514113632,-1.9989063962308118,-5.06181096544978,5.880474366681146,-12.765486746263267,0.8734115866237124,0.6394437317866237,1.7338915286541976,1.7338915286541976,-0.6325094074002439,-3.383851676688372,-0.3029889527430361,-0.3398148079980064,-0.28550434264894964,-0.8788774486893253,0.17489310100519093
2780000,-3.6726948767541376,7.19091841629907,-1.8341442129529728,-5.84549110845723,0.8455624583674103,-6.033454846161672,0.8972345606087389,0.6884620580138451,1.9098333505408078,1.9098333505408078,-0.6527087798923658,-3.380010070807774,-0.30809818046561643,-0.30802997013646133,-0.2705778050183751,-0.8964101201797265,0.16838671375300704
2790000,-0.38932567981610805,6.920362944280148,-1.1820958738182472,-3.364455854951399,-10.599703564345631,5.511782230596339,1.0053997190716804,0.7123795307194037,2.0857629469384023,2.0857629469384023,-0.6660881065530231,-3.3921831095075565,-0.3123796926189072,-0.2738528601867888,-0.2604151153601648,-0.9095474891019016,0.17295069739059607
2800000,0.33045251011441545,5.574090124563195,-2.437873821624416,2.7004790537381944,2.1716009574221973,7.937283257586141,1.0272759285656934,0.6934396733492537,2.2616758644660493,2.2616758644660493,-0.6898778151727153,-3.38850331324516,-0.3188091866340619,-0.2387911576039314,-0.2600383593638137,-0.9203768023383159,0.16812309902879877
2810000,-2.0370285940894144,3.582449545806578,-1.9115053871143977,-9.36735693856819,-12.232810273243865,7.801380696016951,0.960921404683362,0.6269918774985471,2.4376036831047116,2.4376036831047116,-0.7036995715562745,-3.400236844719437,-0.32435098982386473,-0.2186352420936619,-0.24565720766434385,-0.9303715167741891,0.16204939991403283
2820000,-0.833938716427367,1.3401931481232845,0.12789104660549686,-3.3365504366222063,5.971659827042406,10.206337580854518,0.8840750979640376,0.6089515947419036,2.613548230441147,2.613548230441147,-0.7300293369514881,-3.395369302222654,-0.3313600602994468,-0.2067034786875597,-0.24098413520166537,-0.9343620793232925,0.1617647155662215
2830000,-2.679476401181165,-0.19182758722641494,-1.1501294341711135,-7.342576857963132,-6.763531204328472,4.153162286234334,0.8036678703593989,0.5276473075147912,2.7894795722083074,2.7894795722083074,-0.7564942834193739,-3.394904569000869,-0.33811885044755235,-0.20483041448841646,-0.2252473884106622,-0.9400461628248271,0.15369231299254577
2840000,-1.0069456739537919,-2.6360282017348924,0.5001011774051595,-5.275462915996352,-2.1849962116184285,8.941033287836973,0.6942214367542313,0.4238108913774927,2.9653939205994746,2.9653939205994746,-0.7703418795087332,-3.4069109998529523,-0.345362282051508,-0.2136388703843732,-0.21819980399266717,-0.9400261111777941,0.15198088334525617
2850000,-0.8103214380380002,-3.7702059836088293,0.4149545499738863,-1.2091051771594112,-4.767173189902651,18.63341101512908,0.6014184795599598,0.31750958963443654,3.1413328073628435,3.1413328073628435,-0.7850988014201613,-3.4178965288516476,-0.3531259991600724,-0.22905732851850902,-0.21134643079372875,-0.938331274432667,0.14966578053878107
2860000,-0.8853527844168824,-3.7947437994650937,0.07866968887586398,1.1346303944704532,-4.220536133787836,19.120897439755442,0.48688112952869295,0.20324163086486813,3.3172670978208956,3.3172670978208956,-0.8125469947784756,-3.4146367329765144,-0.3593322523663224,-0.24449150906398404,-0.20430093250487172,-0.9365849533981835,0.14592345953059863
2870000,-0.5347377389631689,-3.5063587196683645,0.49267695797103744,6.2363153205185355,-2.257584490182084,28.829345891102104,0.3525391200406628,0.10982330756546388,3.4931837370878327,3.4931837370878327,-0.8276228154389024,-3.4249227490677576,-0.3654651591595127,-0.25857636279431445,-0.19815019448198426,-0.9342634444032214,0.1450054532858815
2880000,-1.4453461999601955,-2.9859149373292078,0.5565656662056174,9.67506373260853,-0.4221880930352678,31.90730264789746,0.22838068939322057,0.004648418821981675,3.6691230222402567,3.6691230222402567,-0.8529761345749528,-3.415589337230945,-0.36254500237153486,-0.27074301106563275,-0.18734462772670066,-0.9332289368587816,0.1438192053603649
2890000,-2.04574834571122,-2.3051867916415283,0.6025601532529693,6.703026622154002,-4.859364322663408,28.842844975808017,0.10024055186955305,-0.09422742228614461,3.845041967388866,3.845041967388866,-0.8682927974789126,-3.4252930824832584,-0.36523290813653464,-0.2803907917977457,-0.17300819630500125,-0.9332870204540029,0.142914328667258
2900000,-1.4912595182062982,-4.075300666512897,0.23407476953430167,6.706589650117221,-2.660531118853532,27.4566798398883,-0.02072609508380314,-0.2076750415552709,4.020980462838928,4.020980462838928,-0.8883280325572221,-3.4183662192951463,-0.3616114871470027,-0.2968070335547732,-0.1635090645533296,-0.9304462609150358,0.13942785299408497
2910000,-1.025995802073878,-6.9658307136069135,-0.39434705354443245,11.178351946391937,0.34940139650879753,25.884614233940678,-0.14370306449343506,-0.3354995569416631,4.196900443801319,4.196900443801319,-0.9079212336931516,-3.414713373377192,-0.36124207970428407,-0.32566761933344324,-0.15910398698018216,-0.9226876883211776,0.13143041073213949
2920000,-0.09519683287616135,-9.947666410632662,-0.45261870628329615,13.386523847606105,-0.8006592334951359,24.669375904535094,-0.2748137259945736,-0.46542221905507664,4.372839103550163,4.372839103550163,-0.9236757570919158,-3.4229690534933996,-0.35290959239203534,-0.3678684360597449,-0.16036232735776526,-0.9076835988354117,0.12274861351784784
2930000,0.5455970314694549,-12.011865612204952,-0.5661222071455327,13.012809352932628,-1.5477628841834854,28.04484127799706,-0.40196512321896327,-0.6211885733733834,4.5487718017285985,4.5487718017285985,-0.9423948810293952,-3.416706532955915,-0.3490540450435527,-0.41711773434936195,-0.16687896075105138,-0.8862731300055295,0.11262391921837044
2940000,0.42644087906719963,-10.98032539249828,-0.45365764220740873,11.273190236758476,-2.137545421126339,33.895603160203976,-0.5303060885603736,-0.7855293212351008,4.724687293045847,4.724687293045847,-0.9583814039251813,-3.423782760071183,-0.33727132044743785,-0.46038400531806284,-0.1726678404491097,-0.8646379727702603,0.10311915712258897
2950000,0.939353924434084,-10.357838996074113,-0.2974290426539658,4.202594145902249,5.346617789450099,29.267529101587378,-0.6811478522116672,-0.9694030670321928,4.900625107382552,4.900625107382552,-0.9786136230720573,-3.4186165540913733,-0.3303123031846293,-0.4993296258545319,-0.18179894726061943,-0.8418059521761798,0.09477239260279878
2960000,1.7648762607248412,-9.999298547367957,-0.3790301725940478,1.2271235661144526,-3.952087216339339,24.92187963393072,-0.8412715902136519,-1.0630046415872625,5.076559004211589,5.076559004211589,-0.9949995575721025,-3.4247055332378467,-0.3222196395110034,-0.5361906801910625,-0.19263392593620174,-0.8169633861824304,0.08923312553076322
2970000,5.751945646545098,-11.188799150980344,-1.7357457157588667,-1.9238683514778503,-0.5901873663362306,10.752949083003159,-0.9305725589172401,-1.083503171017361,5.2524752469474265,5.2524752469474265,-1.0194214562441732,-3.4199590528763246,-0.315635612800296,-0.5734551468666013,-0.22456746204309605,-0.7830233109082961,0.0871386487038754
2980000,5.503311843042421,-11.286811479104857,-1.1858791612752595,4.530409622420072,10.532120543501136,-0.4422386776007206,-0.9558525073424236,-1.0775629008039929,5.428399602739184,5.428399602739184,-1.03673617865966,-3.4251208422068937,-0.30864691401434075,-0.6120664372222441,-0.25945172958178164,-0.7426118039874379,0.08116147498421933
2990000,4.805507903184542,-9.596355628570532,-0.8031193316937209,11.64935174064062,2.4894870158222604,3.916791130688057,-0.9727931662942572,-1.0332892371970408,5.60432868539678,5.60432868539678,-1.0593495113462568,-3.415010043133083,-0.302600109115837,-0.6418606818080361,-0.2805990820261905,-0.708871948430618,0.08233821131869343
3000000,5.186033557055345,-8.297243288931154,-0.11598227760927825,19.87458833759837,-7.86673635221993,9.809167313632376,-0.8938069013189543,-0.9214260230238985,5.780257918653348,5.780257918653348,-1.077015757134204,-3.4183342612010814,-0.30195459226383253,-0.6674725969925313,-0.29860837034734566,-0.676114942825376,0.09045417353990472
3010000,3.0351051364543817,-7.016992461308138,0.43630299769696157,19.0114122367849,-10.456033221080695,5.935706749039953,-0.7675728211169859,-0.8029730948963933,5.956187182403667,5.956187182403667,-1.092558302924117,-3.4014110565513405,-0.2958451171803525,-0.6901398608221768,-0.3062644620733907,-0.6486563174839098,0.09567671379942126
3020000,2.9177626726475316,-3.3227024021830522,0.2890904723514085,12.211611834151906,-2.4068592119165,-1.7889608367664576,-0.6341623436776,-0.6838579167706229,6.132116542572248,6.132116542572248,-1.1092820146074667,-3.4020521480687065,-0.2959293567301418,-0.702686241511372,-0.31231794351406283,-0.6302865571154275,0.1069037140110175
3030000,1.6197771625658788,1.393526625507049,1.3640528071071505,6.22992264622303,0.49689268880385296,-3.7941002193071274,-0.49863228452190084,-0.5332526449218369,0.024860369420359518,0.024860369420359518,-1.1204468811539885,-3.3829902102450724,-0.2901041393802338,-0.7034314121578392,-0.3120460960015632,-0.62724554000239,0.11989376508777169
3040000,2.414895341990632,1.4467396804533739,1.2211859662926923,1.9074830286416442,0.05634546731115957,-11.072221361171403,-0.3681141613426061,-0.400921684081888,0.20078948411651254,0.20078948411651254,-1.1360276270577154,-3.3813234793007734,-0.28856370467679726,-0.7038538523342208,-0.3161931432557189,-0.6218898385729837,0.1336588171128774
3050000,2.896089457974894,1.6653741665880806,1.5970031250807224,2.492438906564789,-2.0788242894002265,-13.31202296234123,-0.24858028498933776,-0.27899841325522995,0.3767186760182497,0.3767186760182497,-1.144313789288067,-3.3610435622339576,-0.28360837350967405,-0.7040481328717935,-0.31950670234409917,-0.6158902224066918,0.1513635613375185
3060000,3.5498603476524266,1.859379451993154,1.870977348540245,6.342767423485657,1.9906695398355858,-17.73351199518663,-0.11965594215757573,-0.15801759369493418,0.5526592879389085,0.5526592879389085,-1.158644910883548,-3.357164026705918,-0.28101527800919546,-0.7027808261163115,-0.32456095375406074,-0.609541873820047,0.1709327405779103
3070000,3.06856040175293,2.2288921091352525,1.7617414280019512,10.87381995786495,4.573488991708805,-20.228534453277117,0.006912488117645273,-0.0298970525214099,0.7285836162853485,0.7285836162853485,-1.1632464244219838,-3.3356383645815253,-0.27581288132989396,-0.7000015893805227,-0.3283426246398533,-0.6056086699438175,0.18822070714518896
3080000,2.242919126346089,3.6452333714400313,1.7601559997308585,15.416261248191374,3.7791554827396086,-17.83036223117723,0.14909408224649223,0.09233863514598231,0.9045171915336212,0.9045171915336212,-1.1757704063822687,-3.329501999690103,-0.2724197054902607,-0.6933882334785769,-0.3277415588753063,-0.6080388796830717,0.20515103961032677
3090000,1.3169369037855185,6.3056427402825985,1.6499686623146101,15.947850695862348,2.526898697208315,-17.25640888311229,0.2961680187220532,0.2278844434837167,1.0804422924284296,1.0804422924284296,-1.181648533266545,-3.3104971920405366,-0.2658391743946597,-0.6792215464420785,-0.32144907300687414,-0.6209644589823704,0.2230061097651469
3100000,0.9170402134508826,9.41939883852587,1.5915816448916538,12.804467728811659,2.0332352396749545,-17.513542370871022,0.4473895602094191,0.36881710826566017,1.2563752371428833,1.2563752371428833,-1.193646379871823,-3.3033550144040924,-0.2623775462082868,-0.6551065474110808,-0.3103095062509028,-0.6442501296129135,0.2438958637681226
3110000,0.15273130536376867,11.01072118807246,1.4553985049664857,8.495545278695182,2.847416113969615,-22.425214776547275,0.5999634994614108,0.48904745132710153,1.4323113517124568,1.4323113517124568,-1.2031818194979784,-3.2951634487546806,-0.2557056444364876,-0.6255316676701919,-0.2948886732444775,-0.6725990677654519,0.26336533024471104
3120000,-1.0094804075723751,10.656410281719348,0.6651168015359383,2.863012528273027,4.067540917555235,-26.750589799387704,0.7360678390792618,0.5913759050750889,1.608240519117878,1.608240519117878,-1.2157752864255504,-3.290595041963473,-0.2543364690281696,-0.5962167032051001,-0.2781551737104654,-0.7010697774316347,0.27505728372341054
3130000,-3.412310274899729,9.016821969779627,-0.8943452632686724,0.43718132689435385,8.007381895230743,-22.929018344375628,0.8837337814482662,0.6874670398840095,1.7841597343998359,1.7841597343998359,-1.2310489996239542,-3.2923334445237113,-0.2502887487292592,-0.571931178410969,-0.26031954481747804,-0.7293759192212171,0.2704426560431366
3140000,-6.528034654009978,8.555567275758465,-1.9807867559771521,0.6067947079300222,9.13656006440525,-16.169165938627316,1.0425116816079312,0.7329349480448474,1.9600812776954868,1.9600812776954868,-1.2456465496164277,-3.2914630223496544,-0.2524810982010726,-0.5499672683397702,-0.23521705959851935,-0.7609402898480861,0.251353961406278
3150000,-8.67099278646006,9.102461405623034,-2.8659195701971893,-0.3245205734817142,2.5776831972810355,-10.706816867143251,1.1516655254076498,0.7217228134924614,2.1360199754577707,2.1360199754577707,-1.2427994962996858,-3.27322752813557,-0.2518317975240407,-0.5271851973017075,-0.20152564325035888,-0.7943804924275545,0.22455025297034276
3160000,-5.0719643128668395,7.436665722739731,-3.7226498612863765,-2.964591703691341,-8.858135432448972,-4.205887955367446,1.1589081842615367,0.719539318136583,2.311957256831576,2.311957256831576,-1.2489937101216397,-3.26337790252172,-0.255921291709055,-0.5020747860356333,-0.18045472811942512,-0.8205098766251355,0.2052328986474203
3170000,-3.87492708715116,7.019885433200267,-1.8335041068418578,-11.597936864958083,-3.238733350888962,-7.594957167479792,1.105751158166134,0.6967109948566107,2.487877153108222,2.487877153108222,-1.2532879890919886,-3.2480788280698065,-0.2586670535050036,-0.47586370623157404,-0.16118424119672947,-0.8424325425715445,0.19462986589377174
3180000,-3.671198842711761,5.957319947775276,-1.4179609134182778,-12.40370919451692,5.992184945199924,-5.5345719960736695,1.0464146608437366,0.6164435102168837,2.6638070115585393,2.6638070115585393,-1.26167392968898,-3.238348443032056,-0.26457206012478496,-0.4515853936193876,-0.14581713463053575,-0.8610386964815161,0.1828123592079447
3190000,-4.070847498222481,2.526255620552697,-2.1988190254736963,-9.291216867996402,-1.470683885952855,1.0741738573402688,0.9448075878042861,0.4970634712672037,2.8397360209760976,2.8397360209760976,-1.2687696966988509,-3.223135396788517,-0.2707321478610127,-0.44045376815200477,-0.12965541422971846,-0.8726956779354084,0.1661090165959643
3200000,-3.627329294975805,-1.0788879045488766,-1.451641917503171,-4.721129335751979,-3.6883564411404732,7.013863489183637,0.8102909725690253,0.37515292054774996,3.015656371274936,3.015656371274936,-1.2779977469346038,-3.2124186299352964,-0.27706748317355867,-0.4436301186700776,-0.11525009277136922,-0.875647642088817,0.15215433227239653
3210000,-3.1968414314579197,-2.674720037632229,-0.5256440533154437,-2.7700580536135275,-2.121331433170296,10.942844528084423,0.6963510907647532,0.27600345411119337,3.1915854885342583,3.1915854885342583,-1.285861997526646,-3.1970268335594874,-0.2839782664593174,-0.45309838166686417,-0.1023705274865899,-0.8741146041664719,0.1419358672636283
3220000,-3.419168014001649,-2.9902741004542026,-0.14784569487335403,1.8395288399489949,-3.1529857923736926,19.350385911406644,0.5746966645913596,0.17691151443816255,3.367522837076983,3.367522837076983,-1.295128108981591,-3.185263610719966,-0.2860148172299526,-0.4639755247860258,-0.08775169757514678,-0.8714326910370306,0.13278334595939084
3230000,-3.3255447437748398,-2.6298926154258595,0.36952860611847127,4.700148534860936,-4.35477792065611,24.677626477194917,0.4380875543058958,0.0738663900453445,3.543461529843441,3.543461529843441,-1.305731613200194,-3.1736031458168545,-0.2894265814427004,-0.4731920316838577,-0.0719909410972871,-0.8688618036542893,0.12643485160921833
3240000,-2.516584905923161,-2.100706877597836,0.8023122768494153,5.155208973337879,-5.715761036400164,27.6805860821102,0.304446465597098,-0.03421591479666857,3.719383599127042,3.719383599127042,-1.316546434731844,-3.1635372738449856,-0.2909318112267952,-0.4796404206452068,-0.05842953313544796,-0.8666586242577807,0.12423319017264933
3250000,-1.8121283242471693,-1.8692793375555508,0.9230861059680878,6.273442170294555,-4.5298429408849765,29.10907192646918,0.18149159368713236,-0.15320121151436397,3.895302356917469,3.895302356917469,-1.3293872866965306,-3.15411896958633,-0.29268931613855714,-0.48449647748571334,-0.04795378893879422,-0.864603598532628,0.12419426248736073
3260000,-1.5091121712054065,-2.8531066798238904,0.6960753072777762,8.637389772240176,-4.4197264289402804,29.062988176275997,0.059363851831522575,-0.28359454528141,4.0712383877754235,4.0712383877754235,-1.3436707823582112,-3.145987822540853,-0.29347520638435814,-0.4933022151890564,-0.0400666557340902,-0.8600793749282214,0.12373785358949693
3270000,-0.9269187331040182,-5.775127179708609,0.1964886871767395,11.678524272341111,-5.164614604722354,27.046462480237828,-0.0637699111177464,-0.3957147985810976,4.247178222970078,4.247178222970078,-1.3581994955147876,-3.1399087260299336,-0.2920803669849301,-0.5141343180584349,-0.03757833588720818,-0.8481269135763682,0.1222068334176128
3280000,0.023486720285350822,-8.253133312888915,0.043949909903503157,12.246512340530483,-3.1363574311435225,23.751222212023304,-0.20016665803892905,-0.5318868794186802,4.423101583736589,4.423101583736589,-1.3729318057383686,-3.1341454290917654,-0.2916460069909071,-0.5443317118409462,-0.04156689510156444,-0.8289558438914069,0.12168561786096989
3290000,0.6240937567015767,-9.911451934169431,0.2994146284376484,12.065997062558157,-3.3005060766081544,25.417783003528047,-0.3382832794081797,-0.7149500881292652,4.599018738608223,4.599018738608223,-1.3878233076814819,-3.128629054556525,-0.29196264194180876,-0.5803922056366128,-0.048482781409072355,-0.8034963833084774,0.12323907478273441
3300000,1.323545964346851,-9.387519095012417,0.5639985172290433,9.421408820561357,-4.6426790762879415,27.497911148964576,-0.47713177315071886,-0.842414065322775,4.774947898889302,4.774947898889302,-1.401228491993782,-3.122347879489694,-0.2939599902899514,-0.6130810899977407,-0.05685873509691314,-0.777504253672359,0.12800701875971296
3310000,4.12017690198836,-7.285110677741443,0.23242086487226457,2.2709154710809347,-0.9275749847928417,20.51775286651217,-0.6386491703615129,-0.9127485370612768,4.950877187025469,4.950877187025469,-1.4163455578908832,-3.1181832726150547,-0.29495438386104356,-0.6350306693628851,-0.07651301490980425,-0.7557871958581698,0.1402409430044689
3320000,7.1239895770549815,-6.92785130172226,-0.40695506059953773,-0.7233634356666648,0.8632850348728835,11.879016635196512,-0.7895883528792703,-0.9121460444099467,5.126810529509889,5.126810529509889,-1.4314209647117608,-3.1139790823193794,-0.2975981861872309,-0.6523441835197913,-0.10944309277921675,-0.7328854812089983,0.15921101439244661
3330000,7.498022087336476,-7.032173231200064,-0.39524917861768505,2.80770043688786,3.9439050675762797,5.526838570769433,-1.051324063290848,-0.9460247634124225,5.302752846508248,5.302752846508248,-1.4440271656676535,-3.1082375777855993,-0.3009686313873315,-0.6689060080998466,-0.145783311225952,-0.7071874407581731,0.17662927880119705
3340000,5.002482868132448,-5.614575620750641,-0.0017019343446646234,3.0949967040995086,1.6975013553339262,-0.8647928748347578,-0.8487309623769559,-0.9275417129779772,5.4786799232604935,5.4786799232604935,-1.4566439946437755,-3.1025651587184626,-0.30803252761789496,-0.6849475825510702,-0.1688557305959405,-0.683153468694602,0.18877470596689974
3350000,2.9273703376119165,-4.719962547366425,0.7837870002570885,9.480909744862865,-4.777381021031466,3.9532661905594946,-0.8178965130716926,-0.8567377047991158,5.654593864365005,5.654593864365005,-1.465982494361337,-3.0943168475079355,-0.31594490182033674,-0.6993142654409875,-0.17777883922329216,-0.6627793462387155,0.20019435724947884
3360000,2.3995302746353175,-4.135480460455303,1.420093228608274,14.635227405846086,1.3305158525021932,2.770675210939155,-0.7387288926938663,-0.7629916645246052,5.830524675440721,5.830524675440721,-1.4747549153858706,-3.0857566173225437,-0.32234559140904184,-0.7113608983803589,-0.18611195343859901,-0.644976447073459,0.2081667498983808
3370000,1.4517599076555587,-1.739675336789536,1.475378768625772,7.538324122707398,5.465335353827497,-8.136784935366565,-0.5971326764828684,-0.6712949468834278,6.006469943439932,6.006469943439932,-1.4829850077888453,-3.077008593350805,-0.33249016059492453,-0.7194078027093189,-0.18583724216746117,-0.6343368735199424,0.21338618445786678
3380000,0.9007066149059614,1.3350651944837664,1.771168597207695,3.742358370999255,1.4512931629915133,-7.532881339013058,-0.46995433633068284,-0.5660675325594761,6.18239923651722,6.18239923651722,-1.490090870082164,-3.067673704920824,-0.3374969281392751,-0.7224055101869004,-0.17489152582888617,-0.6310930479052179,0.22195674788244335
3390000,0.8448199162724381,3.7119167754084907,1.919154248449631,1.8501029800340159,-0.41309980163404497,-12.004166560145878,-0.3356761928942205,-0.46680353241432915,0.07514316270117405,0.07514316270117405,-1.4960874534195332,-3.0578079865711865,-0.34252415030145394,-0.7201853683653308,-0.1656486233762922,-0.6325298536424611,0.23194730655275791
3400000,1.9500034024897084,4.658753968663336,1.9164275083358993,3.273773233359716,0.38497420371036506,-18.32017165785464,-0.22818631869394781,-0.3435053025335868,0.2510723526429288,0.2510723526429288,-1.4997690632197438,-3.046753918497733,-0.3492694035515157,-0.7097337662555827,-0.16094270847554173,-0.639981650739282,0.24657435459156393
3410000,3.080995364041201,4.617676762903959,1.9241380439030258,4.500769362883611,1.3824063951662358,-21.85286404803405,-0.09332577310583587,-0.2258402117247003,0.4269992133998102,0.4269992133998102,-1.5033162566301121,-3.0360962424210323,-0.3542063576125489,-0.6976701803980869,-0.1598988291737488,-0.6462098311117901,0.2647669503292223
3420000,3.084928541490552,4.105642808488393,1.852777783960848,5.442152527150124,2.5340396237419633,-28.567323435215062,0.015300626277861306,-0.10848980540561194,0.6029147448096168,0.6029147448096168,-1.5028567969433593,-3.02363979103887,-0.36048391391966095,-0.6868619533891704,-0.15977978401256576,-0.650525200769706,0.2819717020745961
3430000,2.6199993922925087,4.103511573624367,1.7002019857439876,9.513280789671322,3.176406780604539,-29.421929737716724,0.14468577941865493,0.031677864958933065,0.7788448653158255,0.7788448653158255,-1.5048078050043485,-3.012938459008853,-0.3652489593072516,-0.6761735084588781,-0.15870780114325753,-0.6553955670373945,0.29674546504102767
3440000,1.8898072753434954,5.192816293658227,1.3612946317441237,14.065740645343327,2.661014239419297,-26.572140725593986,0.32682418900857096,0.13476441090748514,0.9547885522023591,0.9547885522023591,-1.5012631739811677,-3.0002496492106836,-0.370401761906529,-0.6622723608876149,-0.15476679100081642,-0.6649847705523023,0.3086062464389798
3450000,1.3900593073094958,7.146405163949891,0.9642760501258888,15.802498553958477,1.1714542429358263,-24.17289422426599,0.461330159413312,0.2817817814432335,1.1307008437792305,1.1307008437792305,-1.501283569606889,-2.988466675276616,-0.3752501607107224,-0.6418707366250074,-0.14717918864145796,-0.6816231023466469,0.31895170518848975
3460000,0.41888340522074213,9.390264698306677,0.4328211023646715,15.021602871974157,2.644442344365282,-24.684913270315825,0.6081118073927082,0.40455933208134165,1.3066299143456774,1.3066299143456774,-1.4938040259586705,-2.973629481127885,-0.38067284484872266,-0.6142441431096847,-0.1344800401409475,-0.7062087360465419,0.3254050899889004
3470000,-0.8762044644548979,9.79217002263028,-0.287372598377409,13.041538701645692,2.8021704126932496,-24.091722282700424,0.7358378833253758,0.5185165315766566,1.48255905837199,1.48255905837199,-1.4941209562470532,-2.9633222754150426,-0.3858931118015389,-0.5858393475080562,-0.11866594986381528,-0.7328111585702292,0.3251129913264187
3480000,-1.789992643153483,9.032349926179146,-0.8537013408384853,6.8176747001442735,5.080106697043007,-24.983797333816526,0.8954871577223812,0.6556745083464571,1.6585057764932003,1.6585057764932003,-1.487107429759801,-2.9515116294625603,-0.3928672081044168,-0.5604193398221504,-0.10248995867818768,-0.7574422173479428,0.31891575580783144
3490000,-3.6772792597712503,7.8017746409683975,-2.000924880541591,3.9466275699178337,10.215673963836116,-21.292471700302205,1.0298166122825265,0.6817912089312412,1.8344195232170932,1.8344195232170932,-1.488589799619732,-2.9422893671193533,-0.39858909114592983,-0.5404903839773597,-0.0856655529459677,-0.7809170431713727,0.3011646220108672
3500000,-5.732748164642949,8.37748179892815,-3.041731360088938,4.083145936097883,6.764408264955919,-13.498846458998006,1.169028503506251,0.6990470876902911,2.0103640448646445,2.0103640448646445,-1.4843718448905818,-2.933020134297087,-0.4043344952538224,-0.5197609381013986,-0.06286694599825875,-0.806838353782276,0.27369359727752696
3510000,-6.861400676729604,8.070176588108666,-3.2093281927557085,4.55604948529215,-2.9609748687898265,-6.489932933450908,1.2779272212451722,0.6982043172464367,2.186293300467341,2.186293300467341,-1.487193072197958,-2.925391882808586,-0.41232754653396847,-0.49922532955072646,-0.03381745300836769,-0.8308043598937335,0.2437100034642803
3520000,-3.3372340199545976,7.153780541220147,-2.291749864685495,-1.20721394973689,-16.33003830417755,-3.172256026166779,1.2625161963582865,0.6977547303454311,2.3622049492293513,2.3622049492293513,-1.4866979571929775,-2.9202768590938346,-0.41894505115141073,-0.4745497549830277,-0.011598024616989971,-0.8496744387226386,0.22961133258596175
3530000,-1.0392484027675182,6.313293848567897,-0.8139683992558414,-4.266918639471143,-4.0196218678472935,-0.8174191303265712,1.254497208008828,0.6546573786049735,2.5381342252707526,2.5381342252707526,-1.4915234521231846,-2.9126274923418736,-0.42875369327116897,-0.4491666610928049,0.0020737940016846007,-0.8644280838302197,0.22585193784157526
3540000,-2.79665193153512,4.537213046466387,-0.6106142605284636,-7.3302046039333835,-9.261127665921599,3.8328000159817233,1.1705673375001882,0.538336542401352,2.7140808025757224,2.7140808025757224,-1.4971428966593108,-2.907264331569588,-0.4368019852879635,-0.42976932514023586,0.021667427969046173,-0.8757166575203037,0.21897302453768042
3550000,-0.34012248260120465,1.5921632061825355,1.37207399603676,-5.0955908611377625,1.074229040219327,4.2320536422100465,1.0696891073483037,0.45576898803084787,2.8899955522163054,2.8899955522163054,-1.502692894561865,-2.8997530154548574,-0.4469737253797831,-0.4184888921128289,0.027833389597120953,-0.879543453060533,0.2247124023726019
3560000,-0.21824101952053868,-1.7643760459131497,1.9985539506082217,-6.840859722156204,-2.241721900624135,5.557602725347442,0.960631886021307,0.3730102674447634,3.065921703383964,3.065921703383964,-1.5106321615825045,-2.8946102654125525,-0.4505356619452344,-0.4216880150748218,0.03298119689059691,-0.8751732557315547,0.23486853992425477
3570000,0.6313936940683513,-3.2082427556616127,2.6994829921585444,-4.465777374358148,-4.112377796065143,11.084015269087274,0.818248288797884,0.2528705328244258,3.241850957906692,3.241850957906692,-1.5170445504764467,-2.887696413347025,-0.46066773021036617,-0.42972760588249975,0.0342707066138988,-0.8669142881971857,0.25023852687035597
3580000,-0.35905238822308394,-3.536173092599878,2.799974470455679,-0.8451092423817691,-1.2421449350204923,17.580356965362213,0.6722338032860432,0.16044720315640756,3.4177803596282246,3.4177803596282246,-1.5279557308318812,-2.884514071865255,-0.4569375831715209,-0.439791552412282,0.03752792560692757,-0.8578684591078726,0.2631287747364783
3590000,-0.5075041838314428,-2.924326996661393,3.187124275237643,0.49431418315305875,-5.655172248180937,21.40557556989842,0.5651247426390503,0.05426211124655306,3.593722868861434,3.593722868861434,-1.5358569740541959,-2.8780304913043024,-0.46716475136350716,-0.4472134051245719,0.04411899647144702,-0.8490765911571749,0.27770960872132194
3600000,-0.7230164911815827,-1.7271128511903644,3.4026365825877836,5.650093620591379,-5.454227701424234,26.642331467166628,0.4627151006564044,-0.07026941665357528,3.7696386089954643,3.7696386089954643,-1.5525280557861654,-2.876100135494872,-0.4610592576992044,-0.4495109443211811,0.052741338963368814,-0.8425164413415044,0.29210324915871555
3610000,-0.9126272449981729,-0.9611498269012662,3.488977738814131,8.76535453848615,-8.233085451552343,31.034446465721484,0.32704142548687504,-0.1582275741420597,3.9455677026914486,3.9455677026914486,-1.5617200160003204,-2.870176017128706,-0.4689221328121074,-0.44865544021785164,0.06345594045718603,-0.8371680914696864,0.30631883097293044
3620000,-1.0775748113283772,-0.9063644980102527,3.083206725641828,10.1941712895269,-7.123446380523107,30.319749315367574,0.2127257860211779,-0.2586226593121936,4.121513315259591,4.121513315259591,-1.5832628459586668,-2.8702001676114564,-0.4571633360297457,-0.4478247184308218,0.07321921772387291,-0.83236493751009,0.3182146736435692
3630000,-0.7816780633753654,-2.4831693932070773,2.521455481871297,12.045169819247992,-10.226766675331646,29.645439180602068,0.09058507925062903,-0.37324550636730597,4.297430117259495,4.297430117259495,-1.592872022260508,-2.8653787874899392,-0.46170740730079096,-0.45312276271537244,0.07830176042983948,-0.8246865872942332,0.3293032477212571
3640000,-0.20197080160608008,-5.0161481596774244,1.7059112238225582,11.684781800347722,-10.169343956984218,23.886619371170234,-0.04382435522401941,-0.49764026089232405,4.473354825822838,4.473354825822838,-1.6139610897822598,-2.8707604455562317,-0.44588225066194775,-0.46817924526426297,0.07496372186422078,-0.8124182265369159,0.3393600741081089
3650000,-0.18644239865162837,-8.839344966150282,0.827561545731392,16.13029649609978,-5.307805750456199,23.2569909991553,-0.19290432642758587,-0.6596904558032329,4.6492839108531,4.6492839108531,-1.6242602227504386,-2.8671144529439347,-0.447336107365804,-0.4992359743904349,0.059835800385878955,-0.7923895359316108,0.3454011323268944
3660000,-0.10861020045205987,-9.53956173187268,0.8181912495095807,15.298161105868388,-7.372660659402436,26.356229307306176,-0.3526841395675475,-0.8284277731974504,4.825228680482738,4.825228680482738,-1.6486563244749426,-2.8798507997809915,-0.42778923398240626,-0.5317972402946967,0.04465872626533703,-0.7690224371444817,0.3518547776450738
3670000,2.687905342141202,-7.962503891243501,0.7507441424428078,12.654137136783122,-8.26993430796258,29.78478811967403,-0.4822734299191332,-0.8978393106137639,5.001147283599025,5.001147283599025,-1.6713093516359383,-2.8880903284597395,-0.4269129435212412,-0.5526225567513826,0.022044198573314668,-0.7489681810646345,0.36492331637147835
3680000,6.017385512475363,-6.15164447566865,0.5902345487078389,-0.03031595853621197,0.7816948050775403,15.356490081594574,-0.6331751668271723,-0.9238847456002136,5.1770715478025835,5.1770715478025835,-1.6816662600648475,-2.8843173339289554,-0.41084610809697025,-0.5601449016576423,-0.010558433377534317,-0.7331454064003636,0.38551786172058006
3690000,8.347919045563115,-6.580057621270836,-0.736990833211585,2.477976726570224,-2.931411651787734,11.546091989981111,-0.7324904138422366,-0.9265439676447348,5.353000668511868,5.353000668511868,-1.6928745998483614,-2.881568293971781,-0.41022971634583544,-0.5633146650674296,-0.055448337993576076,-0.7167493509282156,0.40727440120599456
3700000,5.911325415852784,-5.916761020637747,0.5140567740541179,5.251212602659637,3.2637284123360026,5.737037718396162,-0.8056141544590616,-0.8468646309449483,5.528929681337942,5.528929681337942,-1.714711502773981,-2.8915803031815757,-0.3984392982863771,-0.5690714472474937,-0.09030093530376208,-0.6993564809528237,0.42297037905767326
3710000,2.7830295620571834,-4.0806867582097395,0.28691109927761616,3.795142757429745,-5.257688447178747,1.1570664745964394,-0.7460536880842474,-0.8165719195991766,5.704858979200097,5.704858979200097,-1.7264126242773905,-2.8885310106822346,-0.3989032932103395,-0.5795728814308908,-0.10224745644165854,-0.6827627622541375,0.432984691692681
3720000,-0.8798199900857753,-2.7301032470022424,2.9832058972980704,23.7013277177375,4.643891271160455,10.317232438863453,-0.6541792113932369,-0.7707957209441428,5.880802250838855,5.880802250838855,-1.7496456390288972,-2.881576021445806,-0.39054473684262875,-0.5897683954518267,-0.10183913037015893,-0.6719411089867685,0.4362306469119968
3730000,-1.3388759640297287,-2.284846523060549,1.6459052919392536,20.409768449477166,6.285606262345936,6.773018333685906,-0.5160563340259802,-0.6695738372332027,6.056722399990633,6.056722399990633,-1.7614942424170326,-2.8784700886861994,-0.38971895310965016,-0.5994619384208468,-0.10315146694671203,-0.6651181173280621,0.4331547636277781
3740000,-2.527433881255327,1.4890024939390707,2.315059305311032,12.075754121708947,-3.0365465092252557,1.786801769568354,-0.36082900190297146,-0.5257694075706978,6.232659756258656,6.232659756258656,-1.77112822653534,-2.875851018944104,-0.3804925779198107,-0.6035968852209017,-0.08979885847695668,-0.6656356523646487,0.42957670266082837
3750000,-1.6862141231694707,4.052670380925913,2.850955330157971,3.8207724928963303,-3.055721809450032,-7.541998550148273,-0.24456719762516219,-0.40602119826150324,0.12539503592901013,0.12539503592901013,-1.7743095758498788,-2.878353023760175,-0.37943691945531677,-0.6007030135438629,-0.06697409648243692,-0.6682912550850508,0.43365557565483975
3760000,0.23101119622695354,4.996320061474966,2.2275491465765564,-0.3172928950177254,-2.4480298581622666,-22.510728241364415,-0.1257765789633612,-0.2970632182272536,0.3013327094599205,0.3013327094599205,-1.785540750118605,-2.8756118381304145,-0.36952987590572617,-0.5903409411826039,-0.050297735320122605,-0.6740785885758837,0.44111876791726856
3770000,0.821841755660348,4.121532995590703,1.6885703875993519,4.173670608285449,0.6846425830864195,-23.33363384733049,-0.0017507144007661525,-0.18802222238765792,0.4772659399516712,0.4772659399516712,-1.7813591061386214,-2.881843947303715,-0.37082988842544723,-0.5812920423170653,-0.0403182735130912,-0.6786053789188591,0.4471786422249732
3780000,1.38740162923179,3.513681320465149,1.4326355110490303,6.207367047653509,1.2754099359772666,-28.48699777274109,0.13432082672255208,-0.06451808690092907,0.6531815531196017,0.6531815531196017,-1.7912799679801572,-2.8798645421296096,-0.3603481275875401,-0.5728225520716881,-0.03441673945897347,-0.681815104060058,0.45367166074008186
3790000,0.2780916731760808,2.97851158739381,1.0312411831042894,10.188203445026762,2.7757251657954103,-25.779285795813948,0.2828928862356469,0.05911711107930723,0.8291067022880512,0.8291067022880512,-1.7901798769678736,-2.8861432709569432,-0.36387458871722256,-0.5683218806940656,-0.027753675814710218,-0.6850103713844462,0.4549733668017015
3800000,0.5039445609244637,4.673819476634131,0.5438384930404276,14.361657097227988,3.3348825387142016,-23.25172571878744,0.42592747684529103,0.18554405089001258,1.0050359370484259,1.0050359370484259,-1.7992168729272497,-2.884882288473671,-0.3582377869787097,-0.5569352336616961,-0.01995959424926802,-0.6944089169596763,0.4552153514002863
3810000,0.8285748441495231,6.828163940009041,0.22117117396006652,14.407718692519882,5.201217077985786,-20.93424138441866,0.583767829937584,0.297210085234839,1.180965144833202,1.180965144833202,-1.7950194425993027,-2.8908390848860823,-0.3633845101869298,-0.5367845953528921,-0.00985364812438206,-0.710446941886684,0.455005875318475
3820000,-1.3916928274423714,7.312196516105386,-0.5839932393862313,13.507378295808863,1.1972407730426697,-16.91421236184719,0.7445904247744035,0.4067938944657938,1.3569070210659149,1.3569070210659149,-1.8027079418987666,-2.8902193933167686,-0.3574401504579042,-0.5197466878878252,0.007674905066689704,-0.7286799726683846,0.4459035475232906
3830000,-2.075042898583867,7.3786243192257706,-1.0141709277999236,7.167402886299106,1.6694953227361302,-17.536611761181003,0.8936749744046487,0.4929730190128449,1.5328287202643267,1.5328287202643267,-1.7941279704169566,-2.8992177606306138,-0.3638976254854635,-0.5037540417210159,0.027243183451988687,-0.7469003266658736,0.43316229802644823
3840000,-4.103011821927092,6.558805036534537,-1.703188820899765,1.7626158954575795,7.8732704089247285,-15.34382483865428,1.0446683870223952,0.5333869811907692,1.7087527086025105,1.7087527086025105,-1.7999451723346436,-2.8997364930331875,-0.3605531711472658,-0.4938594392128192,0.04927713278480843,-0.7643632524804995,0.41161078307345195
3850000,-5.506816957754522,5.448545125786172,-2.9555740954947463,2.4942647105188174,4.286863013279908,-8.894249202791777,1.2080741280836735,0.5450008379320672,1.8846941485876059,1.8846941485876059,-1.7916174325305774,-2.9103062025709487,-0.36987074343669285,-0.49094868213717785,0.07099976458093187,-0.7800805891265901,0.3813170588960489
3860000,-5.918236388570682,6.13367398223935,-2.866098433136902,4.0411145008271365,0.44939888858236854,-5.428272314909987,1.3638280940236531,0.5939724230161406,2.0606161874505844,2.0606161874505844,-1.7960232708312067,-2.9119963283195816,-0.3744695064859722,-0.48532581528278584,0.09691128081349899,-0.7952456605956784,0.35021621318112856
3870000,-2.296785594727519,4.888531718041941,-1.5547299004915895,-2.0394707587036565,-18.734472539540796,2.595988152750723,1.386492538688989,0.5374695244501143,2.2365522638035245,2.2365522638035245,-1.7864959670880307,-2.9238586686673287,-0.38574424210990876,-0.47062786938242995,0.1162458858530381,-0.8064607435047639,0.3385518745606654
3880000,1.1968180228210936,3.2445068124904117,1.0248272806718501,-7.231516091870986,9.201802374233699,-0.42533028207247725,1.3727409317091415,0.49196342406987487,2.412486943596484,2.412486943596484,-1.7892628811353022,-2.926796787609499,-0.39177936156994303,-0.4532637741921231,0.11785242482039876,-0.8139345538051649,0.34376343477899374
3890000,2.1608917114673414,0.9360868375470279,-0.12972126248565638,-15.125426559994713,-14.746072756583771,-5.352860312001492,1.309324171837853,0.49193488941710306,2.5884161667554864,2.5884161667554864,-1.7810255374150055,-2.9405908217399874,-0.4054148446595861,-0.44520896124879755,0.11545636389938904,-0.816090333120661,0.34993624711639554
3900000,4.679562950156906,-0.44613657142650615,2.244328432103595,-13.203309220674337,-3.2028999063400754,-2.9556933353924517,1.202193256459139,0.45016845178930903,2.764333556601649,2.764333556601649,-1.7827388555424228,-2.9450497380686285,-0.41379814097779105,-0.43501742957836725,0.10383539584675702,-0.8132594191544359,0.3722729693235425
3910000,2.001038297994261,-2.058603499018416,2.2396812629627565,-10.206098137143476,3.3403440853981015,1.8227669206534476,1.0891023506058888,0.35281672501385947,2.940267495456446,2.940267495456446,-1.7796974922715523,-2.961772347151853,-0.43024906405432195,-0.4349158168347371,0.0975794210169963,-0.8065842343588112,0.3882632634499066
3920000,1.8159478183035995,-4.792560685735057,3.059404564820108,-4.343110122061443,-3.3881333879170845,10.788614461743608,0.9644619963932282,0.2126677030626795,3.1161931195783907,3.1161931195783907,-1.7817739898767608,-2.9682226319414737,-0.4347390919971988,-0.4442961743373675,0.08896277095695344,-0.7920554010314793,0.40906573622060144
3930000,1.364294360038638,-5.4799599950139655,3.738447866649237,0.637971975823985,-4.919907854919533,18.708797306879784,0.8269121410511829,0.11123969279264283,3.292115294891353,3.292115294891353,-1.7929446651375145,-2.977695276326303,-0.4500303526616677,-0.456229868258372,0.08099152081280016,-0.7742583285072888,0.43106695721485966
3940000,0.7617660774389889,-5.2676017533114425,4.032100490738927,4.946196734269301,-9.376905045879157,25.25925618451113,0.7035193642718123,0.018417836602665136,3.468044447898855,3.468044447898855,-1.799148979875525,-2.9830124616342126,-0.4472219634677088,-0.4679807359496838,0.07631713992712139,-0.7553414883920841,0.45235932713603655
3950000,1.05664021807589,-4.675217860395752,4.381813090443752,8.88745783483299,-10.584088845247868,30.27470228456406,0.5957944824730221,-0.0876854677936197,3.6439837534329413,3.6439837534329413,-1.811700390144031,-2.9976244205233082,-0.4574065080146789,-0.4762426843683999,0.07184104775445435,-0.7365845118730098,0.47484210671750987
3960000,0.6636631353685445,-2.8546221055079055,4.711694623149813,10.202703379552275,-10.733880769885848,31.362700531535218,0.492944344659086,-0.17788345942775885,3.8199104600900213,3.8199104600900213,-1.8190895115296024,-3.0054282648712527,-0.44832486076215494,-0.478272326232533,0.07351875384250806,-0.7207151941890703,0.49640727599278506
3970000,-0.09731998103538453,-1.6470295955234677,4.566576171060245,11.086517247909564,-11.981632585359304,31.571308221900775,0.377702263538153,-0.27529820405744543,3.9958421393477934,3.9958421393477934,-1.8330757168533844,-3.0249276802595015,-0.45249047474430126,-0.47761738797599695,0.0802732147683619,-0.7073353516490541,0.5148927480565708
3980000,-0.2689987633189785,-1.9016969993701012,4.138169700898704,14.105221045160182,-11.33540543069881,31.592517463567486,0.24831734828242696,-0.3731120587533396,4.171779050705304,4.171779050705304,-1.8418035931544339,-3.035746021084145,-0.44077657576499807,-0.4784448768089327,0.08469298396581823,-0.6942487520623767,0.5309767119018344
3990000,-0.027791219331599826,-2.8752976175545215,3.302779620671073,12.250261729944045,-6.806824343284826,24.60455435034362,0.11238914252052729,-0.4796205768110345,4.347708334647514,4.347708334647514,-1.8528110245259124,-3.0574465187027435,-0.44026726382298464,-0.4825271112992664,0.08255551105490572,-0.6810598060633772,0.544527056279634
4000000,0.4620274619402526,-6.4916477517202775,1.9811758361808245,13.460581116587429,-7.751944861923294,20.90067804075017,-0.03007706593159156,-0.6169300577300911,4.523637527139478,4.523637527139478,-1.8609740556252545,-3.070618265122567,-0.42524025456011566,-0.49816171326526265,0.06470008659497674,-0.6625999057587136,0.5555269310481398
4010000,0.09467303106882395,-9.084986440683334,0.9173128399198303,14.40024676737392,-9.458318750206015,21.44697587121903,-0.168050327305823,-0.7786647025726664,4.699557836395634,4.699557836395634,-1.8715107301191347,-3.0931872762271824,-0.42060427726258554,-0.5229012051101071,0.038696445359304214,-0.6395894690100234,0.56214075278566
4020000,1.0469277430603736,-9.2151892040352,0.6692889593492203,14.305883132652015,-14.843486620409353,27.34468078365642,-0.30340319061061116,-0.8794047593458789,4.875478158699941,4.875478158699941,-1.879909176861837,-3.108225425321397,-0.4060389291322423,-0.5441352435512425,0.010605993999079015,-0.6152553661881022,0.5703202468731633
4030000,3.721116913285912,-8.427536633131988,0.6797367615249057,9.325365327183908,-9.754423286252958,24.802921816151397,-0.448310664946972,-0.924397872170465,5.051407457253568,5.051407457253568,-1.886161786065221,-3.12960350992329,-0.398523945366231,-0.5543076558499478,-0.02309353817219364,-0.5917576988401805,0.5848354785956471
4040000,6.423936422516541,-8.353168131162494,0.17026423879266253,5.776437644684129,-3.332503381485498,18.63260426487175,-0.5863239503306192,-0.9540340401484866,5.227336593111097,5.227336593111097,-1.8925539958805704,-3.1453600046438877,-0.38387653174778724,-0.5551076574549996,-0.06648093565089763,-0.5684193842676203,0.6036018368250907
4050000,7.679935921900302,-8.046601291545295,0.6335799046113525,5.384042684156592,-2.7554919949031498,14.287912017275714,-0.6983553368104688,-0.9488031474728287,5.4032657766595165,5.4032657766595165,-1.8947043429767954,-3.1698551406899758,-0.3755128004468068,-0.5498399249962129,-0.11080334516543595,-0.5425018837713192,0.6253721945248913
4060000,5.889380433149371,-6.684744844521086,1.4685198610250767,5.600389616298511,-0.39221134234627447,8.41707647509905,-0.7830997124577256,-0.9173846038169275,5.579195137159978,5.579195137159978,-1.8985439208977213,-3.1886821198880475,-0.36732173331206297,-0.5457128323336252,-0.14527913764165276,-0.5183865596716141,0.6421579646351345
4070000,1.3372521446077361,-5.171000141166749,2.3939574269488437,1.4659282392383024,-2.515196351035474,-0.7935678113536336,-0.7638897799588241,-0.880704124928357,5.755124514541542,5.755124514541542,-1.900373420722421,-3.2184304725367947,-0.36248321332254463,-0.5586015016560834,-0.15800446156371928,-0.49393395429453313,0.6473238766401979
4080000,-2.5813260083383645,-2.994581740359483,4.563802348158521,1.8939329286122697,-1.9894886664708586,-9.989342656632768,-0.6212033399468117,-0.8426308973256991,5.931053780220644,5.931053780220644,-1.9036028274693721,-3.24212047642379,-0.35765061007904475,-0.5834819211715626,-0.14890063525765804,-0.4698352456327661,0.6454705961134145
4090000,-4.074695116312655,-0.669629457290655,5.028755642076382,7.085151048076572,2.393864419288009,-8.55051830018677,-0.48127107486793763,-0.6778231073329253,6.106990115477295,6.106990115477295,-1.899619825063037,-3.2680346535456426,-0.355376145837444,-0.60522550329456,-0.13139108826925341,-0.454993498662083,0.6398588815203748
4100000,-3.702980986108109,1.6670145484575767,4.51008960108074,10.180784972111859,3.55065626651299,-1.2059428829802004,-0.3434219136481555,-0.5414526152502357,6.282929533352451,6.282929533352451,-1.8930511649206434,-3.2948484022247846,-0.3546949509741434,-0.6161207742885013,-0.10951844381396843,-0.45117852219765664,0.6362694736212346
4110000,-3.7965410983644032,2.326902653204995,4.576920249160938,8.701781812093882,1.5751388812343923,-2.3269509675129307,-0.21889316421402175,-0.42386034099298886,0.17567321309250872,0.17567321309250872,-1.889107363523252,-3.316389355932574,-0.35269713521250184,-0.6269745122508615,-0.0843995753889202,-0.4477918571602613,0.6318719216130185
4120000,-2.9804695043931595,2.9523466469644086,3.908929591645831,3.8722544602501614,-0.9021064953020603,-16.077761258230446,-0.09789944630858356,-0.3103654162475062,0.3515965100736054,0.3515965100736054,-1.8894939837070976,-3.3343048323472835,-0.34610729791768347,-0.6363120723224232,-0.0585572569804513,-0.4447287669426055,0.6276100048002569
4130000,-1.2865265290733698,3.6970290498290446,2.860841566668161,2.779588229046638,-0.3743933412782101,-24.165061849112842,0.052663864629769054,-0.19036253163958497,0.5275199896476295,0.5275199896476295,-1.8876820126329228,-3.353043267175417,-0.341409133891923,-0.638803603407415,-0.036065054086125536,-0.4454521871259212,0.6262600235782259
4140000,-0.566655282046579,3.6570764849226376,2.215006265967354,5.370080131485313,1.7716679250178566,-24.400356250879938,0.19899251483675465,-0.06476678049009198,0.7034607161115645,0.7034607161115645,-1.8814592170409277,-3.374659138974268,-0.3410359569855032,-0.6386488252692277,-0.017914814718736224,-0.44838727482965746,0.6251044626033813
4150000,-0.7421147240713194,4.0287945595145285,1.534155989586085,8.619059972251163,0.24378044609646923,-21.863185604101815,0.3463364005029865,0.07289370870592786,0.8793898987529616,0.8793898987529616,-1.8870872345758867,-3.4144334853580793,-0.3440123820234019,-0.6377274840547419,-0.0007515734777357652,-0.4550363228377595,0.6214861511866592
4160000,-0.5890160362116957,6.04549522348907,0.826560182423206,12.596966775370676,-1.5974475263258647,-17.471682928048235,0.486750649903477,0.20191563374456503,1.0553190801725094,1.0553190801725094,-1.8965778396774957,-3.4507239199942874,-0.342481839914828,-0.6309412755307211,0.01932742290106805,-0.47086801255397753,0.61629771402232
4170000,-0.5991927553640648,7.687939287383359,0.2545547858700116,11.01158698006432,0.18804214392783614,-17.066574513205097,0.6659547507766701,0.3091328589192499,1.2312483105207264,1.2312483105207264,-1.898656176698559,-3.477128345772957,-0.34180767778126653,-0.6198848335407147,0.042678099280751794,-0.4931025577622632,0.6089098788131926
4180000,-1.6686828238210667,7.931513474367986,-0.3388370838366042,6.737666735603546,0.45282802788736487,-15.703400882849769,0.8031959178104748,0.42347403485498186,1.407174088443142,1.407174088443142,-1.9006654915861674,-3.503963296955085,-0.34303099842186063,-0.6111217433796339,0.0682195947002815,-0.5164172750407875,0.5959777677959255
4190000,-2.851498490789073,7.607775822779722,-0.8572528722425118,2.4088240799004943,3.8521959852939665,-16.592163125255173,0.9771217495584733,0.4727965338008656,1.583092661724308,1.583092661724308,-1.8988891423714704,-3.522423407103036,-0.34514797748559584,-0.6057455092270131,0.09472892024421534,-0.538961488770383,0.5775978907017271
4200000,-4.038122478326419,6.683045450101951,-1.6518769215515665,-0.3680553287703966,8.220420927226058,-14.585281996195022,1.114386807687472,0.529859068681726,1.7590359134514273,1.7590359134514273,-1.8963504504097521,-3.5407770866318566,-0.3485679787304235,-0.604739363838237,0.11878978333001387,-0.5605102037976177,0.553179537437608
4210000,-5.134910605233838,6.350753682987039,-2.4721102555874266,2.2849106925118408,1.1597250738385116,-6.278627269378378,1.287117244766175,0.5738134322890779,1.934962268706073,1.934962268706073,-1.8925804160117374,-3.555005853529307,-0.3523822296915463,-0.6030143066366226,0.14190856622162235,-0.5806512515047904,0.5282800667736741
4220000,-3.9760997751728344,6.111164342888817,-1.8132320502030326,2.6664934271707956,-10.140374131115594,-0.21464452827788152,1.3917150824859537,0.6791052301000944,2.110876951198989,2.110876951198989,-1.8871358231852862,-3.567962766433225,-0.3582746010690012,-0.5972440591147256,0.16644912149954702,-0.5981365957140282,0.5077665178719729
4230000,0.9728909433025037,4.982055375836387,0.16003036225411066,-0.06251306150684796,-11.725967832152072,3.7236267214140604,1.5973861472008892,0.6202902321122973,2.286819878766238,2.286819878766238,-1.8818871616103785,-3.577514524032905,-0.35816073952509087,-0.5830970246224634,0.18316859430606144,-0.611564768685794,0.5024297559248091
4240000,3.8623112891853713,3.7960578586818152,1.1961813602203286,-3.704794348801319,-10.726476511689626,3.464694717369078,1.400178455031318,0.5187457381163176,2.462736691555506,2.462736691555506,-1.8739409392524913,-3.58365109876536,-0.36410039620315127,-0.5585160681348121,0.1898389315355088,-0.6201381664754889,0.5171553308137752
4250000,3.719705712298349,2.530337029127355,1.8222715474483204,-6.130728252036905,-12.750649408801147,4.605091935164689,1.2977142021522217,0.5272564226590594,2.638667705107707,2.638667705107707,-1.8682422057863588,-3.5910381908586086,-0.3682948536307048,-0.5335851978178923,0.193194730897989,-0.624233733374076,0.5369309813567824
4260000,5.786989043864163,-0.28612445398888675,3.3505571913386265,-3.235594248815165,-2.9229371577786614,5.845263271037007,1.2126115362777607,0.4374775961231796,2.8146108851140923,2.8146108851140923,-1.859170070510277,-3.593326741010648,-0.3692815890846477,-0.5124868164595912,0.1850721083364704,-0.6187981925964605,0.5658572032857414
4270000,5.4720417002603865,-3.6364461355933435,3.524289991709171,-0.8739617278557394,2.1286636952483167,10.337793516255743,1.10006276918503,0.35134522188242506,2.9905226323986938,2.9905226323986938,-1.8528353496761873,-3.5997789370069304,-0.37278639400204683,-0.5010064654967187,0.16541853935569428,-0.6053546736402774,0.5959655589627535
4280000,4.430253068921997,-5.521060561179982,2.8255569428215024,-1.7533988260045745,-3.2790454183162794,12.167851191318451,0.9520753103986531,0.23199416990253016,3.1664524164483083,3.1664524164483083,-1.8423567619978887,-3.599985050339747,-0.3712564033647916,-0.49733959428125024,0.14230164171036913,-0.587177119349362,0.6225966601575053
4290000,2.954857270144213,-6.367218208004839,2.270677071349079,0.6068292431426489,-3.8453757803481143,15.944105072047009,0.8343567307127342,0.12452229972022338,3.342397237462663,3.342397237462663,-1.8339497991018356,-3.6044565809430726,-0.37630058962141133,-0.500452160912449,0.11843864625189388,-0.5673465461531669,0.6431468092746412
4300000,1.88645342281944,-5.9761627914361295,2.3214048825822853,1.8724023487958659,-7.7046488375699385,19.619322324479384,0.7264435978059935,0.012063341384653682,3.51831076719931,3.51831076719931,-1.8193982128828623,-3.6006303259363204,-0.3751398978663201,-0.5050161617415796,0.09914648139057092,-0.5469913437722751,0.6602492873497651
4310000,2.221407551181366,-5.068054244122787,2.568814529510919,4.349912287290977,-11.37115204524584,24.97861540529649,0.6079393968979907,-0.08621367431685824,3.694239458668733,3.694239458668733,-1.8079420024486612,-3.6047242750620097,-0.37708336248474666,-0.505312250941866,0.08233656693765593,-0.5278276021931866,0.6777007017526077
4320000,1.767191338751448,-3.8316134257084156,2.3328453612036593,7.716132669807393,-12.373785803314904,28.344191758533988,0.47130436218803196,-0.19242286488552568,3.870168557152283,3.870168557152283,-1.7869822133930517,-3.5998678451798094,-0.368931934925516,-0.5036525210055685,0.06952996526216489,-0.51240706777097,0.6920539855486234
4330000,1.228847113882159,-3.3739417186851206,1.8458918447576773,8.312142456156959,-13.842926000167129,27.433910528045374,0.3742160505167173,-0.283713403206088,4.046097563384706,4.046097563384706,-1.7771547722039227,-3.606887896574336,-0.36776054543244074,-0.5025294150317282,0.05841667729436397,-0.49944392079808714,0.7032833346664694
4340000,1.1209562475892818,-3.705966959164456,1.1750866188523517,10.475898270572571,-14.658256167337017,27.458405882682243,0.2620313225255086,-0.38230122655684906,4.222026896417262,4.222026896417262,-1.7598137325708316,-3.608592444761743,-0.3548763435985876,-0.5026562678297368,0.044207339203733986,-0.4880346933728606,0.7121829298968517
4350000,1.1897778038477074,-5.154640142432258,0.29938977869072764,12.020798677728996,-12.357398671502539,25.129479203991234,0.13440751286198382,-0.48113437741308784,4.397956107770426,4.397956107770426,-1.7515707524185808,-3.6167801706072757,-0.3523741886715789,-0.5061857168139952,0.021601807349748484,-0.47631972895528996,0.7186298754022724
4360000,0.7697419790614457,-8.368914591828279,-1.3665978604115914,12.252923482167734,-9.6977976570755,22.01576149634372,-0.01367925387447739,-0.6481145069002539,4.573885415574381,4.573885415574381,-1.7383401513806374,-3.621510911977731,-0.34059574126856496,-0.5185860565258726,-0.016170819885545355,-0.4621459794629701,0.7191857202610364
4370000,0.9812154483450355,-11.445001563643018,-2.574230378114283,13.56152878643934,-10.091147390807894,22.819066756918808,-0.1506060684224176,-0.7988450084899027,4.749832006776813,4.749832006776813,-1.731217365234287,-3.628760134358454,-0.3368478626767782,-0.5359408883965764,-0.0681251598761416,-0.44327179183577303,0.7152876661170956
4380000,1.4747996531414576,-11.922179820386658,-2.6645193285509996,11.289698547784214,-11.853180831602655,24.806928253851062,-0.29235501341987397,-0.8301561248166153,4.92576103985931,4.92576103985931,-1.7213442356007114,-3.6309502810685443,-0.3261214043949106,-0.5507483509997118,-0.12101958408130369,-0.421035816617266,0.7104641829573949
4390000,4.2905175291577455,-10.721369537512372,-2.415522398217895,7.292964750558699,-13.264135614487353,26.63132432494782,-0.40997743755460225,-0.9380031899217177,5.101673017784606,5.101673017784606,-1.7112099980436508,-3.6395458622740104,-0.3194915600610961,-0.5517072824322174,-0.17301773047145572,-0.3974632012223878,0.7125355732367443
4400000,5.595585637965877,-10.767303487362176,-2.5500631912230136,6.296594674746849,-10.212417262258107,24.791809772695913,-0.580296179742383,-0.9592853827377888,5.277601970765758,5.277601970765758,-1.6918239924535663,-3.6463368036858093,-0.305648406661655,-0.5461852939787768,-0.2275402515025024,-0.3718995870846265,0.7152606208325604
4410000,6.3865276395939405,-11.076018384083572,-2.068767905802793,6.422779981574829,-5.125247991737293,19.150033409314137,-0.6565789060756368,-0.9109149581210231,5.453531000073411,5.453531000073411,-1.682189753712894,-3.657928565448255,-0.29845513908063503,-0.5369132142561515,-0.2829736644551748,-0.3420489468455735,0.7173929352480216
4420000,4.4733603734329375,-10.028249547991,0.7560736950551565,10.714562348587656,2.829250259475307,13.861770777670841,-0.7635447385490183,-0.8802276543677348,5.629477578915996,5.629477578915996,-1.6653554263581614,-3.6758346116446607,-0.28737224031118097,-0.5342054467050138,-0.3250401072338699,-0.3082453693485828,0.7169088238229787
4430000,0.3639106304732467,-8.689336783627645,2.441510690399445,11.044005644972945,-3.3825946186514564,7.546615862395676,-0.660861518816121,-0.8082218215079251,5.8054068136215164,5.8054068136215164,-1.6542659498745487,-3.6876291725332,-0.2805216380895978,-0.5471975013247592,-0.3504147940546376,-0.27727299987085974,0.7077457525087666
4440000,-4.3750380179364425,-7.13442123378173,3.3230815397667803,3.034567873280331,-16.921050025438667,-3.6621158347539855,-0.5855235734289405,-0.7435828707643324,5.9813358312118226,5.9813358312118226,-1.632032479530759,-3.705732150873922,-0.271794756662813,-0.5822748282830281,-0.35737428037780394,-0.24924055996043357,0.6863809374851743
4450000,-4.219461064533598,-3.432653002812932,3.1886586416399574,1.3487699309366585,1.6587738487830435,-12.53174827724291,-0.4628777054536986,-0.6102391462645904,6.157264976607081,6.157264976607081,-1.6198295823458368,-3.7172596921890535,-0.2649522180779794,-0.6105086325246636,-0.35814054958051467,-0.23529634068890173,0.6660707082716104
4460000,-6.7643360552158605,1.9326852661582454,3.913988775071203,6.567653609137274,5.271218266804975,-6.149514446440016,-0.2750183832204924,-0.46656586147784807,0.05000843982295322,0.05000843982295322,-1.5936258698899968,-3.733165859219388,-0.2575373512648927,-0.6379626099567836,-0.3366427279271537,-0.24335826112184092,0.6484228086477581
4470000,-8.916332792616002,2.9371885516026373,4.050619254794118,7.234599007611845,2.4826689499422923,-0.9467119701297394,-0.15307642421028425,-0.37985065509433524,0.22592424330053262,0.22592424330053262,-1.5804344171851261,-3.744418891319447,-0.2521273807740639,-0.6681837474883292,-0.30633046193237656,-0.25815408392834044,0.6269358792060549
4480000,-6.687717520970802,6.0440909992542675,3.080089651428183,3.3060101846365777,-4.225855121055414,-11.234586563217759,-0.03597833042225245,-0.27680698876995713,0.40184923055071664,0.40184923055071664,-1.550902118727645,-3.757915088955867,-0.24546106914061838,-0.690146595749668,-0.27001027662786226,-0.27631453046888055,0.6119169936700989
4490000,-4.9269610432655995,8.070766663137185,1.9110401903454852,4.0028607322842085,-3.7757984207397075,-18.652240209044063,0.10001517419048717,-0.14366755853711263,0.5777918478382631,0.5777918478382631,-1.5372962386818305,-3.768783872303643,-0.24092777473196203,-0.700768614610532,-0.23363400316519556,-0.3025506585585556,0.6023301423203271
4500000,-2.8571556341773343,7.58156453414672,1.240241115727215,6.090834269679661,-1.8047049709043705,-19.78658266753794,0.25176016038199583,-0.009846982048361833,0.7537089679749229,0.7537089679749229,-1.508571790298019,-3.778968698238742,-0.23633211947715407,-0.7035514523439246,-0.20441916055085588,-0.32688505462031564,0.596970955550026
4510000,-2.486168504309527,7.78559188025124,0.5782641180527326,5.595697194596362,-1.795704282640893,-24.626436672533163,0.42359374765278507,0.12486456394022921,0.929649710766391,0.929649710766391,-1.4941530682056354,-3.789822739674945,-0.23213866400188993,-0.7033261581952187,-0.17701752079155855,-0.35277453494025174,0.5912252024642163
4520000,-1.708685538696194,8.611389147835082,-0.16010831379388754,7.345087645799474,-4.048775956502866,-24.774667046439593,0.5503642430078999,0.2712827067887781,1.1055680887309265,1.1055680887309265,-1.4626442184064412,-3.800083745174111,-0.2272353666504841,-0.6975656269578921,-0.15082148591057967,-0.38231207411872536,0.5869348800826253
4530000,-1.2836650314532312,10.107997031254717,-0.5027094991123041,7.985472911127587,-2.687419303169175,-22.896340051391988,0.684380453096188,0.3865957831950927,1.2815080155372627,1.2815080155372627,-1.4479942748965353,-3.811109253403234,-0.2234631611461385,-0.6859766615852441,-0.1223654160778069,-0.41729832945968337,0.5833736615057508
4540000,0.09783566824150004,11.475456463341636,-0.24823423119102145,5.632380195138416,-5.0913602585507665,-21.80305824183511,0.8152027145135943,0.4898821946610503,1.4574419897796318,1.4574419897796318,-1.4208744994524651,-3.8237783329145625,-0.220670200494547,-0.6661671397604281,-0.09095096107790719,-0.45358164239037096,0.584989707831573
4550000,-0.3107726123449112,10.494501602151367,-0.5633520977067389,6.801528160613657,3.7760283967845814,-18.253009357046597,0.9549667579276659,0.573376735477606,1.63335854082289,1.63335854082289,-1.4061040874314614,-3.8348170105975523,-0.2180430938769851,-0.6473907241433288,-0.06425771053653034,-0.48842867548137486,0.5815441736422864
4560000,-1.0272433825181317,9.835757864401995,-0.18997121286750107,4.1959820851954035,2.25038081449232,-13.503118509954396,1.1207031080431642,0.6663970048544879,1.809297935958348,1.809297935958348,-1.3850910356652808,-3.8466144200698102,-0.22112640662402067,-0.6311887867476047,-0.03620960070302368,-0.5187680837441174,0.5754730711245061
4570000,-2.0713612668617563,9.011698559880882,0.2360307714897255,5.734489632359428,7.3528439842049655,-6.862463680790489,1.2924307334277494,0.6409454852008062,1.9852169938638937,1.9852169938638937,-1.3705815444138894,-3.8580646073722,-0.22056888032582944,-0.6161811372234296,-0.008713102657858266,-0.5474773070851581,0.5661391049900175
4580000,-1.4934506766511069,8.440350295412333,1.0042346264641517,1.065029167126958,-9.05676873613602,-6.905457285962199,1.4240502694550943,0.4400129615566693,2.161155296000196,2.161155296000196,-1.3670288766585061,-3.8834522627886963,-0.22626642772578004,-0.6019371906926619,0.025365272436187268,-0.5656477997185732,0.5630903906912289
4590000,3.6062654659605973,7.222545255305109,3.13710826499876,-3.968618056463594,-14.269122198064982,-0.6971042156365606,1.4161285592979618,0.4465929487071261,2.3370881535126884,2.3370881535126884,-1.3529392042909427,-3.895402102682233,-0.22671819644258462,-0.5713134461975662,0.050998200177147346,-0.5744754599093888,0.5839332802079777
4600000,7.802059447571388,4.648857956789797,5.608690441005212,-6.782041937710468,-0.029458031385595603,-1.617338315375302,1.3205845206629527,0.5212174993825702,2.513017354149362,2.513017354149362,-1.3495019245784015,-3.9111019189977747,-0.23690328736325533,-0.5323353091750909,0.06163139500213369,-0.5700885287261815,0.6227517636830658
4610000,6.987691939836684,1.718122229876825,5.0464047158838605,-12.433355814827607,-15.119409053943226,0.06739181639008998,1.2156816981505116,0.47814111217930605,2.688933887111709,2.688933887111709,-1.3364383353805567,-3.919270651740793,-0.2391402122697485,-0.5035962077594047,0.06659888182651154,-0.5567331215313666,0.6572698683643923
4620000,8.706200107018674,-1.9199909773483004,5.769906426068677,-8.748866090886892,-9.33362590535928,0.3178776384361173,1.1289798141677339,0.4204889275213586,2.864858054018704,2.864858054018704,-1.3229969221872044,-3.9311071419289845,-0.2521476258097104,-0.4774742988326911,0.056799584268968945,-0.5311523025291398,0.6976168953652824
4630000,6.971284762256111,-4.371534760891023,5.154305897978588,-5.548650331725154,-1.8786042695622105,2.955037623805586,0.9806383857067082,0.32333849825929706,3.040799838797632,3.040799838797632,-1.2999304951203412,-3.9311558131029396,-0.2560247484097984,-0.4596251778826116,0.0393759448930946,-0.5023315342365335,0.731339360715478
4640000,6.746577755803645,-5.988292490200241,4.674351637904214,0.48302131619515376,-3.755339467101564,10.592642075845514,0.8485995116961689,0.20803216420443268,3.2167340048237563,3.2167340048237563,-1.285446686308867,-3.9417905508621796,-0.2681942750037568,-0.44339998416133825,0.011730106862254609,-0.4726145907217208,0.7615079167517994
4650000,5.701983028782626,-5.738313663952185,4.232576122637868,1.688888502347727,-4.676788160002958,17.154991979089225,0.7411003005341784,0.09379284519259284,3.392663172776345,3.392663172776345,-1.265302826225072,-3.9502017229298745,-0.27247952799327324,-0.42926811382559243,-0.013903782224802702,-0.44438001012734235,0.7861691789250496
4660000,4.674519923164335,-5.666743640231105,3.613945770903152,2.867718290682749,-9.732445585738661,21.193102809446145,0.622157678858293,-0.01163029125713329,3.568592419527512,3.568592419527512,-1.2504128104095829,-3.9609794326065217,-0.2842118689960486,-0.4180761224162633,-0.03725492350633087,-0.4176735663547128,0.8058369676978431
4670000,4.2761237904117655,-4.848418573994741,3.211941603216726,6.380247688799142,-11.122661152205492,25.663529007400545,0.5114615444421418,-0.10387207748028844,3.7445215544767834,3.7445215544767834,-1.2578475639557396,-4.004708064357956,-0.28656996881963814,-0.4057411297685341,-0.05816923123537972,-0.3943208183522636,0.8224971540167417
4680000,2.6406134623467583,-4.092040200855783,3.1174607399620986,7.096914124770737,-7.354540961023816,24.918662641056002,0.38748140190446817,-0.20517826854230306,3.920450757574862,3.920450757574862,-1.2469095552478744,-4.020966009336074,-0.2913006924973852,-0.39809418412970127,-0.07386376324186587,-0.37348550961189547,0.8346099323347403
4690000,2.018397680339243,-5.023717372912727,2.5373446395284582,7.882578726113832,-10.973544985119743,24.240262789110325,0.256088992804303,-0.30958173746466766,4.0963799276378055,4.0963799276378055,-1.2324525564538635,-4.0430161399483024,-0.29031409908518363,-0.3941989271210652,-0.09266091257782359,-0.35290259413311875,0.8434932840224405
4700000,1.3064594303889066,-6.449826707533032,1.6441504250947407,12.24535664983812,-10.843597966682614,27.054801436833937,0.14221230545107336,-0.3961380490149436,4.272296529502988,4.272296529502988,-1.219177425246982,-4.057880841750413,-0.2909709289224136,-0.39486920915575185,-0.11974148780759183,-0.33414373475121234,0.8474008781473188
4710000,1.1702886787887068,-8.244335729979184,0.4821170534967407,9.687548792284305,-8.120166967823408,22.65895726362087,0.03041869230467113,-0.5099102615128027,4.448232282435036,4.448232282435036,-1.2014028965096657,-4.076353550997793,-0.2864476105770145,-0.39794498902701697,-0.15564674629668618,-0.31637745689257324,0.8469469764074551
4720000,1.2768030075443317,-11.808605235660796,-1.1485031654103244,11.443914138363564,-6.654786117400425,22.911321478783627,-0.10322905017933927,-0.667143115077202,4.624167309020983,4.624167309020983,-1.1872766963034262,-4.091169257780628,-0.2847733842898976,-0.4039865955530421,-0.2100659724432857,-0.29802193395752274,0.838957713305705
4730000,1.4565882292382009,-13.414213189521448,-2.0310646953547984,13.620807438256762,-10.819307876640135,29.189309786572757,-0.26156681281859206,-0.782156768281173,4.800096579087089,4.800096579087089,-1.1679932077199786,-4.11178815043,-0.2773662049474597,-0.40996868458906444,-0.2703877351768773,-0.27839205087764635,0.8254174800247261
4740000,3.4586917940550723,-12.90418310388749,-2.1614143038575215,16.300298786186655,-17.838930442482493,38.3740526748678,-0.39737654725689386,-0.8728534919772476,4.976025838007921,4.976025838007921,-1.1531026189294469,-4.127529310223417,-0.26958720794083607,-0.4062027440107586,-0.328929867003904,-0.255738125084993,0.8132665520780605
4750000,5.408925302426131,-11.88265766770361,-2.015132131501577,10.354666239894378,-10.84212182464364,33.408774875705895,-0.536554307078913,-0.921826043498575,5.151943642052039,5.151943642052039,-1.141486447345148,-4.142176639501088,-0.257205575132196,-0.39203635066050185,-0.3842793495074756,-0.230519755824267,0.803428605090476
4760000,7.060110342515979,-11.810931265854599,-1.6821338619600352,7.461526923292286,-6.6372461080497915,26.2676993578107,-0.6470602889903286,-0.9296549417443154,5.32787776417441,5.32787776417441,-1.1282915828986815,-4.156759068037484,-0.24546173558180073,-0.37033718938332816,-0.4390694390535907,-0.20014372402942887,0.7937322493010185
4770000,6.193161933903623,-12.035984167458922,-0.41602706653046145,11.9879287616227,0.09004873426596646,20.35807093219088,-0.7076835307162355,-0.898909217229639,5.5038026930244754,5.5038026930244754,-1.100514687594239,-4.16170601796236,-0.23104881417385237,-0.3524610942776052,-0.49087969795768266,-0.1669594072447318,0.7790589550772747
4780000,4.217901031293401,-9.687640297212308,0.5784751698617332,14.311462200862335,2.511242369328728,11.83587868068699,-0.7189369810237034,-0.8355614952808595,5.679735970404373,5.679735970404373,-1.0823130989522542,-4.173179683086703,-0.22146906896788648,-0.34047015811750114,-0.5298966379736827,-0.1400631786089539,0.7639842475428326
4790000,0.002258094288278186,-8.66977802331834,2.742393654092268,13.953682729103914,-1.7870179503847252,5.949332826683927,-0.6318631667768254,-0.755560167486908,5.855661590281308,5.855661590281308,-1.0456398584414117,-4.1761907231523026,-0.20711760489612263,-0.34884857948595377,-0.5572905047292043,-0.11833362458244692,0.7441297704180915
4800000,-1.2383918463868537,-4.621410859647401,2.935707601299432,10.112280548606373,-0.3502257727664232,-1.5389957396267901,-0.5033081790104613,-0.6463621950521584,6.031583916567634,6.031583916567634,-1.023039324507433,-4.1861528540645105,-0.19542370320084101,-0.3623676740798723,-0.5722253375985871,-0.10586278963943921,0.7280390796941345
4810000,-2.473955335169631,0.6808016852678057,2.7294673538460543,12.400481143070303,3.8821609356286753,1.7185181339125393,-0.36358395165661916,-0.5181846198461152,6.207513060196739,6.207513060196739,-0.9837749810346242,-4.187159353645225,-0.1806544016167254,-0.375013178564224,-0.5656481235410992,-0.10862940654812307,0.7263655885782268
4820000,-5.034906131561191,3.4311630062883456,3.1344994187633226,17.590601841185876,1.593078613611985,13.858611488377528,-0.20862003008074567,-0.4064914075373645,0.10025689517715364,0.10025689517715364,-0.9582540909080378,-4.19538806463399,-0.1639357746520206,-0.3966808274859229,-0.5431909497151304,-0.12081228851397079,0.7300632193150641
4830000,-4.227182817166815,7.400186595813061,2.897412818510071,7.811465072983504,-0.8355726382584204,0.26943721544733146,-0.06782642048922993,-0.288712100150434,0.2761860768745237,0.2761860768745237,-0.9212545599650229,-4.1945172318213455,-0.14702662391400184,-0.4163460258942262,-0.5102933212191082,-0.13679833731197533,0.7399614367991993
4840000,-2.3681867323759715,9.543541012090268,2.1182272332577727,2.710446861883203,-0.933238600665386,-11.026256069562585,0.07611769249145091,-0.15966095244028555,0.45212490165346253,0.45212490165346253,-0.8947641141401705,-4.200870027950436,-0.12976674335362917,-0.426892392097443,-0.4732799068630436,-0.15419850911190644,0.7549780361816475
4850000,-1.5727956160358105,9.05823587887568,1.9712410477870763,-0.4736291828618224,-1.5687998091719484,-16.77716313016503,0.23780387632663205,-0.027578026110512972,0.6280526811460305,0.6280526811460305,-0.8605345499633541,-4.198388427787893,-0.11409881752716727,-0.43453336872227055,-0.4375258725159157,-0.16828874123170576,0.7690453575184691
4860000,-0.9907982861586078,8.692525966401494,1.4369351435525624,-2.4032882377738276,-0.3948983394505453,-20.552016867312382,0.3950741405895301,0.11535507192056405,0.8039828491667294,0.8039828491667294,-0.8337734926147635,-4.202821923795699,-0.1042863953892095,-0.43858590302794775,-0.4039544801299654,-0.18234887499616662,0.7818005317443327
4870000,-0.6090020335602367,8.204939589150587,0.8468928657547748,-0.5273086635719656,0.8206235018288264,-23.086009809055984,0.542179562518023,0.2485561848611604,0.9799113516715607,0.9799113516715607,-0.8036104163355063,-4.197442772260622,-0.09410973765068287,-0.43956483764661286,-0.37372882145952835,-0.19718016099272356,0.7926093020057629
4880000,-1.2594373067494882,8.319045006795388,0.7558011055290379,2.5751487263795108,1.9141812196090366,-19.143475601899937,0.6924902900965176,0.35967541984802437,1.1558320327718832,1.1558320327718832,-0.7777706857419836,-4.199110871424422,-0.08773521274808296,-0.441637880764946,-0.3426928110203048,-0.2144207046558152,0.8009627837567441
4890000,-1.0374302128519821,9.032812145388128,0.8820103851518244,2.170360504662675,-1.463880713760537,-13.423600417870404,0.8545166713368412,0.43932425299958533,1.3317611825990667,1.3317611825990667,-0.7518991814408256,-4.1917315071881465,-0.0808850894510276,-0.4423556836527282,-0.3071368244084704,-0.23129372266343606,0.8102417133725575
4900000,-0.7692394380233202,9.011819030698105,1.1437632755758207,1.5521713793942122,0.6091157102255464,-11.068028844401695,1.0158607209677595,0.4945225811782958,1.5076903833111146,1.5076903833111146,-0.7277929366064915,-4.190845381354777,-0.0776288005860147,-0.4411108262547912,-0.27164398922815247,-0.24708756428336462,0.8188885868380051
4910000,-1.8765051604095255,8.705380929193693,0.8938993341067982,2.024864008149318,1.7006693637830121,-6.019769852698761,1.1534639025501985,0.5445912906036322,1.6836195718471885,1.6836195718471885,-0.7036242372221838,-4.186891832733146,-0.0738663423368727,-0.44235862543622184,-0.23747493647127643,-0.2658234147243936,0.8229595453206693
4920000,-2.957612091791638,8.405855096129198,0.5230209943787435,-0.3325582280028683,3.0317737132179605,-6.386269534652673,1.2788311028835644,0.5832095974632345,1.859556509207394,1.859556509207394,-0.6802496811406155,-4.186828606764593,-0.07150427123549935,-0.44711062533468116,-0.20232131869503192,-0.28612280801088597,0.8229774671583053
4930000,-1.8037457347421129,7.047949887925492,1.3288981718212256,-3.6522166279365016,-5.433022218865679,-2.7233648498598915,1.3719640426101658,0.6258024390502092,2.035488115666354,2.035488115666354,-0.65846387871407,-4.185392358920122,-0.06943446776387752,-0.4491068826281535,-0.1657185124810079,-0.29574363215366833,0.826665643799027
4940000,2.267809491540048,5.325115189236608,2.7614064953518267,-0.7865557336117588,-7.985752578711692,3.1070928293796696,1.388309181656084,0.6700543427809071,2.211414420066845,2.211414420066845,-0.6365998094049108,-4.186138980364885,-0.07265336208910372,-0.4345056548564187,-0.134734613422381,-0.2911485173345973,0.841596079302644
4950000,3.661055007382981,3.988827634391479,3.283700018831413,-3.4608931513234165,-11.55599140042565,4.948775618235022,1.3198804887945415,0.6093240373796546,2.387347736324301,2.387347736324301,-0.6148461474048502,-4.187654530092464,-0.07419744298167413,-0.4163648453379157,-0.10962017517202374,-0.2800537429268941,0.8580172689606111
4960000,4.846419917935964,1.5022724212422858,4.788124921833944,-7.685435085063243,-5.9343616716122005,4.137425357345085,1.2499210212496599,0.5278319826682772,2.5632712919118177,2.5632712919118177,-0.5930330512340102,-4.19004134319968,-0.08099534206957248,-0.3950553981384411,-0.09482910513425452,-0.2573776148791918,0.876752779625028
4970000,5.74922392756897,-0.9545123303913414,5.44882709345942,-8.12294224562579,-0.49294648463914625,1.6700514469263747,1.1600927031405142,0.47598024242654713,2.739212378064096,2.739212378064096,-0.5719802029307393,-4.19647838021907,-0.0865904716329757,-0.37224835118195515,-0.09005190032026943,-0.22647365018169544,0.8955621173678592
4980000,4.504619564886044,-2.775721122974325,4.358722272833996,-5.9236075902135585,-0.9825206177321479,3.4217392186110636,1.0400914766099434,0.37572268011412496,2.915141578468635,2.915141578468635,-0.5507941731610528,-4.202748033825862,-0.09263746490366881,-0.35482097994366224,-0.09425851300008514,-0.19787101076157457,0.9088808876959757
4990000,3.4764223648024397,-4.396748981722766,3.6888341891343486,-1.5259610484884027,-1.1826772157878178,10.103859267323774,0.9211289709724089,0.24921904401938233,3.091070821743159,3.091070821743159,-0.5301846347095679,-4.2088195793099,-0.09825400652868038,-0.3399557986634342,-0.10808386537962737,-0.1711870429105655,0.9183914902367298
5000000,2.5655081502543498,-5.065570119931732,3.3096549973414136,0.9795355525212065,-3.0492255507076726,15.545110886701982,0.7955226146166903,0.1339358711098938,3.2669961746265415,3.2669961746265415,-0.5094992090379037,-4.214848832070866,-0.10222907336579515,-0.3285482439156308,-0.12562244487451674,-0.1460360068164734,0.9246342722811021
5010000,1.6241492723883453,-5.272863210753606,2.8451108610197355,2.3547487425722267,-6.7438642282614465,20.071476325251172,0.6702546331782255,0.03743506938489197,3.4429115913552693,3.4429115913552693,-0.4888194934440907,-4.2226689176453815,-0.10525085489515765,-0.32132009585813825,-0.14331776987388403,-0.12297994034416947,0.9279490002737424
5020000,1.5001440709715204,-5.257453297527477,2.7278528255931045,5.031871774770415,-10.059404329968885,24.492458406924445,0.5567822707177186,-0.08141211433812519,3.6188445771959863,3.6188445771959863,-0.4681720859236609,-4.2305596407079795,-0.10799656241082897,-0.3141843987447458,-0.16095368578095418,-0.10061672771664437,0.9301926406516681
5030000,0.9594676408072698,-4.882028215501998,2.59388003326949,6.289483946455895,-9.71727935662459,24.747771441278474,0.42895728651886716,-0.17386515491678736,3.794784071029568,3.794784071029568,-0.44431406172605603,-4.237224275118551,-0.10926357565907657,-0.3087565517874401,-0.17717785944769013,-0.08024417052522582,0.9310414979723423
5040000,0.1980783148314929,-5.4504686870080015,1.9427972946857046,7.430690201057591,-10.529827991585535,24.900976476397577,0.33942100181003,-0.2809610297938972,3.970699113772767,3.970699113772767,-0.4201800660441727,-4.244012791822825,-0.10593497938564678,-0.30622387312508753,-0.1966614065874854,-0.06275708156201265,0.929307688228781
5050000,0.34419195619246545,-6.8407720393471525,1.1203040268067272,10.075494776348537,-12.228123628236212,27.03167315235625,0.16832537245539073,-0.3793016224284685,4.146628093082839,4.146628093082839,-0.39500339570961684,-4.250477381454429,-0.10092721821066453,-0.3021270659853658,-0.2269015657214278,-0.04735730109663876,0.924657883492636
5060000,0.6004497283327459,-8.648079892021098,0.08911057902287019,9.405648788321749,-12.01008783113923,25.032562039374127,0.0414017028120261,-0.4975425449297874,4.322557926177993,4.322557926177993,-0.3690684345188089,-4.257098592868238,-0.09494832105562656,-0.29664383001197375,-0.26365403789848235,-0.03316178599357849,0.9172727415362179
5070000,0.8967613176348582,-10.650462414027874,-0.8382909943266159,7.850169885657095,-10.885855032376808,23.983728118891722,-0.05924863428201708,-0.6869840189626601,4.498499885953493,4.498499885953493,-0.34545737832668977,-4.260301822904345,-0.09088720490114055,-0.28900334989038845,-0.3086648843445112,-0.01957461890992041,0.9059911076932569
5080000,1.212477213524713,-11.887499488574601,-1.2061869798543599,8.747725548297154,-9.203537835903308,28.013129380543326,-0.22688359587977222,-0.8442550046659916,4.674415419851101,4.674415419851101,-0.3213806125274501,-4.262574362080833,-0.0822162834246784,-0.27835693497588937,-0.36376870345188256,-0.006773671723290589,0.8889003681578437
5090000,2.6251577599491958,-11.87866765492449,-1.242849800243464,8.017108768386517,-9.975904924788125,30.425464842262247,-0.35043178892848814,-0.9383236830232983,4.850362122639908,4.850362122639908,-0.2970218713296394,-4.264027065883976,-0.07257657563106068,-0.26223261766199923,-0.41340686327734144,0.009062557050309691,0.8719212634688037
5100000,4.752292441760539,-10.606187254146294,-1.3200964685121335,4.918692534919881,-11.924017536267728,28.38121903678745,-0.5009159858680438,-1.1102584823659971,5.026291103609694,5.026291103609694,-0.2717275804820997,-4.263486561875683,-0.06351652273834008,-0.23688399717882092,-0.4556712454189972,0.028302936052476274,0.8575830174331194
5110000,6.212153999636756,-10.594503627676758,-1.489511388463683,3.978571131573587,-6.88529979257448,22.402931767004954,-0.6335163817266584,-0.9141413788317171,5.202203004781211,5.202203004781211,-0.2466240074092844,-4.2638675636492165,-0.05092731743928175,-0.2037132811197804,-0.4968845501413492,0.04950480156936083,0.8421139575780826
5120000,7.7389221043435805,-11.056118991786617,-0.6386862879535645,6.538140734244897,0.9815447544853863,16.342329211508876,-0.7314292264042607,-0.9732699249677375,5.378132060014607,5.378132060014607,-0.2199913469016057,-4.261313897804583,-0.0402590855945385,-0.1635098876959978,-0.5377357724527202,0.07672398997416725,0.8235400324287597
5130000,6.604316726377654,-10.427446658538893,0.15716309231252182,10.550959733124307,3.00673857248805,12.901475844690852,-0.7918039094255446,-0.9305079529617603,5.55406288223152,5.55406288223152,-0.19514974485510655,-4.2598919301964,-0.027974337049732456,-0.12859736122268842,-0.574375050424702,0.10180260223386892,0.801992674726269
5140000,3.044313167870881,-9.431967569395693,1.5410557364270132,10.862704455195107,-0.7307866140769878,6.237509901659994,-0.7922983336973598,-0.8919142758292258,5.730007311181339,5.730007311181339,-0.1688303856298598,-4.253799438556467,-0.019034673920370726,-0.11493498101037787,-0.6087630278644942,0.12196747206924549,0.7754492000140532
5150000,0.10710450482306093,-7.448379414583652,3.5042914413985073,1.5249180555934485,-6.143900952602403,-10.068705093966157,-0.6602725163908015,-0.783995939671053,5.90591985859524,5.90591985859524,-0.1454280839395358,-4.250949205885566,-0.006484853672524549,-0.12480334875584968,-0.6389392255232602,0.14162887202626126,0.7457359136018803
5160000,-1.7679958065061467,-3.166820505016838,3.841392056388485,1.8333746445633228,-3.0987139190799815,-13.780080067629827,-0.5197654331526765,-0.6665773178547124,6.0818489644585725,6.0818489644585725,-0.12186474680195918,-4.2416886780900835,0.0011308049329982195,-0.14091254818412774,-0.6531727293714112,0.15045150788115672,0.7286105840200534
5170000,-3.0969346169024474,-0.5323804703453721,3.195800544945874,9.834574546585495,-1.0069585412973234,3.1608431882662456,-0.4195520499001819,-0.5616135160658987,6.257777929496584,6.257777929496584,-0.10009773571738374,-4.236674100970836,0.0114600401456032,-0.15729905043446815,-0.6544727650894411,0.14841942626824053,0.7244957435311835
5180000,-2.274728628183946,3.16284038434663,2.520086892098636,7.193353283658241,-0.14910092583896412,2.0839143899608343,-0.27318137754677924,-0.43003577045419783,0.15052159441511748,0.15052159441511748,-0.08013771770266438,-4.222358417213944,0.015449010272633568,-0.17458289302910593,-0.6424012408758188,0.14617680974886985,0.7317607528929375
5190000,-2.532355831082443,5.882644068703181,2.689894214733409,5.280905298157086,-2.044861836206568,-7.7951230046942985,-0.11426806550817246,-0.31145031465441503,0.3264507862943944,0.3264507862943944,-0.06008329045397724,-4.216518289849495,0.025594132815787596,-0.19759387958496547,-0.6254839089114265,0.141281230784219,0.7414621718412483
5200000,-0.2024227694563138,6.584347045282831,1.9853393160715733,5.997753513249439,-0.8081205797614482,-9.318885145721412,0.017083938532323664,-0.16372666712270842,0.502379978441688,0.502379978441688,-0.04437674530507685,-4.199993340863393,0.028412767804307848,-0.20951186318515863,-0.604581948999763,0.13944340319073775,0.7557387005009846
5210000,-0.2692043627485641,8.181534832808277,1.9532157057879318,4.019088332858217,0.7215569010304067,-15.062246208494674,0.1536491573378691,-0.04858517244088322,0.6783091749018908,0.6783091749018908,-0.024763592901832082,-4.193775352582075,0.03735410070358053,-0.22293502285552994,-0.5774618200043676,0.1356260497014749,0.7735912335749551
5220000,-1.2694465121164014,8.013038005696014,1.5530494084764979,4.786560203477271,0.7748631431304538,-16.54228561009104,0.31052130904191627,0.08219114145434381,0.8542383711898864,0.8542383711898864,-0.010261963252688577,-4.176231731476214,0.03758149840524744,-0.2386882489334115,-0.5513788990500046,0.12716539510161162,0.7892009831419103
5230000,-1.7056516186120412,8.459287875142664,0.9547144733231534,3.219236733695297,-1.818332172074016,-19.17424707414938,0.4587158444569514,0.213509576198474,1.0301834784761965,1.0301834784761965,0.008982721625232976,-4.169595160165292,0.04485520092274009,-0.25557806780026865,-0.5234775674706438,0.11518422046926326,0.804601567839255
5240000,-1.0213931140072359,8.44833985678414,0.8720524468223547,1.3110900703039765,1.5555782996265497,-18.870363259775967,0.6363865350658385,0.3354774685955338,1.2061143253605096,1.2061143253605096,0.02245688310807656,-4.151017197255539,0.04290370023277029,-0.2687712382507387,-0.4947341622982308,0.10395559905686524,0.8198739924945546
5250000,-2.145650225589232,8.497513288111946,0.6803022410329678,-1.8137208361536563,4.952235590171133,-15.455221151493078,0.7719453270044245,0.40194095368697286,1.382028950501585,1.382028950501585,0.04151138471746543,-4.144383122519909,0.047887637777906944,-0.28511781330658126,-0.4656758346697601,0.08840597632996679,0.8330895707479725
5260000,-1.8344403615934357,8.50940518314912,0.628200438673962,-3.676214784549213,4.853817696848412,-12.29446233149859,0.9380597084333595,0.46703615327710457,1.5579550726473386,1.5579550726473386,0.0543794322629802,-4.125993177876605,0.043993317493967676,-0.2998002537253266,-0.4348600641726736,0.07350480539769605,0.8459394635772792
5270000,-3.529753560100494,7.747198865591852,0.37885747521226126,-2.3857009927221258,6.058296319412252,-10.07938767489975,1.1044349412005727,0.5156156502225694,1.733884258918259,1.733884258918259,0.07355390153375002,-4.119033390795612,0.04481444805952073,-0.3192867766431804,-0.4072901091090808,0.05421679972089937,0.8539503849233542
5280000,-3.7334895429237385,7.850427903394818,0.4132383394410401,-3.3179060039904646,-0.13343202118606262,-6.048436345078821,1.2518662114997132,0.540052871830788,1.9098309928941362,1.9098309928941362,0.08756250343066196,-4.100534819317232,0.03571693108711754,-0.3427376640148588,-0.3762251541802003,0.036887360342649944,0.860014447363923
5290000,-4.010547923399517,7.4482404734695775,0.0334804207563625,-3.249726454281778,-7.1393702808866,-2.5946748446688046,1.3255547728218833,0.5568260682475267,2.0857468592818904,2.0857468592818904,0.10672595422963146,-4.093887173314143,0.033893496747435914,-0.3672992939235114,-0.34291582897886935,0.02005431598246681,0.8643481863979933
5300000,0.7256985128929757,5.400365174260691,1.351525799549495,-2.6422798658022817,-8.730305831579118,2.4265308620495762,1.3218012320797352,0.5856750756687666,2.2616717906418202,2.2616717906418202,0.12120401837842504,-4.078085898019383,0.02261216134646632,-0.37063515742227315,-0.3130510407464555,0.020532983227159744,0.8741893516681161
5310000,0.6447114196300708,4.193627310340099,3.4362235702549024,-2.620244079294962,2.9311968742412944,3.9822595374197562,1.2938129630468345,0.5142153878775522,2.437600910804356,2.437600910804356,0.1394322379045124,-4.071683644951371,0.019748843547746253,-0.3707215027205718,-0.28611877295102867,0.02875008025608273,0.8831053436996448
5320000,4.467056778869692,0.009907787927141658,4.1260496610873085,-5.006717958526856,-12.064401737356798,11.2251693164536,1.2113748141917726,0.49270782217426506,2.6135465506266016,2.6135465506266016,0.14922423331867332,-4.058519604917374,0.007558210972631985,-0.35793026469852923,-0.2715264773076272,0.05653191591566465,0.8916072230621821
5330000,3.447610119706308,-0.8778389563107482,3.549984548854079,-5.644858130542369,-3.518352348687489,4.285419060159621,1.110513288772066,0.40181076839388935,2.7894769411332234,2.7894769411332234,0.16764929725480882,-4.05366044165569,0.004451201868985122,-0.3480584179726426,-0.2625443336986049,0.08136674811508442,0.8962729845433887
5340000,3.0456757427162664,-3.1177930209290006,3.1100724420866657,-0.576915864664883,2.9505926803167504,8.816496624025586,1.0300063238355668,0.31585492151044725,2.965406188140058,2.965406188140058,0.18030702650544908,-4.052395289957091,-0.007782984597518361,-0.33302578152716805,-0.26717629879010696,0.10485844014575917,0.8981733472627857
5350000,3.0883362634988982,-4.507085200507353,2.9484979826021087,0.4997321504404565,-7.274384849920714,13.653394955029068,0.8785083085965859,0.2151392082981697,3.1413354405040295,3.1413354405040295,0.1989265699085406,-4.047493517391177,-0.011150766378000332,-0.31870293698514074,-0.27536114347126894,0.13150012248299606,0.8973919970727384
5360000,2.323711493845667,-4.737400966100666,2.7292229158128385,4.054177505331299,-1.5098457075775416,19.84078165444171,0.7673195174671583,0.10179823636362068,3.3172489515766372,3.3172489515766372,0.21464085982097278,-4.045009882055843,-0.02023597793102605,-0.30411976971737936,-0.2878949169391088,0.1544350230660355,0.894861724579985
5370000,1.4621419201122159,-5.239818539526649,2.761278339382272,4.655848027943378,-10.715777917068445,23.692203763690046,0.6519510258217358,-0.008617942957341876,3.493176291979573,3.493176291979573,0.23307492315767078,-4.0402730230142865,-0.021263738741154115,-0.2941431228946786,-0.30128503283091584,0.17783777128150577,0.8894272760329913
5380000,1.3794715051322415,-4.9124593919089925,2.534539119965178,5.53181124191427,-7.456407774181951,25.315849398734024,0.532836357575398,-0.11318403977250753,3.669120396517691,3.669120396517691,0.24756669062633055,-4.038930117928267,-0.01980492010193413,-0.2834223249993533,-0.31421417784338035,0.19887270089537135,0.8839631694662112
5390000,0.3606332309948694,-4.060004661949756,2.592033497317117,5.458828610657393,-8.994021300271843,24.077093580785185,0.3988401475755678,-0.21662566313270984,3.84505217882802,3.84505217882802,0.2660175831162199,-4.034283050421002,-0.018001102051353635,-0.278353259516482,-0.32371735429176757,0.21740105612444532,0.8777603991083581
5400000,0.13806371577808274,-5.678735276678735,1.7455519348930904,8.390102315629711,-11.959993498804504,25.508508798455818,0.2692606008775387,-0.31473769184513084,4.020966164889522,4.020966164889522,0.28270359705792825,-4.032836448425164,-0.013004307000170912,-0.27072693441679413,-0.3417079196428928,0.23382616412486407,0.8690615338428364
5410000,0.33909636212137845,-6.99136969372305,0.9065526129793798,12.272818137794369,-9.771748135203364,27.988708881954445,0.1544850876103804,-0.4246519221089345,4.196892917503,4.196892917503,0.30108676359349795,-4.028044613722088,-0.008006073521639845,-0.25785991166819877,-0.36722138750446087,0.2475906681472636,0.8586941129180746
5420000,0.6364748241883403,-8.805817344437228,-0.2801081634573698,8.991989332669661,-8.253758233996793,22.96149523146016,0.013581201561885957,-0.5679482517041496,4.372835448530871,4.372835448530871,0.317193442250879,-4.019477091933231,-0.006694049861228846,-0.23972713520214695,-0.4005003411391586,0.259049064641379,0.845590893697192
5430000,1.0585106989809858,-12.046724811924825,-1.4704376079603736,11.543750790884529,-8.424766430886983,25.337071583622897,-0.14802136152137715,-0.7412468119869436,4.5487685607145,4.5487685607145,0.3355089970468792,-4.0145125032741475,0.0014565016746376225,-0.2126761670909443,-0.44741326576817103,0.2691911335139849,0.8259094085937153
5440000,1.2237740551637688,-12.287777732726463,-1.1462266926463793,10.364700430765138,-10.111862256331786,29.20972308897538,-0.27485126854937875,-0.8348071823322228,4.72468442275747,4.72468442275747,0.3515122551903682,-3.998176825550508,0.0034920120732912507,-0.18607933616899086,-0.4925897555795491,0.28075982021988316,0.8024361262425109
5450000,3.709079062951085,-10.592665804142314,-0.8020877534221307,7.418666714703316,-16.479077264494105,31.850262199524277,-0.3965705203523109,-0.9249718090917981,4.90060945954162,4.90060945954162,0.3670666840448469,-3.9793251685802087,0.014924768338923977,-0.15397011678275424,-0.52512153365174,0.29821118426979093,0.7820554121093714
5460000,4.288883129091479,-9.88221316224575,-1.4308796657606984,4.069927170353179,-8.123803901496476,26.281543102147797,-0.543115711912141,-0.9794022434067501,5.07653867203927,5.07653867203927,0.38510285052619675,-3.972974679860947,0.018933050182388333,-0.11801479362900774,-0.5534727660813547,0.3126910385758521,0.7628661219934413
5470000,6.9469321223002245,-10.545766379449892,-0.4301976230064142,2.4439903714949542,0.059575593098516656,16.075999499365196,-0.6918732719450957,-0.9903283661336054,5.252480477750474,5.252480477750474,0.39836978994572825,-3.9476747140439516,0.03152485924029502,-0.07227108462495511,-0.5782413978613977,0.33698627582694834,0.7394957917599756
5480000,8.280841491397195,-10.653434719159986,0.3674677551096148,6.929397527525095,-2.4247018327185463,15.620763751454595,-0.8431956931067957,-0.9803277267550264,5.428401294804537,5.428401294804537,0.4160015029610169,-3.9397476057617946,0.03299624677928037,-0.023613585339575055,-0.5982867523394645,0.366542871415633,0.7121388094865282
5490000,4.667929024092901,-9.295022984032745,0.6077594118399706,11.319305806938331,7.974712617057795,8.881751128826613,-0.848544087519056,-0.9542569854553067,5.6043390767631465,5.6043390767631465,0.4260271915545837,-3.910819016789062,0.04508844810265761,0.012353502155863182,-0.6199461229553865,0.38119249586525344,0.6857160321248794
5500000,1.068911563512894,-8.093757963770743,2.9591947774274345,0.20212756027111853,-11.25373860771169,-6.026040330980147,-0.7619402098094928,-0.8930703636081981,5.78027307843589,5.78027307843589,0.44290901745023237,-3.9010216116290706,0.04206966254304484,0.01759033649324064,-0.6484855953973169,0.3954330117899029,0.6502228431937844
5510000,0.7447452698840171,-5.080125295290215,3.0652467040928433,6.083025524798616,-6.7136680712765795,-7.547587981265,-0.6531717229422255,-0.785115649466866,5.956190594050518,5.956190594050518,0.4602853027468873,-3.8926037102205395,0.052715997104479495,0.01866484415781854,-0.6683516026490223,0.4057639386993259,0.6231479638739562
5520000,-1.9135367951882745,-1.729073773633442,3.4666295329340984,14.967921428364052,1.9782924012780005,0.5673876316811435,-0.49408536043323564,-0.6537448532333662,6.132126134291774,6.132126134291774,0.4617339366532074,-3.8628729937554054,0.053650963532748286,0.009520516381393769,-0.6779597998616524,0.40582142290562606,0.6128530347891188
5530000,-3.0290802221729978,1.0483300845243726,4.153829221326635,17.768849240864554,-1.1733686141791828,11.868712478285687,-0.35843386240225683,-0.5175328419930063,0.024863093315147466,0.024863093315147466,0.4569953878295986,-3.8352339330897953,0.06465699610718045,-0.013606474943126818,-0.677974486297212,0.40759661116276835,0.6115802991744261
5540000,-2.708721714493652,3.968092690350553,3.369203003912377,10.832798568442442,-4.854742762497288,2.5801745259309588,-0.23897255093149128,-0.38511091902677524,0.20078690578131386,0.20078690578131386,0.46993805323697335,-3.8227295930360694,0.06433410353057856,-0.036053182274591374,-0.6697716021625647,0.4046932089176774,0.6215541614697624
5550000,-0.8805360421170374,5.301216206316094,1.9335919604587417,6.2408875407217455,-1.6841096952268075,-8.491861530642726,-0.1051510100115178,-0.25225427601505096,0.37671610332697014,0.37671610332697014,0.4645549626035079,-3.799543038824403,0.07488276359442209,-0.0542707136281093,-0.6592825631708444,0.40293301740591725,0.6324920355430099
5560000,-0.7260286952939986,6.860771053806588,1.8183577970643232,6.505058835087963,-1.431903116687711,-12.073825046118301,0.028196917823932976,-0.11608686222366761,0.5526452882819655,0.5526452882819655,0.47545597800413064,-3.786255996492802,0.07604244370530727,-0.07553553449514396,-0.643901363677486,0.400650462979386,0.6474292420003985
5570000,-0.6871379635733732,7.755544754177316,1.3784085328465094,3.8581656294801627,-2.0685691639970725,-18.319992413872438,0.1780467129872278,0.02435598048702574,0.7285866321314387,0.7285866321314387,0.47145785464518564,-3.7625084039262306,0.08517926379453644,-0.09797720083316915,-0.625223971767334,0.39680424270981207,0.6648622761233106
5580000,-0.7981590428191808,8.475085640090962,0.798752301803369,5.665549970742489,-1.0699918705000706,-18.341366314000968,0.3400276465918693,0.1469371400521679,0.9045090319446842,0.9045090319446842,0.4810259807393269,-3.748070876308922,0.08922307514602001,-0.11981685946688556,-0.6039455442778561,0.38934571088995173,0.6850573823746555
5590000,-0.5475108780803686,8.837606568661005,0.5818692621588131,5.481502273580611,-0.8002940686702344,-19.49092433055069,0.49138282812068246,0.258951216402824,1.0804327848741906,1.0804327848741906,0.478045108932884,-3.7243753020131196,0.09696586655695938,-0.1407449374261381,-0.5802038483729633,0.3811020792302752,0.7059146989038244
5600000,-1.0536855708126955,9.734066739222293,0.48397360319968225,2.4004667441587366,2.457422714073251,-19.767091444562485,0.6389565033054584,0.3803350345576055,1.2563619660665353,1.2563619660665353,0.48641663792694334,-3.708935925960305,0.10213466915338332,-0.16459959127721446,-0.5533974285866394,0.3695324672474525,0.7280824240668634
5610000,-1.0955299099129376,9.151020396048533,0.22620588795175983,-1.2479585646231104,0.5942025893152924,-18.438097113360307,0.8082617609830224,0.5326414382815281,1.4323019502884193,1.4323019502884193,0.48332565177296627,-3.685624513751969,0.10745009292812219,-0.187927391521717,-0.5277018182465164,0.3575166284349157,0.747258955736025
5620000,-1.4542063095078168,8.220981839699967,-0.29887002037226,0.5142268429669093,7.988587822567334,-13.599263252890957,0.9871847325785367,0.6130592218342945,1.6082271835035868,1.6082271835035868,0.490348737052291,-3.6693486258410153,0.10985663462412398,-0.20606771724746273,-0.5048785538153571,0.34146536902093844,0.7655293224724495
5630000,-3.287894662616342,8.505075683775987,-0.7022814549050529,1.9233118649091103,-3.90729534445722,-3.133422246024866,1.1360878009179824,0.6116898762233451,1.7841596677899645,1.7841596677899645,0.4899590365595391,-3.6475773055093867,0.11208684348528092,-0.23538185948816687,-0.4809568861123905,0.3219925791199742,0.7807666955734173
5640000,-4.014868992159946,8.189613286962256,-0.05178720013628277,2.2262659112424212,2.677990578691752,-1.613314798479834,1.2341966955421184,0.612450691268436,1.9600861164104515,1.9600861164104515,0.4966845576743101,-3.6309746220029457,0.11079715392797912,-0.26199220315549276,-0.4574515480665191,0.30033058751647707,0.7949211941188158
5650000,-0.5218828970402992,6.619539319807447,0.49943155137857564,-1.892228521782822,-10.76322320769306,2.0296554713719757,1.2738771544876144,0.6321574195522539,2.1360179324323383,2.1360179324323383,0.49591921442600617,-3.6131254495632907,0.11094164287462543,-0.2783740975673916,-0.42972272810869944,0.2943874721713298,0.8069586451478984
5660000,2.9429428018741026,6.18218783868124,2.658334470227604,-3.054330669087772,-4.8275715291333645,0.5534490346873122,1.2411188457515565,0.6571818212742478,2.3119445497678015,2.3119445497678015,0.5015514280349023,-3.5973836898852807,0.11105352963458259,-0.28562751759523697,-0.39318956207948486,0.30593607193285216,0.8186708797523107
5670000,3.8965595004748144,3.9754739732114515,2.8174996699962445,-8.165122402650526,-12.735739714215539,3.5652976643932925,1.1626622849845618,0.6295054680964464,2.487876179752348,2.487876179752348,0.5030999057118389,-3.581984860044026,0.11104932239629028,-0.2863114291555317,-0.3630508263914642,0.3226405790328531,0.8259073312138216
5680000,5.126097649080834,0.8454530726834346,3.826028669533969,-7.52909290387996,-4.517791827961188,3.8316402273891854,1.0690349961132186,0.5425899639170757,2.6638035730350538,2.6638035730350538,0.5088330331739018,-3.567017024199285,0.1090941573625352,-0.2752752265305663,-0.340928895117783,0.3492187246382031,0.8282736990236864
5690000,5.606761440848634,-1.9191354114467667,3.9716261073841377,-2.5341934592313833,0.5674681195735809,6.316553112149341,0.948804829252146,0.4438380797460384,2.839734122691567,2.839734122691567,0.5119974480056739,-3.5511286380119387,0.10745265392671427,-0.25338750482846584,-0.32890386320887016,0.37920236477323693,0.8269356611692775
5700000,4.289122121272966,-3.8376168013325027,3.065941441768516,-1.7936791865060724,1.0146357315554488,8.321742215286369,0.8328812206833159,0.3497212271752288,3.015662252643679,3.015662252643679,0.517866193232779,-3.5358568528751997,0.10366720468383972,-0.23072685884925317,-0.32800073076384895,0.4048736442224636,0.8217408164609811
5710000,2.6091315499108325,-4.837097759645689,2.257011117952249,0.7381677199243619,-1.0567135047263227,14.262414126541126,0.7186175117628475,0.24146905733051507,3.1915829502801074,3.1915829502801074,0.5229900931864176,-3.5189061179319303,0.10087821769373656,-0.21066353034521076,-0.33537681219301385,0.42487759638496964,0.8140161539649415
5720000,1.7176698056497823,-4.850933441351428,1.893505375570063,3.4172663612270764,-4.664836389318856,20.63520789111706,0.5886871477641603,0.12807541243805695,3.367520646289421,3.367520646289421,0.5294479676126751,-3.50296286065097,0.09690369365939477,-0.1932434536998025,-0.3446921845193923,0.4414622919731521,0.8055776252473954
5730000,1.6083067270641838,-4.823626040166117,1.6579646719084677,6.473896774773029,-6.131509601255301,25.978958259343376,0.45720198198796774,0.02749802028687597,3.5434504710432577,3.5434504710432577,0.5358203243101798,-3.484525915789313,0.0954012216149438,-0.17533371714662205,-0.3543548713531719,0.45627262867801033,0.7971863026288674
5740000,1.378745188471311,-4.573070621489405,1.3538716754694118,6.809389453329471,-7.207519175015499,26.889674690548617,0.32856670559524886,-0.07652402337037241,3.719379192666196,3.719379192666196,0.5427615813798844,-3.467522216017341,0.09571031763844307,-0.15864412437858064,-0.3633468104419299,0.4689625190942307,0.7892308235406313
5750000,0.5718059149617303,-4.864831464500386,0.7246702889553337,6.712733217025644,-8.644927865650827,25.553373723984333,0.20906710786187238,-0.18601090421290276,3.895308690297469,3.895308690297469,0.5486479357509062,-3.447938097262845,0.09806390744648869,-0.14375709712499968,-0.37539601632898184,0.47776959578618966,0.781119671556686
5760000,0.16075216478327478,-6.1830013553968595,0.009616388653169756,9.469712731246615,-9.043381525627957,27.40562124999459,0.0982256566087297,-0.29341921415982003,4.071228966304162,4.071228966304162,0.5551560561859349,-3.4298936997805574,0.10136327228280834,-0.12535353679734004,-0.3941258999197905,0.4833055133468952,0.7716003153144169
5770000,0.6192156521545983,-8.477130844805922,-0.9187434657675233,10.887985019690412,-8.523122234537954,27.575906942950372,-0.037432833122354583,-0.4024212883143839,4.247158149935288,4.247158149935288,0.5614036408078318,-3.4161170463644854,0.1069912007037685,-0.09751026139937552,-0.4208124454002844,0.4867533619767518,0.7592626682001344
5780000,0.708215962897139,-11.110347267377682,-2.074173832262674,9.990075040408737,-7.20831769367034,25.507308835527486,-0.18130217906540266,-0.5385230953684808,4.423087511362411,4.423087511362411,0.5680148205478932,-3.4017926346499845,0.11152246095670981,-0.060970988055147966,-0.4567507060335467,0.4860538760375431,0.7425718556088134
5790000,0.8146390379552311,-12.65706491265066,-2.6826031397221954,9.778202711471486,-7.943144790476851,28.34096328457856,-0.30889790215277235,-0.714033888381573,4.5990168850416495,4.5990168850416495,0.5743367525640473,-3.39032930982423,0.11867784844310353,-0.019961756153766014,-0.49674290443082386,0.4823351834196812,0.7212494617151473
5800000,0.7950566986702658,-12.389652381274583,-2.506618086464665,8.323414150603513,-7.668155835257667,32.36547242180153,-0.4393627427491542,-0.863781606127286,4.774946247103799,4.774946247103799,0.5818020676666296,-3.377403425940363,0.12654441470380579,0.01905250623702227,-0.5341657874213196,0.4773211547121663,0.6974728875152741
5810000,1.2770541762102745,-11.055027205163162,-2.349085449004703,4.183316527327366,-8.037311588532244,30.257868865958738,-0.562747008037988,-0.9079213278618621,4.9508755128644,4.9508755128644,0.5906457349355122,-3.3613468928588803,0.13268079842836233,0.055264765825996515,-0.5644706756111743,0.47292775618255706,0.6742833228438875
5820000,3.4752293762555193,-10.387076181901989,-2.0121062949310193,1.483784023156839,-7.058798129293806,22.983455375694284,-0.7031062904430035,-0.9692857122132742,5.126804548235114,5.126804548235114,0.5987166138385193,-3.3457593097200458,0.13618081623721656,0.09573776919449428,-0.5862152257081886,0.47484060393253014,0.6493938631944016
5830000,4.801047363586763,-11.511242882524606,-1.4037474396122707,5.630987355516441,-6.008049833470704,17.293625373902774,-0.8477818987535956,-0.9859897200134898,5.302733697423264,5.302733697423264,0.6083529452233126,-3.326224360391641,0.14365806336932851,0.14132179575972342,-0.6068728744926517,0.48016245498863547,0.6173957248536468
5840000,2.6360194708415543,-11.468638353197582,-0.6707120833007544,11.68535421748885,-0.09423653546907731,12.403145930720099,-0.882307698515391,-0.9726902665312869,5.478662771223057,5.478662771223057,0.6178254767809123,-3.3070126487657667,0.14912271900178886,0.17982336560606044,-0.6310456518794609,0.4774805836991228,0.5843434218133036
5850000,-0.0924091972401141,-10.387035252821901,0.7826840889663829,11.67635201629028,-1.8745867172453676,6.025263008310136,-0.8659362794228783,-0.9018797489340836,5.654591936550517,5.654591936550517,0.6241963442741795,-3.2852994754157128,0.15540489234540739,0.20035683598317977,-0.6599086613253975,0.47116109075057194,0.5498953750899005
5860000,-0.909251862270342,-7.743389460583758,2.0685043552733204,8.431525850498687,-3.4411472507834286,-3.807727608489253,-0.7619730511518628,-0.856740582996994,5.830521181427841,5.830521181427841,0.6305506513787654,-3.263507477202096,0.1606949701506178,0.2082542049494672,-0.6867697170100772,0.46527042513585004,0.5181707955999347
5870000,-2.421820780432782,-4.308025923480644,2.778997097483887,11.380022834415005,0.6261368945488871,-4.4887401177666035,-0.657463171967372,-0.7160794083762543,6.006450484411886,6.006450484411886,0.6320569088077145,-3.2422688123593604,0.1658778666812767,0.20160641165346738,-0.704798015081119,0.45684642293586397,0.5038908200876785
5880000,-4.543973616525294,-1.3383000343123947,3.401315528371163,14.386371485471061,-2.6551850707818496,4.363270090388402,-0.5069200247261534,-0.5809985569970446,6.182380427266182,6.182380427266182,0.6286641710219872,-3.2197322615372785,0.17543908574760053,0.18252653368629412,-0.7184511403941646,0.44755162914310936,0.5002095187200453
5890000,-5.895145904461445,2.117573944564546,3.284837285516492,8.800289631289834,-2.7445679338900106,1.4206271201638527,-0.36519607965270723,-0.4339793707695028,0.07514127857937325,0.07514127857937325,0.6266797049787837,-3.2013014595532345,0.18135220569401983,0.15694807946977668,-0.7313615637304864,0.4337444450154023,0.5023378543039804
5900000,-5.626209059866693,4.56588726666007,2.3888049903457396,3.512696742301136,-2.0536836323386147,-8.139336883094538,-0.25577239213844,-0.334523664035078,0.25107046508076536,0.25107046508076536,0.6282687722199307,-3.1835104713654716,0.1839968433798393,0.12572486375193942,-0.7380435807898038,0.4186132109754811,0.5140504946854134
5910000,-3.897322462717733,6.354281108282388,1.4307535615702738,2.654824154908024,-3.1805623022464693,-13.84479577993506,-0.10942486891206082,-0.19919112505990913,0.4269996716549187,0.4269996716549187,0.6245803954456742,-3.1648653502383475,0.18380044806927093,0.09882693756711515,-0.7333612715746398,0.4096146377543322,0.5335075728637039
5920000,-3.0529440502869964,7.6750700339611395,0.6753402145349277,2.9424540917373303,-3.0247627350698587,-18.53316463161668,0.02188693820259139,-0.06673591016072414,0.6029288709663163,0.6029288709663163,0.6177225996594915,-3.145683034686506,0.18946052420505383,0.07473104133504363,-0.7220220532205336,0.40238410271916525,0.5578408912970413
5930000,-2.246268556799837,8.096328198433538,-0.06827781061589121,4.4537041951602925,-2.6200139613908404,-21.894689506427436,0.15683532408964682,0.08091901100332065,0.7788436343823903,0.7788436343823903,0.6141628048377334,-3.1254661228202463,0.1956451089319831,0.053289113235532884,-0.7094955544062617,0.3941288416681783,0.5817549182032086
5940000,-1.661852775520902,8.271976830234788,-0.7608085459993339,6.6948730878692375,-3.5565248538299183,-22.233805490013822,0.3283316389614896,0.21212832839772586,0.9547870058641976,0.9547870058641976,0.6068252762056411,-3.1038741440968938,0.19929076233624904,0.03538216096497164,-0.6934569005166273,0.3848247723681705,0.6080917072145511
5950000,-0.9461434892152806,9.689867584095202,-1.1528475426955413,5.771695069063174,-4.4976176537288834,-21.507268760319782,0.46690876943355447,0.34704688473706563,1.1307013957502434,1.1307013957502434,0.6025012480623426,-3.082231690558323,0.203952583241731,0.017990114612682805,-0.6705766238848916,0.37677406375811484,0.6387837287803747
5960000,0.10714662045582937,10.704609854245694,-1.17819115205095,2.997685768695824,-2.8613549442013713,-21.996503800557804,0.6310137410856409,0.47693352065297995,1.3066456959604338,1.3066456959604338,0.5934089051616781,-3.058157882044712,0.20457636314172017,0.0020797731729884253,-0.6412413879002612,0.37145534447154926,0.6714358376277054
5970000,1.1895155367698735,10.956726998848843,-1.0372983514244971,1.6303078713012353,-2.4635627096620545,-21.96424688556628,0.7587452455359571,0.6176237966013933,1.4825748779227794,1.4825748779227794,0.5897620155617913,-3.0357365859212524,0.20677117107638693,-0.011166042633928279,-0.6076686461067059,0.36928497514025355,0.7030239989974758
5980000,2.494300133790471,10.404927178887752,-0.7502137964453232,0.6506218222337121,-0.37319427362040436,-21.035129266038,0.8995073067254217,0.7342909837333108,1.6585040276460816,1.6585040276460816,0.5814385783271616,-3.0100636763391675,0.20287454979446534,-0.01940641919325542,-0.5722955574854369,0.37101159666355293,0.731061954226651
5990000,2.489243871329075,10.358822702517553,-0.5737226315838341,-0.5111823955486668,-1.0643638301312337,-15.886296157922773,1.035883781467542,0.8230982267271912,1.8344174048251674,1.8344174048251674,0.5774678867065648,-2.98736146936755,0.20189703135847065,-0.029447316770921758,-0.5350249430337392,0.3736413479708597,0.7571481420126819
6000000,2.461307794810513,10.427261732001222,0.3822865208402825,-2.5361163698670532,-3.5878096470918606,-4.622326532091113,1.1236396264136315,0.9410459034574836,2.010361783433048,2.010361783433048,0.5682620471385887,-2.9609660325642073,0.19374636975426412,-0.04363807910524605,-0.4928092787031472,0.3807183244925817,0.7812095047243406
6010000,4.342165594452796,9.865676002192433,1.4489888166428266,0.760150205366924,-1.8763747233254713,1.098982240494835,1.0784257665002521,0.9305670820348098,2.1862738559147274,2.1862738559147274,0.5643584301126708,-2.939342171705726,0.19025437724673105,-0.05056304732660321,-0.4452410830186552,0.39485367301126584,0.8020563154460759
6020000,4.665326359699705,8.5557797753424,1.18255315608259,5.386795463347335,-9.257464562991952,8.09047105295194,1.0828236236958106,0.8588945611171144,2.3622029754341654,2.3622029754341654,0.5551858353860083,-2.915212025084601,0.17951144281182546,-0.05690660578200697,-0.40092853066767165,0.40982572291207753,0.8173498812348519
6030000,3.1421427645393067,6.804678859199342,2.200638704841214,-3.620338166775963,-4.594808455842178,8.238821374829673,1.02085015516592,0.8492929905867383,2.5381476990177063,2.5381476990177063,0.5514695031581448,-2.893520965062385,0.17729747505751964,-0.06551757504774884,-0.3607388247374346,0.42521675731279673,0.827505683960725
6040000,5.778594249282068,4.4863686039353485,4.465998402573503,-5.429692135557165,-2.6802341522078863,3.723851557178106,0.9079436910131935,0.754154551059024,2.7140614701499075,2.7140614701499075,0.542790646395172,-2.869247103147159,0.16833528561307942,-0.06131688722482396,-0.3259560846416697,0.4545114683910544,0.826687483470712
6050000,5.092804215923826,1.1395224830235156,4.455998258996077,-4.126026956279391,-0.05133609698295283,4.7615115568429935,0.8079072320184856,0.6666919546449825,2.8900063413365658,2.8900063413365658,0.5397522655612184,-2.8468883561379266,0.16498023976675102,-0.048229800328092716,-0.3072256107258577,0.48245601950880423,0.8188543824845517
6060000,4.612146512217888,-1.7046843888291727,4.128370153567241,-2.5548326618074517,1.1502777709787164,6.626561475043021,0.6868106311403174,0.5441751881993268,3.0659373582343434,3.0659373582343434,0.5330698703755646,-2.82088339760523,0.1544627190340761,-0.03309262657359232,-0.29116688441475364,0.5083763271606586,0.8097408433994827
6070000,4.375313601678442,-2.9055250264970374,2.9732902336830245,-0.7664955721643905,0.15519704462642814,10.229591880977141,0.5588690242941917,0.43433602005486466,3.241850602463238,3.241850602463238,0.5306107129901905,-2.7985954535631974,0.150892698897436,-0.01222562322725497,-0.28474312200830354,0.528235138874811,0.7998371875973127
6080000,3.281094357178557,-3.0985699030210556,1.9636525925545405,0.02665634398043385,2.4203011507145114,13.239090220365146,0.4393805395266658,0.34232295277369906,3.4177779433435305,3.4177779433435305,0.5258943458903316,-2.7729933370326627,0.1417136065868077,0.007965540132223352,-0.2819204933112248,0.541486684327044,0.7919908814614357
6090000,2.495739208438562,-2.5736399367421723,0.9628876065398935,2.527699196685472,-0.8320831554339326,19.221072822876064,0.33850114537345544,0.22111578162359236,3.5937229310778136,3.5937229310778136,0.5235503092857321,-2.7502552562698166,0.13893112135871222,0.023777372159394468,-0.27869822897724467,0.5496036222996331,0.787208861797975
6100000,1.540260005916317,-2.6331843898805323,0.1801445799900607,4.003021025285196,-1.7771586803787018,22.512530602452795,0.20731846393465236,0.12001363656212279,3.7696532825303493,3.7696532825303493,0.5194037353183908,-2.7233331686369002,0.13166735667119017,0.03660709635958833,-0.2782038753097539,0.5531146642190554,0.7844276209342685
6110000,0.6149196170854297,-3.0325038237228807,-0.5799075863431374,3.580170965059767,-3.502717143235152,21.9343821720295,0.09080827703488885,0.010742111968528069,3.945568411728111,3.945568411728111,0.5175325716666045,-2.700849896873412,0.13133372407263544,0.046141406324925964,-0.28192542484216987,0.5525171933867751,0.7830158213356364
6120000,0.5935082463199323,-4.447078635899302,-1.1408085808824047,6.297050111162408,-4.1219137904922665,23.69924624224675,-0.010245191677321554,-0.10126278141605155,4.121494910738527,4.121494910738527,0.5154492608855152,-2.6753467543650906,0.1269387110725077,0.06044855074116266,-0.2911574771747169,0.5491056542644447,0.7810609941953082
6130000,0.5197734210085211,-6.8548493193954,-1.7639524626811343,7.316684100967427,-0.8227142361694353,21.790115392141015,-0.13114994131077579,-0.2174309349046601,4.297424000836109,4.297424000836109,0.5145917287197769,-2.6524904185932057,0.1295211465296393,0.0846163305876297,-0.30927518877528726,0.5412036594619193,0.777359333378665
6140000,-0.262239402936763,-10.127441834477574,-2.6698872491337977,8.476824464692445,-2.042628288597579,23.23476878541015,-0.27483966792279685,-0.33583633305018723,4.4733530026953545,4.4733530026953545,0.5172509048677415,-2.6256074085269256,0.12850379905892312,0.1143190676003906,-0.3416038033724561,0.5265224086750051,0.7700728182889724
6150000,0.027190145041863453,-12.719861787446968,-3.582701334948603,9.242755540972368,-3.3363824684583543,26.79563366493591,-0.39424094016660943,-0.46507292862611893,4.649282069769946,4.649282069769946,0.5165099073361422,-2.603102415407954,0.1341326049323,0.15152655899526005,-0.3822682409692718,0.506048131767425,0.7581727917829905
6160000,0.10796578565908366,-12.35331802189003,-4.033293391900754,10.056141448703356,-1.5584279644362693,33.939650072558706,-0.5539704843128911,-0.6087571568213062,4.82521101591859,4.82521101591859,0.5193178735443514,-2.578712636759904,0.13736278900740612,0.1888994188753596,-0.41988411610311277,0.48201653833482305,0.7454357084045367
6170000,-0.21835902910899516,-12.055750717491225,-3.9232197861468534,5.572778097022682,-3.511588570163133,33.43375323557379,-0.6860742369492542,-0.7682728676610738,5.001140180878615,5.001140180878615,0.5182852491300356,-2.55701655689887,0.14585088697100312,0.222614622948759,-0.45662460466759075,0.4563573665371935,0.7305303922964369
6180000,-1.0115008353303985,-10.999531555470222,-3.5993793975932182,0.7069804352762724,-3.5474785059226273,26.45482823438265,-0.7887841086543307,-0.9013636242393781,5.17708519106889,5.17708519106889,0.5185224460259517,-2.538374368461027,0.14849486570809162,0.24947474876659342,-0.4908857041552637,0.42971876839043954,0.7156363289247131
6190000,-0.35870528807969054,-11.469034224057088,-3.110031456326963,-0.9610628202949861,-2.393647751665421,12.877927417875554,-0.8486711919830275,-0.9395633845651514,5.353003223049093,5.353003223049093,0.5177004812946221,-2.51716466113493,0.1577877517108245,0.27820061758878445,-0.5258175946962116,0.40405122291192846,0.6948833590930815
6200000,-3.4697476663465627,-11.690577016186717,-1.9579870350424,8.084383224690802,-0.604139451792357,1.179749758334336,-0.8984895608859096,-0.8873892089480058,5.528943480056078,5.528943480056078,0.51913990519497,-2.5020017289689322,0.16151204215903964,0.29558002370296005,-0.5731060579234316,0.37009622636751566,0.6687381245209119
6210000,-1.7877501897343775,-10.073879076422923,-1.516306503709098,15.99706135402396,-3.0783508337448087,6.164028192733528,-0.8372646451944306,-0.8382848089066711,5.704861917450053,5.704861917450053,0.5154992210747014,-2.481237751490317,0.1705070998191689,0.3084531064755284,-0.6049237120986009,0.3479660112200685,0.646408260066377
6220000,-2.0700550648886447,-8.351500784983049,0.04899646192094054,21.3254804700922,-12.372684779681284,9.463128668946418,-0.7449235972667638,-0.7570257772501257,5.880786516963745,5.880786516963745,0.5143481376094632,-2.4596619509485844,0.17243612756858573,0.311491770629789,-0.6349144832530879,0.33272701575015345,0.623818249793464
6230000,-6.041701396949135,-5.349775038732789,0.4807015420696881,15.511703650299951,-7.495417209669912,-1.4067561627041647,-0.6071381546026868,-0.6308456457222855,6.0567284377120885,6.0567284377120885,0.5129158282675048,-2.4383946803495387,0.18329148517454302,0.29551009560042135,-0.6651857531243204,0.3106280571669785,0.6113198077433195
6240000,-7.562173823463683,0.6675213778866027,1.2050559741586964,9.191200424481302,-15.488269186460727,-1.7164406241715897,-0.4702822522371168,-0.5099769898526241,6.232648475111056,6.232648475111056,0.5073180807514194,-2.4216675599940514,0.183943211870022,0.26291521149354746,-0.6784869215610123,0.29420490341192745,0.6196568111820788
6250000,-5.4385657064106505,4.663513553321399,0.8438394851717447,6.515869206196113,-8.063367494814651,-4.98111433265425,-0.33803020325118066,-0.37232053203453436,0.1253887782745835,0.1253887782745835,0.5055902379044219,-2.400616810759811,0.19528450695647043,0.2330014077551148,-0.676967529392728,0.28747821659453227,0.636224475413881
6260000,-5.413327551307124,6.517766468779527,0.2093992712387964,5.223352576318925,-3.4831080321033046,-9.671190379562807,-0.20538427615964275,-0.23930844221673883,0.301331828507287,0.301331828507287,0.49539221298120595,-2.386137794684547,0.19650363375386742,0.20589506425595014,-0.6690846782130279,0.2765276070646842,0.6583808916020322
6270000,-3.569145633010582,6.232859387290755,-0.2520733346283906,8.479700181525118,-4.282131213141485,-11.565157025495123,-0.07791722161596557,-0.12305139030180426,0.47726477031403647,0.47726477031403647,0.49343832909862717,-2.3652869252214215,0.20737766834757393,0.18649873716371665,-0.6581723788190396,0.26947673256147386,0.677797633076435
6280000,-3.0399797507224613,6.641933868250756,-1.1730948685207423,5.840618474286021,-4.220708336607235,-24.61290488556237,0.04289899465284483,0.011932509300274457,0.6531804252004321,0.6531804252004321,0.4851232107507998,-2.35115275579381,0.20845368510733558,0.17189293066966316,-0.6439735071789614,0.2603861772863847,0.6985341660331339
6290000,-3.198895903499369,6.250431822999037,-1.7371945896361232,7.067355028493265,-5.653498269323578,-27.900175802575774,0.19015322273299673,0.1418344608445582,0.8291182511247115,0.8291182511247115,0.4792915893504871,-2.3328805933207564,0.21832019117471974,0.158744516473451,-0.6303653980356296,0.24832551713619877,0.7181741299907927
6300000,-2.7293348655979117,7.037808275815535,-2.561671591830523,13.340779910647408,-4.362368256756109,-24.706838796089134,0.3406602630721087,0.27318305855424685,1.0050381539832358,1.0050381539832358,0.47684552026942306,-2.312447854633419,0.2186880429029186,0.1490321263782713,-0.6117737332270458,0.23497252414790187,0.7404797347234954
6310000,-1.3879410737942899,8.825746757822834,-2.979900338533761,11.172001724715187,-5.159897301504606,-22.566131945151568,0.4805629547898308,0.4006004073885643,1.180976756416598,1.180976756416598,0.4705991762640708,-2.297266649902848,0.22753642437711025,0.1429946775201164,-0.5838845318181998,0.22558632384255137,0.7666434544164342
6320000,0.10094468136747663,10.523445059382112,-2.9243048783216348,10.36224272846209,-5.259270206206712,-19.149052224761437,0.6311097478443435,0.5327071080498025,1.3568978121126491,1.3568978121126491,0.4678489200023239,-2.277286082309675,0.22982747555464017,0.14008799671967379,-0.5468125341067993,0.2217591772631026,0.7951064538905223
6330000,1.9343420165112517,11.779859257520037,-1.780974503758743,5.204827879353615,-6.038696358936343,-19.208141945514434,0.7554860512308076,0.6640051809102805,1.5328339449264092,1.5328339449264092,0.4616465670260408,-2.2598038238632263,0.23689640621532554,0.1391884221605757,-0.5023973865151837,0.22815553095649138,0.8222946569528006
6340000,3.4127941052658817,10.195202859263167,-1.5987703844459216,4.032402755644148,-1.827499559262785,-20.664593458102974,0.8122187705129832,0.7734874135019534,1.7087691194656145,1.7087691194656145,0.45860606024936557,-2.2399557118171263,0.2372475692035771,0.1467249331646525,-0.4617524592505656,0.23630832941166466,0.8422676734949237
6350000,0.036748852940139624,9.213033290072953,-1.760385574005981,1.306674293055682,10.29712617500701,-13.734754017074506,0.9460463429640731,0.7902459536681598,1.8846859324248015,1.8846859324248015,0.45524322433719977,-2.2203061028199467,0.24092268066508887,0.14555452600938934,-0.42496774400033,0.23237857499058928,0.862679833079918
6360000,1.60463114159512,8.697001544560504,-0.5061139456741756,-0.2858433931200825,-7.28709644221905,-3.0769396172762167,1.0753962406977329,0.8106564254287291,2.0606229041201374,2.0606229041201374,0.45233612086935737,-2.200354172950418,0.23744019727860527,0.13843932792934852,-0.3877435744762347,0.24237896820413268,0.8784884226369538
6370000,3.7646786254486386,7.837286950982364,0.6972057931400675,0.9212679817069248,-10.543738476455587,1.9903181306743778,1.1116860223020597,0.826270068595453,2.2365446412490684,2.2365446412490684,0.4476317874999236,-2.1857210508504124,0.23839275655299758,0.13748642991003057,-0.35036903689705184,0.26107085296812943,0.8889212728385568
6380000,0.8320164819532331,7.103437956416033,2.219854044334446,-0.08625927572536757,13.697546576830037,1.835707503709025,1.0686649331617843,0.7870616264427905,2.4124685825688204,2.4124685825688204,0.44444206004372033,-2.1666887949475933,0.23207326289538638,0.13295167226802831,-0.3168396181701429,0.27500877177587607,0.8979458138692206
6390000,3.1377004443933396,2.7124554135903898,2.993174680514447,-6.2936866899784984,-11.54277314717737,5.856842001724515,0.9892644747267941,0.704399324254837,2.5883977541774073,2.5883977541774073,0.4416954942922894,-2.149950080279114,0.23099385012343604,0.13403756849589343,-0.3008096214428359,0.2967531729018377,0.8963732795280204
6400000,4.199166389867635,0.4848422523996646,4.1238399742255325,-7.7307488635665536,-9.226420654896817,3.490340791479459,0.8962811589532734,0.6368858599227416,2.7643269088877673,2.7643269088877673,0.4387616998805147,-2.1309257087828057,0.2248932206417587,0.1403507417363618,-0.2926891796699543,0.323709411963684,0.8887333289599915
6410000,3.2498145139640178,-0.6533481893151006,4.038489556030008,-10.261099625387557,-4.017926193394171,2.5132015834214676,0.7926362893396132,0.5501579956010949,2.9402679992918053,2.9402679992918053,0.43768878875747275,-2.11028235079723,0.22148790221193998,0.14613292134947442,-0.2890604078021018,0.3470036280633262,0.8801577881550784
6420000,4.502058940445306,-1.867608598708842,4.596059289335073,-2.5094305682538334,1.271690705301294,11.62024164252033,0.698980988746873,0.45433597907172796,3.1161905698985066,3.1161905698985066,0.43518167453554546,-2.090557552029296,0.22062501165931364,0.16084089269187007,-0.2868671708996597,0.3726887335990379,0.8677214653023476
6430000,3.5199894804440226,-2.8770015907568958,3.9099109227047864,1.5269445387573766,2.3245842152429517,16.824500419391487,0.569086154319963,0.35912210612860496,3.2921257755013613,3.2921257755013613,0.4341437694795307,-2.0713466071185302,0.21789213539808133,0.17404312389364893,-0.2898927782832928,0.39258496600447124,0.8553059175475182
6440000,2.17626532846571,-2.9045253659912924,3.242014495131632,3.395573942695648,-1.38211694630923,20.553780668017623,0.45672992982021254,0.24786402310500125,3.4680497308878273,3.4680497308878273,0.4318110494957399,-2.051913761984021,0.22297996752100463,0.18033654680341757,-0.29616928987227537,0.40818449300198495,0.8444808472051237
6450000,1.8617061889953708,-2.5906803578514737,2.6441632514955744,6.105040500869058,-1.2286755114143726,27.23291647128587,0.359403900093005,0.1444532684160183,3.6439725726519328,3.6439725726519328,0.4342664709887274,-2.03306948227825,0.22341185457846363,0.18564074741638434,-0.3009175809249491,0.42096991373647324,0.8353265553767996
6460000,0.15537151010371603,-1.9702347703691876,1.9115130044919582,8.242560311021624,-1.8174662772635954,30.902894131629886,0.2444853857352497,0.05547035146534569,3.8199016946593503,3.8199016946593503,0.43318484430018867,-2.0137783642199585,0.23035653356731606,0.18340529603810382,-0.30606068135548387,0.4286485725743429,0.8300299741234475
6470000,-0.5382775688568846,-1.9666634118828297,1.619750792205792,7.357292904558086,-2.29121507184403,27.774742961752928,0.117545468704556,-0.03572156685637669,3.995830773815527,3.995830773815527,0.4364681491195561,-1.9965350798281711,0.23428400383298004,0.17874281791884009,-0.31242055624602555,0.4341712035161413,0.8257964441160435
6480000,-0.7247097212729451,-3.1535878974129847,1.16925108787028,8.256886123796704,-4.757281912215329,27.063094077382676,-0.0021118116041673705,-0.14748862228734075,4.1717598430972345,4.1717598430972345,0.43613081386478325,-1.977863534352845,0.24605814465091974,0.17591674511743824,-0.3243572283432212,0.43679823973102155,0.820398064951808
6490000,-0.8045024236146316,-5.667260851333459,0.2589280614960728,8.445398496845101,-2.278925335200767,22.72728784912104,-0.12221115804789204,-0.27660560765056874,4.347688920082561,4.347688920082561,0.43741513197979154,-1.9596495376247902,0.25377375990728374,0.18072782040954888,-0.3451226011924315,0.4329307544121414,0.8128953234951705
6500000,-0.6202919096149989,-8.607184694254881,-0.6773764383966084,10.636371115209169,-1.266403247632463,22.671269682426956,-0.24817026130935402,-0.4040098814452427,4.523618037534661,4.523618037534661,0.4367872198670145,-1.9407921195418976,0.2677085485155845,0.19463928984285156,-0.3759735213646342,0.4224214210230338,0.8014484394788153
6510000,0.22851914274728471,-10.782261419846543,-1.4701567276641305,11.728812756608681,-2.171080947172663,26.98498001830598,-0.38159840487664026,-0.5434408239194977,4.6995567002249174,4.6995567002249174,0.4398005374898579,-1.9236314467062599,0.27833932945286316,0.21774434108364646,-0.41247708669382344,0.40751851507927295,0.7850979013767705
6520000,0.6910219062500788,-10.398227128718593,-1.7958741967209153,9.302019949491958,-3.339485002790779,30.465419468545807,-0.5199096951940588,-0.6948052889840794,4.8754844267513135,4.8754844267513135,0.4402004264069984,-1.9053259809586096,0.289082661066788,0.2420891447228084,-0.44548072919899023,0.39174596977104525,0.7677726623733476
6530000,0.7790916262593365,-9.735159310954998,-1.937275919561426,6.1196089759108,1.1143625696013613,29.378760290572238,-0.6690220354198171,-0.8406130584659679,5.051405600227383,5.051405600227383,0.4460226106044758,-1.8928875480137923,0.30012461856678657,0.2662775390143318,-0.4745098300685016,0.37496878718357207,0.750556528199518
6540000,2.6940078271179813,-8.51853170832916,-1.603271059709099,-0.3541196196263255,-0.23484699885519617,20.076186110341794,-0.803514093827375,-0.9235527729737666,5.227334756383414,5.227334756383414,0.44817816730687265,-1.87702603328858,0.3080112869242481,0.2939926444353378,-0.4955280305097275,0.3650873059473437,0.7312534136899317
6550000,2.9518091037764034,-9.25498504125715,-1.6876648159646643,0.8411745548807975,4.3558421104474245,6.555899340058111,-0.8528917365279935,-0.9285578342097985,5.403263919343402,5.403263919343402,0.459036661487773,-1.8694207534345157,0.31700211978466114,0.3279915177119234,-0.5176229055939183,0.3502029851387,0.7084108702677296
6560000,1.4459924712092957,-7.602523269109126,-1.4666110770533949,9.377110992113904,-0.6053279896984785,5.525611153473642,-0.805325357503243,-0.8994146912284012,5.579193113820736,5.579193113820736,0.46447806195541574,-1.8566952078095451,0.3193029672565994,0.3480844643296918,-0.5378263848808357,0.33753769872258993,0.6896725943223937
6570000,0.6275013397374678,-7.330117468584078,0.04573010592101581,19.765404066755305,-0.7131143422649803,12.756090218732592,-0.7450241385213386,-0.8299506238584404,5.755122276887619,5.755122276887619,0.4752657214384094,-1.852085260284551,0.3259825021687088,0.3589243836429576,-0.5599202444231274,0.32892593629916544,0.6704254881352482
6580000,1.6251198857108116,-5.44916640849812,-0.030466617081097783,16.05285159420329,-2.5787030457780786,4.965014067134008,-0.6785815824878652,-0.7201422390057809,5.931059984177523,5.931059984177523,0.4816896475091542,-1.8420689947848177,0.33158377445015946,0.3699426618113345,-0.5771085851275768,0.32675513694490366,0.6506298397891911
6590000,0.4671247751548495,-1.5932658348992386,-0.431782045960085,11.325427183466745,-6.404823623841007,-2.0426898052290006,-0.5458316748383667,-0.5730641226507165,6.1069893221423825,6.1069893221423825,0.4901176492899091,-1.8402042045280311,0.34007251020701473,0.3716017308108182,-0.5852214097998895,0.32747326723521586,0.6420197149749587
6600000,-1.1118763261685976,1.5331792385949703,0.40685938132026506,8.490858577895999,-4.150087168300371,-1.4487438410861708,-0.4292525709231609,-0.4433046633287381,6.282917535190762,6.282917535190762,0.49596413460878286,-1.8330903676515427,0.34986113195116303,0.3606981477372709,-0.5872763407493491,0.33216711498731477,0.6439474773115899
6610000,-1.2087240213168025,3.6077923424241694,0.6946521476754888,3.254089705226889,-1.2375136082709042,-8.521757586839538,-0.31470034537652297,-0.33226385501246664,0.17566320091301435,0.17566320091301435,0.5034421420120698,-1.8320451055447489,0.3598889578306483,0.34905300764689634,-0.5836209755296465,0.3373597600356873,0.6509508023523306
6620000,-1.332892170297558,4.212920647423047,0.3192900230347566,2.6670800988851346,-2.975090110661054,-16.17653892493242,-0.16732573177908655,-0.2254798629943843,0.3515897770552172,0.3515897770552172,0.5092574657399452,-1.8267915636511103,0.36834670558030863,0.33873247267168277,-0.5780643823499799,0.3401794281506584,0.659833189889047
6630000,-0.3534762583221876,4.317089193460296,0.04969770627356983,6.025179319967002,-3.2577918184643044,-19.67562043041911,-0.04114660436299072,-0.12144910611474143,0.5275224379432117,0.5275224379432117,0.5134251397329617,-1.8273147452817988,0.3766365553855751,0.33211760323837536,-0.5698480767544515,0.345070239431154,0.6677556416065505
6640000,0.38415915303120307,4.47924249843786,-0.24998224178504874,8.09109910243439,0.3861934820143967,-22.430363064656156,0.08819655530169788,0.042535518043062256,0.7034476354600869,0.7034476354600869,0.5169202540443608,-1.832073410259208,0.38445478798597194,0.3292157765250421,-0.5587780051026519,0.3504150754350582,0.6757169439997467
6650000,-0.02500639052975048,5.0731963606608765,-0.46740693080917817,9.753195055193967,1.32851324893011,-24.616944776239254,0.2336481251572513,0.16300582224518542,0.8793811853439379,0.8793811853439379,0.5190874600810755,-1.832815876812606,0.3912322837207483,0.3245883886339832,-0.5457652884101823,0.35463870874503156,0.6863046074376898
6660000,-0.2837822708130449,6.607366201404928,-0.6339536569528402,11.79845792865104,-0.007827751239635809,-23.02741648914103,0.3786045128434767,0.305279617321902,1.0552991585206897,1.0552991585206897,0.5214878629530632,-1.8271308146303264,0.39980928825520207,0.31635287814795887,-0.5274857286865301,0.3602259116273032,0.7013679170819133
6670000,0.00478060922276375,8.460232003477543,-0.6837692956705407,10.599745850364888,-1.2371743154653,-20.48938279220318,0.5299438810693383,0.4302627183738673,1.2312341867217143,1.2312341867217143,0.524656468486105,-1.8291807483164133,0.40833526631342526,0.3053939956783927,-0.5017986025242174,0.36924300196011234,0.7201335122127097
6680000,0.20666632513565117,9.088659704852804,-0.5914786586216129,6.587814395034962,-1.3221349117968912,-22.368508024374403,0.6955236398404331,0.5651767486844949,1.4071694243125776,1.4071694243125776,0.5277760430969999,-1.830144238551889,0.4153650055123738,0.29350372069009384,-0.47312256608241565,0.3794885524099431,0.7389174798273943
6690000,0.037161700706169885,8.236700787909509,-0.9467245585407549,2.4661757747311968,1.039174479550342,-21.62354089361739,0.8166712087195153,0.6874292390019113,1.5830916741250363,1.5830916741250363,0.5308252252349529,-1.83289197794985,0.4209172144542896,0.28388529071327767,-0.44642027402884704,0.3856985526912851,0.7558800877814517
6700000,-1.3226423986114093,7.3392445532192445,-1.8072821557483771,0.7726400919493913,5.286854318479797,-16.328830068871085,0.9678754074974554,0.7569724839772094,1.759028615730891,1.759028615730891,0.5338752306237782,-1.8356639566014321,0.4242353949456202,0.2738194947200481,-0.42261901784592365,0.38315424724594904,0.7743441566148702
6710000,-4.021720366646662,7.345034875956125,-2.591153766840537,0.8363988999876164,3.279261855215225,-8.614677684454366,1.1033077815737078,0.7785759531083902,1.9349493465195238,1.9349493465195238,0.53713384058398,-1.8391075119056164,0.4260855261350193,0.2529129722204598,-0.4030512138833816,0.372741738461762,0.7966481932937832
6720000,-3.9433997044034053,6.983011708866101,-2.2222394736674675,-0.2904000574067245,-8.327880539776162,-1.2326405741342417,1.1661054946650287,0.7769329009173859,2.1108881620187177,2.1108881620187177,0.540447032890922,-1.8436682953424004,0.42548349957801973,0.22641996353657268,-0.3841103070529295,0.3660312491436182,0.8168319268846951
6730000,-1.6779643231807095,6.337723268051797,-0.4203586321051665,-0.7940948121030664,-1.4565640615186082,-0.05320440921937825,1.2167782340373954,0.825270990810852,2.286806723539776,2.286806723539776,0.5442662343687662,-1.8444600165956446,0.42365766280794676,0.20879237470879494,-0.3604072206151582,0.36821067537267405,0.8312239638830909
6740000,-1.0028328532062285,4.515429316986737,0.0754758512817511,-2.73840755514774,-5.73589602554029,4.719606379741418,1.1428789760356035,0.7605818892830493,2.46275021681668,2.46275021681668,0.5482988636409162,-1.8467589235810673,0.4216860722885543,0.1967503135397695,-0.3422968553268558,0.3707635268192253,0.8406286838645929
6750000,-0.5893476465910749,1.3574560602963825,-0.05743104099305165,-5.526775726319737,-24.283463481985606,10.516259564350046,1.0509894805875268,0.6828850395255266,2.6386766699600273,2.6386766699600273,0.5531350594403799,-1.8454131835392191,0.4193689546303288,0.18870831105371852,-0.3366884601752181,0.3749734349122001,0.8428671171864754
6760000,0.08170579013837741,-0.6883358679917592,1.5488867415794725,-5.152930546557914,-10.28823651836363,7.5638414364496365,0.9630835660284637,0.5878765682653825,2.8145911935938486,2.8145911935938486,0.558586044936208,-1.8454547624105397,0.41710481498073865,0.18651602534191244,-0.3344145591074685,0.3841812740308977,0.8401091736385271
6770000,0.3152679821852637,-2.099709849652543,2.463817011444876,-3.819105486240702,-0.951909960633798,8.215233085309068,0.8573216747031159,0.4685496137273224,2.990534650787218,2.990534650787218,0.5646947471387939,-1.8417722742033753,0.4153746133595661,0.1847459654289288,-0.33609465847012454,0.39326302888318365,0.8356156406621454
6780000,-0.4236234849028381,-2.8112452031552198,2.3152277942671287,-0.18510106397775952,0.2229066272756446,14.413753090251125,0.7441517253541372,0.3648897655747417,3.1664495310224012,3.1664495310224012,0.5721149208257214,-1.8387294718262168,0.41427488841188337,0.1820159414242206,-0.3458246103535515,0.4004920425366774,0.8287832405436715
6790000,-1.0932735670063312,-3.450141389059192,2.2162226575393187,3.9251647853967144,-2.741600809169842,21.509234676481647,0.6466141570281349,0.27342589164724374,3.3423962224648065,3.3423962224648065,0.5795899605774385,-1.8335256903395736,0.4136846856471433,0.17694046984623538,-0.3598892560470848,0.40603380945770173,0.821162796946949
6800000,-0.8868808777183811,-3.0998317367164603,2.3596736495784074,6.109068705157633,-5.445991320826031,26.744315836499084,0.5288759558639302,0.16858168577530355,3.5183253627559097,3.5183253627559097,0.5893516022383047,-1.8281474445386081,0.41593927173762996,0.17119199776907634,-0.37246773245583586,0.41309368611916747,0.813212576555183
6810000,-1.0014845127720111,-1.961817838068711,2.193477608933785,8.239820793892218,-4.360458506315294,29.692804105738677,0.3995604112031099,0.08029766810566145,3.694253218821693,3.694253218821693,0.5977617610491894,-1.821847414037049,0.41803244436162085,0.16354554574519103,-0.3799719422639936,0.42003529878295814,0.8077403823849264
6820000,-1.3522071408406733,-1.1908842078067836,1.8608402837459048,9.934351283192674,-3.8031293541569653,31.492122577372506,0.30516293963618213,-0.013920039544413563,3.8701665433949515,3.8701665433949515,0.6093262561908142,-1.8145395750205893,0.424290762336249,0.1539224475260108,-0.3844744030405109,0.4255095957926759,0.8046296647791448
6830000,-1.3932398216518902,-1.2566823920166221,1.6668712089105935,9.136680614628398,-4.433707411269546,29.705190228012473,0.20532699508484487,-0.10092497730582256,4.046112583866666,4.046112583866666,0.6162693520991487,-1.8081806265881795,0.42918123890984633,0.14463200963011044,-0.38915229371000776,0.4301662394137146,0.8016227794662888
6840000,-1.3329064861042081,-2.5131800206010326,1.3071229877999546,8.787547783140958,-5.4269439183586385,26.348272167090087,0.08256852016395841,-0.21872125477864066,4.2220248193616285,4.2220248193616285,0.6251213106453914,-1.8007188529457414,0.43795145710691125,0.138756599751353,-0.3985797664118748,0.4327812979337681,0.7966060029847007
6850000,-1.0528503606105908,-5.294287267037794,0.7020313144239763,9.803361343922566,-4.37572383938758,22.427971162768788,-0.04392149101225211,-0.3358725823706644,4.39795355212258,4.39795355212258,0.6317594596731593,-1.7943203050013972,0.4450043800154077,0.14157447121610778,-0.4177754635854595,0.4314653275250951,0.7869294773164216
6860000,-0.904181340127675,-8.45380786945388,0.15725445545832636,12.776050965892289,-4.020385919386697,23.490460886799095,-0.20356276665133566,-0.466996897693168,4.5739002549195575,4.5739002549195575,0.6399725953321471,-1.7867654037662088,0.4552716452447649,0.15332232576894111,-0.44811926160810456,0.42557494795586687,0.7710819382328775
6870000,-0.2551595087797872,-9.638045711391412,-0.28911912630518366,10.676647108118273,-4.253567399821584,25.49633591929593,-0.3494503112988313,-0.6309881656971416,4.749813026040492,4.749813026040492,0.6474005640471665,-1.7801442794270108,0.4651262657749649,0.17107159708002703,-0.48077289403782797,0.41781356305217443,0.7516806233771276
6880000,0.7620528695975748,-9.418768606190751,-0.38537567449082283,7.332697821723211,-4.395173198743721,28.85660289368479,-0.477787867677598,-0.7865431024567444,4.925758553355244,4.925758553355244,0.6574731033993121,-1.7720767476198616,0.4784589960946251,0.1922602327132725,-0.5098342847253151,0.41145416562864273,0.7306233466174635
6890000,2.1399727280523133,-8.385782314150521,-0.49082695890924655,1.9314613173246704,-4.1490768923552475,25.375056851807393,-0.6198059129668175,-0.8903970924271658,5.1016704273841285,5.1016704273841285,0.6659057642372018,-1.7653378375055204,0.48813529837497577,0.2163520006399043,-0.531738963541291,0.4086580924945469,0.7095379129474779
6900000,5.408226255271604,-7.617089181322597,-1.1323643602244537,-1.568166186688762,-6.06291559733727,15.196195653608235,-0.7546617302637786,-0.9372594163391018,5.277616936024465,5.277616936024465,0.6785580637638536,-1.7570119896046172,0.4974779066194985,0.251480943766866,-0.5432190814749948,0.4124966708838355,0.6866708534322263
6910000,5.959138209009513,-8.579927178670433,-1.3500650424810443,2.891055625664103,1.2707906651595373,6.687535240059479,-0.8005288778873503,-0.9287724512841491,5.453546277938393,5.453546277938393,0.6871511502440056,-1.7505649235972216,0.5065383267802068,0.2924678359867051,-0.5545729822549075,0.413426674414556,0.6602952045476875
6920000,3.406435932909518,-6.803471573540277,-0.03619567658657822,8.33899917414074,4.172947537137314,3.55991989341881,-0.8582465806317906,-0.8599875287463628,5.629458017884609,5.629458017884609,0.7000270032811802,-1.7432145142835975,0.5154597592753238,0.3201802940744736,-0.5676612595970462,0.4105690390176621,0.6377133665207216
6930000,1.1722036774985733,-6.125929918499745,1.3268318535525196,-0.4030127493032187,-0.7875948302287771,-8.151441735331169,-0.7409595749744112,-0.8113633695728886,5.805387267801315,5.805387267801315,0.7078016102761407,-1.7374602071944818,0.5229531198927391,0.33487082053399186,-0.5917667414533574,0.4056425252632825,0.6108418772174954
6940000,0.9436465647851835,-1.8132971651232646,0.7758594030051825,6.010016483880808,-0.8861279093885617,-9.751464795401521,-0.6264958944127726,-0.6946668317862327,5.981333913924182,5.981333913924182,0.7175155857075604,-1.7325537566467621,0.5283092564107728,0.34159797456439867,-0.6009178882441077,0.405009425301434,0.5984779701699511
6950000,0.030981693291207348,-0.28757927973065484,0.8143767123773269,12.762383893105948,4.958919366125804,-3.2610903644256894,-0.5081443619362049,-0.5865928453835556,6.15726301095156,6.15726301095156,0.7242051694444777,-1.7276465514288504,0.5339158074491905,0.3452812966830102,-0.602985777951262,0.40182334282520515,0.5964285195312077
6960000,-0.20414469731078266,2.856423651435274,1.627428450559646,9.050732027091223,1.628790390748037,-1.8193076979567253,-0.346378320479386,-0.4545974699052084,0.049989128180683906,0.049989128180683906,0.7294502800844193,-1.725966731936367,0.5348082445660924,0.33902431888338935,-0.5966929526168098,0.40614622728794436,0.6033782176735061
6970000,-1.2355545798247196,3.241611692543074,2.315950833459402,2.4493363551097738,1.6743736376510887,-11.055834759014834,-0.2283988934814992,-0.36291692903199124,0.22593159737020585,0.22593159737020585,0.7363766141300404,-1.7218512555448349,0.5408261496392961,0.3255534124183155,-0.5975460990306763,0.4110216439895513,0.6066422696846452
6980000,-0.22978325470296546,3.07743177771265,1.7909595386210868,2.6384771098032536,-1.167698732522396,-19.102467625216132,-0.11813578862316533,-0.2538644567806795,0.40184752285109937,0.40184752285109937,0.7428994225103025,-1.723327058860491,0.5431640872201144,0.3157045545919165,-0.5967656770854586,0.41791892478400694,0.6079022398133055
6990000,1.5139802703006369,3.0648826130081663,1.7946765475946724,6.121536331110648,0.8649216994441156,-23.477284384126516,0.0016541343253638442,-0.1383169781820996,0.5777899809336731,0.5777899809336731,0.7492369108012717,-1.720533507161244,0.5475022853305538,0.31151661925765195,-0.5920009007413967,0.4293742970959694,0.6067372103645865
7000000,1.7341898254710089,3.0505428317138437,1.3244600612330863,8.007683044959249,2.500550329552616,-27.68217364787253,0.1625529320455425,-0.010236738352039967,0.7537059038152449,0.7537059038152449,0.7526655887638416,-1.7281713278253945,0.5474610887802491,0.3095589316788984,-0.585814651266574,0.43968700650866044,0.60635781390751
7010000,1.1031993864189233,3.4976279638771466,0.8610902421098637,12.75671244778187,5.8635132225290425,-24.146518605572062,0.30032331985342026,0.1075961982544022,0.9296349010444658,0.9296349010444658,0.7584974808867059,-1.7257105153396581,0.5509901481488804,0.3066280248901809,-0.5782108622440666,0.4468712141586381,0.6098832438190972
7020000,-0.12729305425060206,5.090526187712119,0.5092165745294621,16.188196276311064,2.1569360872905405,-20.85096968254097,0.4292254107165986,0.23646859134529066,1.1055809970686283,1.1055809970686283,0.7592623665948816,-1.7332974226707696,0.5507332651608585,0.29683818118914834,-0.5679857149328733,0.4522465099304102,0.6202841414031754
7030000,0.17663723463214276,7.586801481824591,0.2021547313014498,15.457537569615305,0.9963835283721978,-18.80508008745023,0.597621233341014,0.37414872329870036,1.2814979579537322,1.2814979579537322,0.7644567823904564,-1.7313114075649312,0.5540995048745203,0.2828448547193512,-0.5486468969808388,0.4611128172428671,0.6374639914273058
7040000,-0.5366303595822426,8.56669932886564,-0.04237336514756192,10.800349134045755,0.20650697143159671,-21.952566224281906,0.7489946365060696,0.5102484860376941,1.4574224779831155,1.4574224779831155,0.7614273490647155,-1.740041606365304,0.5503224711844241,0.2645206293493751,-0.5272870893882406,0.4682966821362284,0.6577958494193227
7050000,-0.4452083111895413,8.247973493690138,-0.009821280983649122,4.918833590779214,2.1446055578327754,-21.999574268423455,0.8929436354248764,0.6017152519608121,1.6333644128005744,1.6333644128005744,0.7663840807940788,-1.7378766383660045,0.5524898742993603,0.2471450747144959,-0.506126772094742,0.47462474720638537,0.676377373921244
7060000,-3.098394713825157,6.853580229360736,-1.2702467806896862,0.6047609338402962,13.006205221561784,-19.03976386722808,1.0335261840395562,0.6798523074499491,1.8092984120573732,1.8092984120573732,0.7638627484047622,-1.7407834281656556,0.5451186581885041,0.22920806827040513,-0.4914846790311182,0.4665321310463835,0.6987519176494245
7070000,-5.120605666323333,7.790283491693268,-3.2503563802945687,2.635408250873389,2.0453591452353233,-10.142486793595621,1.1843380626291105,0.7072029896143516,1.98521476287452,1.98521476287452,0.7686769451733599,-1.7386169779947451,0.5444758430584251,0.20514599703576056,-0.47725645335016764,0.4480344841796562,0.7276032563297751
7080000,-6.995461943387528,7.111268347081443,-3.415410307839779,1.6817341859057546,-0.8522768705965941,-5.472085309830915,1.268757398257752,0.7487207849570834,2.161153650142964,2.161153650142964,0.7681140778528609,-1.7387312781958761,0.5374272099006452,0.17430725753410903,-0.4688135011649909,0.4238246806710298,0.7551182166723701
7090000,-2.712070988790454,6.281441744377946,-2.765636116630602,-3.1168635301078558,-13.451292506679144,-0.13352622946180048,1.2678523774858141,0.71853419923236,2.337073462704865,2.337073462704865,0.7728895820616168,-1.7365323728176312,0.5348032953145654,0.15166079901725205,-0.44981615286097043,0.4152220328471177,0.7760509610232513
7100000,-2.1452350397083015,5.481316857704794,-0.22610683517149796,-3.8254325932486024,1.6520695341556557,1.671126076403649,1.2188300439107687,0.6752605992884332,2.512997590604215,2.512997590604215,0.7764316316390486,-1.7337160987672984,0.5291081414697525,0.1322441291863081,-0.42888959806801813,0.41378909153636534,0.7920503713087436
7110000,0.6902469726085169,3.4213326431875086,-0.08550953714067802,-5.472728836314591,-6.3086312219695175,5.035111525485568,1.089468270455592,0.6046774403063208,2.688926683434943,2.688926683434943,0.7811659711524518,-1.7315228297755858,0.524394270693169,0.12337680227810321,-0.41151726948191264,0.4196189111674322,0.799594691683505
7120000,0.46303110166080347,0.39375317917760944,0.1590330365709803,-5.26026200798091,1.0369023330378961,7.181612253652125,1.0017093539437685,0.516126039522583,2.864855739768643,2.864855739768643,0.7851719349428538,-1.7306053433360862,0.5213962028870782,0.1226963161047076,-0.4044550369689333,0.42250604825542,0.801779506019193
7130000,-0.011800133766689851,-2.017252545078267,1.0550006373005867,-4.622682191862942,-1.801047084992116,9.252548145589266,0.904398551088038,0.40150011912483785,3.040784925290467,3.040784925290467,0.7898705576620524,-1.7284735258967387,0.5149265245832508,0.12206664289714432,-0.408997992030905,0.4270991674171204,0.7971240044046544
7140000,-0.572163678275854,-3.3334513595772295,1.232374898114903,-1.5176195234650918,-1.5099508209782038,15.469039692462573,0.7891628987308549,0.2972842708755363,3.2167140702138397,3.2167140702138397,0.7977391924052158,-1.7222800693820972,0.5118160132196907,0.12219837815303779,-0.41957885044309245,0.43020758567538864,0.7899003594536297
7150000,-0.7576873488250015,-3.1130998050783827,1.8969187252285828,2.344024882645017,-3.6215656066817474,21.51112458727688,0.672430053393048,0.18755704161090175,3.392655960172732,3.392655960172732,0.8099304544974519,-1.7147382706050396,0.505320538644572,0.11940635972116839,-0.4299757117809706,0.4358382889314206,0.7816060353131354
7160000,-0.5514750317326365,-1.908765910944759,2.364936584944963,4.681882058940636,-6.163993767481088,26.604825957800138,0.547785876638048,0.08950509240375643,3.568590035154358,3.568590035154358,0.8155162664123546,-1.7118676463898417,0.51109318740531,0.11353066991540635,-0.4354537442705844,0.44460020052005617,0.7744814299173438
7170000,-0.707881736180334,-0.8017727935705478,2.5090039314325385,8.975024364818015,-9.27762820295291,32.57339460607885,0.4508185484578431,0.0020898936899187053,3.744519210674099,3.744519210674099,0.8334310907360853,-1.707681996157792,0.5075526291507833,0.10409600440137595,-0.43702119280019175,0.4542941458298336,0.7692810461566749
7180000,-0.44633194868066267,0.016080850346929368,2.3274542399194367,9.618766335434264,-7.2997763567106295,30.629629231356162,0.34722368240741314,-0.07487625454723087,3.9204354825078838,3.9204354825078838,0.8403077422135221,-1.7047902615030677,0.5182179195912786,0.09484643175827942,-0.43434552088750195,0.46408054203853744,0.7661444859612996
7190000,-0.7406660607102862,0.23239439075566012,2.0117492324410593,11.232908423443442,-4.665961781323284,30.630611704952166,0.233697247429136,-0.1693435680006864,4.096359921930571,4.096359921930571,0.8568971643874048,-1.6957903407015014,0.5189249957860012,0.08569247341734394,-0.43095582090505813,0.4716943341592722,0.7644856673278488
7200000,-0.5352587548503133,-1.7311579744784047,1.502519511211811,12.57750594485977,-3.910315601138076,28.008030453911246,0.11771962650035696,-0.2789124922390983,4.272289232369303,4.272289232369303,0.8646233756473141,-1.6920640796984567,0.533129546611308,0.08379567936061522,-0.4342202415044489,0.47676873126779473,0.7596858843453711
7210000,-0.2205534738123933,-4.3227313075827,1.1235474794030706,9.27839980079355,-6.8452610659311235,20.055932525957154,-0.0017102779721756636,-0.4003412557422702,4.448218323694931,4.448218323694931,0.8764580515927959,-1.681449334984991,0.5375965527664259,0.08810866510977987,-0.44697739770927425,0.4807931030655801,0.7491902703013358
7220000,-0.11731437598425065,-7.809753730752954,0.30185911676742105,10.28588105062918,-2.4731348170521317,17.945459975801988,-0.14190817068263198,-0.5389356497568958,4.6241597962050776,4.6241597962050776,0.8842169999817304,-1.6769206466542932,0.5527929002034713,0.10582731327245828,-0.4713131793693629,0.47891074858070376,0.7330136162528945
7230000,-0.37812975948116223,-9.520090622496856,0.04124927508425126,11.759423044108921,-6.391811888569265,24.41718654064765,-0.2800606316971663,-0.6859897681923168,4.8000942437278695,4.8000942437278695,0.8959116063782138,-1.6668115421574021,0.5596804522076941,0.12547529742717514,-0.502133017336568,0.4744487640406739,0.7120510887122588
7240000,0.6732567630572814,-9.088847999815567,0.17516943576576943,7.909240122788179,-6.8595596053094505,27.4920724599532,-0.42760420925962417,-0.8330820640834748,4.976011241846464,4.976011241846464,0.9040566861605716,-1.6617664730923833,0.5739811340644752,0.14701063831417938,-0.5284216632541143,0.4727006674919597,0.6897191435496545
7250000,4.025180431206706,-7.173920305747812,-0.2929020766605302,7.644309242452367,-8.753902712141203,28.17364761770795,-0.5879976839432276,-0.9003448024260641,5.151946917141686,5.151946917141686,0.9148105854408964,-1.654572824723656,0.5829550353579114,0.17639924681116806,-0.5391702807302875,0.4791338520673055,0.669783148418069
7260000,6.614499767788409,-7.848741061475345,-1.019300213081097,3.0464217683529164,-1.7789196931877709,15.923684398384667,-0.7158931781800569,-0.9112511119671929,5.327869867911005,5.327869867911005,0.9231119573693828,-1.6496781715789777,0.5949738590420086,0.21871681817549968,-0.5442828310802089,0.4878611245988054,0.6464601119509906
7270000,6.194382988000259,-7.279355302414914,-0.030607656131899814,6.214839771795791,2.0202972997967317,6.95905979695657,-0.8037691991688051,-0.8925440971841134,5.503793660110659,5.503793660110659,0.9302065546545376,-1.6450788612750122,0.6037532328922142,0.258053701402102,-0.5478864499497607,0.49573231938152934,0.6224774635878255
7280000,2.8867297625289106,-3.9883319341661,-0.15198595296950826,0.28036494065060663,-4.391716165893154,-2.683323900826754,-0.7526699591117169,-0.8291189779178789,5.679722778871337,5.679722778871337,0.9377911174397983,-1.6406298148958258,0.6112662863502001,0.2750963781448043,-0.5564106130967923,0.49866902943362434,0.605027612137322
7290000,0.6945551044011586,-3.866354309496857,0.9588724679878999,18.245773212342737,-2.2978667304093623,6.628831665666302,-0.6435583347155913,-0.7177576437425017,5.855662600593774,5.855662600593774,0.9435088590882773,-1.6370852307932093,0.6188114186354632,0.28473113248346166,-0.5649442006363768,0.498018255478021,0.5930801375637523
7300000,-0.21746198986493676,-2.015629352045526,1.3791350742022657,15.748606454489085,9.567483944206714,-1.220337782202533,-0.5408115000609609,-0.6043065239775479,6.0315884214949165,6.0315884214949165,0.950613364280427,-1.6329414943318037,0.6274914637218678,0.29029985133231356,-0.5719646003010846,0.49470764380158777,0.5863845491510998
7310000,-1.4467232542440065,0.23243644730543436,2.1415636715927553,10.76954327337099,4.4780109123831595,-0.7203496652594098,-0.41102853346023727,-0.5119156740622612,6.207520442597399,6.207520442597399,0.9532570931963088,-1.6275478180310385,0.6359369411132878,0.285298620499545,-0.576986681666489,0.4924124815409451,0.5858506758067611
7320000,-1.6253310474904856,2.7442280862406445,2.851236973633191,4.74720703518489,1.153515411285826,-7.927441008919167,-0.2873598896137071,-0.41323461155964103,0.10026147917904638,0.10026147917904638,0.9591328512279201,-1.6228427915797317,0.6395892740072324,0.26948243010540684,-0.5804495549732546,0.4959310997639351,0.5869496386256399
7330000,-0.7697375998705815,3.573953564981261,2.2178325342077403,1.390538990572129,-1.4830215912776634,-21.010654836219324,-0.16750314970106175,-0.29834228838711063,0.27619295395721366,0.27619295395721366,0.9605511426666297,-1.6190712510218177,0.6452244443218553,0.2543774278190304,-0.5803041284455299,0.5017356488002855,0.5888977682486193
7340000,0.3160948608392609,3.178915827844967,1.9203742499134262,2.348622549388475,-1.7459871341047282,-25.345733047527673,-0.04901911519151828,-0.1796909321636955,0.4521210855989537,0.4521210855989537,0.9655300941132533,-1.6148968891520659,0.6449175044315931,0.24404403813871245,-0.578254308375751,0.5091674315966366,0.588908302620295
7350000,0.8983806121151519,2.4574480306794495,1.7080584162230057,5.451826624762662,0.16459629451755964,-27.820238452802528,0.07181876960927759,-0.05647026622522739,0.628050570721463,0.628050570721463,0.9701387276974379,-1.6074001334258132,0.6473230268949433,0.23825013913907198,-0.5762939284832754,0.516258896171646,0.5870254946057792
7360000,0.644985992295038,1.589999128782376,1.25146144733132,9.728969121343699,2.7167342902213085,-27.99645339680593,0.2076100375233563,0.06619679757069218,0.8039884149580772,0.8039884149580772,0.9759722477574383,-1.6016966952729046,0.646268590290447,0.23581425077903742,-0.5765568459441578,0.5197645635943752,0.58465258141566
7370000,0.10685735840481654,2.262366860720339,0.6502518838763741,16.223963120384475,1.9639493061811686,-25.132901995480825,0.3522295941205342,0.1823087578173704,0.9799081199028947,0.9799081199028947,0.98675967664349,-1.5875246968286225,0.6475182896380223,0.2318827529668471,-0.5751360748682489,0.5207048873749514,0.5867838652566202
7380000,0.12436243691123636,4.586213331153168,0.18048775286724425,18.292360443900662,0.3518304447473349,-20.894314257418895,0.5081772521857881,0.3108690204872502,1.155838112639465,1.155838112639465,0.9953217417566932,-1.5783954486637632,0.6434069340713267,0.22318539148907812,-0.5660486941678821,0.5230700432167672,0.5968038930385022
7390000,-0.22288620163294093,6.7438200493369695,-0.2798749110623748,17.44787335071908,-0.25487417704668414,-17.95809061927063,0.6529709592614396,0.44380906315041,1.3317669286873084,1.3317669286873084,0.9919066180094217,-1.5770744666843932,0.6433374191295342,0.20899078506104712,-0.5506610783286956,0.5252815093488473,0.6141453936240526
7400000,-0.2572470790509655,7.778136658762828,-0.6338090252003593,10.716654925864598,0.5971686690357151,-20.568209280808155,0.7969021800679509,0.5577181449359233,1.507695948518979,1.507695948518979,0.9934337779679107,-1.5737978692439147,0.6416808438700505,0.19266268120659275,-0.5317705281577183,0.5270014778529455,0.6343269180745523
7410000,-1.3647985187080631,6.898028023834113,-1.28951549614763,7.290210068923363,2.7585042881071637,-18.19457257206301,0.9480121860298959,0.6626765362002751,1.6836261071536356,1.6836261071536356,0.992961150075586,-1.5713287846229678,0.6412141887871972,0.17725748556657253,-0.5173667356780272,0.5220616673952992,0.6544945072809387
7420000,-3.7777869415731167,5.775900782734574,-2.511555191888356,3.9694913913630447,7.723927929111165,-12.712659110367694,1.117827084395261,0.7267056576386018,1.8595458130751936,1.8595458130751936,0.9952439282463262,-1.5677624832827968,0.6363618787874672,0.16149858547398946,-0.5094230856681902,0.5048190901976918,0.6779115081263741
7430000,-5.273777298166146,5.906516939451847,-3.0581652745436956,-0.17606374293867066,4.518731263936497,-11.324217045657193,1.2474425868218675,0.732338540677319,2.035482307410412,2.035482307410412,0.9917364523556652,-1.5692701253823056,0.6323171778935073,0.14019641016300124,-0.5047376448198534,0.48214031923451717,0.7022290146722459
7440000,-2.2333146534974775,5.465682515788336,-2.6343940292478467,-1.0185851107142954,-7.989102773370262,-3.8040675531585686,1.2524381756395515,0.7453366022692062,2.211421596295658,2.211421596295658,0.9914991959964593,-1.5684621695094343,0.6241360137890306,0.1231254243610755,-0.4924376359408807,0.47188226575539477,0.7208830916663371
7450000,-0.9044928213978057,4.73756309863105,-1.0416978799519856,-2.5034536573501516,-1.4391773179460001,-0.3260349037843476,1.2175783549699843,0.7380718955809685,2.3873507687864404,2.3873507687864404,0.9868027211059368,-1.5694264390014683,0.6170586309159316,0.11073936892328727,-0.4761587219160615,0.4691479084492346,0.7354657733106577
7460000,1.8251276987389542,2.829100615494362,0.12218030956278979,-3.215528019891938,-5.433376803780215,4.296151266528616,1.1664608101512899,0.6750720718425927,2.565352387347538,2.565352387347538,0.9849145219000691,-1.5688229680389199,0.6042793474954906,0.10840992841987111,-0.4599424206235428,0.4768894520441394,0.7411320446856923
7470000,2.180078836304432,1.06826018699451,0.1689508951400999,-5.311272978175536,-3.3339872264804185,5.5867681236811775,1.087587653056981,0.6490916216458247,2.7474493878421313,2.7474493878421313,0.9833812433481005,-1.5683626569163571,0.5932065810444653,0.11089929703135382,-0.44819348281496585,0.4848623069746437,0.7427869756231386
7480000,1.0157986477337562,-1.2025655419276702,0.8352636918526395,-6.389532333115257,-1.2553296776225984,5.291235215032728,0.9975759009875317,0.5603765040517907,2.9151259555049265,2.9151259555049265,0.9830627080220739,-1.567143220849462,0.5809165673127614,0.11321429354545362,-0.4474871095679228,0.4913935000123643,0.7385595701452581
7490000,1.4534947518423413,-3.2611893728750805,1.7220445382671419,-4.44950440650063,-3.477405660198509,9.660246079922437,0.8808748161115058,0.44506589446997347,3.091061854252281,3.091061854252281,0.9840878722907785,-1.5648325705102224,0.5691293095716701,0.11957417547351139,-0.4533222922378956,0.5013209424645516,0.7272401450459565
7500000,1.0299965595056886,-4.008240374472954,1.887030841485929,-0.413361464671772,-1.2290972931786526,16.13487719170794,0.7596936280244109,0.34402865764510265,3.2669847503689553,3.2669847503689553,0.9854459424004512,-1.56235574543692,0.5597475697705723,0.12733089316900167,-0.46195711661284966,0.5096796568005124,0.7145691803452192
7510000,0.4621508255553734,-4.027976398152841,1.9475003877233568,2.6459414975009348,-2.964214005942822,21.563897939356135,0.6392024612411019,0.2357864890724933,3.442925973800108,3.442925973800108,0.9879842422437078,-1.5578501501194488,0.552605131145885,0.13293997617520273,-0.4718730596870772,0.5168281588852358,0.7018200855343127
7520000,0.5474039804763037,-2.7997986444422214,2.175957574412247,4.501363536989597,-6.09384788479408,25.939772503099245,0.5228630408305297,0.14674943360493406,3.6188551127373856,3.6188551127373856,0.9903045827432843,-1.552264217199347,0.5481383166599505,0.13458670987471302,-0.4773992474477685,0.5259051614425813,0.6909414861111298
7530000,0.32263192992605805,-0.9667696058940495,2.090421886626009,8.061745524920278,-7.085507757033965,30.79915931075656,0.4437020807208249,0.0711264312540704,3.7947843057916444,3.7947843057916444,0.9941526835826805,-1.543751269399687,0.5431997899786611,0.1310904015340587,-0.4769028932958502,0.5352242509796593,0.6847729099160896
7540000,-0.03255627768044202,0.16968398424994585,1.8546977500601147,9.367379447332162,-7.05187503825081,31.76019622098186,0.3253651979317039,-0.024311675367963963,3.970713497649008,3.970713497649008,0.998195904019772,-1.5362586375138418,0.5437408678450459,0.12412615789804851,-0.4731150117040261,0.5435582299608767,0.6821285313396346
7550000,-0.30668756217709536,0.6240731445847404,1.6495185565114014,8.846214373625235,-6.610848906043356,29.4542043157954,0.23517510034678804,-0.1029818711296671,4.14664254878128,4.14664254878128,1.0007514070357046,-1.5257647803506276,0.5458248927493197,0.11559776357670147,-0.4682534650047369,0.5507701160749374,0.6811961015786298
7560000,-0.65881515099295,0.023651775746547258,1.278940006616728,9.8734755563911,-4.543502674083087,26.681746017016717,0.11318002703519028,-0.19944560088156493,4.322569494523613,4.322569494523613,1.0032766535088737,-1.5147021067800173,0.5502705107869694,0.10920663704952623,-0.46591870406606084,0.5552384693618958,0.6802234292983407
7570000,-0.596294233873172,-2.671127457532267,0.824228724198073,12.029494004281943,-4.24919245670209,23.756893321281837,-0.013608454700831824,-0.33863434937363557,4.498486762650607,4.498486762650607,1.00832248400556,-1.4991686888219724,0.5566060685662739,0.11212611877163357,-0.4721331397963295,0.5566850389601999,0.6742549956753378
7580000,-0.21672492872400925,-6.05721152025983,0.30485337181848265,12.13975925215586,-5.362344164055386,20.9338871764222,-0.13618791989896975,-0.44904960038997327,4.674428100180457,4.674428100180457,1.0137818222201176,-1.4816054947148112,0.5614023733821165,0.1267025987404093,-0.48828420516575294,0.5552898788133818,0.6611944774009351
7590000,0.022212679592050994,-7.711447902038944,-0.18976613911660584,9.840566524904744,-4.871834450227117,20.868150921732273,-0.27863459839671356,-0.5789346988484139,4.850341575777158,4.850341575777158,1.01421098037433,-1.471540156169174,0.5693610863557301,0.14834102702055074,-0.510398239606107,0.5504921712967066,0.6437755401151186
7600000,0.25219022227612076,-8.181402027805323,-0.5960422784611495,9.033044880917728,-6.014824959141793,25.78037343198403,-0.41365571939035306,-0.7392471048767131,5.026270860806797,5.026270860806797,1.0138194927205706,-1.4603141406612445,0.5747889933458492,0.1722015203498879,-0.5343719567997913,0.5433488051618349,0.6241516835708731
7610000,1.8289390480224545,-7.811646467389977,-1.029329289231393,8.29821022823574,-7.060560871992285,27.84336905498052,-0.5705937134312165,-0.8419542560207972,5.2022002569009445,5.2022002569009445,1.014068279410047,-1.4527838326111056,0.5788868392714255,0.19940371679191085,-0.5503242637525484,0.5397931553537958,0.6049832327329244
7620000,4.480639772114353,-7.685105894510083,-1.5858190095564144,5.996309822042004,-1.7781283547197129,18.304500256083372,-0.7091751926708034,-0.6818077757068499,5.3781294296314925,5.3781294296314925,1.0132367410890457,-1.4449194310538769,0.5833131365459283,0.23775777804966072,-0.5558249849902352,0.540344420566233,0.5852843174051693
7630000,4.4460179446792845,-7.508666945971114,-1.170065661982659,6.686392442307449,4.713297248477236,6.586049468140344,-0.785948540174432,-0.8398569128227995,5.5540761318668,5.5540761318668,1.019576710931376,-1.432147617193824,0.5835141861696815,0.27613613648146623,-0.5599995733812545,0.539345929042563,0.5650267965035966
7640000,2.0566576624567623,-5.357957628641974,0.6207693323937515,8.187753406476917,-3.9121675211961984,2.3219482582945408,-0.7386122333070299,-0.7742140395306321,5.730005366478942,5.730005366478942,1.0281578186213052,-1.416014140429507,0.5810153408318024,0.2944160709057251,-0.5696427980974216,0.5394822802265923,0.545696920542614
7650000,-0.9817575938113077,-4.418475348948623,1.5071798594132755,2.1930128735131142,-11.880779779949888,-8.646869871928144,-0.5893031223892642,-0.6616534782624367,5.905934448157673,5.905934448157673,1.0350349813322564,-1.4038207018184954,0.5781258825562072,0.2970484529462444,-0.59179125404971,0.5342503028792903,0.525473065062236
7660000,-3.0845282924116955,-1.9071362659774553,1.1083638019541633,-0.01737708457519824,-7.3571932714707895,-16.444882866935576,-0.5149692760814066,-0.5569480450729439,6.08184704966957,6.08184704966957,1.0447250923832203,-1.3884145499074798,0.5695604759076693,0.29103162582611136,-0.612216370127152,0.5230673828658983,0.5166161262476852
7670000,-2.0677275315282047,2.137714405790078,1.1384514637647898,-1.1657746642015754,0.605875511828458,-18.12905120071218,-0.3833727776160794,-0.44450529501104713,6.25779269183429,6.25779269183429,1.0529445943836897,-1.3744574924559376,0.5632995067682989,0.27929337527173403,-0.6183743913871804,0.5188594303706383,0.5199934750757101
7680000,-2.3139248948251487,4.2415599519940805,2.4377178480850867,2.448132619723898,5.357849980379855,-16.04891167616114,-0.26137184388195295,-0.3415054028734179,0.15051899400940272,0.15051899400940272,1.0653147878511482,-1.3555516662480571,0.5482987270241728,0.2589089560857535,-0.6204076701052255,0.5189140961305415,0.5280043902944505
7690000,-2.279255104905294,3.8061485237810553,2.1743122403462714,1.1648976844887504,0.6215857598959569,-25.02286614597858,-0.12800696668137002,-0.22565321749331615,0.3264481870376841,0.3264481870376841,1.0661813451947584,-1.3494821857479622,0.540191888166021,0.23881120381189933,-0.6242912276575769,0.5184261013317297,0.5333517127203119
7700000,-2.000782024283878,2.4407662265588463,1.8592634397486956,2.8077656464015446,-1.6175961653027922,-28.915922740573524,-0.007993726504377376,-0.10387482744035724,0.5023773529661497,0.5023773529661497,1.0630595716774958,-1.3471870953714338,0.5224125622123452,0.22346521932182423,-0.6306386518612958,0.5162856633705841,0.53460948395068
7710000,-1.3859027602170797,0.7897760734988835,1.3358611275440144,6.382883892273388,-2.4141901139477118,-30.214351972248135,0.11091205073314164,0.0008903078721490911,0.6783065288160088,0.6783065288160088,1.0604428994066417,-1.3454400001163924,0.5147798415063254,0.21560901369559518,-0.6389676728275917,0.5126116719936719,0.5314718619366001
7720000,-0.7024970981407327,0.3126209881383071,1.0225563305786736,14.092561748498149,-0.3458920586729435,-26.549082978450045,0.24931446400748097,0.11934186857036864,0.8542359291469239,0.8542359291469239,1.0491846970159333,-1.3532581129420802,0.49973527257375056,0.21252624075706308,-0.6458103976761529,0.5091644778767964,0.5277433672832749
7730000,-0.4486533150408216,2.289473236140903,0.7001133907217797,21.19893922609969,0.2929810837629239,-21.554547627125796,0.398127134297297,0.2625174943814884,1.030182374697901,1.030182374697901,1.0438351120667386,-1.3533175002955022,0.49352217822663175,0.20680781501818693,-0.6456564074831818,0.5073823914839477,0.5319036002278467
7740000,-0.2847410134962685,5.864892889510034,0.23989034334095297,21.924136774345822,-1.3969192226099822,-15.687553181072008,0.5616460299995176,0.4022586485365359,1.2060943656108094,1.2060943656108094,1.025711979576229,-1.3655262563396262,0.48165163685906515,0.19399246825832853,-0.6346649544533324,0.5084932723031158,0.5486364095375555
7750000,-0.026812275051769315,7.453251847903431,-0.30298693167775476,18.204144340445968,-3.7043218936721236,-18.44517269860378,0.7117622345094924,0.5372977744150378,1.382023268979637,1.382023268979637,1.0190920187762391,-1.3658571195082145,0.47787194434115504,0.17856110833719382,-0.6183525343342605,0.5106468062113629,0.5700841281582262
7760000,0.4329625840738992,7.596854546518145,-0.7978725904699119,10.776919247516027,-1.3434190702688906,-21.99099192442291,0.8465158228537422,0.6752579054486523,1.5579524765071966,1.5579524765071966,0.9980396378864672,-1.3780731015382461,0.4684432128977725,0.16521604356066769,-0.5998860555048352,0.5125140709366749,0.5917513890587214
7770000,-0.03130743407677798,5.873549742002055,-1.1329213825769968,6.052023504399104,4.565833750103008,-22.744280706897197,0.9869219512116247,0.8058854931027805,1.7338816830730224,1.7338816830730224,0.9920257261831088,-1.378828227270065,0.4641214413439187,0.1567693272711732,-0.5867173339492094,0.5095966540662006,0.6095058639873853
7780000,-0.4065836774894672,5.819349255918017,-1.9537534524891333,3.333168618664168,5.831807364220659,-14.483753163624772,1.1080107451043009,0.865696431967017,1.9098108910194895,1.9098108910194895,0.9744334163142546,-1.3913022377602111,0.45264127125606674,0.15052991307910582,-0.5730586186182263,0.5024739550321574,0.629654261805722
7790000,-1.42558280435273,5.5999974137855775,-1.1779715728401239,1.6404898789769802,0.9725264329260587,-4.808181338631174,1.197266775410244,0.8833462990051489,2.085740122649284,2.085740122649284,0.9716686775302487,-1.3886989760161303,0.446278681898668,0.13792128204992707,-0.5612183298045963,0.4959839908058831,0.6480830094311327
7800000,0.5614722474611052,5.423817833978859,-0.6184340593845824,3.671343109896202,-10.984048807344436,4.778288834025114,1.2123822044458057,0.9825098631648034,2.2616866721564435,2.2616866721564435,0.9681617811003952,-1.3866502508201062,0.4337294315937335,0.12314888643386022,-0.5425541949657661,0.5019953045015377,0.6621706815871254
7810000,2.77245602184623,6.161208241669865,1.0158297961921816,6.833850253656456,-5.4188025331573355,5.075854159826971,1.1657435188917427,0.8737162335455987,2.4376026534159934,2.4376026534159934,0.9653187776954538,-1.385308107636937,0.4265444839729949,0.11209422698066009,-0.5193444273818175,0.5165738667292541,0.6714668199080631
7820000,0.9639131348483467,2.5787721604057583,1.0226129622255693,0.5647322930078709,-8.768814825899211,13.135210829898428,1.1224945097932577,0.8619758500264182,2.613527715965958,2.613527715965958,0.9615899130030371,-1.3887974159376337,0.4119925628371716,0.1027225051204207,-0.5055671046157558,0.5265566645019261,0.6757130076747322
7830000,2.9779350083862237,1.8514600869123095,2.2472140319605627,-5.535254398420993,1.4529232412110455,0.9920545638552924,1.0598786392801096,0.7811072497917034,2.789470231785671,2.789470231785671,0.9592763631923186,-1.3868962790040544,0.4049796113217627,0.10094906759099673,-0.4902299511831648,0.5438074488602087,0.6736151269676266
7840000,1.930126602837573,-1.613162030441593,2.68914113817599,-4.904036932233706,-3.131406589781941,5.1609672329649765,0.942773246423765,0.6817774381298349,2.9653862727586358,2.9653862727586358,0.9585318750200124,-1.3863808311220196,0.3917767024018118,0.10157074083374268,-0.4891012791009935,0.5592889778566382,0.6615581324693496
7850000,2.8764455972591785,-3.711057054929536,3.3192640220103047,-2.531230442735837,-0.2756751727273169,12.571649868450637,0.8335949581453213,0.5689414902408704,3.1413278821812156,3.1413278821812156,0.9560253013874779,-1.3840940931425463,0.3840024347032103,0.11185607566883413,-0.490696579656781,0.5771155560269945,0.6431506200267225
7860000,2.012022496264286,-4.200206056020684,2.599445477055619,-0.6192929535195333,4.671384304411659,12.879507812160554,1.9801206036159245,-1.604353175024572,3.317245794163867,3.317245794163867,0.9536299161089737,-1.3807591390943017,0.37599283281053236,0.12434723508817061,-0.49536989753807315,0.5889946170056292,0.6262840975766815
7870000,1.066419341940413,-4.1302449419104095,2.1142380614645444,-1.2454505877601152,-0.1434174975045534,16.70059107484357,1.0717467544545412,-0.411598154157471,3.493186599675326,3.493186599675326,0.9524294547624527,-1.3771329155409202,0.3681857856671185,0.13331250248813772,-0.5022163752899217,0.5974404194369751,0.6107957386016819
7880000,0.31108371188265166,-2.2240805732898554,1.372851908768794,3.0866236087275647,-4.4419460277555105,23.447627328161385,0.48651906782438037,0.27340488157637083,3.6691201025838183,3.6691201025838183,0.9623995844766345,-1.3602058739858096,0.3675442681787369,0.13570653489216153,-0.5048202350548736,0.6030690635502178,0.6025346224536545
7890000,0.8135611419250962,-0.2981426853194267,1.2146601400180872,6.241397181955093,0.7411718797801953,27.799002464726463,0.38311585486388705,0.1802475776771229,3.8450361908667077,3.8450361908667077,0.9796194304331277,-1.326846454063226,0.3606891667252799,0.13550991638513235,-0.49960637159115673,0.6101744046819756,0.5997647304550429
7900000,1.0989762225163153,1.5652342777529584,0.8933418610530564,7.160816135537571,-4.356728732879166,31.00958570984051,0.2716856916568507,0.11995358362516335,4.020976710004007,4.020976710004007,0.9792127995363596,-1.3216667025313462,0.365103050401922,0.1305002051009812,-0.4876753669782885,0.6185974075689845,0.6020628540776495
7910000,0.1962835758360047,2.271594300528547,-0.11102880236050088,11.217812488452497,-7.390798267389172,35.45374643927657,0.16615732042890718,0.02987295810121798,4.196907861515811,4.196907861515811,0.9806751003119102,-1.3134680381733352,0.3604052733360869,0.12295450659335534,-0.47549776268596505,0.6221928120967052,0.6096393782919706
7920000,-0.1717642341801041,1.4799088932387858,-0.0073918359084252285,11.550175357932758,-4.118623007018185,31.364958725808496,0.0598204803151448,-0.059314834418043576,4.372836937443751,4.372836937443751,1.006727173839612,-1.2655548609620413,0.3637961697977849,0.11714406926073956,-0.4666174677547395,0.6243676586251116,0.6153945341698982
7930000,-0.2729885661584795,-0.20893519696975532,-0.24628791272418987,10.570226481595295,-6.835077383693306,25.042379503102264,-0.038453030531056136,-0.15956361959776497,4.5487534079573635,4.5487534079573635,1.0091455222801515,-1.2554799481670762,0.3622782896935088,0.11621133963517849,-0.46311333486176715,0.6248523180114479,0.6177220607110695
7940000,-0.20722111882762545,-3.705823388202721,-1.0352920332277815,12.694750059983914,-2.981458032723843,22.42335851296804,-0.1524814575851164,-0.28118912622184516,4.724691485065065,4.724691485065065,1.0339191313058278,-1.2021317357930184,0.36452028377478735,0.12998519772441222,-0.4694122990651251,0.6202092591358648,0.6148954518786758
7950000,0.07784659131391324,-7.006811817514142,-1.4815357265393945,13.306503938226314,1.9296063808853285,22.7816126368566,-0.27786435955769456,-0.40854744535833537,4.900624552813255,4.900624552813255,1.0371492328120573,-1.1903809896427566,0.36553270895244067,0.156847127018424,-0.48452080151633453,0.6116506049674338,0.6054106945594927
7960000,0.6714068839782543,-8.60649932760864,-1.977847317686984,11.102613882349718,-0.665886920409562,25.56058607505931,-0.4300887854860083,-0.5472917426575382,5.076540110224826,5.076540110224826,1.056934778802394,-1.1411844045642174,0.3713109307148304,0.18969171565428272,-0.5018598997087931,0.6014798097567385,0.5919254450785272
7970000,0.20202541606146,-8.369703735722519,-2.398817127264759,8.337665643532489,-2.942057945285803,29.57143830177849,-0.5685714206318495,-0.6684159044205394,5.252477842560879,5.252477842560879,1.0739943559709473,-1.0992541092271442,0.37436359301986527,0.22005190770951294,-0.5192636989935466,0.5883800323651637,0.5794405114719824
7980000,4.504259584465085,-5.3258737604737485,-2.261706473587218,5.013667386437747,0.09820551465783917,18.819337565694042,-0.6454602218798848,-0.7187170645597067,5.4283984032073676,5.4283984032073676,1.0788547713498984,-1.0838901962352745,0.37844512129199,0.25351218323724756,-0.5144289552459138,0.5892721057719823,0.569080669425641
7990000,-0.7800282197594666,-6.479110891306085,-2.907978586498719,8.763174548764281,2.1805776281001408,7.815275888908455,-0.6702897821696161,-0.7281429928057871,5.604323529821741,5.604323529821741,1.0885142256044182,-1.0497822087918343,0.3820858819494169,0.27960388523731783,-0.5267648584516906,0.5700313813156129,0.5651589825668364
8000000,-2.061224833647121,-3.9019240472271512,-0.4951345376039275,10.602471930372594,2.589855193286562,3.999515910499638,-0.6351719201534326,-0.6742341923513827,5.780252817117329,5.780252817117329,1.0937613348456499,-1.0328084908783115,0.3844681107784775,0.2906837494944472,-0.5390935818722233,0.5551609465137534,0.5627409628150234
8010000,1.1258488850385655,-1.5252325949682382,-0.32126907125796367,15.390632106782231,0.5229403131794945,4.407264053238023,-0.5189612946138675,-0.544937032812887,5.956194564432607,5.956194564432607,1.0934433724781056,-1.0132816025247602,0.38837403509681373,0.3039384248426149,-0.5359958467670584,0.5522441577026681,0.5615659145958957
8020000,-2.04933669480442,3.0713824185072927,0.29657672268395774,7.034762189772929,1.20156701065335,-12.615328434320364,-0.37807129398578654,-0.42771757052374243,6.13212843818981,6.13212843818981,1.0979113398545133,-0.9964679868652802,0.3858016354598402,0.2926637177668675,-0.5375275664297058,0.5483489484673817,0.5698469043047881
8030000,-3.647128498041949,5.4151622649620625,0.39395789215645194,4.953842674470537,-4.205341514125023,-12.055777893262103,-0.25756698281064405,-0.32055287405753774,0.024859552372497262,0.024859552372497262,1.0883110887660126,-0.9904034035806986,0.3884852704628509,0.26798799622224034,-0.538145497999819,0.5449010948120929,0.5845208753636588
8040000,-2.8352593134100728,7.1773134115608705,0.6364941831589362,0.027756560616249287,2.1681119328376357,-19.360706164780026,-0.13821821833001535,-0.19125498125775986,0.2007961294618994,0.2007961294618994,1.0909754895150685,-0.9752887800133662,0.38115359722143544,0.24176489541743904,-0.5306583744499165,0.5448874701625991,0.6025355340805799
8050000,-3.619281727788434,7.578749261636974,-1.0173343274710487,2.3878524069543556,-0.15375768466103834,-30.11662296989441,-0.016126933374855143,-0.07178394956071722,0.3767302760380389,0.3767302760380389,1.0806485412360909,-0.9720650652979589,0.38031895050642955,0.21570875267599562,-0.5219321426752925,0.5377264946459148,0.6260245917032023
8060000,-2.485442893689598,4.615590995506655,-1.0494337344059548,4.528199963253897,-2.8285083588357227,-33.72597274876942,0.1078489500053304,0.04440335948215617,0.552646907210935,0.552646907210935,1.0819792817915639,-0.9583339927552632,0.375184859524965,0.20069790923726444,-0.519114660708916,0.5300404854059984,0.6397635517090915
8070000,-2.2996197047706093,2.8529962842680736,-0.7584234796490611,9.844885015565616,-0.14051499645025572,-31.80487955655632,0.2499083138975847,0.1592911593705729,0.7285831475199629,0.7285831475199629,1.0658020103737926,-0.9615410623137486,0.3714181628272966,0.19071790324499888,-0.5210980800392172,0.5214007684407747,0.6482474149818436
8080000,-1.7750043909022881,3.0732230081547924,-0.8848448480038222,13.964441956863348,-0.44401157413524506,-25.396827152827214,0.3908112918535374,0.27880404344971,0.904517837051678,0.904517837051678,1.064741605851341,-0.9501991199068214,0.36361031030625063,0.1823061260253667,-0.5203861571787965,0.5137519543949477,0.6572835409362382
8090000,-1.6107430299873349,5.3718064424161005,-0.422083508007692,18.095560540346863,0.6993357563474083,-21.455481482793243,0.5376758670322848,0.4031810368016113,1.0804348938854886,1.0804348938854886,1.0361494044282007,-0.9662975501493889,0.35813567773380267,0.16766768072552754,-0.5114629544551422,0.5097911252549823,0.6711230912965213
8100000,-1.2767923292375203,7.554177835531082,-0.34833392761664855,17.60060389973297,-0.3716005103718562,-19.80985608727826,0.6748660799527515,0.5320977401807073,1.2563708269683147,1.2563708269683147,1.0305309005627188,-0.959566767524644,0.3561318862366633,0.14814506411609926,-0.4941597752610571,0.5084510722117007,0.6894466358310486
8110000,-0.12861871158054528,7.835776306868015,-0.1482252708945705,12.79862954736557,-4.832261492582648,-17.461362892838014,0.8232606299939735,0.6768650950089384,1.432305417390232,1.432305417390232,0.997605523075961,-0.9785489187266903,0.3509179161776523,0.12990605639567168,-0.4732155676760171,0.5109842576164217,0.7057524576570626
8120000,1.23847781387506,7.025817199507889,0.38856595895610985,9.904669895662325,-0.9231239164708102,-17.35674220746742,0.9808865757110634,0.8228627093123442,1.6082345555845095,1.6082345555845095,0.9881520046284561,-0.975242249467135,0.3508299077762244,0.11807071494435475,-0.45144492804996206,0.5171011322388718,0.7175396868799456
8130000,1.2968789992146486,6.4162678540389315,0.7080651303421784,4.958749206034963,-0.310321131543923,-13.508721686994795,1.1237780195563638,0.9306540369822917,1.7841636917393018,1.7841636917393018,0.9534518732645904,-0.9883734510832414,0.3443536913638722,0.10690454352209422,-0.43187206098667397,0.5237775124294011,0.726439989941856
8140000,0.3550260786455253,6.480060574975521,1.4183904897231703,3.281060292859946,8.471748672256485,-7.537652036289436,1.2380845546482926,1.0135665076749314,1.9600817956971852,1.9600817956971852,0.9405427853321159,-0.9860311210718937,0.3409356676376711,0.09399508594766819,-0.4100210403994199,0.5298890444490995,0.7363866313427262
8150000,1.261005325397752,5.920630675583649,1.4340992302388185,-4.460621076883688,-4.075428835604185,-1.6244236585908554,1.2743220663989618,1.0121518024599176,2.13601514933881,2.13601514933881,0.9123104202076731,-0.9958350044710524,0.3318193021867664,0.07641136119140689,-0.38584311008491157,0.5416388159436295,0.7429090060997123
8160000,2.5398670948818833,7.100596302832878,2.705656747026854,2.1227816017130428,-3.262835730510768,1.9938598325813048,1.2489349378276744,0.982016147667522,2.311940575114697,2.311940575114697,0.8987460732047696,-0.9943957650410539,0.3291559016731655,0.06207550795900821,-0.35792253857517414,0.5578790523889579,0.7461963887591072
8170000,2.2861831767962943,4.814126361626629,2.5166533748770044,-1.9414187864728416,-9.404684284342045,6.611984962511763,1.1933486284091006,0.9132815109216854,2.4878733867658056,2.4878733867658056,0.87549570362244,-0.9997905570586831,0.31993017870829726,0.048003850130648104,-0.3349263610358827,0.5740101551197319,0.7456757370836987
8180000,3.545698741542909,2.602877483351813,3.013716851200474,-7.048407353803003,-0.345156344147426,8.655766731770324,1.1388740730051687,0.8526416807640886,2.663799172560168,2.663799172560168,0.8617765597880552,-0.9982414028604272,0.3200991227464462,0.046134544995527375,-0.31100210965097475,0.5932706826161475,0.741066251221083
8190000,4.090818049341656,-0.3565556278063834,4.213188908429125,-8.075602981725359,4.195336777295728,5.643157465406159,1.0531041924170716,0.7749771045416475,2.839721266190246,2.839721266190246,0.8461211028989384,-0.9998158185235041,0.31135959750803527,0.05480483133976782,-0.2952961188167471,0.6161924658708036,0.7280820542202946
8200000,3.054764963118563,-2.158928779146925,3.3918867520386247,-6.0852029925564715,-2.6987991854506435,6.707305823555274,0.9309677212997995,0.6587911493875774,3.01566027390151,3.01566027390151,0.8342205248267514,-0.9976787559171345,0.3106469058417199,0.06277050572834518,-0.29072784018998193,0.634114309222249,0.7137480153308071
8210000,3.2139647867398886,-2.368829565352296,3.0944968444512173,-0.41290907018097306,1.70250974889063,12.865095740176693,0.8121805348878753,0.5619991457116219,3.1915972951471403,3.1915972951471403,0.8226886009250964,-0.9925635218005793,0.30175509748005075,0.07668902449392086,-0.2843369799044399,0.6499028792319388,0.7006407945210078
8220000,1.9188759820104953,-1.9722061174713126,2.3961178083040933,3.3311785102903424,1.89017623169445,17.481170566997058,0.7099467304397594,0.46397345130601436,3.3675172553326647,3.3675172553326647,0.8121317195067552,-0.9878568853642073,0.30251973771519775,0.08697042112539567,-0.27936594017439276,0.6608773540867433,0.691109210020424
8230000,0.6473847320152247,-1.2566061813988665,1.6383770694592927,5.481872980127663,-2.5867398701607165,24.197660187475446,0.6169991343805634,0.3845740838907652,3.543437923933759,3.543437923933759,0.8053620891349378,-0.9799843660784249,0.29632399386792746,0.08920254220538662,-0.276056323019696,0.668189357277125,0.6850976542118095
8240000,0.5869829753328172,0.1934081899518179,1.3900306662224997,6.448272181033943,-2.150962949166586,27.92537467160898,0.5159598016245744,0.31044613062193843,3.719367157299068,3.719367157299068,0.7971201446899572,-0.9737673760259491,0.30152402030845366,0.08710372203385613,-0.2675823046694801,0.6750839999462409,0.6819635216433517
8250000,0.5403740773047679,1.9185674889035138,1.2059243400629223,5.083212282743619,-0.8366615518069037,27.96259881467075,0.42238335441277564,0.23863056692072251,3.895296407668063,3.895296407668063,0.7935746783536202,-0.9584250277537989,0.30037370060968266,0.07959204585417244,-0.2530868337812903,0.681833603300479,0.6817001527164226
8260000,0.35043027045699154,3.387632078269129,0.8290851510775946,4.944594306072873,-2.955029105113256,28.44221368522927,0.3346108797129881,0.17100589381619516,4.071234142551809,4.071234142551809,0.7874588471368156,-0.9476151259848167,0.3079930110716392,0.06573253092004616,-0.2342358788582967,0.6876305417275077,0.684088463225233
8270000,-0.492353056529779,3.536587204358481,0.11628767489394168,8.31070363429789,-5.602144014168948,31.45219932968777,0.248567449711602,0.09752163437866802,4.247172429312904,4.247172429312904,0.7811596382959818,-0.9262241552797618,0.3110544066489305,0.04905800168299469,-0.21738857236916315,0.6897733702042553,0.6888746031254396
8280000,-0.442809193288892,2.748341971024664,-0.33318993510010453,9.03890909586612,-1.5757525197359756,27.64531755028065,0.15203305728490502,0.024798482493473915,4.423101730048778,4.423101730048778,0.7738603784660426,-0.9106672765328161,0.32258099039205085,0.04061625940182866,-0.20326430574241838,0.6890451568209408,0.6944427358284203
8290000,0.10370862243801875,0.8588671132607717,-0.6606125555838263,8.612342723245204,-1.7355772845214454,23.70293762497205,0.04502611558198973,-0.05015927521282999,4.599023310271825,4.599023310271825,0.7620183694196533,-0.8827988658925386,0.3302545978189139,0.04467300141168686,-0.19512667797589567,0.6864758978680663,0.6990570392558785
8300000,0.5649459125185001,-2.3031061119530247,-1.11155778756727,10.609269569518451,-3.741153834724297,23.537700939261054,-0.059561855341053745,-0.14597233086242078,4.774942717362215,4.774942717362215,0.7511572927906669,-0.8614066640212148,0.34218801284196504,0.06256921669406992,-0.20112033683882022,0.6812708586712051,0.7010746895713245
8310000,0.4600785243786402,-5.40499064539302,-1.7835859905860896,9.626060990732071,-3.611745184903232,21.274690018207515,-0.18034067448149146,-0.2724250341049973,4.950878489270899,4.950878489270899,0.742800621089572,-0.8402035774228026,0.3519990203056021,0.08813328595972492,-0.21469672321018163,0.673004593925671,0.7022838866894888
8320000,0.3761479925277195,-8.623871862975562,-2.3762495089918136,7.766093680041581,-2.3799565240887897,21.177950057113943,-0.2989934970179858,-0.3998633230539652,5.1268184117949644,5.1268184117949644,0.734275680825152,-0.8219851088474777,0.3629938092932726,0.12098052497133571,-0.23551841684676583,0.6613153870851114,0.7018238715718654
8330000,0.07092615506977197,-10.762962218995495,-2.460204767618646,8.184260339152296,-0.6778962494564115,26.640478644918154,-0.42331144898811446,-0.5466346874887459,5.3027475673099715,5.3027475673099715,0.72995180543937,-0.8049498906105319,0.3736137576087987,0.15802102220940617,-0.2646295706256666,0.6463384796997399,0.6980308850973563
8340000,-0.09100140043627267,-10.837061255270212,-2.4123676575906345,7.0417685771092815,-2.0171475148701226,31.24407266593844,-0.5923037488119134,-0.7200359465710542,5.47867091506793,5.47867091506793,0.7247848305047053,-0.78911142456182,0.3844669015345222,0.19260098273685816,-0.2950107678180032,0.6298784664016881,0.6921897325760376
8350000,0.4016134973583294,-8.572761485862289,-2.6860772491536964,4.520132598741774,3.981048556961681,20.744649182092985,-0.6980025640113079,-0.7209904089656285,5.6545883992506205,5.6545883992506205,0.722174356645725,-0.7747690286417639,0.3959777882281826,0.22458365186985105,-0.3150416924841806,0.6128098419562711,0.6890391954824012
8360000,-1.291238365293729,-6.638788007526828,-2.683543351376606,7.79175010298962,-2.3011186451096974,9.572067838272751,-0.6243193480810035,-0.665083985905361,5.830517517564708,5.830517517564708,0.7189346116262721,-0.7607716648802842,0.40286714053661427,0.24320863984698704,-0.33870403574283764,0.5942612384319583,0.6877373875052951
8370000,0.02515801334325153,-5.092795908861227,-1.644349963231017,18.829092218667714,-17.071196946349907,17.156939668318067,-0.5581893256235354,-0.586251521546439,6.0064468605171655,6.0064468605171655,0.7168924033618045,-0.7453270218916948,0.4110172095811269,0.2554432202907699,-0.3581444019534048,0.5849370191460321,0.681417663543787
8380000,0.5551310026158432,-1.7820222428420744,-1.4458264205363789,23.750675269282798,-17.105747076218687,16.67807665241953,-0.4181738558913143,-0.47351790168184155,6.182375990686005,6.182375990686005,0.7147069789416023,-0.7299810037168034,0.41762376918376637,0.2605772375661916,-0.3654718303423554,0.5806159431261613,0.6792753278872267
8390000,-2.28755682860193,3.494509430642014,-1.7531949998529477,16.441459254234935,-11.157392417063797,1.4703033678843513,-0.26920111604281693,-0.33395894933863357,0.07512378527098917,0.07512378527098917,0.7110789981024799,-0.715283825826071,0.42560919106938117,0.24464572023534623,-0.36418542304203966,0.5752486391236135,0.6903668969473045
8400000,-2.473885470638437,7.532183732082013,-0.8935421708789205,7.349557992250644,-4.356088331113506,-5.916894436299678,-0.1418601723282256,-0.1966591448647465,0.25106301909318063,0.25106301909318063,0.707695276626464,-0.7003972878425875,0.43194907619301476,0.2181848805671759,-0.35006759419850053,0.5752691492824377,0.706338051691838
8410000,-2.550780334692269,8.774572431174123,-1.0969969654212253,1.4669054619441788,0.32233744599862235,-11.861696647799672,0.013396381459279252,-0.0705366571511865,0.426981488891812,0.426981488891812,0.7029187478299647,-0.6863930771877755,0.436532969341148,0.1897826439855678,-0.33087256499730483,0.5738720956701778,0.7246907696287223
8420000,-3.0817160301690354,9.098908559254957,-2.1158837947549354,-0.010199253483446424,-3.459706512850668,-22.65205235784586,0.12919666249226971,0.07562540525182937,0.6029229070373106,0.6029229070373106,0.6985017145787091,-0.6720768958540217,0.43917606539630577,0.15860556602325265,-0.3111650520112295,0.5677114902369897,0.7454691467030604
8430000,-2.3869110121292074,8.604262702605784,-2.226362802837355,2.960676050906839,-6.9926770732218175,-26.33896077554009,0.27285081460496324,0.1883589875953084,0.7788363254678359,0.7788363254678359,0.693633310853707,-0.6599631767355792,0.43267455471587707,0.1326563666956924,-0.29246613835972146,0.5608581794734663,0.7630884279071197
8440000,-0.9932251869816621,7.8742618267283335,-2.2405733462033908,6.8644818749925856,-3.8054077955271195,-22.30334984071905,0.41525371897706226,0.3286952304984358,0.9547655029550413,0.9547655029550413,0.6892748938930624,-0.6479119058510918,0.43020246503134923,0.11408836473417674,-0.2741643631333664,0.5535962470253224,0.7780417355768491
8450000,-0.19158215269509293,8.148877945694863,-2.1499996098986633,10.470481795332354,-0.8839999075040768,-19.106542816654898,0.5846122301178945,0.4461624962937406,1.1306986986010656,1.1306986986010656,0.6839093026177002,-0.6362621568265083,0.4250424461707622,0.09537858269932613,-0.2503549146281829,0.5473292763241502,0.7928783046358786
8460000,0.06770025678805601,9.144914930244287,-1.9596857739227043,10.115616413993031,-0.23229202181452324,-18.28580031855236,0.6902353379646547,0.5694049603550722,1.3066414246068803,1.3066414246068803,0.6789978346546437,-0.6248797645538607,0.41536092544486364,0.07649451883058984,-0.21924701902922833,0.5423229098154673,0.8074436170562984
8470000,0.1646232413272021,9.007119371371804,-1.6620090891185875,6.731783230631369,-1.1955059357272106,-15.114968315500855,0.8593655706408928,0.6964538397591237,1.4825531022226812,1.4825531022226812,0.6728491326862883,-0.6107787041492256,0.40718646923850726,0.05739686740148435,-0.18956558110722974,0.5373995651023689,0.8197391033126087
8480000,0.038091548376740066,8.428197693954825,-0.8728257033309685,4.068841926734325,-0.1607939331196752,-9.972101949072925,1.0175701751116633,0.7786774857057849,1.658482312857842,1.658482312857842,0.6668138583054015,-0.59566171600643,0.39444100051007863,0.03918238365915881,-0.16160705854052881,0.5349465859590277,0.8283598551423441
8490000,0.7032904833031869,7.911883977131701,0.024630301492980972,-0.5782233815425631,-1.168007203358179,-6.2769556136150655,1.063500351640748,0.8015397730484882,1.8344114760247692,1.8344114760247692,0.6604069282626706,-0.5793123085836092,0.38354746601080675,0.020361717298073193,-0.13144138169118535,0.5366153634800097,0.8332781740361394
8500000,2.839197553756817,6.640184738145358,0.535700212453585,-1.4369741390439374,-6.986434490209811,2.1378661500922407,1.140479569068252,0.8250932411784294,2.010340569815355,2.010340569815355,0.6539467054424657,-0.5602485678543834,0.36873898960969204,0.0066594900260199,-0.09793141114142975,0.5416876272759684,0.8348290869157431
8510000,4.096355559327836,4.781967379656463,1.5201710799742245,-2.1243077537106885,-0.5747781782198729,1.4931154334354453,1.1456725930341851,0.8248658801751636,2.1862698518612547,2.1862698518612547,0.64801569915334,-0.5423627740166319,0.35723052093858737,0.007359897652124943,-0.0673144268157791,0.55032481071225,0.83220021783435
8520000,1.8737875121488077,3.972491131000967,2.71319091326445,-5.546526212015957,8.842782834261756,0.717138575393469,1.1187270855441647,0.8349861169137703,2.36219896148242,2.36219896148242,0.6424447427837062,-0.5201821418475643,0.34251591125720543,0.004048940718218173,-0.04199564319982239,0.5620496394032207,0.8260267398081028
8530000,3.4366215942218274,1.673679246238379,2.9751016546792903,-5.753791309546999,-8.673125270997483,8.254711575656993,1.0335763576868209,0.751205164362223,2.538142523111162,2.538142523111162,0.6368369684652561,-0.502128911483674,0.3307877667022035,0.005151060431223215,-0.024974152377483246,0.575187397214522,0.817624129031821
8540000,3.571613985963927,-0.6432633437961557,3.2918295208106145,-5.895699824323468,-2.6282411117776285,7.482125080596932,0.9269853934709497,0.6781534363194326,2.7140748119404066,2.7140748119404066,0.6319583449072383,-0.4793894225696953,0.31742591376711454,0.016741436781147267,-0.013078584137202386,0.5890227888271666,0.8078371303509986
8550000,4.271570530604623,-2.1781725692815415,3.7312780910124554,-2.616984160794828,3.0286694580795657,9.949704852093776,0.8192007761454807,0.5944382800909784,2.890004014805271,2.890004014805271,0.626141857141939,-0.4622660005077306,0.3068853620130892,0.04063402321073273,-0.0019494842019145348,0.6037230327140306,0.7961554970228051
8560000,3.4452021168171116,-2.956504165199156,2.8088547783343647,-2.3074506237319836,-0.36932450926822313,14.100016720927616,0.7074176544963309,0.48248273721182494,3.0659331934403724,3.0659331934403724,0.6207936603301858,-0.44158808165839636,0.29679100931151076,0.0590250295937623,0.0011314833433410693,0.6141030253234162,0.7870147647379475
8570000,2.9125187032398383,-2.9791902976818316,1.8759539860903147,-0.5689960514776681,-2.757716512368671,19.62364701857747,0.621317952006052,0.3802063363758104,3.241860335055037,3.241860335055037,0.6141475984442164,-0.4231026332696822,0.28902016942433656,0.07545146470354334,-0.00462411720774198,0.6206981978090028,0.7803969767053145
8580000,1.8925333357488436,-2.630322076804294,1.3283689308655071,5.0675216867789565,1.3571548058395635,25.353621878218185,0.4921194977008936,0.2984600802130796,3.41777414503548,3.41777414503548,0.606647705723172,-0.3989066539222208,0.2857235914322999,0.09346290155801333,-0.0156252408332006,0.6249828724288745,0.7748657606655588
8590000,0.8703129994914006,-1.7754101722968672,0.9508848761640106,6.212063530654516,-3.0790689134711173,28.487960836890583,0.403743092335066,0.22478462293115162,3.593703268510154,3.593703268510154,0.6007213711950408,-0.380058620743875,0.28124255053364206,0.09790941207587707,-0.026838174987915353,0.6285572871284326,0.77110906893125
8600000,0.24093119170821584,-1.2084722289094312,0.34041509517731905,7.847641457986799,-3.4724996592714503,31.67689436904819,0.3076254315245166,0.13408505784525873,3.7696324529102583,3.7696324529102583,0.5953401662356086,-0.3549292919520719,0.2830770550343214,0.09870114924457611,-0.037779004029462826,0.6299874887536027,0.76938065611651
8610000,-0.370396699676484,-1.2752192563629838,0.09394491725746815,7.052609180361448,-0.5850848676274135,29.662394895327818,0.23046570477890083,0.06737190980943306,3.945561661133439,3.945561661133439,0.59005196073072,-0.33569401044128533,0.2829921244937767,0.09792963455564214,-0.050861834385060437,0.6302740657344019,0.7684903789517549
8620000,-0.39610788842029404,-1.4746114362314187,-0.3023166145313824,6.406474684264411,-3.2809721017152524,28.148954522538677,0.1224479410931405,-0.02748826666345078,4.121491002461056,4.121491002461056,0.5867602584602122,-0.3095597829600012,0.2902644633609642,0.09567802847091988,-0.06324535210189672,0.6290403379705976,0.768865393623137
8630000,-0.4294207669822132,-2.9938013187915304,-0.9012520829288517,8.085610250949502,-3.13467011909434,26.50778556477315,0.017371060701753066,-0.1158734315319403,4.297420190934616,4.297420190934616,0.5819960566589272,-0.2905803688757891,0.29336508548531576,0.1001231158022309,-0.08265409501352314,0.6245401827094187,0.7701254588966883
8640000,-0.2820929310797637,-6.126554998914524,-1.3204476836488404,9.193441053288877,-3.336730808304372,25.161884724236206,-0.07805629979529886,-0.22382494434663253,4.473349652399577,4.473349652399577,0.5805656968933918,-0.2658418348908047,0.3027231534654216,0.11581749628060804,-0.1135755277801101,0.6164551963671077,0.770499771522842
8650000,-0.6784673610848148,-9.079397052427796,-2.004768657297395,8.993488052089766,-5.69704006273227,25.48269348808399,-0.2075700404823481,-0.3471451915810394,4.649292227606509,4.649292227606509,0.576157292752272,-0.24668121305408763,0.3079898149634494,0.13657720358220168,-0.15450907289678023,0.6034587548753069,0.7702669310171557
8660000,-0.5032358836716011,-11.133071844500032,-2.6141133787032556,8.087065171999798,-6.056389256533406,27.677937567018937,-0.3305562447866193,-0.45485534820497386,4.825208342302261,4.825208342302261,0.5760297808254622,-0.22159516122197664,0.3159831914403172,0.1628860173459207,-0.1980797403187878,0.5860644935241583,0.7686097652636856
8670000,-0.27387457999055365,-11.902685126294678,-2.6525474972586163,7.67270700370457,-3.134299031958189,32.79957976862243,-0.4431177690016129,-0.5960710099578934,5.0011373263224925,5.0011373263224925,0.571824508906525,-0.20165391520852083,0.32431566938740003,0.19317730085077395,-0.23849840173488493,0.5665934041172113,0.76470449012464
8680000,-0.37273649195752273,-12.023192573163806,-2.726950140299509,5.5788176711475685,-5.788411605894429,34.01625197392105,-0.586950821871786,-0.7448447421120927,5.177083772274415,5.177083772274415,0.5723005757242112,-0.1731663053542644,0.3330587882132254,0.2231266196652555,-0.27925527076535994,0.5450276835333583,0.7584034741012091
8690000,-0.2746944795868657,-11.864280171969515,-3.5148984541251265,4.839684635109769,-3.101062466027754,30.09620601052549,-0.7287047187281421,-0.8739023523606221,5.3529997567976295,5.3529997567976295,0.568763549970994,-0.15355718520770523,0.34465379878219843,0.25441098149706626,-0.31680909540914914,0.5189631449679499,0.7520533915386001
8700000,1.5947315528815365,-11.745533924230966,-2.79286011411716,3.308312625339261,0.4995375530951133,20.256068121008365,-0.8522198259439029,-0.9427003351069373,5.528942290002561,5.528942290002561,0.5740837749025827,-0.12700108712350047,0.3531419389637889,0.2921208197451371,-0.3483902573768204,0.4963309701921562,0.739557450955945
8710000,1.2729406404711359,-12.723872992809044,-2.5449507640363356,10.3717439279194,6.309201715108386,9.798486533298561,-0.8178107979147442,-0.9312728086252163,5.704858851551705,5.704858851551705,0.5784188586944436,-0.0999624936333673,0.365818040768982,0.33500371910369203,-0.3827451799729805,0.467910664796921,0.7227297179191187
8720000,-1.0581573004780203,-10.061133587446282,-2.0270036284065474,11.05429725650178,5.033509205976596,-4.3309087208988135,-0.7933566567651934,-0.8391242042779633,5.880783383499505,5.880783383499505,0.5760421690474175,-0.08002233489680288,0.37138945889791913,0.3624627490175005,-0.42045482261879424,0.43881214457050083,0.7065991788055749
8730000,3.2103915714739295,-8.374465170469138,0.13410294564691197,19.813572018669333,-0.5979676164947567,6.056130411083898,-0.6773380321842525,-0.7222322506879973,6.0567124091830635,6.0567124091830635,0.5861174246977437,-0.05544904235788875,0.3848122509153434,0.3886765200531171,-0.4481353823283718,0.4326324869420375,0.6789214778655561
8740000,-1.2277863328385918,-3.4784291390794353,0.8430709206489033,14.388493851849983,0.7525043449910204,-3.034995294680804,-0.5126264693161494,-0.5662816948235876,6.232657219809653,6.232657219809653,0.5828647172670375,-0.03583869579230828,0.39019787857538196,0.3925498744279138,-0.46842570402427086,0.4244708563960776,0.6680617096993179
8750000,-3.977784289062668,1.228788684536128,0.917975514047393,9.175114939643692,-3.1300896085227308,-2.7340028153457596,-0.3750462634980157,-0.4396548191655479,0.12540260052276864,0.12540260052276864,0.5807391682168399,-0.01618324690490118,0.4045602031508844,0.37445784230115625,-0.47952632234672016,0.4211134012609749,0.6726807071666357
8760000,-2.5073532757253654,5.129597732780332,0.5002508655413062,9.47870380655013,6.4419116488257275,1.4523795800513992,-0.2531014027413664,-0.3115124077356858,0.3013317257566328,0.3013317257566328,0.5928948246877129,0.004020834076940011,0.4095257464609547,0.35924451565219795,-0.4656441317942888,0.42195443848311115,0.6899807043271305
8770000,-3.6647032619181634,6.037051832913723,-0.3363545630422102,1.9417189373493926,-1.377028756861369,-6.425262597814254,-0.10858920454105883,-0.1691585209502918,0.4772482659535413,0.4772482659535413,0.5911178026015368,0.023656662005406615,0.42329912650480067,0.33730887805979676,-0.4574705369663136,0.42142194139954403,0.7066448725469061
8780000,-0.8019711122295493,7.7849671932741025,-0.4315988878455894,7.792213116712399,-4.698968616658936,-8.399783892619585,0.012401374783933402,-0.038194383199465484,0.6531859330543526,0.6531859330543526,0.6034362437437434,0.04311909413168932,0.4229042917677392,0.31993713336877255,-0.43691042994917134,0.43066897517430086,0.721992895197536
8790000,-0.693522982110155,7.6383299647026766,-0.6667524331479237,7.9003058795215635,1.0733668176095505,-12.700385041272146,0.16331452900672655,0.09466476865621203,0.8291072909027335,0.8291072909027335,0.6020580313163101,0.06269293662136158,0.4353131189953053,0.30616880740541186,-0.4146247402740677,0.4365932144743033,0.7373827711572902
8800000,-1.2069622563726707,8.442717195911298,-1.0171789685142745,2.8646911378886255,1.9890285365183573,-21.396663961013324,0.31478909061897237,0.23889227610713332,1.0050438206193988,1.0050438206193988,0.6172226716797312,0.07950800172815495,0.43457682936603187,0.2897250405376501,-0.38945079182542464,0.44066067436257506,0.7551196274116622
8810000,-0.7870447400946164,8.585846975895798,-1.243450311872123,2.658637759379526,-4.297995726078601,-19.983041173134108,0.4789908020650151,0.38207397941968524,1.1809650895556913,1.1809650895556913,0.6310774245178599,0.09578580527090508,0.4438554152857797,0.27282396629027467,-0.36323664757079416,0.4455105577420436,0.7714574286501797
8820000,0.19947728484335345,8.547453464839808,-1.3952236571728927,3.3603213855910714,-3.0316920253284536,-16.744390562080827,0.6259878385054927,0.5056601541046987,1.356889269221547,1.356889269221547,0.6308888472461461,0.11512331697420936,0.44256815658509213,0.25994934689070875,-0.3342086456267581,0.45079783418939967,0.7858194645906709
8830000,0.054825323901170765,8.102058194343217,-1.4607743063045626,-5.669623551819051,6.491207990122409,-18.67316487273416,0.7657324803750837,0.6116747822737677,1.532831084888251,1.532831084888251,0.6440925937722738,0.12899384395367028,0.447501117772292,0.25067297867006716,-0.30241759834432386,0.45253401605241106,0.8005745551113922
8840000,-0.7689218087766387,7.904480810354418,-1.8957499077368059,-1.0721350526013522,-0.07091077163908886,-7.521059441539533,0.9443098622271803,0.6968597727274767,1.7087652072031645,1.7087652072031645,0.6448686838833028,0.1479321328690957,0.4372720263526229,0.23692256193950126,-0.27571271263418246,0.45196301075357737,0.8146039753441459
8850000,-1.1983033772348468,7.286055857822867,-1.396197729411405,-4.908140395793159,3.4647533729035573,-6.915281633197873,1.0451407594878852,0.7191563833551177,1.8846817556715578,1.8846817556715578,0.658071917952735,0.16146741569768677,0.4378998456099143,0.2228843529065634,-0.24493833902938392,0.450686517554332,0.8289809637124955
8860000,0.5138281507173085,6.250686194501943,-0.7344327248791301,-3.329934332843493,-3.6651966866618024,5.77865332107783,1.0934959768697656,0.7811030744249398,2.0606060075364283,2.0606060075364283,0.6597907901022062,0.17998382570734986,0.42717346724067723,0.20675454374331753,-0.21442429285085335,0.45647529099323014,0.838394352312532
8870000,0.8971644001295878,5.545957980526355,-0.08277824338237649,-6.323182922328829,9.603788869310526,-1.3685750528813072,1.0902182772417988,0.7459823973108318,2.236547672757645,2.236547672757645,0.6750746847353223,0.19345775721592304,0.42527096613818444,0.20170677936287043,-0.18344097204253243,0.46102303317629156,0.8444652436992781
8880000,0.18941983375154686,1.6248620039495902,-1.0251025045955713,-9.05032961458294,-17.88789696766671,8.994594054669829,1.0512882265363646,0.6583080176316827,2.4124820563392078,2.4124820563392078,0.677977441146555,0.21156866771683489,0.41523273599631344,0.1938051817261035,-0.17480496183983565,0.45987832317574423,0.8487606875470561
8890000,1.2459145859315908,1.2124101598762276,1.189542365638971,-8.531168022529341,-0.5602804737345716,3.756888121599019,0.9681849885987368,0.6020521786235494,2.5884113317288566,2.5884113317288566,0.6960970800627575,0.22505109881442434,0.4111446831255034,0.19268255026137482,-0.1621849919872439,0.4674287161002351,0.8473959278659275
8900000,1.2382618664102394,-1.1512458385285385,2.5678724564532107,-8.004658478876713,-0.18104566353576929,5.005236582074525,0.8777781379552126,0.53037983693616,2.7643405637292418,2.7643405637292418,0.7004912843675007,0.2427739477379071,0.40077759265569796,0.19491184745978535,-0.16120886354888256,0.4785624034669065,0.8408323852118619
8910000,1.6488688291590534,-2.6995596368244623,2.6255402196502606,-4.115828735106544,-3.2226870419326095,11.518227315045532,0.7690969977083829,0.4369030186416655,2.9402697701298237,2.9402697701298237,0.7211232593791498,0.25801133327921155,0.3950584481205767,0.20043312582121753,-0.1677902602466759,0.48932482325994625,0.8320061345816576
8920000,1.5474060224147022,-3.6537296333306144,2.3456807881039987,0.41203869417220484,-0.8357604834106198,18.010738425900655,0.6649227286183702,0.3483817603403975,3.1161866215750322,3.1161866215750322,0.727208534316562,0.27568658115855227,0.3924541056225748,0.20821735643989642,-0.17775661235912002,0.49770425894170983,0.8230058261464946
8930000,1.1976599185680683,-3.561882786287844,2.2733160696996415,2.478995743166371,-3.4414916463483465,21.700428907869078,0.55416523874141,0.24637328810762815,3.292110511288435,3.292110511288435,0.7473337062945739,0.29048265309692756,0.3887646208943912,0.2135483420932382,-0.18954461473357437,0.5058575018041875,0.8139890247928142
8940000,0.34878986146246277,-2.7690313086845224,1.8578055642100182,5.378630680641146,-5.114653675758679,27.518993001758535,0.4401113422570909,0.1468972388282668,3.4680397591754186,3.4680397591754186,0.7546744782674714,0.3078347327824251,0.38827867972745694,0.2135166415928281,-0.20032856097710686,0.5124643356231229,0.8072542450393884
8950000,-0.9835519588589788,-2.4746477975794154,1.5935904894071902,7.832346426393926,-1.9616286121386608,29.966254946459028,0.3438701056471568,0.059828266574127105,3.643981188619115,3.643981188619115,0.7757916777242102,0.3243675988796756,0.38766160947285583,0.20815817556600766,-0.21183892250992784,0.5167602497510024,0.8029653100428097
8960000,-1.4986144743994214,-2.0281986379160144,1.6059862937537408,6.610413910802839,-2.3005202752115497,27.854409224537413,0.2486040762074525,-0.026719498524333418,3.819915874165794,3.819915874165794,0.7846564370864725,0.3419050867992983,0.3904379853452002,0.19971943038718565,-0.22249839234139762,0.5210429885682781,0.7994503227813151
8970000,-1.4267592302905578,-2.735150898349556,1.0901195695378578,7.614527209439783,-1.9985569002240404,26.86427215957046,0.1350132522817857,-0.11688249288418205,3.9958341039773373,3.9958341039773373,0.8042282977806038,0.35774659047033386,0.3933093336093893,0.19420207140996434,-0.23498271427363623,0.5226110096314637,0.7962075182166116
8980000,-0.8012578482158584,-4.726249026698609,0.46942324585999384,7.384652705756096,-4.691951561610723,24.093263855558895,0.02045373479984695,-0.2234616920801325,4.171767749919958,4.171767749919958,0.8139414525997757,0.37497748792897945,0.3974885169059246,0.1964580646949524,-0.25437845829981065,0.5207861248350285,0.7908714440088476
8990000,-0.4272598331175208,-7.729522538116494,-0.17108327099366752,9.756618778485914,-3.2638367092827805,24.15264771322052,-0.09102972981289399,-0.3362423373746098,4.347692960729411,4.347692960729411,0.8316093685998038,0.3921018795265433,0.4029031032557299,0.20913771627587163,-0.2832046300173534,0.5136035210307301,0.782475543613015
9000000,-0.3258082251252324,-10.415936328938972,-0.6598391616952737,10.209426934423146,-5.163185286681223,26.356580281421667,-0.22056589033646617,-0.4539964966284186,4.523615153912324,4.523615153912324,0.8418140392270272,0.40959605045960257,0.408019875285545,0.22961341739215535,-0.3213344043196376,0.5012002552343416,0.7699481692341832
9010000,0.10440788265007088,-11.604254386298388,-0.8402987466372738,8.409629562624518,-5.029874213553808,29.361723892625275,-0.34887583888276424,-0.6004279484344835,4.699544152601511,4.699544152601511,0.8603688608256984,0.4261466467947913,0.41585626614648324,0.25543919602980397,-0.36114627590459397,0.4860996948998173,0.7536784932251913
9020000,0.1572266868690877,-11.408894572952322,-0.7207426031901442,6.1944028932628505,-5.003607305013227,32.588095733123126,-0.4800795959194587,-0.7530241445678104,4.875473287909621,4.875473287909621,0.8718033635781005,0.44338644131861094,0.4223430548094805,0.2808045298953702,-0.3989758297708908,0.4702995694640733,0.7353811380575224
9030000,0.372485815375204,-11.10167320461948,-1.3123123643573422,2.266617944321778,-6.897085742357668,30.504142349523743,-0.6423532657037087,-0.8982254209145855,5.051402567632216,5.051402567632216,0.8897413674349018,0.4600082071708206,0.4317931299761278,0.3069889236675884,-0.43362297356144974,0.4519804778543235,0.7165490668361234
9040000,1.7780914056874244,-11.199956219162454,-1.645730659763406,0.5693578767876979,-2.719593472057005,24.319885328699986,-0.776743939407943,-1.0014940128886922,5.227331866152902,5.227331866152902,0.9018554623665864,0.47718688322851743,0.4356036779720906,0.3391269031668421,-0.46358685481524387,0.43383706589493914,0.6941653778795422
9050000,5.813176785043773,-12.02845100488912,-2.0935104588149946,1.7561475843487033,2.0163449647183036,11.183438359494017,-0.8600506219592745,-1.0167429906657302,5.403261182830882,5.403261182830882,0.9198198637021164,0.49453440735448095,0.44332718022858925,0.3886204882088175,-0.4844949866756368,0.41957538034629827,0.6619631592753286
9060000,5.410784501664509,-11.249303364758976,-2.009627477443231,7.95420520138991,4.260623759419326,3.4582320807863907,-0.9002570478020213,-0.9733697891817973,5.5791904590994434,5.5791904590994434,0.9327911463243223,0.5119624628988797,0.4465839435118369,0.4373079853699068,-0.5016180058247669,0.4003716652297333,0.6299552617807617
9070000,3.265680472158376,-10.098090473893551,-0.5646398781235678,10.154714637182302,0.3369533290165704,0.7454030797698573,-0.8514903162096836,-0.9177317565853961,5.755119632800252,5.755119632800252,0.9475032482905611,0.5283836989678027,0.4536391417804769,0.46733128591593626,-0.5270326596011876,0.3854880367102927,0.5960176326847222
9080000,2.039119918651281,-7.320304404178482,0.24768572204277176,8.624691180251872,-1.5048051717477537,-6.969213186803798,-0.7274888041362616,-0.8339402479848856,5.931057756658483,5.931057756658483,0.9596080669513122,0.5453314324284816,0.45589709878663737,0.48675051483624354,-0.5495509801691512,0.37424335667665914,0.5665770613827954
9090000,1.1942721250296056,-4.45787174016499,0.3951482093741048,13.470321788876936,2.467015537558405,-3.67975566021364,-0.5896889272796867,-0.7019602212495799,6.106986598698946,6.106986598698946,0.9741546639081305,0.5604868592153038,0.462259926374142,0.49867142416171467,-0.5591854239998455,0.3658178357443863,0.5521012437605385
9100000,0.7618274170678279,-1.1107171659725035,1.0634673039442921,14.41508689353736,4.713463871417184,4.12698312577254,-0.4619445302970717,-0.5656846039925317,6.28291579987286,6.28291579987286,0.9866257221233562,0.576634242881081,0.46474219962363,0.4992744952443667,-0.5599772857555344,0.3681726892364814,0.5491805611424396
9110000,0.6602266864125821,1.669296963955531,1.078653921627449,5.683674741394127,2.902354453340536,-3.226061668623705,-0.3327569132082713,-0.4234743532800863,0.1756600466303695,0.1756600466303695,0.9993927677884759,0.5888084603317265,0.47091055420597433,0.49716545271998197,-0.5578242564915832,0.3747785887060731,0.5488165640164591
9120000,1.2091035460042234,2.6015410377341763,0.8359768786794147,2.8331573754090207,-0.5471171543266677,-10.48415221916024,-0.20069534381412749,-0.3046432068006607,0.3515889100428211,0.3515889100428211,1.0111803260271732,0.6029246097523784,0.4728919903238816,0.4963938511218884,-0.5545077807388277,0.38395207902330103,0.5465300235871453
9130000,1.8596919340239904,3.5077517365240194,1.117897780226224,3.8650021621277477,0.5000992835503424,-15.697440728444766,-0.07321427931080003,-0.18240352701340526,0.5275270185270955,0.5275270185270955,1.0233670784825735,0.6116123802804113,0.4775187405632219,0.49487759509425855,-0.5480168206144151,0.39763314916034864,0.5446665116254306
9140000,2.0043396232892365,4.227360033168917,1.0697557556310446,6.044146793405321,2.731796462528785,-18.306670487498145,0.06074424779734191,-0.04996030198151094,0.7034486314022814,0.7034486314022814,1.034986754154007,0.6229331427555395,0.4781307436565963,0.49279744376563256,-0.5385508141585826,0.412504375389567,0.5449347119349703
9150000,1.4654520293469442,5.35520691265737,0.9445840264987947,10.061747419260792,3.3220854391895798,-17.435013873708627,0.2029243851024686,0.08252834729550951,0.8793678069427386,0.8793678069427386,1.0447246897102602,0.6256396856375919,0.48148072635928124,0.48692500161616026,-0.5264318936308142,0.4282503078855794,0.5498865137146792
9160000,0.7583844441434539,7.360513631370115,0.8130162896924185,12.86455527212947,1.5443254190501492,-15.758360833814981,0.37300759709399306,0.21422022335731067,1.055296948198034,1.055296948198034,1.0546855053623463,0.6318242998605745,0.48221736098691376,0.4742924653124137,-0.5099197892584288,0.4469204676690172,0.5615074010634402
9170000,0.15881005002214485,9.148297671145107,0.6318996513304864,10.47559952564054,1.9546099311509229,-17.930996329962117,0.5143756500128841,0.34709397889559984,1.2312321916783873,1.2312321916783873,1.06483504731898,0.6314144437164271,0.4852227589192453,0.4561133988113832,-0.48872409842602677,0.46703227478063675,0.5787833596049728
9180000,-0.7568481033560259,9.728768893928082,0.5867303339770588,5.786923125844449,3.184225810420422,-20.96736383043553,0.6667778504179261,0.45623819060221055,1.4071672264833381,1.4071672264833381,1.0750542911828058,0.6339050437294061,0.48769578795412755,0.43383461767063863,-0.4670317717357841,0.4848946968765938,0.5987870920793648
9190000,-2.2356653913409916,8.931535516330381,0.04425494625633724,-1.8906757181205114,7.931270045830089,-23.481907632763026,0.7956154637887163,0.5569513286647996,1.5830843335007074,1.5830843335007074,1.0863941138652733,0.6326935974648903,0.49007077625371215,0.4101898093684755,-0.4483322056706287,0.49468783321524185,0.6213103100042456
9200000,-4.742607485349232,8.043742723719536,-1.3587431729493844,-4.211054518270996,8.902337073540608,-19.951158092581004,0.9587089605396518,0.6046941115697236,1.7590135009264003,1.7590135009264003,1.0976360130323555,0.6331393503861305,0.48966200609133087,0.3839086477810157,-0.43427707817419076,0.4916287335311345,0.6498605680436478
9210000,-7.023696029351285,7.825445978683897,-2.393688266757476,-0.8540922863336362,5.123921118533871,-12.108076260836746,1.128250450781611,0.6058469483369368,1.934942712050983,1.934942712050983,1.1063823355728246,0.6356887609263268,0.4881881402249248,0.3526118991131371,-0.4236076121329373,0.47901182308074886,0.6832050299110183
9220000,-7.988514029074789,8.167741126222223,-2.9220762691546676,-0.5604800897957957,0.4581424157651754,-8.344683074720622,1.2609613715880479,0.6214908983573032,2.1108767791755696,2.1108767791755696,1.115181698132388,0.6385095109253618,0.4844779023373877,0.31535963937949557,-0.41356888001725384,0.46352543198772483,0.7173933741207136
9230000,-6.120983102038087,7.797534366247319,-2.541225352198051,-2.9980652199758078,-6.4834519093562255,-3.378562854702117,1.3361477255692669,0.6331581023560816,2.286814870639134,2.286814870639134,1.1272814655233065,0.6401272064284459,0.4795131869300879,0.2789609240231299,-0.3989576537481128,0.4545542105216074,0.7459182683652685
9240000,-2.209382416674293,6.701423577415749,-1.4265840816593565,-6.539758893528145,-5.8994483323793405,-0.7741085584613766,1.3681651706220563,0.6649367288184116,2.462732627265652,2.462732627265652,1.1394906642149347,0.6411559383060705,0.4711474502815886,0.2551260356501329,-0.3766717640919507,0.45559556303690396,0.7651547366450733
9250000,-0.15982212333843515,4.1508520961091895,-0.5045198095488752,-7.237986726709765,-3.6880107519646645,4.458189203038446,1.2728366628145793,0.5656623504212209,2.6386735196273747,2.6386735196273747,1.1525727387685336,0.6417964455781803,0.46086978133241613,0.2431252156786675,-0.35858461492833776,0.4599246109736016,0.7750977716770178
9260000,-0.15342632513824442,1.4662299276487119,-0.2236436820187628,-5.095489861574557,-4.731517971944385,9.817843613945286,1.1150730886026232,0.4722821842822364,2.8145913521323536,2.8145913521323536,1.1660661447401361,0.6409171729363086,0.45125894558984264,0.23541078650982508,-0.350143941319075,0.46240837654449074,0.7798458022287856
9270000,-0.6460414706138359,0.21145634831449137,-0.07929283055848821,-3.1854897251407195,-3.0019457740788136,8.659267097321981,1.0121914756466337,0.3824843208886965,2.9905354698600917,2.9905354698600917,1.1797572643063625,0.6416446637631339,0.43453935239165037,0.22848805344282475,-0.351242508078171,0.4619248079671519,0.7816951974634198
9280000,-1.3043982582216072,-1.7151975564359914,0.9216620935262291,-0.9809799923229097,-2.405290343918671,12.53393285556627,0.8780227936983677,0.27235048181969157,3.1664645964514904,3.1664645964514904,1.1942288530373182,0.6401407568332874,0.4230222871746138,0.2216592564578263,-0.36200294940798394,0.4603256142259947,0.7796931239493812
9290000,-1.9534652791170586,-2.5981127878217625,1.4831322516128491,3.061400395187919,-3.452881425478054,18.901558380978763,0.7643645529359322,0.17260715080188552,3.342389744118961,3.342389744118961,1.2077163521692003,0.641790105999891,0.41561701677758195,0.21312901677446106,-0.37347048930212917,0.4597682280878966,0.7769871249062598
9300000,-1.8409013888679477,-2.2043718417508606,1.8856080538721898,6.457888020954604,-7.412392012912171,24.829317689415245,0.6607159478963341,0.08852121882337081,3.5183053405351785,3.5183053405351785,1.2221077338141846,0.6409880559069808,0.4080461787817253,0.2029187297741956,-0.3850641041437042,0.4634410216551122,0.7718627107550277
9310000,-1.1131167779198536,-1.4465034602589826,2.5599596796836397,6.082306209376606,-9.24059889837965,25.951468106865892,0.5648498977501154,0.0033556515218011776,3.6942372559041274,3.6942372559041274,1.2368599684038868,0.6437068600489201,0.40423091266781747,0.19234517696772455,-0.39272489422635376,0.47192934103788503,0.7655411075962556
9320000,-1.2758046283155717,0.000837604826623681,2.800247376263272,5.952683149719239,-6.172450070173436,25.96287842490735,0.4483777201271192,-0.09033505509335724,3.8701809321561456,3.8701809321561456,1.2533483973982211,0.6441381990153807,0.4011300350196834,0.178074003477739,-0.39454280757391963,0.4820530664306665,0.7617417301302921
9330000,-1.6705687414141652,0.23568708462584334,2.7782949899427702,6.885606276551933,-5.379150489279848,24.917868253198755,0.32888902686686927,-0.19713477210701313,4.046092714014222,4.046092714014222,1.2681965671493691,0.6485413612967388,0.3990099956211995,0.1620445444272202,-0.3960144624821455,0.4914286555857234,0.7585591523378784
9340000,-1.386032976536131,-1.5647643211783682,2.2022184189116,10.450141839414119,-6.782905518698904,25.18470273541276,0.22173317446741744,-0.295147780552095,4.222022099149498,4.222022099149498,1.2850362975355076,0.65157473842998,0.39724004233046345,0.15250921239940837,-0.40301446891318254,0.4978403458884361,0.7526455128316516
9350000,-0.43386287517383304,-3.836425947166837,1.5730439384390185,11.441410969062265,-6.363940502935161,22.46392099891753,0.07993737649659488,-0.4109356061645384,4.397951514202717,4.397951514202717,1.2993665111606558,0.6568754087938236,0.3983113667073312,0.15351651818356143,-0.41561307144495585,0.5021047845571719,0.7426905404094509
9360000,0.21911139269920407,-7.101395930999063,0.9301682254456953,8.877203386826361,-7.317124799614628,18.758819018999702,-0.033555143156436956,-0.51887986777401,4.573880761677017,4.573880761677017,1.3153773689199129,0.6614909565168021,0.3996219157535423,0.16593298100169254,-0.43848024892763415,0.5028204168408434,0.7262044791408633
9370000,0.19979044606291116,-10.044110207749757,0.39789541354979974,9.271733852011307,-6.50529198179432,22.540373254109006,-0.16642572041568743,-0.682632656401001,4.749824324719569,4.749824324719569,1.3302106235229725,0.6661261573755756,0.40184478377497385,0.18761589739722676,-0.47038038319410264,0.49805981075971817,0.7039026886267706
9380000,1.054065328608195,-9.551760889211138,0.8044569436335949,10.352142054064958,-9.710753529994689,31.63351554633306,-0.3416034454158664,-0.8578922576972225,4.925738798916299,4.925738798916299,1.347326252084862,0.6693360424214957,0.4031722738912013,0.20999817312997143,-0.4980472575863207,0.49630497549207775,0.6793607788168432
9390000,4.2212315154999445,-8.025359565914775,0.534922271816156,2.0772922494256947,-8.372847865305838,24.64304426508572,-0.473119895186657,-0.8437566327980692,5.101667781183195,5.101667781183195,1.3619411471073595,0.6735530247473519,0.40626179892308595,0.24000126651084977,-0.5119771615209467,0.5021773915708673,0.6542909486988358
9400000,7.992163163935771,-6.854313190922188,-0.1902216120156664,-5.292639364116345,-0.43305425873449793,8.866251032097574,-0.6263411211311963,-0.8923543560705064,5.277596731732146,5.277596731732146,1.3785778694791935,0.6757853469230818,0.40485249270156104,0.2817866745740867,-0.5108514941329418,0.5148560502990334,0.6281323653857505
9410000,8.793653435421545,-7.522162751637479,0.1299264341134067,6.580325132074699,0.2875002714483163,13.033299283594872,-0.6899567432959979,-0.8781698447615097,5.453527939410648,5.453527939410648,1.3927774122793,0.6795464820213554,0.4064193202878031,0.3268872589649712,-0.5075882179896732,0.5276375775548494,0.5975763613434572
9420000,6.587487815133179,-6.175244714511257,0.5441692423945077,6.779193720875819,2.3653066288091686,3.619665228637558,-0.7145178075803166,-0.7976049087947464,5.629472261328871,5.629472261328871,1.4083261872209367,0.6806261930684412,0.40233093130954606,0.362305343439167,-0.5073031163703112,0.5346648256084375,0.5705365110959132
9430000,2.914037900562618,-4.357591367075784,1.9318628952768027,-5.370706732012433,-6.526685685102373,-13.919673551503342,-0.6263674941573389,-0.751581930217615,5.80538431968931,5.80538431968931,1.4219731807449376,0.6835340070302393,0.40373756700107194,0.3774600512548005,-0.5204483453053528,0.5384604302623548,0.5447180872867391
9440000,1.7731800775948152,-0.18459917767196843,2.205387677591809,3.3981736039587926,0.8880921030989573,-13.957384962529831,-0.523519102444949,-0.6441437885148623,5.981330919676182,5.981330919676182,1.4358706495719251,0.6822352296422206,0.3991235640043182,0.38106760358134084,-0.5231702394161698,0.544835050667162,0.533137083360849
9450000,-0.4116910650122043,1.0028814601234761,2.3291123471720425,15.316768513683142,1.3897193769716893,1.6226871987255265,-0.39414853782279113,-0.5428379008618177,6.157244371591602,6.157244371591602,1.4473215319634214,0.6845254391221746,0.39992865963169205,0.37648246380277317,-0.5235668184134578,0.5477134753723955,0.5330559914313835
9460000,0.35613596151338117,3.190251571077519,2.706918274159398,8.008139540593763,1.492477891385092,-3.5476280796321564,-0.26696298009550634,-0.4274458504251963,0.049986202651602696,0.049986202651602696,1.4539967157835805,0.6814477154532054,0.39722604311726745,0.36684560729023896,-0.5200369443533398,0.5572127394111204,0.5333852640985239
9470000,-0.0066592673591609275,4.778660516412937,2.8877364774239274,1.6244370777904416,-0.4371380618666326,-15.080503358744942,-0.15023253839677334,-0.3174076910922894,0.22592993771532832,0.22592993771532832,1.46421868402039,0.6839581977878596,0.3972119946557698,0.34949703667315923,-0.5174071590444278,0.5698043946031078,0.5342888778715504
9480000,1.995765331978431,5.058787583892319,2.2735173100169392,2.297825779692907,-1.9585158470209671,-22.47745505182171,-0.027168450141840005,-0.20704993593101328,0.40184477153291454,0.40184477153291454,1.4666437300257233,0.6821353127476137,0.39122002222691205,0.33755133508038465,-0.507422912499136,0.5862998800821554,0.5336979807643967
9490000,2.474541558609842,4.406402768831991,1.9863564343440339,5.395210192872606,2.0194652962785398,-26.042836021264534,0.105130052048987,-0.08278990140248889,0.5777895815081919,0.5777895815081919,1.4770889273485905,0.6852448466410364,0.38950013071405526,0.33017790100442124,-0.4964775505069563,0.6012166040088515,0.5320067580350755
9500000,1.9983202476459523,3.511845279935519,1.880673781226954,6.646659321911877,4.436958841633331,-29.331576914521886,0.24744124898823472,0.03308484017545237,0.7537030186045044,0.7537030186045044,1.4813803358723312,0.6865242041290127,0.38361670352007055,0.32468934225000606,-0.4887022131453472,0.6127823587014506,0.5293814869830495
9510000,1.6724192250409577,3.8880250557086096,1.3109585713493739,13.228097011733677,3.746955713003006,-24.71173759845174,0.3810418744642266,0.16265107077049923,0.9296320520307049,0.9296320520307049,1.4920738249168823,0.6893272730816108,0.37972064011877665,0.3185682649934311,-0.4795416749571538,0.6225146465703641,0.5301222098004734
9520000,1.5988266070362689,6.166414221178194,0.9452528173260851,17.359755908301338,2.9975630013098855,-21.94963117216851,0.5299156240028348,0.29352246261751375,1.1055611911022467,1.1055611911022467,1.4988029853624756,0.6903812465031066,0.3728540628161822,0.3059322140462207,-0.46357811192843007,0.6345226187789098,0.5374773119003293
9530000,0.8512717158391631,7.895741852500727,0.6776889717797867,14.704042432497248,5.8362448733861445,-18.982149053043127,0.6734059171988405,0.4127406071381636,1.2814904110698464,1.2814904110698464,1.5118041938213278,0.6996550300047888,0.36822337475914696,0.2867504832401875,-0.44400453805143475,0.6459667634272732,0.5507822356417683
9540000,0.059020251093913595,8.713383886164308,-0.012071843678247426,10.7140034234002,1.5860810728283274,-20.45145092423238,0.8225918334788729,0.5511116269998856,1.4574195998328818,1.4574195998328818,1.5232839720734281,0.7033184158144345,0.36147316994156725,0.2632341541772473,-0.4242339802469468,0.6545677469183985,0.5676921478870339
9550000,-0.9252777708345566,8.549294215600275,-0.6312936381033732,5.397072721281588,6.628691103768662,-21.18309937654299,0.9702185422751559,0.6361758443088574,1.633348804887639,1.633348804887639,1.5331470838860348,0.7063406714480941,0.35445028211984203,0.23931955820244846,-0.4059740360402295,0.6579070820011887,0.5874261677655096
9560000,-4.0013992952121855,6.891546963426358,-2.5543189858029307,0.9929422458237958,11.688603313923855,-16.398442645388425,1.1219535802503788,0.7114662228777462,1.8092779646071264,1.8092779646071264,1.5312682163785827,0.704717601160955,0.34437082664993407,0.21655791545650524,-0.3975263620889973,0.6463894679674773,0.614211784646096
9570000,-6.7204609286784,7.482742409602902,-3.3928831498326835,0.8202305894869538,4.919921467052722,-8.832848343104802,1.257327352915634,0.721927913564673,1.9852204715183959,1.9852204715183959,1.5321814113666676,0.7042816202774435,0.33326749437164854,0.18442200594019437,-0.3950890411835355,0.6265487605571253,0.6460106995290401
9580000,-7.29833315729039,7.081155611977265,-3.6518455658068945,0.9569477039727077,-3.6188015676412926,-5.912058615027959,1.374255897898684,0.6055906017908921,2.1611381460027346,2.1611381460027346,1.542144103928967,0.7073499637302287,0.31799784925368896,0.1467001753772959,-0.397805881231303,0.6047029165223572,0.6742135582672691
9590000,-3.4558719617636924,6.824590831342711,-2.321662184912893,-2.8700705697806703,-18.301337078720906,-1.187738624291159,1.3906591785555553,0.7143417134939583,2.337065638107383,2.337065638107383,1.5508729166603281,0.710173864130612,0.30466072249582493,0.11349092163933601,-0.3864717229640007,0.59637174013013,0.6943343327452933
9600000,1.8400114261232232,5.011248512333948,0.1091424082089894,-10.71155210459339,5.84449686279313,-3.723677514606375,1.2954863967192571,0.7013347529585658,2.5129947509019743,2.5129947509019743,1.5444124431689996,0.7099886277119718,0.2877185705927376,0.10456229987464391,-0.36051350437230817,0.6034532080392923,0.7035204078896429
9610000,1.130008054081496,2.7390986562440918,-0.7361445102487724,-11.812370497084743,-17.436075016374723,2.982996533957124,1.1982491077940316,0.6693013807840207,2.688935880611602,2.688935880611602,1.5525887478693459,0.7131345352308637,0.271598076096999,0.09503951186291572,-0.34732879379685344,0.6066364997466068,0.7087470334044911
9620000,2.7599785532438013,1.383224775425004,2.3073843165231374,-7.843880366373515,3.5732979179427797,3.072230493611092,1.0964086007478007,0.6179628693803565,2.8648708653336925,2.8648708653336925,1.5478503380580169,0.7222092341200721,0.2543174582812952,0.09513528861921404,-0.3301279252340129,0.6214534916946944,0.7041025404729748
9630000,-1.0514577273607195,-0.9663220436333663,0.8937635444701894,-4.980698178694906,2.863379435500902,5.729529405731684,0.9907191469187011,0.5177604817769754,3.0408000534132995,3.0408000534132995,1.5554999889333045,0.7257475891746636,0.2362142439721457,0.09169992767752651,-0.33169207584846183,0.6236759737080636,0.7018545218936567
9640000,0.29595221276733497,-1.9960624366678448,1.951797419179257,-3.8437256549191288,-2.5260984691597828,12.378230902444717,0.8712181604437969,0.42439020241472214,3.2167156207676655,3.2167156207676655,1.5516442402881612,0.7410578284385406,0.2291970953003442,0.09198400983694292,-0.33381983251150094,0.6320686991929103,0.6932477341159456
9650000,-1.6310376927592745,-1.7003310530234004,1.8654985812474265,1.3411525389180556,-1.5389590245713338,19.115697656022036,0.7751996202519404,0.33369622100192875,3.3926409329138423,3.3926409329138423,1.5538682555261347,0.7589658384483545,0.2105871613963171,0.0865367101514718,-0.3399857388015948,0.6366002861017858,0.6867759248421704
9660000,-1.759874577340994,-1.096551673571083,2.294250829896756,3.6744928763020264,-8.065921074477128,24.42342813572517,0.6818106789929246,0.24576766763228602,3.5685702073031322,3.5685702073031322,1.5606911339519312,0.7639281107175105,0.21315086776784725,0.07588218021158362,-0.34553801009333307,0.6431517584199125,0.6791179528980597
9670000,-1.2433419575893068,-0.23063144426473647,2.468247250952475,9.124752352757502,-6.5788792668805005,30.348607805701498,0.5601958176957436,0.16198584736650046,3.744512142519305,3.744512142519305,1.5662462535794803,0.7757453233500328,0.1977147751951261,0.06632808427444808,-0.3453188010972818,0.6509641056120451,0.672756452254401
9680000,-1.7244821138233988,0.8717216366223162,2.2858655584411136,9.34367517283752,-4.071974690289737,30.630112105304367,0.46157994934434354,0.07422109346938102,3.9204463201939674,3.9204463201939674,1.5729610347676912,0.7813063216446973,0.20759554524891427,0.05331458846264722,-0.34258204154355243,0.6572277940124257,0.6692135131977468
9690000,-1.6573302437788402,1.9406267073708408,2.16622802508054,5.355930262465481,-6.178031381506457,27.174906890323157,0.37805445909036695,-0.012362590078260509,4.096362989165179,4.096362989165179,1.5820232782179917,0.7927260312310406,0.19688683510993749,0.03564757608791874,-0.33614465731934057,0.6638604183022763,0.6671022145715348
9700000,-1.2048923764812163,1.6193398590599355,1.692437352250273,9.43133864751992,-6.837379733997613,30.1710628151825,0.2712027145854889,-0.09165563985869775,4.272300719896428,4.272300719896428,1.5890342375116036,0.7988112943402379,0.21009721227315897,0.02315670768658985,-0.3287606720049598,0.6691527503301136,0.6660441307883508
9710000,-0.9316950450297455,0.276286269437942,1.081109361062152,8.833488972575644,-4.966075706507168,23.730748460999504,0.15258496484663828,-0.1865055348658915,4.448233888627946,4.448233888627946,1.591533464216976,0.8189393564799435,0.2039145985935989,0.01883138763285093,-0.3248880079044066,0.6722737380106022,0.6649369762172803
9720000,-0.5605190330542514,-2.7497336210305643,0.7712686606549637,10.003470200577246,-6.326092230458991,20.620572176433853,0.035709658189931257,-0.30220722257487287,4.624150554047013,4.624150554047013,1.597814911507314,0.8267512806933944,0.2140725106895061,0.028150342517810338,-0.33018932569233517,0.6741858708718695,0.6600424069192145
9730000,-0.48467725784643595,-6.864114357459244,-0.09728647168782044,10.83230191923986,-4.212920150295454,20.8678538434255,-0.08627019950519807,-0.41967389994538906,4.800074447725926,4.800074447725926,1.5950864572039494,0.8490898448160128,0.21087114437049054,0.05395592573166079,-0.3489565279241354,0.6718928202127392,0.6510592429603803
9740000,0.10888136390235933,-9.031753194469362,-0.4999025469431524,8.78492721245877,-3.6178200339674573,22.563316651530155,-0.22653717388881517,-0.5555489150090938,4.976015974695024,4.976015974695024,1.6001272124947084,0.8584575056701865,0.22347217805996683,0.0865485253071498,-0.37155468592442353,0.6685389880036794,0.6383667360176098
9750000,0.6171750135581511,-10.334286125709395,-0.452567755109943,6.819970428962194,-5.512229411426854,27.12440263938546,-0.36148736654343167,-0.6865011304847728,5.151950285097563,5.151950285097563,1.6037419958759933,0.8724531900413507,0.22356003370434369,0.12228949622259086,-0.3963635659745276,0.6648773291514883,0.6211918704087851
9760000,3.0596016365828764,-8.176063746734275,-0.40393443360029674,5.829031696517219,-7.364024163774699,30.688141123059165,-0.4981133776947065,-0.787963732817542,5.327879407476438,5.327879407476438,1.6092556545126366,0.8814729233647608,0.23475239769968087,0.15706350705056568,-0.4060004539790694,0.6664793030215638,0.6052272505147609
9770000,5.664619902690044,-8.165363944422639,-0.8552217119107265,1.7522331812417236,-7.393647833744236,20.147756134602712,-0.5939568573172045,-0.7800587134069364,5.50380868490182,5.50380868490182,1.6146164120162216,0.8946383908946608,0.23740023184424303,0.19914292392531496,-0.40691464426450336,0.670932765376514,0.587036449019814
9780000,4.206244381027483,-6.810800053927136,-1.1343247998524115,9.839959004719505,1.149757850888557,10.984167989708604,-0.5806939126649747,-0.7198418430641786,5.679737775337053,5.679737775337053,1.6203297928207618,0.9039788000675765,0.24562320886090144,0.23978726619959306,-0.4067906776274456,0.6680329864164499,0.5751133285044335
9790000,1.3273891491948642,-5.097934158763099,1.3460466134490836,7.621906157903545,-3.8908247279834374,3.049252295076247,-0.5111323323439226,-0.6636581912003624,5.8556670123712635,5.8556670123712635,1.6242201552301314,0.9155033074963318,0.24851037931290038,0.2571777916772887,-0.4229688983191044,0.6676288544825144,0.5560832736066443
9800000,0.0777394306129701,-1.4738721262917402,1.1737689330608254,11.930017878648856,-11.78534192465336,-1.1708800651340747,-0.43002503594722646,-0.5440598150885435,6.031584432155732,6.031584432155732,1.62951690695736,0.9248284430515238,0.253836610413714,0.25867036498277507,-0.43432956311745824,0.6684267644008395,0.5455759649347655
9810000,-1.5815141496248641,0.9462867774891759,0.6907136166341289,16.383878757087498,-4.575198179972185,2.4858151275945657,-0.31866587263995794,-0.414564121448122,6.207507883319515,6.207507883319515,1.6317817224084883,0.9339948882370682,0.2568843258533408,0.2538081240573548,-0.44102209429623046,0.6651016388285527,0.5465535276005695
9820000,-0.6600532607577664,4.2224709665367675,1.250518729264612,7.863889103472882,0.6102193530958326,-1.045518436894649,-0.17542190848273137,-0.3071115017270352,0.10026265693494452,0.10026265693494452,1.6364467955497375,0.9428741285096048,0.26502016286750024,0.24096202403580444,-0.4354990347610272,0.6686651010318369,0.5524173027312466
9830000,-1.6103995460209555,7.3515251051173065,1.92271585006875,-0.3939334635997953,3.1392339047260904,-17.045180004440954,-0.03941866118586342,-0.1795671673365148,0.2761876742712843,0.2761876742712843,1.6383240480830554,0.9513465676972622,0.2676808503241768,0.21203915501237763,-0.42742848880959344,0.6755133287385171,0.562161921862547
9840000,-1.278372946988984,7.309217990876664,1.5076425968105873,3.05553208068589,-1.0827417643193495,-22.824002446601607,0.0867252948511034,-0.05243552834704762,0.45210994906892665,0.45210994906892665,1.6425819156409982,0.9600317194671112,0.27541338853909997,0.1837824185230628,-0.418714144809075,0.681425493632931,0.5714558462433778
9850000,-0.44950878193311417,6.120258669589944,1.2942107617811538,4.338156267735621,-1.3752995121706117,-27.07145708030307,0.22797477476021544,0.06700551066635137,0.6280391284211362,0.6280391284211362,1.6434266948629062,0.9643545875579557,0.27503048641633104,0.16202789261488984,-0.4102205749240116,0.6867181684320545,0.5778271359750385
9860000,-0.2137884951284177,5.233586026785531,0.9480882412295749,6.834473267744671,-0.5753763834655506,-26.17428727775049,0.36552540655803856,0.19099807027827384,0.803978733403369,0.803978733403369,1.6470112710814018,0.9714879150119308,0.2779961496778954,0.1448756928850453,-0.4028040687060969,0.6901898008105589,0.5834363330321253
9870000,-0.47972356331731497,5.826060421865017,0.29792115761942045,11.060850397049062,0.7936827394417962,-23.165812240969714,0.5094618613767945,0.32373672481754245,0.9799151035447835,0.9799151035447835,1.6484633033666474,0.9768512380125108,0.27371287791850035,0.1267608689670535,-0.39339694599574326,0.6911055598118899,0.592911148636146
9880000,-0.8657703466725654,7.02731870527683,-0.13086461563380253,12.353280853250281,0.808511963015895,-19.413988120385145,0.6621877817262802,0.44453003092336696,1.1558443307391428,1.1558443307391428,1.651934604373824,0.9840395487487635,0.2742956370067075,0.10436850033474936,-0.3810058037712452,0.6902144799058684,0.6062555281057439
9890000,-0.937096748041644,7.048575572886734,-0.595850448570968,10.612705871066677,-1.7446872609593627,-15.800036289099413,0.8055063599910419,0.5609529226832886,1.3317735132599466,1.3317735132599466,1.6551958981921808,0.990826519972919,0.26773818748495287,0.08176423554703684,-0.36862634725119436,0.6873397705805184,0.6204782556028623
9900000,-1.885307443014062,6.825845953222193,-0.34987592883567276,5.333812569097118,5.169747123230928,-13.640350291297045,0.9750518302954758,0.6596531180958602,1.5077026707828054,1.5077026707828054,1.6592003329354037,0.9983998161328232,0.26745991083799187,0.058497092199883825,-0.3579683782823241,0.6824863403872098,0.634546393527656
9910000,-3.1752281423677373,6.672458490030969,-1.353300620142795,5.480727612364092,-2.5881948879404715,-4.748112867292899,1.1402588746521527,0.717486815172952,1.6836225249011534,1.6836225249011534,1.659603662144504,1.0057692640998233,0.25934335811560766,0.02971690669425043,-0.35283167273873584,0.6721971041980489,0.6502136335672055
9920000,-2.594004798392871,5.891748921732726,-0.6986922496643744,1.7018541967557705,4.682636571455186,-5.872662857112418,1.2364767266492414,0.7518307212069908,1.859543447255902,1.859543447255902,1.6620480719974178,1.0135119241360233,0.2543249760997009,0.0065598134068967275,-0.34380961227810297,0.6645410726363201,0.6634282795695526
9930000,-0.31194905060183276,4.3931018272415345,-1.268239465057495,-3.275356849470739,-3.275677134161394,0.9227677108039005,1.2766583437880483,0.7614420108622822,2.0354727130596757,2.0354727130596757,1.6644771528550075,1.0248325008791983,0.24339630719926014,-0.00985907067053283,-0.3297691862953956,0.6605673410165203,0.6743929644339052
9940000,0.019132609797997555,4.361813494016622,-0.08229573189883918,-3.1907671898004986,3.143925189156647,1.5688371981464333,1.2767438325531195,0.7696465452124592,2.2114020091358952,2.2114020091358952,1.667689405385192,1.0347098175388165,0.23799609811163197,-0.024223751441477006,-0.31185627967685936,0.6608403685644086,0.6822381387520539
9950000,1.1658792488576983,2.6162870969962775,0.5121272970976248,-4.980401106665478,-5.273411551876785,3.4785405438916044,1.2248181242516616,0.7654480227225722,2.387331278548004,2.387331278548004,1.6699615727040866,1.0459623939107143,0.22673672963732755,-0.033209905455714485,-0.2976938233356936,0.6650231180291701,0.6841196841300211
9960000,3.6484957420634663,0.4060356387900142,1.5027483620050048,-6.202607345522369,-7.412726562408815,6.510934079760935,1.1311116974475621,0.7229525733463938,2.5632686466136363,2.5632686466136363,1.6729211618979276,1.0560852324254824,0.22116280468587973,-0.030361544773810638,-0.28096871351179736,0.6773777201511737,0.6791864124592538
9970000,2.694608088441891,-1.3075510719188461,1.5922439614757953,-6.034427692293905,-0.30557533936554765,7.005566232082952,1.0708157803322278,0.6390226117565101,2.739207243568586,2.739207243568586,1.673088279423014,1.0766092883882872,0.21038202479176332,-0.022317366610662453,-0.27044564520238756,0.6885306690194455,0.6725225691069887
9980000,1.457869914986533,-2.8303401186657666,1.719524114190428,-5.510722306781702,-1.6916318576179872,9.185983943672198,0.9700039368585036,0.5333868082680205,2.915136468631772,2.915136468631772,1.674471832426619,1.0932387388885343,0.20625193499047262,-0.013835632006656067,-0.2691746212949008,0.6984371620757075,0.6629774725956796
9990000,1.3227421739087544,-3.559945941858695,2.1059700515443325,-3.9644835605543314,-3.6691844005139638,12.741408400664557,0.8630855856555304,0.4455938860942611,3.0910583468436528,3.0910583468436528,1.672967839780511,1.1160056761745494,0.1972884880529417,-0.004071822742351067,-0.2705804606150998,0.7092815038423531,0.6509142669353664
10000000,0.9001091819508058,-3.6016067096226068,2.165493519922359,-0.7295685918940087,-2.4649917972129876,16.939185346007825,0.760361615268663,0.35386617233542245,3.266977113059852,3.266977113059852,1.6727878716372935,1.1353451046242313,0.19807105216076276,0.006949489622528133,-0.27265451810443114,0.7191530950961003,0.6390853183769178
10010000,0.9407942207617246,-3.03290555391721,2.1969548199395104,2.8967475603760917,-3.8865973983955837,22.18020578175629,0.6622494765999469,0.2626184306169762,3.442906247576957,3.442906247576957,1.6743862010919242,1.15652549694456,0.19470573732157642,0.017126299941744,-0.27227175564712186,0.7287844510901795,0.6280509571494379
10020000,0.7558073578454463,-1.732630696193315,2.02229872861524,5.819373796279574,-7.01642340351992,26.896593233273798,0.5736801511334794,0.1753233926126024,3.6188411167432264,3.6188411167432264,1.6762680262285337,1.1757344823142961,0.19883235380141623,0.021739348925166622,-0.2684508892698718,0.7375437716783085,0.6192662639100083
10030000,-0.12558251120406633,-0.4398144463410265,1.7528340488935519,7.105677811198643,-6.348011921633997,29.18793333283869,0.4809390898117546,0.11018847593765593,3.79477646480953,3.79477646480953,1.6764141495260585,1.198256135660866,0.20107665884860854,0.020406391874590975,-0.2637624578717256,0.7440790612887256,0.6134812919232467
10040000,-0.5269387822373203,0.3877431754432652,1.6767558523494392,7.182425323126896,-4.6169823840667465,29.77483395057114,0.35373938456692167,0.03952642455270845,3.9706936220942737,3.9706936220942737,1.6768838708791596,1.2195462697251598,0.20852228900885356,0.01621013916196285,-0.2579142863738225,0.749659475345365,0.6092849278437336
10050000,-0.33226527679694323,0.7911548018833872,1.5042526980064403,8.211744576472956,-5.292756466615741,30.30317396235168,0.27225873542099627,-0.053002167457329004,4.146628005339863,4.146628005339863,1.6750475487430836,1.2402593846520973,0.21588773966060287,0.01226897812138046,-0.2502164203775354,0.7547756499261409,0.6062630892837542
10060000,-0.17088002259288412,-0.05220894685242278,0.8906001722536258,8.277104341092794,-4.555258743967377,26.872668715998017,0.1828649164034017,-0.12538761809644947,4.322569794027828,4.322569794027828,1.6733651181666536,1.2607083475309013,0.22451788006317436,0.014242141830367977,-0.2448648516310707,0.7578497443045485,0.6045677223349818
10070000,-0.0535313326205607,-2.5227740004577477,0.21085118823186752,8.35111546387703,-4.649407563023704,22.31314592179507,0.07774658928887666,-0.22758100169404896,4.498495397547259,4.498495397547259,1.6742158444095308,1.278051030040496,0.2342833432463019,0.02917362103352935,-0.24865370892869526,0.7579274614417905,0.6023837614546056
10080000,0.06291457371052031,-5.713198760450132,-0.41703970394940226,9.808196794083395,-4.654971710231109,21.77744860942655,-0.040149224635438324,-0.34565701996463183,4.674410347356115,4.674410347356115,1.6749924824383677,1.295590562702836,0.24489619640718302,0.058209663314532104,-0.2620553888495047,0.754888791069945,0.5983991321757584
10090000,0.09579966579864184,-8.273451653056958,-0.98186144280433,8.409770706800785,-3.47709892562024,22.092124357285343,-0.16878809162831443,-0.44400631242077454,4.8503438962191865,4.8503438962191865,1.6768696976014064,1.3100043386482054,0.2577502576092812,0.09342290407798674,-0.2803813784007223,0.7495054955864722,0.5923680914139645
10100000,0.29760832127038556,-10.006074363489798,-1.2893641275449608,6.125879732023207,-4.760756464114081,25.08883085214008,-0.3151372085833947,-0.5977324329318421,5.0262841763345705,5.0262841763345705,1.6787227346703728,1.3244531304612075,0.26710879259183434,0.1313207843543064,-0.3019458174306074,0.7423127537034924,0.5835712044145688
10110000,1.1253895372395466,-10.455894320667255,-1.5956115229642314,5.943763655325181,-8.639823898417697,29.652946515914707,-0.43066803065745535,-0.7443030244732506,5.202197736156705,5.202197736156705,1.678916122482207,1.336712433618245,0.28494084072903175,0.17120356915589532,-0.32237807161290377,0.7339070070859137,0.5728369940931055
10120000,2.4210526014960863,-9.490199112625481,-1.9892572422576085,5.852707905161467,-15.092807252505244,31.737645839235505,-0.5922723790945302,-0.8642770713898512,5.3781267956054535,5.3781267956054535,1.6786276301736842,1.3484533759220834,0.29554800392460095,0.20978425628274755,-0.3390282775562096,0.7250910655955428,0.5615098747365753
10130000,3.676205762403427,-9.95222482519526,-2.3633208619006787,5.605999275553722,-6.951381307196383,23.265283060396005,-0.8085541985831838,-0.8641208273023971,5.554059199575931,5.554059199575931,1.681271143084437,1.365132287948225,0.3033005896598309,0.2572855795175546,-0.35105069678602085,0.7136488605261585,0.5488832687631141
10140000,4.129177164607229,-10.49773602579302,-1.7167139420335242,9.095870771550928,7.361938770871505,11.208044165676133,-0.6960913205093611,-0.8249076678295085,5.730002607299383,5.730002607299383,1.684237137587624,1.3828505898796137,0.3123602318032312,0.3048972565768677,-0.3608878179732718,0.6981157856722005,0.5379888433468455
10150000,3.551865097456369,-8.586869922032975,0.2983524508166421,18.004965958536594,3.8802510878891736,13.232838329386881,-0.6685312975121387,-0.7304358189474706,5.905931948295802,5.905931948295802,1.6852204307527439,1.3973061647375846,0.32078022665446454,0.33818508698102445,-0.37217290573575035,0.6862729690728616,0.5254974663114603
10160000,0.986121766143543,-5.371718402411445,1.6667433214068312,21.43108616900538,-2.8327211997039794,10.82290748201267,-0.5360034183750445,-0.5926000269837578,6.08186133612034,6.08186133612034,1.6857192276706783,1.4118378260737385,0.3311058321427209,0.35802858495088613,-0.38491629953576895,0.6818983360327876,0.508595747156297
10170000,-3.4821893448797336,-1.2242763632335585,1.5742479398836162,15.0389838798372,-10.906600264428882,2.4896263113774846,-0.37773235496908436,-0.47612292973542536,6.257773136549275,6.257773136549275,1.685392428266651,1.4262023126798271,0.34122643049751317,0.3487675171180146,-0.408758870636823,0.6768729088067266,0.5031107929696653
10180000,-4.608280303366642,2.3210120268938197,0.9984040910737596,7.756054475172321,-10.670910140529982,-1.62986890063822,-0.23893543853477409,-0.38277690774610773,0.15051741642822236,0.15051741642822236,1.683630218121824,1.4405913592470578,0.3522107457288967,0.32531126780308217,-0.4261504128521586,0.6739093933144826,0.5083448969634612
10190000,-3.4155762886884324,6.545942407909357,0.6727916055388372,4.218077560981996,-5.610287325638236,-5.082263528841927,-0.09827823522239376,-0.25962963804008565,0.32646226140540335,0.32646226140540335,1.6842952370218998,1.4537373990562468,0.36080761366332753,0.2928486894172789,-0.4277525890816131,0.6776121755853795,0.5216407836231823
10200000,-2.5901213809702694,7.745350724688416,0.14544561062852773,3.7022016557048434,-3.9271758954978204,-13.70684888816877,0.035476186974994106,-0.12816719589961964,0.5023765171349126,0.5023765171349126,1.6842323320868247,1.4658728003174035,0.3679637672706882,0.26241449397405037,-0.4222064883484192,0.6805596175994358,0.5382554425565514
10210000,-1.4050665726840943,7.26287183000596,0.054742343905228225,3.903648519871994,-6.375765720211572,-18.954844593568172,0.17484671088018694,0.001508255278757805,0.6783058570303879,0.6783058570303879,1.6850053345002463,1.4784279600105823,0.373465513648143,0.23589400128251956,-0.41371654954161696,0.6845397032477976,0.5519040056673976
10220000,-0.6474926110920296,7.360906473946723,-0.10740017176991645,3.4703179109090407,-2.575605046322438,-23.286885927572477,0.3328363319982053,0.13068450459697925,0.8542510732781423,0.8542510732781423,1.6851148464674794,1.4892838684609842,0.3758847614827218,0.21224591770551843,-0.40155236584048304,0.6884278956016431,0.5654859860887328
10230000,-0.6482302910429102,7.708943944164338,-0.5822900160178501,4.8168006561264125,-0.6413993433566798,-22.06297415142883,0.47714734991781316,0.28411137349302035,1.0301627686685393,1.0301627686685393,1.6833957734998295,1.5009104185096918,0.37723813163657866,0.18874430268489217,-0.3872027778983539,0.6903790027957214,0.5812283798048555
10240000,-0.15960397557358794,8.296821011958658,-0.6901674133941,5.683639316816099,-0.6753557847960365,-20.885612929931114,0.5986037772956326,0.4049971464736321,1.2060921061510967,1.2060921061510967,1.6777893733445304,1.5095727937356043,0.37450797716319933,0.1645881878908458,-0.3689363415528675,0.6927176321274341,0.5974437098406465
10250000,-0.45782374719584884,8.868647651401906,-0.7828037302845678,4.160153428446503,-0.7146663166293332,-18.611935653623043,0.7458405725430567,0.5103831669812408,1.3820385547969707,1.3820385547969707,1.674798362313973,1.5222345147822771,0.371627978498648,0.137427027975342,-0.34954775325078313,0.6937655188379984,0.6145075956004425
10260000,-0.3912282915228407,8.440409453378049,-0.6573393692222618,0.2284720757769857,2.839521374155244,-13.12487846161072,0.8959170335823443,0.6132230403805959,1.5579678965597523,1.5579678965597523,1.6658599748653644,1.533482206211928,0.36384958912957294,0.11253295620181436,-0.32893378903844567,0.6939868738987311,0.6304927557502613
10270000,-1.7196393037132922,8.424329436726472,-0.6286360489210163,0.030429893510921076,5.919995723417479,-6.124157228692196,1.0550895477603566,0.6452627045009247,1.7338970478616673,1.7338970478616673,1.662295549163874,1.546980651472923,0.357119000875359,0.08563202855709656,-0.307970707959285,0.6911494316510768,0.6481771839957398
10280000,-1.6465524447128326,7.535066598024773,-0.46146979227294765,0.48483356364666325,1.0892977627650193,-3.60617830555638,1.225446771879593,0.6876703705053981,1.9098256239093487,1.9098256239093487,1.6517267180992357,1.5606348147704698,0.3456029679914487,0.058784989115680315,-0.29049566376650027,0.6885137788435617,0.6618952868317532
10290000,-0.6241028201189968,6.368875715150651,0.4464196571170214,-4.7494219242111075,-7.933691396736089,-0.8319831117093821,1.2221345783159905,0.7090145746231657,2.085739527010908,2.085739527010908,1.6476222849461595,1.5748212582419425,0.3359823703644836,0.027265568478632332,-0.2732778792395108,0.6919295916344882,0.6676894710225877
10300000,3.28109831092033,4.8057779946462205,1.478490561833081,-4.814753146764132,-5.74440062955339,2.7107126609476078,1.2307752619308017,0.6425667182912791,2.2616671785044744,2.2616671785044744,1.6354831848902922,1.5907077603803879,0.32094644438361425,0.01220122810968188,-0.24505488438722325,0.7033858109159894,0.6671189059475351
10310000,2.0086638674775976,3.4551314707306555,1.203545418313882,-7.634197081934142,-9.47887588949224,3.9120476466000027,1.2243882785155777,0.6428543176033242,2.4376108780462076,2.4376108780462076,1.6301963914265063,1.6076833552665948,0.3102131829736588,-0.001480695844199312,-0.22572419001517405,0.71127256794436,0.6656859106753321
10320000,4.115444605205142,1.1560548186489927,3.869760090425323,-6.768810857151379,1.8648238270356439,3.705136704802936,1.1356748444912232,0.5993544465009202,2.613543000024926,2.613543000024926,1.6140592334510568,1.6338745760966753,0.2944312044117146,0.000505220796957682,-0.2010236966438047,0.7299575511790724,0.6532619624746705
10330000,2.8041461897638027,-1.0652459011673514,3.8866043211618635,-5.596398329562853,2.717532026480783,5.120863304277217,1.0456951371541816,0.5011656303672608,2.7894721013302686,2.7894721013302686,1.6086351811862063,1.653138648017319,0.283152643336029,0.007582750124802513,-0.18836505851469595,0.7463591451771676,0.6382860902774772
10340000,3.3321337706279253,-3.294557412911079,3.674187645245186,-3.701973413261399,-6.467672051272036,10.014643595390476,0.9516818961702993,0.425733920804888,2.9653838332189153,2.9653838332189153,1.5927574684238033,1.6884723932047692,0.26961086308285614,0.020315799778188263,-0.18465977552483026,0.7619331115978559,0.6204401413781196
10350000,3.770651802726645,-3.8442791339724725,3.7372244580742353,0.8830315750054689,-1.7768551419312275,16.3185094189748,0.8438074176630929,0.3367134760165259,3.141312893259915,3.141312893259915,1.5883736263896575,1.7058530711868343,0.25977877011553646,0.041155328855198924,-0.17552340727778942,0.7773902815958107,0.6026293408761325
10360000,2.193447343911323,-4.2464318709291975,2.8452643936740487,2.571502934884279,-3.567567899005279,20.36673744022928,0.736132420105867,0.2293559999111084,3.317241984540864,3.317241984540864,1.5806431933449911,1.7339668202469323,0.25447396508597103,0.057759119659512706,-0.1741121523656652,0.7880542962505026,0.5876387229036891
10370000,1.700929613319365,-3.8864189171526826,2.4651589351296366,4.742095305211356,-3.1352469597642227,24.14204135390739,0.6312867648606411,0.1414431890637615,3.4931711461539194,3.4931711461539194,1.586874129567437,1.7725930859983905,0.24721518202795906,0.07401046951337475,-0.17244000250450742,0.7965047621908345,0.5747756603632217
10380000,0.7885356659186668,-2.9039034582853858,2.6748748878410056,3.946063047485894,-3.7917137526201667,25.238349531415462,0.516411220963412,0.0594335340923328,3.6691004025888745,3.6691004025888745,1.5839483177983955,1.7902029637508652,0.24802081204492749,0.08088056649341267,-0.1729713581466612,0.804992946071149,0.5617166545512929
10390000,-0.4094684810573118,-1.765222645253697,2.565149435507617,5.093201749749559,-5.987281609961509,26.773433906102763,0.41643633398392715,-0.033595944439472,3.845029529684844,3.845029529684844,1.582558694037104,1.810951291145547,0.2442697043829039,0.0777859642953738,-0.17753430071988077,0.812471640071,0.5498370212225447
10400000,-0.5587293771876067,-1.8302095127328901,2.1089086633335663,7.967785235157053,-7.5402170416940635,29.323548150376727,0.3394072041767427,-0.10285936015642097,4.02097511291516,4.02097511291516,1.5917780461199527,1.8539408386666387,0.2521546730688535,0.07509861695442609,-0.18454730176146875,0.8181995508498513,0.5393069498283842
10410000,-0.5078309682585471,-2.45998083261312,1.4799583530678662,9.76034811803569,-5.863521264093244,29.70489042842633,0.22673236020510326,-0.19494230251570768,4.196892111416567,4.196892111416567,1.5950533349264069,1.8887849098281042,0.25208371027880944,0.08371189876910781,-0.18662378754654932,0.8213514712292347,0.5324900380625189
10420000,0.060439202319441124,-4.367919986027589,0.781965938029359,7.619672796322447,-5.2238625198604565,24.727995846586268,0.10503117113038384,-0.2994867762303046,4.37281681900479,4.37281681900479,1.5932393219843,1.9094060927183816,0.26150046387433495,0.0973189983568958,-0.19258734465353944,0.822864518547934,0.5256739591733512
10430000,0.16142458664269876,-7.395789126326315,-0.15407727624822293,7.399775178094038,-6.199962284304078,21.7666039851756,-0.007211612171378516,-0.4066532777353618,4.548759062316954,4.548759062316954,1.592776058664885,1.9376381733815276,0.2647561345952157,0.1211201759018652,-0.21244430719154672,0.8197869821454359,0.517828758602961
10440000,0.03487782762615909,-10.048260545825416,-0.8632746733715003,8.118506854541923,-3.7154904308268177,21.852995270423758,-0.13393536376756296,-0.5061446609803746,4.72469266565674,4.72469266565674,1.5909087827213972,1.9579596955187135,0.27709065791119875,0.16145228103317777,-0.23082886293036875,0.8118559183242929,0.5114109549758159
10450000,-0.005370351111275211,-11.341237228617068,-1.1406561596468936,8.862448134623707,-6.3048987914239465,27.980703732789237,-0.25629658228145713,-0.6673282297852623,4.900621820951535,4.900621820951535,1.5890527819196956,1.9784495643148396,0.2830606970696436,0.20293952255761175,-0.25481670186139893,0.8007368008560398,0.5026972989696707
10460000,0.4220135142395009,-11.538262728172203,-1.1297506728779452,8.6465276271947,-7.129021353368005,34.510257604594806,-0.39131239793113587,-0.8019571710504568,5.076551055839765,5.076551055839765,1.587406685580828,2.002211653493807,0.2959826870232087,0.246134719777464,-0.27699977593427155,0.7878005209678302,0.49199508434053285
10470000,0.6820289872403599,-11.238195210247252,-1.4900580525542164,7.555955299354779,-3.399379418478141,34.2799457830278,-0.5446008918847081,-0.914699703675681,5.25246774964652,5.25246774964652,1.5854918103656066,2.0227204144851108,0.30599253708419555,0.2896994481282162,-0.295632645425881,0.7723111312641283,0.4818828542687785
10480000,4.496495793033629,-10.1483120078351,-1.2276798430079474,2.677407668040182,-8.867727072556159,24.90778536501814,-0.7017777092700691,-0.9712206617818337,5.428391506286552,5.428391506286552,1.5811894498535555,2.0437088548102484,0.32114122011198326,0.3358688904036723,-0.2987593089689162,0.7629104313838343,0.4646532443114473
10490000,5.8196547490213995,-11.845156149023927,-2.0003123489835053,2.2652196114561907,2.951530183164014,8.137476313541452,-0.754810036662723,-0.9480796351584967,5.604320799353992,5.604320799353992,1.5792161356059717,2.0642293440166757,0.33275116831171153,0.3953066717707918,-0.2949563045799523,0.7467804477969516,0.4461528621786734
10500000,5.706257770753699,-9.431238726415941,-1.4489975822359729,12.927175984559675,3.092859904705593,8.891246766923267,-0.791996324808601,-0.910279247035305,5.7802633743322716,5.7802633743322716,1.5670249068901732,2.0779049140334687,0.3480695269629745,0.4470580632031003,-0.2851642007291214,0.731144183432053,0.4292419478348901
10510000,3.2098666944193006,-9.809296327287557,1.1359031576602328,11.717704203107095,-1.2791775104220016,4.858095659775176,-0.7267014412854019,-0.8086710830752301,5.956183981917071,5.956183981917071,1.549618919918865,2.0914466153024303,0.36033299025060334,0.48813597991857477,-0.3023947418307284,0.7144898215673411,0.39973113476276645
10520000,1.860443034374536,-4.3991275898924815,1.5764776267693894,9.627201673224432,-4.482686765098948,-6.113316841752215,-0.5732242032527525,-0.6750197974490902,6.132108235801333,6.132108235801333,1.5461283754194937,2.1111849399566736,0.37145046992960146,0.5077586110074443,-0.3129918144690154,0.7071324548921334,0.3797117436443196
10530000,-3.4377097268275123,-2.786995961818012,2.1900008892092155,15.674470920342959,-0.7602686742120415,0.1639224432787923,-0.4358392059098287,-0.5698735168481255,0.024852014479947115,0.024852014479947115,1.5249133678033677,2.1199204506282365,0.38387690206043773,0.5116489302110286,-0.338116808019793,0.6952098490939052,0.374934210323953
10540000,-2.8239371945622893,1.7012533834265389,2.199075426412913,6.978833322326358,5.89531345113014,-0.9644610033043597,-0.294944435186782,-0.45891349809429055,0.20079383152797448,0.20079383152797448,1.5200476863850505,2.138748931239442,0.39631078265154757,0.5013979306147354,-0.34666396096956553,0.6953560154904994,0.38066287586436515
10550000,-3.199384228631081,5.096540795746027,1.4491744643868654,2.373133990181879,4.193845674079254,-4.771954717021649,-0.15768855744908183,-0.3326197297174218,0.37671560243482816,0.37671560243482816,1.499884845208879,2.148743306990436,0.4082019205147596,0.4810945335659914,-0.350886332526029,0.7004286604039348,0.3934800161432642
10560000,-1.4048678569551933,6.2540638138519,1.324939571759417,4.542177512355449,-1.81999137398274,-8.246607566537936,-0.02087429375031033,-0.2010649367428878,0.5526515297079726,0.5526515297079726,1.4939116009588767,2.166964888063518,0.4180486779247971,0.4583972091320598,-0.35048218093785694,0.7118281591262243,0.40041842038042236
10570000,0.4805403754642272,7.199925315520328,1.1859202802457571,6.76864346214664,-2.032156890881612,-14.108829564079555,0.12885042917990855,-0.06922747487679802,0.7285863680873632,0.7285863680873632,1.4786090798232259,2.1820656339309847,0.42814868534033285,0.43618438149371047,-0.3409509535977264,0.7275744870519879,0.40513084105358727
10580000,0.21686549348147896,7.414538117242983,0.7781979321268109,6.161377052914821,3.4659601606969725,-16.956918586597613,0.28321982893853886,0.06750472712563693,0.9045031279061249,0.9045031279061249,1.4722505454230002,2.2004051385804213,0.4392145998698304,0.4140620892912907,-0.3293920860602191,0.7411634997309446,0.4131949981778661
10590000,-1.4558493658914418,7.680818433406456,0.451307947385136,5.26422405129976,3.6187994426702543,-17.933426903899758,0.42830416447975883,0.1796326669709043,1.080427151655627,1.080427151655627,1.4597449363137087,2.2175442036144886,0.447307260296184,0.3877296451020892,-0.3225759159546921,0.7511471375255263,0.42589726289588614
10600000,-1.1161835221480847,8.644250418419604,0.30512038204383796,3.1329016050598963,3.6727208677586702,-21.008758804067963,0.5929865115468743,0.30286576186215286,1.2563686623076507,1.2563686623076507,1.45315023761515,2.2359844688510453,0.45108370590324515,0.3583038414025249,-0.311915094752506,0.762412094073961,0.4393803929529483
10610000,-2.002245408603986,7.628717930582274,0.21940803969304243,0.43362353422778416,1.6960215716143876,-16.26666891637966,0.7440637499217047,0.384672993450489,1.432291544632264,1.432291544632264,1.44645522439033,2.254817332653892,0.4549646956035011,0.33021289672801557,-0.3070642828079458,0.7694847314793234,0.4522877591515477
10620000,-2.1741394954413864,7.714856372310883,-0.4583302857608463,-1.1055347353122253,2.264715398530614,-11.747923146597993,0.8931379116722719,0.44246891966828866,1.6082146665505803,1.6082146665505803,1.4405754687498469,2.2734990744866015,0.45247850279787755,0.30232569245842983,-0.3004861273221614,0.7739878254202911,0.46824150720288554
10630000,-3.788687847994464,7.008916998987371,-0.9186373669461437,-1.314458549951017,4.36990434390214,-8.54842311377924,1.0549035679053496,0.48569542432519475,1.7841560029956298,1.7841560029956298,1.4342410975977153,2.2908102830080264,0.4521331354868597,0.27425817886424053,-0.298016344092215,0.7730717826470753,0.4881892346773474
10640000,-5.002150345958669,6.935214900832893,-1.0029575098011227,-3.537225661716604,4.84587908462,-4.918937072882868,1.2003465029053484,0.5011128599974165,1.9600906041590491,1.9600906041590491,1.4283743968441556,2.309132650881007,0.4453216862787071,0.24002206477233023,-0.2961726760185935,0.7707621190463168,0.510486934451455
10650000,-4.935566528250878,6.40287767913809,-1.2557789226232303,-5.340199137395709,-12.489033387935008,0.2484431674665078,1.3153918801686446,0.5375922898137626,2.1360086872530957,2.1360086872530957,1.424105765944661,2.326677999214665,0.44158804959748527,0.2002503450580651,-0.29976606107591197,0.7684335612260842,0.5287248527472076
10660000,-1.155932558225208,4.756349515603293,-0.3315450016357288,-5.221362861978239,-3.36828565827342,-0.14576217425578725,1.2950882603803897,0.5237288530223051,2.311931537220616,2.311931537220616,1.418773488990341,2.34496568606096,0.436126072821944,0.17480577124917793,-0.29007621228526026,0.7721646298765814,0.5376434857522024
10670000,0.8838201771615427,2.482270151198634,0.45114343802271417,-12.630131912621703,-20.15603155847026,1.4939090342064727,1.2313610465980058,0.4557697344102194,2.4878608088802565,2.4878608088802565,1.415823620743881,2.359414034601454,0.43094123468322215,0.16087435626261612,-0.2822618096860013,0.7784517136448154,0.5370853207948649
10680000,2.6688771552270225,0.6545784532451563,2.389307968212386,-9.43195396823277,-3.2155998123556278,2.3610091760995613,1.1758903275424832,0.3930079588179167,2.663800688663585,2.663800688663585,1.411026217223606,2.3766340351059587,0.4275835999692236,0.15836620142921753,-0.268885219280967,0.7907362619088661,0.5266469872689865
10690000,2.834915726697637,-2.015757936031022,3.112395893662359,-5.971573535381978,3.269190290212175,4.471546236302137,1.0853183808693323,0.3035645166083895,2.8397266710499167,2.8397266710499167,1.4094176160678518,2.3896771885341317,0.4214237381192813,0.16691612216831406,-0.2602037104454522,0.8025014063170778,0.5103180675714156
10700000,2.1772858715612577,-4.5773408645572005,2.835057221799634,-4.983812265534533,-4.077492063763606,7.638001653044261,0.9732246608370624,0.20378553787500567,3.015658467514058,3.015658467514058,1.4053170686443206,2.406071387097723,0.41842976761431244,0.18134160344571337,-0.26369444474300036,0.8104149696913941,0.4907219574988622
10710000,2.2604034896854697,-5.104869041947293,3.2265660989716127,-2.693185797693123,-4.177894383415029,13.530556380647136,0.8582265720156947,0.11180502816221154,3.1915851579644396,3.1915851579644396,1.4046815540897801,2.417594755947227,0.4121655515211689,0.19752392071368635,-0.2671277445037191,0.8185194503490576,0.468671503574226
10720000,1.015831947405289,-4.676817021914888,3.3338171315950413,1.1841514744249568,-6.752369493397772,19.449980267509222,0.7472043610045089,0.021137025342002,3.36750664590663,3.36750664590663,1.4012861322249135,2.4329548337386147,0.41296771706553287,0.20850058390494583,-0.2748351374456702,0.8250346909864469,0.44756107114606664
10730000,0.6815270887697455,-4.425936530690251,3.514390821937107,5.146054800598458,-8.525580066752614,24.95984968478467,0.6320213147000175,-0.07419105649359654,3.543445367578002,3.543445367578002,1.4033954555078716,2.4558990438137216,0.40988917796732843,0.21748827714346092,-0.2830066749036165,0.8313160874220407,0.4260512106055775
10740000,0.2431392300062832,-3.6875050808376186,3.8062076093436046,6.6331336416673725,-9.974469356330479,26.599296371313383,0.528043700609718,-0.16219220373407864,3.7193826225952904,3.7193826225952904,1.4016111175642563,2.4758615802297075,0.41363464789357013,0.2218861163312894,-0.29170200713744016,0.8379196442493823,0.4044343706862646
10750000,-0.6118207092053493,-3.284907061198501,3.5225362277006846,7.333094577043546,-11.925932027060393,25.558875790401196,0.4237219701654783,-0.24933176574603377,3.8953026457227082,3.8953026457227082,1.3990229720748137,2.495596178752667,0.41440150611706966,0.22290245181606888,-0.30340281717893075,0.8427033456890461,0.38485360679973035
10760000,-0.336360413890207,-3.668608161150195,3.1142658421408624,9.751745578229386,-8.758021768222727,26.763176644102444,0.30857194485506223,-0.3471957387972325,4.071223379760838,4.071223379760838,1.3954898683267134,2.5144096028973215,0.42362485236001696,0.22834765597102366,-0.31179663237536326,0.8462429365927946,0.36676027636417363
10770000,0.3376736291215766,-4.655593328713208,2.526953847706241,9.967654188200466,-8.219687359940044,24.95718560262892,0.1921479614463012,-0.4324573382816679,4.2471526072113335,4.2471526072113335,1.3956852515907414,2.532341068926733,0.42937203860790324,0.24020313788425196,-0.3179176732412072,0.8483143813664576,0.34870261822690757
10780000,0.6587102192881024,-7.0389651192505545,1.3997433554287138,8.68362835492434,-8.267640431836139,21.08620993687084,0.06021586528197175,-0.561672587966922,4.423081901711598,4.423081901711598,1.3938424596414052,2.550319251915409,0.4400040492072734,0.26408388324249515,-0.32570034165881784,0.8454757278539938,0.3306807881698798
10790000,0.6773538206046357,-9.798056219166403,0.48766706792383346,8.321213419507307,-8.065528117447606,20.660669426560073,-0.08910633338599876,-0.7379072501965364,4.599011141125871,4.599011141125871,1.3925857704830522,2.5692337078682606,0.4480991579632369,0.30090790294661807,-0.33635390071119753,0.836231600809343,0.3115079408754682
10800000,0.8826113300367886,-10.75258557496633,0.6082699449097607,8.560286384815566,-9.296683335412888,25.357816972403658,-0.2289263181470756,-0.8976018122471018,4.774948866846543,4.774948866846543,1.3902501438658015,2.587798507143112,0.45863385156434006,0.3412934186140295,-0.34724071307028737,0.8241904427545714,0.28922794413612674
10810000,3.597067743140426,-9.337254312898677,1.0638423650773308,6.2265287262385804,-12.510337968247846,26.850663465377266,-0.3581123419299572,-0.9451757915896613,4.9508791383712065,4.9508791383712065,1.385193040042999,2.605316670458325,0.46829222728051806,0.37787960088995287,-0.3456406604669709,0.8181411656601857,0.26150444377753684
10820000,5.461825477476332,-8.82005188783206,0.279775018314231,0.7842158870403049,-6.86330537936042,19.277029846615623,-0.501400180057691,-0.8952047831701011,5.126798813504692,5.126798813504692,1.380563363041781,2.6230282993799228,0.47793673086768046,0.4160417611145643,-0.33308119969202327,0.8130770782873944,0.23424737391067768
10830000,7.624438915614718,-8.707824384757005,0.5164498285997203,0.9080333904689594,-1.8382903887908697,13.319963585997826,-0.644191776875647,-0.9210112175686241,5.302728065722036,5.302728065722036,1.3667416650527808,2.6295113999996347,0.48670953944020084,0.455231914544355,-0.3105765015269039,0.8097710501568849,0.2014373029193101
10840000,9.293783449913935,-8.49115717742462,1.1635546050158876,3.965342525358231,3.7713877913982943,8.71939883804751,-0.7352730943575291,-0.9361481831663218,5.478664443848103,5.478664443848103,1.3555942948839668,2.6391069196572974,0.4927638650716855,0.4949921193604352,-0.2796092333209668,0.8061889909049517,0.16389261531985438
10850000,5.634708743854349,-7.081656538894082,1.410091321870837,10.344911882988262,8.127296964429593,9.019544961844934,-0.7553609557732478,-0.9057992530377468,5.654604269734776,5.654604269734776,1.338348928338904,2.643284483969173,0.49887996165873466,0.5257257765968377,-0.26085244338269686,0.7978684943373573,0.13774714641968908
10860000,1.5850384267158135,-6.464630788241006,3.7950359994228573,17.172621269125536,4.670769221649265,8.101744977797795,-0.7422463449440269,-0.8374069552586837,5.830527221949282,5.830527221949282,1.3235917149006837,2.650022333207351,0.50318302530391,0.5488270041233213,-0.2634497115050293,0.7850775131723001,0.11417735048657333
10870000,0.14628665709816738,-5.16417914503534,4.677762443522919,20.194428541498464,5.961101354424253,4.360141202141054,-0.5979522248305036,-0.7467392312192116,6.006451053354269,6.006451053354269,1.3047045441696083,2.6508894576528883,0.5088100212198798,0.5654704650162203,-0.27299403836903746,0.7726469843600196,0.09345611680715188
10880000,-1.6380989914677515,-1.3528775416976724,4.101916579500118,17.673304921630013,4.920938631055787,4.620148624069148,-0.42804471101243935,-0.6216474474054332,6.182386571716265,6.182386571716265,1.287406201016269,2.6535922630174444,0.5142645965285779,0.565407872559716,-0.2863409459970043,0.7688308279649232,0.0849821055505654
10890000,-2.5477079181680145,1.9151968552800125,3.7953908676268098,10.316354204825345,1.058555244554735,1.8836485945380181,-0.2862406081323384,-0.4753840532119282,0.07512245733919798,0.07512245733919798,1.2664929571670502,2.653476359644133,0.5203683872793627,0.5542231189510608,-0.3022520835949554,0.7709659432950917,0.08421357765690707
10900000,-1.9705926830173874,3.847498340789282,3.0328856104489006,4.2891634997347925,-0.4082705860608529,-7.318479722091128,-0.1469744447369749,-0.3687331281906388,0.2510645555583082,0.2510645555583082,1.246117935714096,2.6539288503000513,0.5263492792700459,0.5391466138238836,-0.31706152660262293,0.7755876356616256,0.08518648108393662
10910000,-0.6252634658983719,4.792889283629147,2.592402456189084,2.745380474626938,-0.06026247031868204,-16.734677615666378,-0.02723262330766615,-0.2643363925535315,0.4269937383518183,0.4269937383518183,1.2259778240762311,2.653883041631351,0.5314846374207525,0.5214830895211974,-0.3271609647757019,0.7835369795711835,0.0842074350335262
10920000,0.4420901699070358,4.959019381562571,2.3515299932799487,4.757198334824097,1.1057667348742442,-20.8165388946929,0.10604046965130014,-0.12874137995904836,0.6029207383555146,0.6029207383555146,1.2052356748924684,2.653161843223731,0.5340643378890877,0.5040022250063354,-0.33191657712479045,0.7931295272480775,0.08221128891866157
10930000,0.559553468737843,5.042550008100969,2.1205696480087446,6.981653523799023,1.6212033053836996,-21.559935640171677,0.22980375924806015,-0.010460805348536937,0.7788345180109886,0.7788345180109886,1.1877368528121803,2.6517889866387976,0.5352885390764024,0.4864589119601248,-0.3352114134797782,0.8027345699621462,0.0812911153518577
10940000,0.5743534864953584,6.070277556989493,1.8716430335494807,8.77946502109494,2.65445367197377,-21.280126938228413,0.34954577453002217,0.11178156176032493,0.9547636879059027,0.9547636879059027,1.1690579256733202,2.648443286046877,0.5368526403445826,0.46506443168806066,-0.33688534570066514,0.814406852134841,0.08345548170506104
10950000,0.19927959292654346,7.620024895703567,1.5306848547342038,8.739219591597056,2.730921746429387,-19.87854903986509,0.5379899365058579,0.2343550362410625,1.1306958766428963,1.1306958766428963,1.1550277589714615,2.646585034415484,0.5358285050289018,0.43754587888111773,-0.3361590324660326,0.829165338466551,0.08964123075516672
10960000,-0.5038096702580948,8.452575205851845,1.202295857558145,5.231173722163279,3.7373284134338998,-19.41608164678242,0.6779817741280275,0.33948276504870384,1.306638750352299,1.306638750352299,1.1400952560368993,2.6415656416927016,0.5358924976284651,0.4063274276753813,-0.33659282976298815,0.843593315614022,0.09976776193838005
10970000,-1.6868493800125952,8.296096017068466,0.5327885921804438,2.4070190957094146,3.594006020841033,-17.83396986268546,0.8331534006636298,0.4328429283776985,1.4825512679336939,1.4825512679336939,1.128167399372958,2.6392143089452835,0.5350466601296231,0.3755717911774863,-0.3433909943128879,0.8530535561621765,0.11544732571872457
10980000,-3.502465363260066,7.259002136680254,-0.25737080631727116,-0.994020095891986,6.544847055035583,-15.69419764430441,0.9976798271877284,0.4751371664778563,1.6584805016537345,1.6584805016537345,1.1158833397198777,2.6325752945315832,0.5320075152264665,0.3482828046100314,-0.3555266569006499,0.8565589654468708,0.13640609575310247
10990000,-5.290416123420644,6.914096387083344,-0.9148939872720276,-3.2382840599532203,9.68937541091917,-11.855247121406284,1.1602747306550716,0.5048686797511397,1.8344096546174384,1.8344096546174384,1.1020593351026169,2.630561334152139,0.5264729773978234,0.32107585237491093,-0.37173781443466913,0.8555674718402002,0.16347964848882005
11000000,-6.570678332966144,7.047169426376959,-1.681876403066908,-2.0708623931384347,1.4156931892703857,-6.977121748060179,1.325465620643464,0.4990001093162329,2.0103388255912122,2.0103388255912122,1.0868189560685675,2.623650271623204,0.5185308707013889,0.2910041226769255,-0.3936077811676101,0.8501346656019212,0.19406330289689866
11010000,-5.074020274702066,6.913309305326957,-1.2381265860422705,-4.0748926798434155,-11.355363223352937,-4.342903274948177,1.4100439827175233,0.4727086788654879,2.186267906529501,2.186267906529501,1.0688843918152735,2.6176591834675267,0.5109708210530344,0.25699435567282763,-0.4121974378814894,0.846785142887671,0.21679966591521896
11020000,-0.4103941721929946,5.282194183422878,0.4290737342632011,-8.11673376987678,-12.219720104862567,-0.713729782382939,1.4133756915070912,0.5679529594330296,2.36219698404647,2.36219698404647,1.0465697562482306,2.6034935822272103,0.5026738032355937,0.22881560932387734,-0.41171232356854853,0.8534022483492086,0.2232509396711363
11030000,3.1329870053697357,2.7588413339319624,2.081161648304765,-10.557984582801357,-4.170270999361004,-0.4892923572100857,1.3452359493989823,0.5169082050405881,2.5381261088021105,2.5381261088021105,1.0311813971482506,2.600056334178164,0.4935642579161457,0.21151240317993059,-0.39887244564794777,0.8662401946865951,0.21398878595198728
11040000,4.223805156272088,0.3658244083220874,2.8321925297304515,-8.116484153612852,-8.17962753408646,3.3936931802030044,1.2280492586890748,0.43859719204836395,2.714072408233811,2.714072408233811,1.0132893885289043,2.590060014984079,0.4836699886589509,0.20375968694494584,-0.38378565982064117,0.8791595115950269,0.19562492291149086
11050000,3.3667243170236616,-1.2966729687404968,2.728629592048861,-2.622138483017304,1.2788104437545325,7.0965188189078985,1.1286245055712216,0.3513416552376656,2.8899845558665547,2.8899845558665547,0.9990180453276475,2.5901056401091513,0.47298731084742757,0.20450758748888073,-0.3689389628517532,0.8891041883265377,0.17763566829203845
11060000,2.607260058796939,-3.407923443667963,3.076705454683509,-1.6307948326408173,-1.7748402640747967,10.098789324310678,1.0175903911414974,0.2538709234258661,3.0659136169182872,3.0659136169182872,0.9833304757397897,2.587033412027933,0.46218265839940914,0.21252103634375435,-0.35979523594532836,0.8952615379179744,0.15456059014886522
11070000,2.5104199013683046,-4.14623359267303,3.5527424468999316,-0.6247709165428803,-6.451101982158724,15.481545486607871,0.8954877203992917,0.1552965180648283,3.24184277611905,3.24184277611905,0.9693886967727577,2.5892990661847346,0.45358571189419045,0.22161810404932245,-0.35266535845887076,0.900150268279884,0.12744432280926798
11080000,1.7404433066583382,-3.4666531983442517,3.576315317288648,2.448334648518167,-5.788689526666138,20.51506566517353,0.7818098345874311,0.061611850429774254,3.4177720108205776,3.4177720108205776,0.9544429020188802,2.5912749310399317,0.44919719067711567,0.2282623376112739,-0.3468131006602425,0.9038772023871241,0.10306784873805878
11090000,1.3044610603658235,-2.9654126045112004,3.738846946153429,4.598073573419687,-11.20070134867234,24.329779821172277,0.6832896560657444,-0.031239196419167663,3.5937012489374567,3.5937012489374567,0.9405538127229022,2.5951231897742937,0.4437700131006415,0.23124209481863947,-0.3430944909917509,0.9069707498095753,0.07885000205995954
11100000,1.2752515906123059,-2.402704205259286,3.7636235420268034,6.402929671700364,-11.911972836015174,26.75137351089177,0.5939856474045803,-0.09924182035592771,3.769630432311395,3.769630432311395,0.9257595485118798,2.6011442225113304,0.44630571649233314,0.23196279818590365,-0.33865025877135513,0.9101681302659432,0.05570670641903899
11110000,0.5627989506779245,-1.4078808892186923,3.899469599755914,6.184730601990414,-10.77361787553604,25.01311025053454,0.48282208134867505,-0.19092720331534355,3.945559638590616,3.945559638590616,0.9113846566577933,2.6054049210258237,0.4435861750858901,0.22790028821748518,-0.3368359912027863,0.9129126363555878,0.03454695417998644
11120000,0.14777782926232155,-2.035682417947915,3.1770939961853935,8.201036666989706,-12.436448211476653,25.098250596398195,0.36754864399210774,-0.2953524493245204,4.1215065734157506,4.1215065734157506,0.8952282587741934,2.6125308693776574,0.4487177993303086,0.2281431896782053,-0.3357516457890144,0.9137614188387814,0.016173645079576214
11130000,0.8080421879348648,-3.281698092534703,2.3778656370887887,9.734773343528552,-8.488095850102718,24.11737632614726,0.2542678052056371,-0.38167403753379325,4.297435972112304,4.297435972112304,0.881762508603874,2.616643936469347,0.4482210413103373,0.23764798111857996,-0.3293486826789748,0.9138122106573138,-0.00035488234723959943
11140000,1.2724536633167898,-5.5744454353909685,1.4112423363863555,11.33962741971614,-9.688567500078545,21.88958771883886,0.10019511652254334,-0.47065698208663687,4.473347767502126,4.473347767502126,0.8686631367178144,2.623125134280987,0.45373568471456877,0.2599996900907058,-0.3190759109915068,0.9112218506554625,-0.016293037338422592
11150000,0.8504801335900563,-8.938829925082436,0.1787367918223085,9.047943447791258,-8.231930564281587,19.590547758309423,-0.01848305339568574,-0.6251428573606463,4.649276827603266,4.649276827603266,0.8539920324134049,2.627722231215836,0.45509921489721666,0.2981510825225668,-0.30909246110805677,0.9025278717684334,-0.031799735186450816
11160000,0.9524697296445138,-10.946974439779003,-0.2888006078769628,7.845959457344877,-10.483076914727983,23.1167465054104,-0.14902534823553518,-0.7782233719623995,4.8252058127567565,4.8252058127567565,0.8363810626626275,2.635822561338682,0.45992363840448497,0.34328477948018926,-0.2986692824139446,0.8891151855749075,-0.04925856980947349
11170000,1.6891410636569646,-10.453661216307712,0.12412726608630802,5.725413821367643,-10.062396228806245,26.99498772374524,-0.2782369871283276,-0.8492091560672038,5.001134922066505,5.001134922066505,0.820938782703714,2.6415951679961096,0.46333390990960704,0.38418459496134033,-0.2858527352585196,0.8751560411300165,-0.0692265441377111
11180000,5.107772108860425,-8.747332927049241,0.3528009841368988,3.4392600789387093,-12.533833517774529,26.927471899861242,-0.42399813375024636,-0.9429355329199312,5.177063985030166,5.177063985030166,0.8003182311487044,2.654392359870223,0.4683046987250858,0.41478834789080055,-0.25956798151103594,0.8669621592707613,-0.09461344418678674
11190000,6.475107535348501,-8.9781455512019,-0.0972873149651479,-0.37118020104607335,-10.390712740881689,19.241862516199582,-0.5800177034917352,-0.9440516267470667,5.353006304660333,5.353006304660333,0.7838009045269909,2.6615456595394535,0.47330121931104757,0.44512398046989304,-0.22661497147318743,0.8577933961850243,-0.12124679862250765
11200000,7.881443538503066,-9.830331836839047,0.4611958675674802,4.394221636499739,-6.016578756269575,15.046614191689672,-0.7510850408839488,-0.9426153192429138,5.528940256395622,5.528940256395622,0.7583801894060497,2.6804489236718667,0.47613309375135765,0.4766614567408454,-0.18611736488858258,0.8454413692383007,-0.15291524883115046
11210000,6.9227847176966915,-8.33921288288641,0.6830653710158023,5.391006335736566,0.18613037475170946,6.599549642308722,-0.7348103728841086,-0.84561780132405,5.704869280505612,5.704869280505612,0.7416620812451244,2.6869425642145335,0.481326009931975,0.5037309506077196,-0.14864017136903224,0.8319407562515977,-0.17898549366568134
11220000,1.9380592384218918,-5.360732333918519,1.6035248345635644,-1.3400373308378595,-10.051866564996429,-6.551297301341948,-0.6466355894434679,-0.7659168643315656,5.880798402692413,5.880798402692413,0.7164445976706622,2.7000084192999823,0.4814445138753965,0.5253273551202099,-0.14591915765814692,0.8148400912016845,-0.1969121508723432
11230000,-1.1952959893370168,-3.9297281014820458,3.926477000581275,10.452031932052801,-9.58452658393555,-0.7437706330242636,-0.5201562070908362,-0.6850757019098174,6.056714517248899,6.056714517248899,0.6998482382556455,2.7055409135697945,0.4860811939657768,0.5432550809243709,-0.16059212867801606,0.7960349583041767,-0.21310192494247052
11240000,-3.915455376498576,-0.942363758487888,3.858454616235577,13.535313146181872,-2.353102726203799,0.09495365265864626,-0.38302793155198894,-0.5390196061412724,6.232639425161203,6.232639425161203,0.6768184800549183,2.708883225118106,0.4875889565453169,0.5527967015972414,-0.18224621630658752,0.7843483674037874,-0.21447555081210665
11250000,-4.073603699215747,2.0254656064410477,3.808951806523137,10.985492346534986,-2.9556011104811706,1.841427220929669,-0.26401552546737916,-0.4372994764512318,0.12538327060309484,0.12538327060309484,0.6572742665625386,2.7039683887584007,0.49291260924330443,0.5495412667151086,-0.20618089363613537,0.7815110050952109,-0.21150504531011108
11260000,-3.1434979990337797,4.920086282217865,2.992393985102968,3.424834340028791,0.3744432653101531,-6.918886981430008,-0.1253188941747866,-0.31355781073490063,0.3013124490906023,0.3013124490906023,0.6409892677530258,2.708956922292906,0.49583737268974154,0.5366625938178716,-0.23195962668701253,0.7845133479913535,-0.206704617285859
11270000,-3.9287108724616178,4.749522854658578,2.8283352606301015,3.650526132146766,-2.16436554070369,-13.460521028594394,0.015577436082710838,-0.18849925519581162,0.4772416616108046,0.4772416616108046,0.624833197554525,2.71249314579856,0.49963404533270334,0.5244554129158105,-0.2618727927453457,0.7850835269818678,-0.20003253721525077
11280000,-1.3936581379432724,6.250884510529363,2.1768615050231266,4.512444801306633,-5.279348556469575,-16.73398992228769,0.15098068729559863,-0.06967265826764016,0.6531856366515285,0.6531856366515285,0.610239874866619,2.6986169211150246,0.4983213331693573,0.5036925238716117,-0.2821918294851614,0.7927014433279393,-0.1956681745033294
11290000,-1.966292509218089,6.23937839146081,1.4701785518600765,5.603815361486959,-0.7660681106843183,-18.676616260407283,0.299104676986256,0.056572676003050916,0.8291050371866788,0.8291050371866788,0.594231071465079,2.7015515658367377,0.5004583627644119,0.4846539782954653,-0.30176018401032023,0.7997478291837846,-0.18561983294966242
11300000,-1.4353811778851984,7.804849649101729,1.2959607704325167,5.510377010662922,-1.50394632226812,-17.87135841957713,0.4570705338066705,0.1793261490466919,1.0050443474486315,1.0050443474486315,0.5816439705270314,2.685810212391425,0.5015714668348112,0.4585369004006358,-0.32015173717860274,0.8106044389463072,-0.17368713168523095
11310000,-0.739450616162908,8.3453320761434,1.1730855638198456,4.608123275370922,-0.6311531457322691,-20.776249460840692,0.6079759068302324,0.28151143351132185,1.180975983634113,1.180975983634113,0.5657036913925269,2.6881532751196544,0.5011568172481076,0.4290915460329475,-0.33576706357052305,0.8228115571172754,-0.16162322116121758
11320000,-0.5585329254081006,8.879364295839013,1.4288441864763626,-0.7158655020774595,3.4731036816550698,-19.777835964618077,0.7640339302351853,0.39990258603483647,1.3568913990547173,1.3568913990547173,0.551752592143784,2.6706128835821428,0.49829220275387426,0.3958981808102521,-0.3515409411840403,0.8349938471344107,-0.1498962052563327
11330000,-1.752049725847234,6.970309373717389,0.5743117927611225,0.24208004296027388,1.1075976607278308,-12.451087077409923,0.9165397620907793,0.4605933704650743,1.5328289830856363,1.5328289830856363,0.5358687241298667,2.6723620617485886,0.4942202637152094,0.3723520916450008,-0.36906640403400615,0.8407436672770602,-0.13525529636402622
11340000,-2.1015238293675136,7.1660990823161,0.7469435788374051,-1.9578546130133845,9.638934702293943,-12.992683047498236,1.0761097118598382,0.5688537378911304,1.7087634568456735,1.7087634568456735,0.5208888753812563,2.656002589285335,0.4855580361298277,0.34628225448886907,-0.3852515243659047,0.847018762704666,-0.11928570252175884
11350000,-4.014436099775196,7.09039351779803,0.10404935004226093,-1.7185793982968287,4.629104439207249,-4.918894921166971,1.2493693114328879,0.5694655432934994,1.884680157822828,1.884680157822828,0.498901400427081,2.643658183982918,0.4774173063085811,0.320734247826874,-0.40748397293441724,0.8494488132930332,-0.09758620633865334
11360000,-5.098264226632809,6.660013632993985,0.2940327202204013,-0.6547791865984861,4.080250080239156,-4.803830261192283,1.3773821721291482,0.5432210152439144,2.060604181483768,2.060604181483768,0.4825927373189488,2.6434538422038045,0.46694984184648175,0.2977492380453923,-0.4339788516129616,0.8469815849900875,-0.07503294132421254
11370000,-0.76986413380083,5.4935750174791185,1.3406715669100864,-6.178947457176044,-16.620839990964736,0.8901908316050464,1.4193332388221591,0.5745352962642819,2.2365332807664515,2.2365332807664515,0.46258217789295575,2.6354232060964646,0.4565583210006095,0.2678174400975099,-0.445951046099934,0.8510662333692137,-0.07132846332797574
11380000,2.5770865410148796,3.771790839194598,3.2893880177613117,-7.450579911843285,-1.2518060073873336,-0.382127219486811,1.3763778010365917,0.5381541037745009,2.412475387136965,2.412475387136965,0.44601727990055984,2.634675623320034,0.4456745605057733,0.23874890449802533,-0.4423957777418897,0.860380819560765,-0.0838437938614894
11390000,4.9863570488568465,1.2847005157662195,3.968878182540488,-11.760941436934155,-15.713482758113702,-0.4261365881713235,1.2895066620101971,0.4876015249137326,2.5883968708651537,2.5883968708651537,0.42689482269015067,2.627697826534765,0.4342009433733844,0.21757349549574212,-0.4306690283020214,0.8692001075573311,-0.10806079372964597
11400000,7.7643845213445815,-1.8785670760429254,5.283713169555056,-6.487520960147146,-0.8384865772678419,4.043524721199109,1.181440357512089,0.43064201125265095,2.7643209497839223,2.7643209497839223,0.41015233815154384,2.626469639535516,0.42426115409225157,0.2053247544964565,-0.4000062196632168,0.8811050639848277,-0.14659684731263795
11410000,5.49116858838064,-3.1133783020052586,4.020309789439031,-4.018475228100653,-0.22676700872077918,5.422268124706873,1.0793668852282585,0.3474116002611073,2.9402625813755208,2.9402625813755208,0.39098282027817655,2.616609622871682,0.4117682185030331,0.20218129761344567,-0.37520637510683574,0.8868442824597069,-0.17846601257118777
11420000,4.054594159458069,-4.886279350023691,3.1705670409857314,-2.0493681836110325,-2.2472635949378152,9.124340942603661,0.9799083746484799,0.23442981214998185,3.1161847053569147,3.1161847053569147,0.3740249444114149,2.6144155640990454,0.40058119300079403,0.2099932083979878,-0.3524179461550865,0.8880577248100525,-0.20750402661091377
11430000,3.5799711206223614,-5.453439216887924,3.0974357953458815,3.205367278502634,-3.5086600876331846,17.116519018784384,0.8710018202050599,0.1399836957630115,3.2921199879383494,3.2921199879383494,0.3565192180871751,2.6008035939816043,0.38783813798134,0.22299788342644605,-0.32870016615105774,0.8871499775570768,-0.23493203715132258
11440000,2.3263587638945253,-5.561255767302161,2.661831904273914,3.8893877999600197,-7.969702286270459,19.780193586202234,0.7597920927187011,0.05049957748881784,3.468043761816773,3.468043761816773,0.3396673392613203,2.5971956387011046,0.379980211420384,0.23781409361407627,-0.3095676369165849,0.8835080888299031,-0.25889339895897134
11450000,2.2114411349338803,-5.550839754804709,2.770622982173209,1.9310068625544805,-11.293570610712605,21.832426139115835,0.6483184268211089,-0.056017737816268856,3.6439794684401647,3.6439794684401647,0.3250211330011217,2.583761243118325,0.3696910199745697,0.2503365461493273,-0.2922883485701084,0.8782646290513917,-0.2838139818779298
11460000,1.8802690079689073,-4.534403609185774,2.8050187975664707,3.7174674461216384,-9.671095545538943,22.960767820624145,0.547585421931354,-0.1403531477258677,3.8199018849544757,3.8199018849544757,0.30873553525120867,2.579227650875139,0.3655713075114661,0.2593972016458304,-0.276713063937728,0.8732052703872663,-0.3060319064940918
11470000,0.855128139166876,-4.2852933384685485,2.370885870977409,5.417504602038587,-9.867513281010108,23.233457242146027,0.4370085479329427,-0.23019253104542983,3.995837995365463,3.995837995365463,0.2916642135051659,2.5643970601786825,0.3585069699083719,0.2699664112101126,-0.2646601553946828,0.8672457093703386,-0.3239722496503875
11480000,1.1172914010868233,-5.296712876106009,1.7518020713921958,9.689497722563303,-11.181839265239187,28.21197716083423,0.3296073443821871,-0.3178189136104947,4.171760721897812,4.171760721897812,0.2749308407754083,2.558610420561788,0.35841923790240443,0.2863602304870555,-0.24785018067357495,0.860794124293627,-0.3400023263406366
11490000,1.3987473177336371,-6.301393286920816,0.9996453557209618,9.392632518823202,-11.371387069701099,27.255814290986432,0.2138289730102611,-0.40174076562492583,4.3476841279669145,4.3476841279669145,0.2543416353765472,2.542374336969437,0.355577813148861,0.306729016777482,-0.22714400439695753,0.8537572079516325,-0.3541490384059617
11500000,1.4501840110279074,-9.063457232508839,-0.30851410858574696,9.703234846755764,-8.745912827452456,25.11851665401798,0.09875372518626109,-0.511159770339816,4.5236132426131235,4.5236132426131235,0.23656688836485737,2.5352274880722194,0.35792287793780003,0.3399888484485418,-0.1988211226338676,0.8436090825729178,-0.3649677518983331
11510000,1.7553816489387413,-11.984691614078493,-1.3133469028111118,9.99600942570658,-10.151566342507627,26.703201162501667,-0.025894514295696683,-0.6467618799364765,4.699552982585658,4.699552982585658,0.2167562778665704,2.5213308213549754,0.35860513148871404,0.3838829054216757,-0.16296636554903193,0.8282601819304214,-0.3742471772149223
11520000,1.6788164127708065,-12.847800277839376,-1.3002786057833795,10.377141673089952,-11.976057406060608,32.04784156816956,-0.16255716002269036,-0.7945686112235003,4.875478382295086,4.875478382295086,0.19891797737729575,2.513919012455386,0.36517560749956485,0.42917192372277424,-0.12707840515031663,0.8080562809209317,-0.38302426254322003
11530000,1.9799016992310234,-12.570121650438729,-1.0238758090039295,10.055380876794436,-17.028663185449282,36.64647050288951,-0.28052332582847017,-0.886716177540286,5.051400443763811,5.051400443763811,0.17819307130549503,2.4958632751087984,0.370631050340163,0.4707233621720517,-0.09263229359390487,0.7847489803907465,-0.39243829102759087
11540000,4.2567730133382184,-11.156776430880491,-0.9125467562343682,6.943285625647986,-11.585865350756333,32.31593944653037,-0.41775223390661825,-0.9260762819577406,5.227340039445409,5.227340039445409,0.159790106241798,2.486176418634256,0.38359322227518095,0.50071588574803,-0.05184649314486032,0.7629488115802141,-0.4055917329242358
11550000,7.022616401461495,-10.950021139465187,-0.3890172163234013,6.871853716960729,-7.139695456597543,26.4673734875718,-0.555208162724145,-0.9355239171475219,5.403276495180194,5.403276495180194,0.13768328636153135,2.460353325982813,0.3934663869870502,0.522590706622609,-0.001672529386720835,0.7386542054537968,-0.42577707871907927
11560000,8.535582428622137,-11.66748435690049,-0.09028604063059359,9.83374476493667,-3.5910065657872225,20.417702278091898,-0.6426609626683344,-0.8835588067285953,5.579205790152514,5.579205790152514,0.11842254016001472,2.446452775128942,0.40771017464006803,0.5415999595674728,0.055844158929911805,0.7090016379162766,-0.44818254221015774
11570000,6.75423629130838,-9.040360362691246,0.11263630810502506,12.420553582560556,2.747834526425553,11.182854055129305,-0.6761528906309561,-0.888125957906287,5.7551254393418105,5.7551254393418105,0.09685353165320967,2.416834409354901,0.41911929787607966,0.5543768284321252,0.10355965311665778,0.6841802040146412,-0.46242748488641955
11580000,2.882621821500221,-9.208596354019633,2.584967777418397,20.02125472045793,1.0150872699270803,12.417674178543129,-0.6174383071541981,-0.8400214562841103,5.931046578142286,5.931046578142286,0.07743914558244555,2.399569114032196,0.43213327179066713,0.576571983449178,0.13155834383285714,0.653693212825024,-0.47216769645533213
11590000,0.5335710228710786,-5.248759541136522,3.6958713877732006,14.08105849136744,2.9102499626056155,-0.7331619420163306,-0.48292795027741836,-0.6592147911261901,6.106984792003885,6.106984792003885,0.055181634557958575,2.368887615680249,0.4441297644539553,0.5958577941511193,0.13942908396888484,0.629768411200663,-0.4784399313882078
11600000,-1.6972017748251635,0.425891922840303,3.6227884256800884,15.022697571038869,4.97723487738181,-0.14092533409436148,-0.3279301674585573,-0.514591466735768,6.282922115188683,6.282922115188683,0.03509348416279194,2.3491967449218474,0.4600763996904402,0.601174671287121,0.12771498611518362,0.6254117335111313,-0.48076819831497003
11610000,-3.5179670799122214,3.6697643280958494,3.6966306195413763,19.663049636945154,2.9932196669601865,16.20509285199737,-0.16803537117388567,-0.39453489298926225,0.17566578151460277,0.17566578151460277,0.01493472211679217,2.316455312788448,0.47404113186431457,0.5971385616651647,0.09944007304260169,0.6328757663596143,-0.48270640600728654
11620000,-3.1910477402959447,7.515304645777334,3.385713404388098,8.809453774271311,-0.5187005716949128,4.99448927624998,-0.028049986495077926,-0.2783217672649158,0.35158627916317897,0.35158627916317897,-0.004368771703368093,2.293752855383086,0.4873971484229354,0.5847189862624762,0.061862886404630245,0.6469937430716665,-0.4854645062370519
11630000,-1.3252240725484203,10.042312235342632,3.0157668647993616,2.060834657143983,-2.5430736884143004,-9.273632285172354,0.11721459542970573,-0.13976392088513892,0.5275065625512596,0.5275065625512596,-0.017820262593316517,2.2568488971249416,0.4996167944794874,0.5619069176821904,0.02453426832007627,0.664961734826541,-0.49141080244066254
11640000,-0.7715349048731318,8.894573218428821,2.835932103450636,-1.412648393991248,0.37690786334281334,-16.265351356672763,0.2722734080629905,-0.0069224198961588095,0.7034438405143888,0.7034438405143888,-0.03321628205430161,2.2296817399809012,0.512904552343223,0.5405828564412778,-0.007794709285099592,0.6788842772673926,-0.49681541432214
11650000,-0.9356441147197826,7.978389320084748,2.2761538853676972,-3.7447374572675525,3.821270348009983,-17.7246891255199,0.4300328640334676,0.12470331880692964,0.8793749268217042,0.8793749268217042,-0.04528089373245774,2.1961341889151558,0.522931257003272,0.5216187971331134,-0.036685573637941615,0.6912954185259235,-0.49867689287686817
11660000,-1.808615186505683,7.295545132366285,1.7798180812698219,-1.0134787642363152,1.9100418216012134,-15.785353518999763,0.6023328300290256,0.2403659508083932,1.055301523889888,1.055301523889888,-0.05931847079235808,2.169033157698448,0.5319740767840666,0.5069170600882679,-0.06578956030224088,0.7020548877135508,-0.4958081913242446
11670000,-1.5829732586156795,7.744055144186571,1.8186404436395573,-0.1598945406739933,0.34536961607687666,-14.20053985656132,0.7339352853304058,0.346324446910454,1.2312341448375221,1.2312341448375221,-0.07006453141631107,2.1366347353592308,0.5382317272875947,0.4894946986914036,-0.0958469779305017,0.712998815027556,-0.49278898784764164
11680000,-1.9503841494697625,8.073181362187787,1.6570485793774123,2.406543387423251,0.7984578052866607,-6.33591840765324,0.9052911010774405,0.4231414303367781,1.4071525748646323,1.4071525748646323,-0.0826130796930413,2.108674011733241,0.5425851290860106,0.46994807566285174,-0.12403057769664398,0.726087951280293,-0.4863758926824049
11690000,-2.142079610474952,7.833572093697017,1.6346113807305775,2.48355278554648,0.6060892020951042,-3.7771545597689875,1.079896170203915,0.4664421861489797,1.583081798945365,1.583081798945365,-0.09452732356407188,2.0770787787675,0.5454145866254427,0.45137679756475274,-0.15278102285191947,0.7373109804026409,-0.47884179418071476
11700000,-3.1493173563774395,7.536819333544083,1.5552366686528811,1.4060325144911372,6.951666823620467,-3.1215785783667833,1.2543743869412791,0.5396177990238559,1.7590110097912444,1.7590110097912444,-0.10741997524141708,2.0482962795853634,0.5471830624008229,0.43254836118942575,-0.18385651514941168,0.7475205170176078,-0.4693738102058792
11710000,-4.590554097250462,7.07818237691728,0.8739347100101148,-2.1625994269899866,-1.7658085280119398,-0.6145806347583459,1.3556364459337613,0.6337483087826248,1.9349402205456911,1.9349402205456911,-0.11866942139079018,2.0200583634375113,0.5474702194399343,0.41539843841208274,-0.22129140457220203,0.7552023023399761,-0.45622772183161414
11720000,-1.4928302316961521,5.369887806798274,1.2912661266691428,-5.28865176029344,-10.426319773998284,0.4364478984384193,1.4255193652553768,0.5613384734557236,2.1108742818816566,2.1108742818816566,-0.1305441349650772,1.992980116266704,0.5438638609222599,0.39533134132548936,-0.24814313893761844,0.7587488059723733,-0.4543548861842174
11730000,1.575839964370758,4.155654720957207,3.576552164877186,-6.633738168707157,-1.2031074135950657,-2.2632520084151264,1.4891484937885517,0.5957104388540089,2.286811416898736,2.286811416898736,-0.14302979002031635,1.9670306102351196,0.5397327802202008,0.36907109425959456,-0.26311320044936654,0.7585215722128836,-0.4681911955804081
11740000,2.7558732247917868,3.0696079813256376,4.802707160330161,-10.593919124963223,-4.424504938180371,-2.1515687734676536,1.3552647204199926,0.6073511565590028,2.4627278213520825,2.4627278213520825,-0.1556478452564911,1.941326576273629,0.5327914864954597,0.3419354470465424,-0.2731738643835739,0.7541737296669336,-0.4895693774646174
11750000,3.3401687276369336,0.513625837316672,4.766735748749505,-8.923916692713673,-6.120350814372176,3.188580679979899,1.248017267538426,0.4944031969337616,2.638661157333395,2.638661157333395,-0.16997460162453262,1.9149067983469088,0.5252146533660593,0.3211613819545293,-0.27272511234366853,0.7463930206081112,-0.515144483252699
11760000,3.3231329177231625,-2.1225371955273635,4.721934010784478,-3.228925270646985,1.6363488122814185,6.589114336999801,1.1816798234303836,0.43523291097945793,2.8146039421447213,2.8146039421447213,-0.18423874833133613,1.8881708178267735,0.5169505776457961,0.30907232186531186,-0.2605739458929948,0.7359424584667709,-0.5431060820911741
11770000,2.7974179762151556,-3.8622526501906354,4.10314500077809,-2.782370388994757,-0.05846651266036325,7.1973653319933995,1.0481790940518128,0.33802410072371714,2.9905288153214897,2.9905288153214897,-0.1995316627562811,1.8598672231845172,0.5078726969904861,0.3050209528124006,-0.24503184412637907,0.722774623798816,-0.5696652147550537
11780000,1.6716969083848263,-4.636527778364092,3.5318329481278625,-2.709823936704993,-2.2647585439204003,9.240676146782304,0.9366390524035648,0.23256144922072675,3.1664446768705616,3.1664446768705616,-0.21480704053826244,1.8304534705874562,0.4993127594186238,0.30687706119610647,-0.23044331048937264,0.7079188765486837,-0.5929360962096922
11790000,1.1709046233083495,-4.76490369889346,3.2875637076777116,-0.47002537968032726,-3.559784269809579,14.032960380729804,0.82278481218267,0.13189427841183374,3.3423739161930612,3.3423739161930612,-0.23027736964199616,1.802978157540281,0.48747477675839807,0.3118205877906725,-0.21544732702727704,0.6931346007424437,-0.6131189081738504
11800000,0.23353507757097328,-4.453850562524468,3.0133528523553235,0.8647934321583757,-7.094537719564775,18.025434622096068,0.7046380502848767,0.05404372500499241,3.5183031602491965,3.5183031602491965,-0.24576640800762786,1.7740150059779256,0.4786378481005346,0.31833128016309115,-0.20340133523120693,0.6779013685687445,-0.6306685558901071
11810000,-0.33934716145727023,-4.426900274645715,2.7944265253388623,2.7535131304570952,-8.870719799678325,21.124337483721302,0.5910780932444198,-0.052238669020159514,3.694232334549902,3.694232334549902,-0.26029808146054034,1.7485218699571783,0.4744322693290494,0.326072659551531,-0.19039327450352367,0.6627519125431249,-0.6466737385554229
11820000,-0.43727104457573185,-4.770160469668337,2.6475407006611698,5.36401339429952,-8.355331909862713,23.058839869396568,0.48599789345477507,-0.13127396769204222,3.8701614993484057,3.8701614993484057,-0.27449571900454667,1.7218561341312177,0.4716802112032628,0.33548610976399434,-0.1761880904298751,0.647879861503489,-0.6608014164666381
11830000,-0.38750450293321437,-5.738894506754361,2.202352983240163,7.08094268177154,-8.996870515711151,24.72725654399739,0.3813746233354847,-0.23147386891807376,4.046108486363529,4.046108486363529,-0.2870318809776179,1.6987728430962932,0.4701870512419393,0.34798093882276987,-0.1579315620731575,0.6325650080376674,-0.6736678695941064
11840000,0.0287738946224859,-7.472631323787099,1.3967414111163625,7.601028417428833,-8.940678652477937,25.411844015362707,0.24664580112284146,-0.3342980354473719,4.2220377574967145,4.2220377574967145,-0.2981358041193386,1.6755397469773208,0.4702988083017529,0.3660757422372214,-0.13049197304482985,0.6166376834666522,-0.6846300922726197
11850000,0.6640272782992518,-9.289945083203282,0.6794352936612615,7.082534142796996,-5.745376231866869,24.38256145822432,0.10910286843862653,-0.4420251308806817,4.397951782015134,4.397951782015134,-0.3102535537368436,1.6513385828447993,0.4719505571399137,0.3871172415138135,-0.09390573084707025,0.5992011594185286,-0.6944637683769431
11860000,1.206158685532587,-11.715011464414266,0.008755098352094036,6.230003812239706,-5.038235969290207,24.89229222204382,-0.007820769703483992,-0.5575617934431331,4.573895878189582,4.573895878189582,-0.32046687481226455,1.6262215744957975,0.47499615711003546,0.4123078140334947,-0.046794705170032376,0.5780120112677906,-0.7026483024138994
11870000,1.403729350728985,-13.386752560685283,-0.1960162622325076,7.43438205638329,-7.656962694807123,30.41625841424029,-0.11187215880264863,-0.7018441870979825,4.749825103507,4.749825103507,-0.3315204662783605,1.6023569031168996,0.48015797389979037,0.43991377954733535,0.00613426224370134,0.5519724053750037,-0.7083535142113976
11880000,1.4798991782340156,-13.165404057959252,0.18871451134065953,7.563255207165218,-9.302898132411329,35.40080954814684,-0.2747708934569253,-0.821029762583849,4.925754215406478,4.925754215406478,-0.3395930771795439,1.57776719331486,0.48795822102423164,0.4648331902810574,0.05639892956515791,0.5226633713091082,-0.7124410615965617
11890000,2.7153161833382033,-12.634230693134159,0.47100597287053225,6.053343471169962,-8.570727381329686,34.630241931087674,-0.40335416158103354,-0.9608398263899669,5.101669006561828,5.101669006561828,-0.34880205000897113,1.5529138060108163,0.4963368986955053,0.48248038054668607,0.10636942092159954,0.4909707299521091,-0.7175276796128648
11900000,5.252884114361021,-12.142898822054196,0.43090194183831965,3.3033759783377077,-8.25479168014713,27.26971195096099,-0.539350501323836,-1.068257233769184,5.277612962797214,5.277612962797214,-0.35291073965698594,1.5262639335164996,0.5064978246466301,0.4881951620200341,0.15968335481573612,0.45702888168984424,-0.7261482708623321
11910000,8.917902210288512,-11.960266181873319,-0.09865658214751037,4.264268948963977,-5.407579337544912,19.582375891743876,-0.6921213124020729,-0.989494786594629,5.453542214717665,5.453542214717665,-0.3619122725018611,1.500559372501608,0.5161635859986866,0.4772765327798758,0.22172656363803944,0.4206298848572091,-0.7389959013417446
11920000,11.757608563139542,-11.419238164310247,-0.4097163303139097,8.921244281032472,-0.9415183608910141,11.223113885166683,-0.7520468913140009,-0.9220118266285169,5.629471202796289,5.629471202796289,-0.3653522850755858,1.4718975963471992,0.5257015474534172,0.4508640982909427,0.2897030347021688,0.3828933313259845,-0.7524535955012369
11930000,7.88915370978289,-10.395042997467462,0.6714750535530152,14.017316703637077,-0.7104344261239435,9.209268387964496,-0.755636784601932,-0.8499568312097533,5.805382889588948,5.805382889588948,-0.37518945893641575,1.4448494441286335,0.5357043590388948,0.43646019840372813,0.34511594571729115,0.3481164958742396,-0.7544616521210861
11940000,5.372838957772511,-8.182211559967634,2.4016588191193473,12.456307639389069,-2.5708848410504084,0.36108530494517815,-0.6587700277550083,-0.7790361885798088,5.981312093145114,5.981312093145114,-0.38067587184976204,1.4127337748423388,0.5447736218138104,0.4329607787642461,0.3842745494138577,0.31348833389687125,-0.7527304293272581
11950000,2.7884055043776454,-3.596608160952414,3.2475627123148687,10.271232844534433,-5.192542649121947,-7.25944867945492,-0.5002182638645203,-0.6287667137010615,6.157241416041906,6.157241416041906,-0.3902531622214963,1.385112813447501,0.5557393738708805,0.43676370143922466,0.3980192841144892,0.2875187130781387,-0.753757990477042
11960000,-0.23767148779712308,-0.07600069818796977,3.4790109900136144,18.675340675335764,-0.7438348569095687,8.213472231410751,-0.36826215147808217,-0.48680888945949563,0.049985334546661875,0.049985334546661875,-0.39503744376744443,1.3513975546908559,0.5664143382630185,0.43957523766102724,0.39307977962606383,0.2789822822204466,-0.7579121212195037
11970000,0.7866619287106932,4.586855010083611,2.9060046452894457,12.286762209908813,1.2034591000983663,6.798326883260123,-0.22715531137945594,-0.36166787336668005,0.22591451122663386,0.22591451122663386,-0.40147142572575134,1.324943172906352,0.5776071026467531,0.4314056159802448,0.37241238857250264,0.2800208707984787,-0.7725195915028245
11980000,0.8304630091454792,8.959589983210972,2.6072502764977408,5.835650450173418,0.7833325987853926,-1.6763899437569185,-0.0697063362940745,-0.21461230380345964,0.401861267532567,0.401861267532567,-0.39622466596925565,1.2952201447410816,0.5862226804635986,0.4197388575168564,0.3380938666408214,0.2895140863594168,-0.7910078524450784
11990000,1.7643387087128428,10.078738792843536,2.9087282907273937,4.414005548867589,-5.171064134148094,-6.283740572935787,0.062017180189649905,-0.0757427812231762,0.5777904441258244,0.5777904441258244,-0.40062290357961605,1.2705028859538234,0.594980947034556,0.4081873240249961,0.29664724617447613,0.2934458073261259,-0.8119563276464634
12000000,1.9388369140128656,9.997658690234521,3.1370425797094224,0.8410306813854439,4.01471130073947,-15.334275026193632,0.2189481654894702,0.05933562642357765,0.7537193058208373,0.7537193058208373,-0.3884777780837433,1.247423127814441,0.5954194251090497,0.39397822862046206,0.2576242154284528,0.29754160653523604,-0.8305900982905997
12010000,-0.5511527601871331,8.098703506808729,2.7050582221351194,-4.007075128677574,7.049081324720445,-20.972870457444056,0.37245313556775433,0.17879631318680067,0.9296328582357916,0.9296328582357916,-0.3914126373591076,1.2232675202307197,0.6010601116787504,0.39172454191752754,0.22213129207874105,0.3024226527542198,-0.840089347295889
12020000,-1.0010040914039866,8.521672640804749,2.4613006545109433,-4.174291080049916,2.241950253426251,-20.605551058741778,0.5519772176713151,0.31837278053728874,1.1055778516873858,1.1055778516873858,-0.37133824414139105,1.2001979234885625,0.5979334664139804,0.3916120875486716,0.1828563436302083,0.30821732806578117,-0.8474701228715696
12030000,-1.6551484410476813,7.809998772592987,2.3282760789805854,-3.088547426358062,4.506484466951142,-17.916625114158368,0.687882637181529,0.40369935431103426,1.2814944087110547,1.2814944087110547,-0.36432487326008967,1.164869851579279,0.598680443509573,0.3940984449136091,0.14575943143740963,0.314166972556422,-0.8513164612636424
12040000,-1.2604967726474765,9.328063920257978,2.305706540222265,-1.8887676838119032,1.4644194396413086,-10.611952270040291,0.8362915825101702,0.5194181483746989,1.4574353132263838,1.4574353132263838,-0.37071769797886056,1.139313009784078,0.5918552223032525,0.3917556138504547,0.10058496265403294,0.321810140233952,-0.856065673851688
12050000,-3.975168125739223,8.506367216726725,1.5948864909621727,0.3707316503915863,13.217993896744055,-6.163229695573937,1.0209907385335304,0.5878681529588438,1.6333654807494469,1.6333654807494469,-0.3736313195356008,1.1128119400039578,0.587756708518681,0.3942033278799292,0.057546017519284995,0.33484977468384514,-0.8539132394747357
12060000,-5.215212175266336,8.919132343553937,0.5961804505787566,-1.8413654687614456,-0.46180799062900335,-6.659282245068386,1.1882461018442054,0.6815365111392228,1.8092778235614588,1.8092778235614588,-0.35901619881747027,1.0815548330570954,0.5724811649439219,0.4078932821595615,0.007921145420923587,0.3486989956658801,-0.8437827541766468
12070000,-5.8195404157263235,7.76905685839492,-0.5795161179527999,1.3383463395181598,-2.7903377289372853,3.088969059261272,1.228748958456062,0.6855580578735224,1.9852194717974925,1.9852194717974925,-0.3610761971601125,1.055139064331968,0.5656749006621777,0.42202506521050337,-0.03685252390933968,0.36467466924914976,-0.8291858183927202
12080000,-2.5657221622216544,4.680591679075417,-0.8053673363044432,6.767850398011321,-1.884858081338698,14.381798570220198,1.2634625503679429,0.7026205365589607,2.161152876901994,2.161152876901994,-0.3414634777411383,1.0249409573023585,0.5485359996037846,0.42022185765569847,-0.05635711064831056,0.3791750241582072,-0.8224741743558828
12090000,-1.6470095998168675,4.612571412409982,0.46386955498597876,-8.423922964390414,-5.606514992396884,1.2451189908612035,1.1868773579741536,0.6514716779666503,2.33706896407854,2.33706896407854,-0.3272900013372573,0.9944704469628097,0.5417791303743813,0.4176111249750283,-0.08631677312782514,0.38306644674346696,-0.819396400012366
12100000,-1.8418662546644928,3.0744291538470705,0.5566477715672878,-7.951666342253073,-4.972090237388079,4.089677725735618,1.0987371500778396,0.48484582412236843,2.513009007218116,2.513009007218116,-0.3282304553905706,0.9678424736399981,0.5257649287238748,0.4167302421725732,-0.10969737936560708,0.3835494370400849,-0.8168183516335444
12110000,-1.9936342483961171,0.9756618323164186,0.9747724925080059,-4.219170955965888,4.702748381780127,3.541060880591485,1.045067275499902,0.4871582958801313,2.688940569436042,2.688940569436042,-0.31155174960740295,0.9388069321158347,0.5183286879775919,0.4179269234963826,-0.1206273094419938,0.3802410547751112,-0.8162125207917023
12120000,-2.5874830240941615,-1.404407395419509,0.9453730800771043,-1.619016754768349,-4.229747041825685,7.473832218169612,0.9517089352668986,0.48148633724137346,2.8648549986474308,2.8648549986474308,-0.3131553301486314,0.9122701081505963,0.5075623709527726,0.42506544300249655,-0.12365164929398169,0.37123700206429305,-0.8162185535077512
12130000,-0.9540881368494863,-3.331523352000789,1.7480172010088868,-1.2481567286686934,0.06218386647454963,10.346168502314168,0.8386581368643111,0.3915411212779848,3.0407812145694066,3.0407812145694066,-0.313524735046962,0.8860536280500172,0.49919994841675946,0.4289460131159796,-0.1148261914488895,0.3569172022181809,-0.8218457120104692
12140000,-1.2661655639211384,-3.8722856850345564,0.9690318453057222,-1.7187702153625402,-6.697010620673039,13.223585769825819,0.7338678337463335,0.2913569525505137,3.216723997464797,3.216723997464797,-0.29061782664227626,0.8658387537673613,0.4885387485982728,0.4349836685726663,-0.103915388509334,0.34379111774799676,-0.825710886123952
12150000,-0.5940015995434516,-3.845510284487556,1.1330276210202546,-0.5863578519012761,-1.9656517232959267,15.535690468232598,0.6276921731132773,0.1867631473718182,3.39264506011817,3.39264506011817,-0.2903525219863794,0.8398971443734234,0.4804917728782026,0.438315485306804,-0.09070596257496728,0.33107607060132893,-0.8306868237601902
12160000,-1.0262164968134504,-3.5915214084401312,1.3658615662474762,0.07247424673294066,-5.549884945676658,18.727537728188544,0.5120113758173539,0.10434585664648559,3.5685819661227782,3.5685819661227782,-0.2683663163607851,0.8239879990166974,0.475001145386365,0.442647483111329,-0.07979373494628593,0.3176787017015927,-0.8347313388412575
12170000,-1.5077559590518659,-3.3144109105213886,1.119626973362799,4.283452286614588,-7.939220254057456,25.280533065084914,0.4089368889031712,0.01192314403464807,3.7445156077703388,3.7445156077703388,-0.2675018172278446,0.7983241370687456,0.46814998782424083,0.4487661688762315,-0.06897445459453326,0.30632371743496073,-0.83667032361759
12180000,-0.8119656505370925,-4.8607288184726425,0.9554162500219446,5.654217753131491,-5.724907163732818,25.894023716874305,0.2922831607154247,-0.08631649818830349,3.92044475129633,3.92044475129633,-0.24296920509444156,0.7801524949311353,0.4622319298133403,0.4543607873279222,-0.049855919880585894,0.29247579926056183,-0.839957480494404
12190000,-0.41373612009750305,-6.176072715504717,0.5258978399357341,4.476321717708216,-4.789661604921651,25.038953912607372,0.1766942729613689,-0.18606251891730705,4.096361122383556,4.096361122383556,-0.21833227229921476,0.7553341363401836,0.45753591384094655,0.45989653892995186,-0.024103484259778936,0.2772683972647324,-0.8432297619303036
12200000,0.02622400278673164,-8.895751347079647,0.006931338586169588,6.549036160442149,-3.991101411199962,24.742260700000397,0.059953099463459635,-0.2918937256808903,4.272285238724933,4.272285238724933,-0.2146619485089171,0.7300683403346935,0.4527217417671601,0.4668751738445322,0.01535620063802338,0.25801416618499823,-0.8457070705613515
12210000,0.7016485232801355,-11.935132436932191,-0.27855226550899936,5.57198058263618,-0.8248834238742692,24.029749797554597,-0.06752618347582946,-0.40331928650076343,4.448214468367084,4.448214468367084,-0.19031458534387652,0.7039620298714884,0.44962806301907793,0.47363348515299775,0.06861597112098732,0.23214187058769398,-0.8468018198899877
12220000,0.8475756170889119,-13.352482275522808,-0.2066110086325512,5.839126589381771,-4.164179359832319,29.57478973438791,-0.19549559930201718,-0.5115705590505438,4.624143654698756,4.624143654698756,-0.18505692028388376,0.6786074699233373,0.44776088120476293,0.4795755274149066,0.12660596955482112,0.2016520416284532,-0.8445795972463902
12230000,0.9655644984292727,-13.31595929513424,-0.23488376792287713,4.795827999085341,-8.679141892009273,34.91980887294618,-0.30723085920592497,-0.6573492164368459,4.800072895777632,4.800072895777632,-0.15472011706140706,0.652491316060163,0.44687249864832085,0.48316908510476286,0.18290712557254635,0.17023798290063877,-0.8391136083938437
12240000,0.9251791705846741,-12.66609102874363,-0.6956924664927742,6.267205696345091,-4.260370697943315,37.45441457534909,-0.4275144194963679,-0.7914861066537922,4.97601483305921,4.97601483305921,-0.1471656797691037,0.6270724638791979,0.4453364381039893,0.4841566268278198,0.23702813310688925,0.1421403256846645,-0.8301844088085656
12250000,1.1425419185138588,-12.726825347020572,0.28695075811911164,4.651229499175296,-5.4430840493827235,34.72921067809036,-0.5675471689301418,-0.9063151196658374,5.151936565337408,5.151936565337408,-0.11355319263630054,0.604853926330212,0.44670169500668083,0.48400251200103406,0.2877449425046503,0.10882278309554522,-0.8192081654372253
12260000,3.9748440012450654,-13.499564870876384,-0.2671005852123203,4.826838814142264,-4.468062533618151,26.251692052173993,-0.7390168671953309,-0.9637024424084145,5.327860440314893,5.327860440314893,-0.10352732402771592,0.5799836734681346,0.44957116067869823,0.46972797353205725,0.34330623303661856,0.0713810096275321,-0.8101859124325899
12270000,7.042779858564438,-13.828891581802148,-0.6015051969675507,7.298147102179593,1.833508929269752,14.082822010905376,-0.8039514079886416,-0.9533746503342526,5.503801609116422,5.503801609116422,-0.06848147973479252,0.5584553465213785,0.4520672995416399,0.43943529202654114,0.401801325557483,0.03026065165391447,-0.8028303755235464
12280000,4.928756669462967,-11.839752353066602,-0.6951474145855147,14.17919789319816,4.0800305272799475,8.021930253661198,-0.8123729880052092,-0.9075981494595582,5.679736468830882,5.679736468830882,-0.05600306594562387,0.533960259399121,0.45832370461436095,0.41460631623013877,0.4527453515727386,0.0004968886520982166,-0.7893814048183674
12290000,3.105584025122378,-12.651264905691633,1.1297263539013982,24.643506288177885,3.810018600463255,12.127075506683397,-0.7586321334711751,-0.8343415453462028,5.8556657776760375,5.8556657776760375,-0.019130837330726277,0.514744504087253,0.461704973865766,0.39937900422832184,0.5012312615729089,-0.03365668418351347,-0.7668969037709017
12300000,2.289216699584598,-7.717415863579512,1.9375351680587134,17.0650774275495,7.59394765353703,-4.265492788467218,-0.6454407031634303,-0.7365343190291155,6.031595040823831,6.031595040823831,-0.003988420869132925,0.49106209321506034,0.4667758817255852,0.3910480749831042,0.5307381000426888,-0.057647534004948035,-0.7497167692123697
12310000,1.156917477702503,-3.3544408309897005,2.031204207341108,21.56424055740308,9.49161422006333,1.7669946239433838,-0.4980211848244961,-0.5746257073198587,6.207524129791935,6.207524129791935,0.03593784465886593,0.4720488115301297,0.4701631014189039,0.3870565655711606,0.5417735771503353,-0.0703612495376427,-0.7427771541407889
12320000,-1.8140588595678968,1.0664721917487632,2.6330310553379457,15.366269214843916,5.081783557449174,9.43904590376436,-0.3395959516515523,-0.43872659203501063,0.10026787704909879,0.10026787704909879,0.054247520131683435,0.4489032438352608,0.4767961800007408,0.39747261095632164,0.5333767757238652,-0.07007932591457511,-0.7433798670513865
12330000,-1.801739053776354,5.967872695666818,1.9186526930461603,8.589338523934769,0.577687023668402,7.65607016423056,-0.19363808042562577,-0.3219734700582504,0.2761859504859885,0.2761859504859885,0.09430871152105619,0.43378374419484,0.4804846580760626,0.4074377379452503,0.5065909006843007,-0.05828058801616324,-0.757603802856359
12340000,-0.23654235813057814,8.536418852473604,1.2145759367765352,7.265183093710334,-1.5162753819258477,-0.5002853648471756,-0.04321240051647607,-0.1807887193570474,0.4521086033523929,0.4521086033523929,0.11518661197625032,0.41227199157385364,0.48578844127924575,0.4122272019354051,0.4758653767732292,-0.0413834216427414,-0.7758274870008915
12350000,0.2945771180131424,10.457375565073207,1.5841561606758066,5.14322739958767,-3.3484181457129996,-6.0958228073488305,0.11270640873274242,-0.028450310751545933,0.6280485052792741,0.6280485052792741,0.15666820080795446,0.39945240803291293,0.4886328624253064,0.4191325492938552,0.4362604442011444,-0.025513268266682314,-0.795835287035079
12360000,0.1828949244363636,10.334639726133656,1.3754769645499954,0.018257016609967043,3.0650566781443147,-13.103698616010817,0.26567860877244737,0.11730687953492092,0.8039739279704676,0.8039739279704676,0.18044304515295587,0.3795208377943764,0.4949045827100255,0.42548443486314,0.39672251252979,-0.00880334815452101,-0.8133245015382946
12370000,-0.5097863366507107,9.689895373602228,0.45813650816650386,-5.240785328532536,1.8810698605802842,-17.063445609876403,0.42307130490028466,0.2592409541313536,0.9798961460843643,0.9798961460843643,0.21965168066409033,0.370044270820023,0.49572981179692027,0.4335028137359985,0.3593315161924666,0.010390308279846513,-0.8263463035844264
12380000,-0.6456509246717915,7.6681396846798195,0.4850173739847809,-9.079589879848253,1.3621210076672359,-19.60557083452509,0.5867539769159307,0.38101645852195654,1.1558357123053256,1.1558357123053256,0.24497135172953013,0.35232504489884453,0.4981208127783076,0.4420316058583637,0.32836295972663876,0.024636267662221833,-0.8343733459414397
12390000,-0.5711496743307323,7.947847034039743,0.33699294070977126,-10.077139889963881,4.534601523839123,-20.579565735287883,0.7468860628382191,0.5367228618960792,1.3317615928490838,1.3317615928490838,0.2855941652591487,0.34742527049100536,0.4945258106807115,0.4489285631369009,0.29582772701255633,0.04057076026698098,-0.8422013503561849
12400000,-1.030115596490618,9.232007455793202,0.5092795087564188,-7.088029380913973,7.022662537538063,-12.116695032398829,0.9149631861114772,0.6199668009033724,1.5076937752012824,1.5076937752012824,0.3135179306419259,0.3328096236308187,0.4895860609163735,0.45459304818352747,0.2563444388483933,0.060261975414719,-0.8508825909218188
12410000,-3.492210095580441,9.474031248130672,-0.1604182080200873,0.1093646458103052,0.013844859373626298,-1.932157812571144,1.0646404038380568,0.6256155009507635,1.6836210061797416,1.6836210061797416,0.3514731777041097,0.3307654002566197,0.48115432820393983,0.46898105169260423,0.2187883392732753,0.08770982265759036,-0.8511729687676384
12420000,-3.94446589829163,9.40474095994785,-0.14903453684722043,0.9077660429898855,-3.2157260020885734,-1.9309868310091747,1.1831177173891338,0.6523613151273487,1.8595512941248487,1.8595512941248487,0.3801448882621602,0.31898306883751537,0.47103138122649074,0.4860831362465507,0.179138365539701,0.11376771072564823,-0.8477555889787616
12430000,-0.28075434985312364,7.109757547188666,-0.05235165428194714,-4.472100758496115,-7.376492971008676,1.8523665703031176,1.2691118372265864,0.6708096824263701,2.03547948954553,2.03547948954553,0.41815921141095647,0.31859035196109087,0.4601282439414855,0.48528230741524986,0.14503421338170547,0.12822297610501152,-0.8526576261649541
12440000,0.17244268848097652,6.468381613594325,2.387419748157368,-8.163136467533517,1.0173150491567404,-1.25308668535995,1.2699207354159607,0.6713753478555008,2.211400300264522,2.211400300264522,0.448417216395651,0.30928081101128146,0.447563206567486,0.4822268298503142,0.10749769654344535,0.13077112888604991,-0.8595350147959289
12450000,1.4676173839450033,4.523454826116747,3.61743726136486,-6.445849233069722,-9.306952742231548,2.3475748243385017,1.2034852505961553,0.6669950288455049,2.3873383114034468,2.3873383114034468,0.48625822846830835,0.30866379089054763,0.43450996991898666,0.4765141866894663,0.07519252464541205,0.12180484709113146,-0.8674352387044416
12460000,2.3189700286871884,1.9785481078174691,3.117775188170762,-6.059699772058797,-7.7961775217380875,3.8536759851783873,1.1283965775860996,0.6479749273835779,2.5632675890404855,2.5632675890404855,0.5178359452655452,0.30085446666371585,0.41981046070919176,0.46670919775884984,0.054524120345654806,0.10839752759437697,-0.8760477276034964
12470000,1.5325639468172507,-0.4633024927266527,3.035001194119142,-5.552443715908734,1.5582861707798297,2.9787788016163783,1.0414830490965965,0.557004392083761,2.739187832140992,2.739187832140992,0.5524496978191308,0.29747796879946387,0.40523426422713266,0.4586395068736725,0.04630688293587469,0.09141447236800115,-0.8826940973911165
12480000,2.1720345178867033,-2.2681469286015936,3.5356049739101154,-4.743218630806875,-2.1560727464138965,3.7191341648827616,0.9306836135134726,0.4696328016887006,2.9151257284384187,2.9151257284384187,0.5833078419235874,0.2894281433643143,0.3885074292095619,0.4495078166055859,0.04367281718612012,0.06715380919720298,-0.8896773425010959
12490000,2.0933469386355763,-3.4509567584585494,2.986198188195377,-2.3249236656370615,-1.415420869827902,8.032948999155344,0.8239484755370038,0.3801138910487819,3.091063868758617,3.091063868758617,0.6159566348461083,0.28867180702263096,0.3721316979641826,0.43878534818189147,0.04990025148332673,0.044189678649450295,-0.8961164296137281
12500000,1.7514885830686946,-4.181368161144353,2.387092206211741,1.278583822529646,-1.1218085935496136,14.182964795000988,0.7209815755410707,0.278284619311622,3.2669853810345657,3.2669853810345657,0.6463580475234962,0.28344497559589743,0.3559937191880123,0.42718447132294474,0.06362621738984475,0.024131967605796535,-0.9016001220389609
12510000,1.0180898083774979,-4.335960978208506,1.7042576233732238,3.4454620212178253,-1.2448563288035026,18.350609154218237,0.5968685341573767,0.16974357311698898,3.442911876920384,3.442911876920384,0.6781033107626367,0.2837457387487021,0.34031927890210717,0.4182707538884927,0.08007607469706331,0.007521047387169226,-0.9047545703387534
12520000,0.3000819376083146,-4.813363454236553,1.3578383001394625,4.288884176412092,-3.8929827288374566,21.23624415583643,0.48009939801790147,0.0834740612239393,3.6188442224469313,3.6188442224469313,0.708433955788808,0.2804816532791021,0.3244468298498751,0.4121023302426209,0.09932030168080025,-0.008206689784131704,-0.9056709100580762
12530000,0.060089728215920846,-5.557423552177837,1.167877136517983,3.5281182677274967,-5.444009176639021,21.933046406243076,0.37520092004735217,-0.01721702498735765,3.7947690909977254,3.7947690909977254,0.741785743088098,0.2774316130091635,0.30974287452658616,0.4065879156011377,0.12168887963669649,-0.02458951371266535,-0.9051372488607804
12540000,-0.10969531760265021,-6.5655081301296985,0.6410411359829309,4.542940883324388,-4.879532021169951,23.224927217311553,0.2614635718163051,-0.11579048998202064,3.9707034771760092,3.9707034771760092,0.7738721427921981,0.2726444144637302,0.29855839624931185,0.4010031961480893,0.14966301556610703,-0.04029358504754266,-0.9028697832216409
12550000,0.014719989569389892,-8.4728417870282,-0.024627031127215013,5.477335137961865,-3.882860991731212,23.787377665736713,0.14456451000687712,-0.2232418177385637,4.146621340015507,4.146621340015507,0.8069184592330668,0.26687057066831577,0.28798612411067853,0.3934309442954523,0.1873913433714889,-0.05659840082171061,-0.8982723403983017
12560000,0.6515884686934643,-11.01155511689674,-0.6334530800151243,4.3899298905387765,-3.5512964548332806,23.431174605848952,0.01650111223801963,-0.32804125263041933,4.322555487672723,4.322555487672723,0.8392847172875553,0.2604539525300442,0.27954693401847136,0.3810938721822522,0.23628262278446088,-0.07569755613635679,-0.890622177328982
12570000,1.0070510582907615,-13.011971443741562,-1.0377682467251341,5.635164925228255,-5.317207620601999,27.856142978348288,-0.0977989776410846,-0.44440109885650203,4.4984972363062,4.4984972363062,0.8744879697834339,0.25603489693465353,0.27182043072959144,0.3649294466773397,0.29325055200335665,-0.09675152282434854,-0.8783335104211082
12580000,0.666624334046858,-13.910290626835643,-1.215722986556481,6.6181973475450375,-6.655334599404771,33.23940123735779,-0.22146246064823277,-0.5480244646392683,4.674426322733858,4.674426322733858,0.909403040354881,0.25136704290828127,0.26617044491483727,0.3484867419318226,0.3528648131472136,-0.11755501967813824,-0.8603628488543644
12590000,0.34120415412405625,-13.818552411502159,-1.3433086133218415,6.35693604000163,-5.489020340313883,35.82391500977221,-0.35277020311454627,-0.709568319460765,4.850351341936822,4.850351341936822,0.9423040758220363,0.24815699725773874,0.26184588998898656,0.3322008466697438,0.4105601573334936,-0.13641644981090906,-0.8381369261064627
12600000,0.13862812972831023,-13.528068694549829,-0.9579363614667042,5.417459527016624,-3.982758915733949,34.95798846579106,-0.47669648784922475,-0.8135141916133775,5.026267253585779,5.026267253585779,0.9754062993464993,0.24527675329480628,0.25956966766951545,0.31685366860981845,0.46473765010146745,-0.15519984486823327,-0.8121180193909885
12610000,1.1630398590837487,-13.787642446109192,-0.6606161654665945,6.127075953526977,-7.16724675658085,32.734886974116044,-0.6299970408905886,-0.9528003926776758,5.202200543072102,5.202200543072102,1.00751796822795,0.24327228931458947,0.25841764017533025,0.2969397284260142,0.5163950801441128,-0.17765064755651477,-0.7833282621659909
12620000,4.482873009004385,-14.241242392342778,-1.1142434963772223,8.508358246595828,-5.7725712900901485,24.940146996900026,-0.7925010951134457,-0.9562147803175767,5.378142997655651,5.378142997655651,1.0400624519020931,0.24234388177593616,0.25926921879574677,0.26070905791118754,0.5653049922980776,-0.20631521862274566,-0.7549139575942282
12630000,5.925178454474084,-14.245137975964187,-0.9650273173430719,13.555785026004935,2.015243718122417,15.978892370349016,-0.7852974197609023,-0.9617835884642324,5.554069159193965,5.554069159193965,1.077137694785225,0.2345307892162423,0.2613762947244462,0.22286172775974142,0.6116261036972377,-0.23341013708198158,-0.7223336261613807
12640000,2.8127504825874974,-13.302482529147785,0.2735055371077044,15.928294690879298,0.0919850468441342,7.645934262288507,-0.75676300585502,-0.860504102868373,5.729984287463161,5.729984287463161,1.1161837154438161,0.22686697721972202,0.2628351676439435,0.19609043975850754,0.6564947280918603,-0.2532747657203845,-0.6829459015706839
12650000,0.657486048866282,-10.22801050098889,1.5590678255791997,11.89121905709737,-2.7215549679951994,-4.930580479521562,-0.7110147689858636,-0.756511153846216,5.905926269273458,5.905926269273458,1.151461952141478,0.22343266671753667,0.2687844406610645,0.17625989399036904,0.6914251242678778,-0.26933565787690933,-0.6467782082736447
12660000,0.20112061762647793,-5.2300255745662225,2.2912844347060055,16.46746177361121,1.5239153575478213,-2.9401307834647703,-0.5728540309438785,-0.6274240941698259,6.081841991240985,6.081841991240985,1.1886009287669042,0.22188249182343864,0.2700322469066581,0.17290158907979764,0.708231723345878,-0.27734419974415675,-0.6257739699032567
12670000,-2.4745556897442698,-0.8327766870505339,2.773513829721333,19.99200902844526,0.5180227356422944,8.555422346071108,-0.4061756821566859,-0.45757118205127095,6.257773910430664,6.257773910430664,1.2232111564602834,0.2253277666286788,0.2731496943243455,0.1858882049648913,0.7106771530394812,-0.2755886810652658,-0.6200277721774531
12680000,-4.2272325668626145,3.8978452768480762,2.3877841553518175,13.625786377932489,-0.5440105623923945,11.358927635892597,-0.29153827099703383,-0.35038401121947915,0.15053250362842618,0.15053250362842618,1.2596739592091877,0.23462991022390986,0.27907221461949633,0.21037840135342017,0.6999018148782551,-0.26310361950977945,-0.6298054169145874
12690000,-3.4381729027034855,8.907911923722713,1.3308572841875317,6.996904841828044,-1.0925045120523653,2.4105733603609507,-0.14318281647520273,-0.21545203350448894,0.32644622066496254,0.32644622066496254,1.2907657003501003,0.24204193897585277,0.2814850534873186,0.23679156657432426,0.674536850372724,-0.2447093904116538,-0.655016874387889
12700000,-1.9195967902963957,11.06137196651035,1.032549395200238,4.144245694440507,-6.86373865197612,-6.100538729584024,-0.002055232111723974,-0.05338174230503225,0.5023908030347854,0.5023908030347854,1.3215045688392404,0.2586107512379908,0.2863352588348093,0.26303900480241105,0.6421783636202685,-0.22856786878178925,-0.6827694783827865
12710000,-1.2423771143263953,11.445366111448836,0.8120080779564193,0.04502437724499668,-4.925744800625072,-13.49528142499415,0.16249379520980972,0.08841401888639995,0.678302579100432,0.678302579100432,1.3492500447213673,0.2682586356257346,0.28711795027772863,0.28588935884899275,0.6070397413108058,-0.21177401682984567,-0.7105784916263468
12720000,-1.5220311194097151,10.209971132597985,-0.056850389682248516,-3.6835071085009328,-2.1581959345112236,-18.635102490966197,0.3262775860146677,0.2323020341997267,0.8542317574864171,0.8542317574864171,1.3737624117183045,0.2895237917112986,0.2895482765614326,0.3051111456664295,0.576532603606687,-0.19163080714809647,-0.733345061700413
12730000,-1.6753100519339192,9.019858462484137,-0.6189337328477195,-5.126306018574865,-5.012459081542304,-19.750464228709173,0.46462517447117285,0.37349586579424293,1.0301609461547514,1.0301609461547514,1.4011458144900333,0.2988618011288209,0.2870795760601543,0.322238011541016,0.5496571906808007,-0.1710756162889706,-0.7515136526785997
12740000,-0.31247157754456595,8.493141727174166,-0.21061945945440094,-3.7844053774232007,-3.2326923992189363,-18.837036876728735,0.6137199017989192,0.4991106973678988,1.2060901262526897,1.2060901262526897,1.424841538599336,0.31977156779060156,0.2856415267352385,0.33405458636169416,0.5223256163137262,-0.15567875986971325,-0.768991292277508
12750000,0.7638280296222031,10.301311475619082,0.12232494614751345,-2.2778449620737415,0.9093906704533022,-15.71682942213886,0.7636307011289805,0.636127888874215,1.3820193300987,1.3820193300987,1.4525417441647772,0.32908736586590437,0.27953260268372,0.3428082064030944,0.48636474708840827,-0.14016711173266888,-0.7913817329208728
12760000,0.8889534429094083,10.68549425236284,0.545762705875473,-1.4521744844891498,1.5662595710110212,-11.061195956558276,0.9189415172403312,0.7636642695530532,1.5579485758563294,1.5579485758563294,1.4769760457635184,0.3498892663167955,0.2738435772873052,0.35113518314572517,0.4468960720424595,-0.1252933852672558,-0.8131971172836939
12770000,0.6075057516491833,10.759597042300067,0.8719280624949376,-0.5981691467260827,4.787627269709556,-9.251988243569157,1.0522932718157014,0.8464109218139368,1.733895274989294,1.733895274989294,1.5044730616637474,0.36046633741656076,0.2642631809620101,0.35913208001531516,0.40595932675428054,-0.10948443730498858,-0.8332072563972872
12780000,-0.05955422145498235,10.104641134384815,0.9514465610484637,-2.4841796804665313,-2.0620567076743264,-2.4101315354379795,1.185980466095273,0.880904155378819,1.9098244708170569,1.9098244708170569,1.5284813966416346,0.38413753727698896,0.2552716814316163,0.3705134509262909,0.3640330313553182,-0.09571345301657457,-0.8491399588269256
12790000,1.6972361318696756,9.086155701848423,1.953372850769318,-4.649651543771019,-7.326071839836425,1.4871367471812516,1.1647989920456956,0.8273887400141972,2.085736220481664,2.085736220481664,1.5555952628822454,0.39555035421048135,0.24352109906455238,0.37290798369658507,0.31730306918556556,-0.09277481845824641,-0.8669782183197033
12800000,2.566172818236049,8.241011950976912,2.4002643991740373,0.645176178623631,-4.056790957005591,4.078746238249569,1.2029282192337387,0.8621776447895451,2.261665107867856,2.261665107867856,1.5786954871020085,0.4209249917840854,0.23359566689704686,0.3667646621591152,0.27375335561335085,-0.09186205342018308,-0.884366522445964
12810000,2.8385740752538298,6.590276150727997,2.516475249198824,-3.2880473680419193,-13.572394524689392,5.438260271704283,1.1583365582953093,0.8791719732014123,2.4375943821845283,2.4375943821845283,1.605399200697405,0.43202162357170326,0.22235289493931415,0.36463814901806846,0.23362379877409686,-0.09826417276786771,-0.8959927975588218
12820000,5.25380136501692,4.382687022415471,5.6724754085924,-6.318384445861003,-2.519486406905938,1.9643849278342969,1.1129213658153994,0.842849301097189,2.613523663285207,2.613523663285207,1.6274643461446452,0.45531070034396404,0.2159330762489325,0.3513060519587017,0.19477043285889756,-0.12489978282779403,-0.9072202492177508
12830000,4.495797064572819,1.5745232846607744,5.669273851939749,-5.394963783438234,-2.205262284271039,3.1447029683205354,1.0214532968949992,0.7294450421421089,2.789452849602384,2.789452849602384,1.6548033372595907,0.46550994663497813,0.20327414895839752,0.3379635138375355,0.16885571883210834,-0.15480676281053515,-0.9128544657941926
12840000,3.8926077554282696,-0.788511844413676,4.666983372440449,-1.6017258305613686,3.035906093427885,5.401837940445693,0.8832061085187609,0.6350745329080721,2.9653821261878477,2.9653821261878477,1.679674747802299,0.48431278518350673,0.1948406051370744,0.3189365758006623,0.1584255694892165,-0.18136131193044924,-0.9166727191770421
12850000,3.1340336479632183,-1.3984176887176496,3.6755178026239648,1.5977779821059523,3.486091028869743,7.315299752330824,0.789786559315962,0.5300038380914521,3.1413246867479074,3.1413246867479074,1.7067295508484825,0.4954339200879547,0.18095036411418813,0.3003347301108371,0.15528221831485717,-0.20256300633597998,-0.9190509839114462
12860000,2.2031411895216753,-2.322857245731519,2.5899012394201213,2.1944713165479333,-0.1072915575236818,11.196559732235965,0.6955153524954412,0.43225751066652573,3.317241166362038,3.317241166362038,1.730675157756757,0.5171671409712713,0.17309445643010796,0.28369812654942655,0.1586156434098808,-0.21945167971634053,-0.9198898906541434
12870000,2.101607640362809,-2.8756903840257753,1.8044109528823673,3.5100968721237953,2.9590031804018055,14.35950995922491,0.5727241383332319,0.3399653811585245,3.493169740765495,3.493169740765495,1.7569947586441015,0.5284489906024641,0.15858843555788243,0.26600884798040114,0.16610935873602437,-0.2330967677992563,-0.9204959916142961
12880000,0.9205621532208688,-3.3616175154602637,0.76238389845379,2.1697995536512087,1.3741412894868763,13.620523384882151,0.46167282484984357,0.24014861713652041,3.669098995961292,3.669098995961292,1.777696755739788,0.5494763516650768,0.15017380758430793,0.2523551538275359,0.17767237273348555,-0.2417342812396615,-0.9199532279292673
12890000,0.6324557353366097,-3.887425595627138,0.20305778998944501,1.3343299902887351,-2.303945093573673,17.136256092036163,0.35631670087170786,0.1478183496428345,3.845041654533105,3.845041654533105,1.8049114410974993,0.5603285841375274,0.13643355582359906,0.23942510778177672,0.1911276685523733,-0.2484928688363868,-0.918910836923192
12900000,0.45614285204101634,-4.50332465523784,-0.26897392277008064,0.22421388313351545,-1.3240702795133912,15.901712470012392,0.232667591032319,0.0537423846238015,4.020957498118349,4.020957498118349,1.8319594025941004,0.5770924881786699,0.13179139877741608,0.22656278463693344,0.20739273294128285,-0.2536263150988498,-0.9172411085587493
12910000,0.3100131713218685,-6.193769789369789,-0.9351213867241766,4.2827984147641,-3.6031624661254495,19.19851846152233,0.10981866010767474,-0.05539568692091059,4.196900113883345,4.196900113883345,1.859763307978963,0.588267305543026,0.11897785553572643,0.21031107793159956,0.2336124580865712,-0.2564660456758896,-0.9140129306204433
12920000,0.18985198737905593,-8.995762624970984,-1.6920096489408865,3.879822260808442,-4.283680371426189,20.591263478924304,-0.01165588492950301,-0.16802886608900375,4.372833448001046,4.372833448001046,1.892050287914349,0.607462610100766,0.11580090629478185,0.19086931796335474,0.27185655181185747,-0.258475825583708,-0.9071125433406769
12930000,0.3485932156212579,-11.917624025446793,-2.3476555799470984,5.29463922602879,-1.9102286929376322,23.6361556502967,-0.1204327615851228,-0.2947106890688169,4.548762773407731,4.548762773407731,1.9265035687439787,0.6288013561113164,0.1052098818281278,0.16556047605171967,0.32322279913960816,-0.25926807361630505,-0.8949283864584779
12940000,0.6122244037193193,-13.964089050144612,-2.6908410279535873,5.432191128297002,-4.0081647478307,28.191682232384977,-0.24446624461318014,-0.4139150687631761,4.724675948976113,4.724675948976113,1.9544027550444565,0.6400277330014028,0.1079156435020297,0.13694676967979882,0.38126368082291123,-0.2597146805610671,-0.876602459876024
12950000,0.5807555994399679,-14.24202218275208,-2.9533175697968335,5.753369053967706,-2.651244393219987,34.74831777780009,-0.36905864169135905,-0.5394612515502911,4.900616183353009,4.900616183353009,1.9821681590631333,0.6519436100398213,0.0998144328192615,0.10774838792622565,0.4389662932837901,-0.25758567791907255,-0.8540190260122786
12960000,-0.3695545934029411,-13.619554067474681,-3.1281944111983817,6.944366760447535,1.7484563380007276,38.40887141332627,-0.4898078503454679,-0.6779701725983655,5.076535730267068,5.076535730267068,2.0083393834536984,0.6720990613658523,0.10437667806382672,0.08255771603357573,0.49376084288601735,-0.2504893491682729,-0.8286371579340769
12970000,-0.9089893458964677,-12.991665314114488,-2.328597662343982,3.0593528927523677,-4.578061197385241,34.80485782180752,-0.6294140378680382,-0.7679461201995837,5.2524744504784735,5.2524744504784735,2.0358400961838954,0.6841850155570375,0.09874534657103706,0.06377888874489572,0.5442766397211565,-0.24454664558253272,-0.7999325789956575
12980000,1.035874660465381,-13.352293224214131,-2.4389521951242847,6.39358252568589,-11.21557310685911,30.87389792220253,-0.7367422222115616,-0.8507614636522439,5.428408735515063,5.428408735515063,2.057601032902881,0.70311200031825,0.10476321717789122,0.037244074801148476,0.5919573102804931,-0.24299017254146393,-0.7675644583655239
12990000,0.9776108027305974,-14.484322262944834,-1.982303064217518,11.765379841667803,5.065657920301343,13.535652721373026,-0.774442350880131,-0.8523541108132581,5.604325300866094,5.604325300866094,2.0848729949435487,0.7156039892121351,0.10053565034035605,0.006894380947026815,0.6422884977567156,-0.23917077734563913,-0.7281588373594471
13000000,-4.7848234363852775,-10.617590397489407,-1.0667471264503867,15.263809195844566,-5.552863385318943,2.9540954249079543,-0.7111260211769591,-0.7836015556796716,5.7802497822011105,5.7802497822011105,2.10404914512008,0.7431368497544629,0.11053290722060066,0.013634225109560076,0.6870289229533336,-0.22376643958438305,-0.691183005756777
13010000,-1.8314497372942433,-8.61541644541692,0.15992184493246284,35.625752405260826,-4.3329321953266255,18.745560061256345,-0.5629740001549965,-0.6612654108547079,5.956179048857251,5.956179048857251,2.1310814107282265,0.756072737322601,0.10818176913069638,0.009085407938354901,0.714918184341904,-0.2180345545158236,-0.6642818513981513
13020000,-6.095455830793481,-5.458999387477582,0.2409905952531196,34.5231701860761,-8.144030122566463,15.64874430692069,-0.4280910901194649,-0.5317988533760473,6.1321083147581135,6.1321083147581135,2.1468088367447855,0.7872448236955873,0.1260223971806445,0.02363066071376719,0.7358045605556706,-0.19721011576265693,-0.6474113149927075
13030000,-5.698762654591245,1.667495199759319,0.6580856465520893,17.94896163090779,-8.642258262430872,6.792566978098096,-0.3029994417208753,-0.4184111709272769,0.02486453790570664,0.02486453790570664,2.1727112110907445,0.8115572590627512,0.12826749435424983,0.04713889009109203,0.7319568743324819,-0.18006471933747603,-0.655434021094663
13040000,-4.012832955562221,7.92025409243758,0.5395466984173166,12.298213791447761,0.8515060725748326,5.4120502740075,-0.16143548547399444,-0.2836495375427194,0.20078599841176725,0.20078599841176725,2.199109509502454,0.8262586219651982,0.14642431588265703,0.0669668124045287,0.7056290803841077,-0.16348768173331213,-0.6862031950334554
13050000,-5.476218974909155,10.079616925489587,0.6992857638175165,5.715278702439274,-7.064917951634449,-0.5875214234240751,-0.009643137593891337,-0.14613675769979823,0.37672256278080596,0.37672256278080596,2.215476472788504,0.8577578943023303,0.1497741138406563,0.10159132030505098,0.6743437623568548,-0.14770963321224298,-0.7163250366037635
13060000,-1.954753855927752,11.1059849329294,-0.21788611697418325,-1.3435484983239843,-7.629666733961821,-18.972631850406717,0.1358520949338769,-0.01035557101636896,0.5526443136890364,0.5526443136890364,2.240830304314457,0.8740220001878142,0.16302525473349355,0.11869729356469239,0.6401204563552733,-0.13564605937346544,-0.7468312395932458
13070000,-2.241284225593852,10.73270695585542,-1.1922662594290947,0.20372449861583675,-2.010963087772322,-25.521532178293505,0.29587835430548926,0.11804718398114866,0.7285686093796997,0.7285686093796997,2.255307581242809,0.9039660967525788,0.16471108596675305,0.13184416052332218,0.6075029195803228,-0.1168857205635778,-0.7745289202900159
13080000,-2.6614018416526486,8.618636404062318,-2.18457729004392,-0.2865417507378871,-2.075042647604397,-28.889068096274777,0.44608498592441465,0.24893198203952105,0.9044977933368799,0.9044977933368799,2.279617215307784,0.9213611340948801,0.17678504813083512,0.14215014765528755,0.582818872071733,-0.09415399789660024,-0.7945127579584232
13090000,-1.9425903629111054,8.73454075365423,-2.4539816022571648,5.421322406842844,-4.789500198986354,-21.413998247984743,0.584409152776461,0.37691716903463235,1.0804269461230902,1.0804269461230902,2.2914411415436313,0.9448910259118749,0.17612854627034846,0.14880651631477265,0.5562551901869723,-0.07249098903361494,-0.8143597734424539
13100000,-0.3428711780945975,10.740319791828416,-2.086065371346297,4.325376376026422,-4.219258116558674,-18.30329319197919,0.7254843654902138,0.4759850414296829,1.256356116898452,1.256356116898452,2.3144032517652526,0.9624118659008246,0.18191115538818053,0.15044889049193688,0.5195339440930746,-0.05525015018182678,-0.8392836428703498
13110000,0.7511421709311306,10.468618830260931,-1.2755572525258614,4.281029316502274,-5.16973056926509,-11.440597521326792,0.8882885663282085,0.5694701943939855,1.4322853215342164,1.4322853215342164,2.3229577654106044,0.9820538799939639,0.1790513417553123,0.1500302290831711,0.4815080363964375,-0.0448471636228032,-0.8623396506956454
13120000,1.3213080669249109,10.630148291220214,-0.54841881748341,3.6822978145649903,-2.105706541777953,-9.575956184894107,1.034922015093987,0.6259704938109392,1.6082145395117564,1.6082145395117564,2.3441824776122484,0.9994167244153617,0.18352684553657567,0.1475477978845047,0.44164497623721566,-0.037765160911392516,-0.8841680580778744
13130000,0.12387927606836725,9.486866919476144,-0.32228380931758277,3.4478488727034438,4.8401057757073955,-5.1191858718384635,1.1850194057803622,0.645967085219423,1.7841559374460374,1.7841559374460374,2.3503878121060136,1.0133012103612329,0.17895011348911388,0.1444092517417646,0.40524354940524626,-0.026889090139892383,-0.9023306547537162
13140000,-1.5447122113536376,9.483405862691884,0.20788945837951972,1.262254482852859,2.802784032316547,-3.9733792330193425,1.325914728650004,0.6553001318715852,1.9600783335007534,1.9600783335007534,2.3697534771045468,1.0296017623373728,0.18018420574918065,0.15038495615386605,0.3688841324020396,-0.0155276696216614,-0.9170974611788625
13150000,1.3222762977895122,7.81472581440563,2.2244465005274052,-2.6827584240390463,-16.505699452071877,-0.32366958878223884,1.4115476832496232,0.7058877575044017,2.1360142725910194,2.1360142725910194,2.3773363130903675,1.0464605470539643,0.17374396347444054,0.1542979942091741,0.3307684244858318,-0.024676352476188608,-0.9306854763961117
13160000,7.193968890044624,5.9700835420367975,4.913269561354744,-2.864182637404733,-3.958947026484257,-0.026587092526416545,1.4268381635835705,0.6943114580752698,2.311948819475795,2.311948819475795,2.395595337253764,1.063264856616696,0.17554414068039664,0.13183764789989902,0.2932869787852157,-0.056856072144173125,-0.9451819770454785
13170000,4.500983071891287,4.981271618787805,4.970016203177948,-8.243210099005493,-10.848015893158099,2.3196992611897014,1.3253459598282458,0.6168981864269761,2.487877936291518,2.487877936291518,2.407819689943364,1.0832997918743477,0.1682808213859534,0.12454505446480295,0.2606035917611516,-0.08591517730038425,-0.9535160615736842
13180000,6.955903377590527,1.5734311089035573,7.287080035893814,-5.60514047144416,-10.65734663278901,5.759763544074448,1.2313698074914206,0.5493376265472287,2.6638071396255967,2.6638071396255967,2.426199729143374,1.1010497061303568,0.16886558884442054,0.10700946761782676,0.2407255916909614,-0.1309955934312504,-0.9557407168509566
13190000,7.345318485963314,-1.1365129607986362,7.926674078062044,-5.081782444743075,-2.7348775441052453,4.997749870070233,1.1537478799816099,0.4701950984333927,2.839725692018426,2.839725692018426,2.4421487887346447,1.1223427525723904,0.16102085591884535,0.0824167978509021,0.23050214125655732,-0.17951682761196922,-0.9528115988548209
13200000,6.038741959152114,-3.292936839492981,7.496197971010455,-4.514524819462949,-3.702230475665286,7.534047128709952,1.0334000126355416,0.38474719507178917,3.0156480335175004,3.0156480335175004,2.4610008215927586,1.1407911624034017,0.1577978011010519,0.062383793436755076,0.23111575690763841,-0.224757234223372,-0.944551721659386
13210000,4.791039394541344,-4.202328186292834,6.716328403720071,0.04076448948057583,1.4464853229537313,12.222519501185491,0.9025031335729062,0.29053383825251194,3.191577200490805,3.191577200490805,2.479788281203709,1.163028864158669,0.14898977669084934,0.03992783591955025,0.23782014460918433,-0.26306202508941745,-0.9341550822495711
13220000,2.7993431366851627,-3.8814852750198745,5.99260037747424,0.10447532814969036,-0.1737344986687972,14.785102990061993,0.794875143297711,0.18766567747914015,3.367506396197321,3.367506396197321,2.4993175062478086,1.1822028807643932,0.14750890819676277,0.028083563753207308,0.24440104438417204,-0.295430786623266,-0.9231468427428022
13230000,1.3236924908384475,-3.1644949410686607,5.910138804850104,1.0294582862783868,0.6261292151681145,18.464804948630043,0.694856163399752,0.09247690923605852,3.5434455530466735,3.5434455530466735,2.5304422490422223,1.218546424944136,0.14041614658030094,0.023115286358062197,0.2494216560007544,-0.32497252422940487,-0.9119470267238087
13240000,0.36178645104727825,-2.6516235047569765,5.527193404189309,3.9019160754230793,-5.000927103291196,22.428805299165965,0.5960343400466253,0.011970342562049244,3.7193724126342502,3.7193724126342502,2.5549514790834706,1.2439580150665557,0.14228230920631635,0.026860224465360426,0.2542443725254925,-0.35204529336759804,-0.9003901592079464
13250000,-0.28739533218429103,-2.040583467144134,4.946260595727872,7.922353258498814,-8.403742918863113,26.527735105972962,1.3787201601246537,-1.020668574453829,3.895303790676941,3.895303790676941,2.569185371052585,1.2683087622367433,0.13898928243876885,0.035603350541553835,0.25759974318221174,-0.37582197664888356,-0.8894563595873605
13260000,-0.899488099024737,-2.3087130988962747,4.096114644455013,8.904739756711797,-9.239343341201971,26.88029311635631,1.3333888056356142,-1.1534015898836456,4.071231477170734,4.071231477170734,2.5869708607688957,1.28987268221393,0.1467746201526121,0.045506373584508715,0.26339881921406716,-0.39502224310022704,-0.8789241488637615
13270000,-1.123985759706403,-3.2583676822206606,3.148803940740096,8.512208945131734,-7.790407808336234,24.43219886974097,0.2929416526645056,-0.22697126809003812,4.247152406266771,4.247152406266771,2.5923803663852247,1.3083508611962382,0.14892968680031843,0.050345564719352795,0.2728240333078193,-0.4095227083586175,-0.8690935060747872
13280000,-0.623642310655077,-5.028150762963791,2.2310640796996095,8.41269472305426,-6.68996380270201,21.372281117716074,0.16776659530966642,-0.32605850773243833,4.423090649381045,4.423090649381045,2.605160564159393,1.327405481696178,0.15810262532428648,0.04587805540447952,0.2885891451380816,-0.4207240007985312,-0.8588380665136195
13290000,-0.017443001928648998,-7.48215554574087,1.1876329496952982,7.512550031691159,-7.484935244117287,20.483334870726807,0.05518151987310246,-0.42561816783885,4.59902829746634,4.59902829746634,2.609432674936134,1.3390404681586552,0.16297667029571594,0.03408130238352603,0.31414107733589525,-0.42898859082292645,-0.8462402952482502
13300000,0.47960769434276546,-10.215661141274236,0.22476022637158494,8.211180285100019,-9.005445594592393,24.09517002301171,-0.07116360725364497,-0.5473967086596648,4.7749488840395955,4.7749488840395955,2.6203019450045177,1.354211726127603,0.17426719715697458,0.013282045699155675,0.3500133809475194,-0.43393272683808193,-0.8300702434123264
13310000,0.7343566258404559,-11.95557901835478,-0.07826665778831661,6.705025383358262,-7.908725954065376,26.750720070968715,-0.22278715168752275,-0.712809117776857,4.950869184444549,4.950869184444549,2.6232703486661926,1.3620740433598781,0.18250026074547504,-0.013939998555913165,0.3916664305661043,-0.43680062908806094,-0.8096964209110367
13320000,1.8045233390950621,-11.961552510437567,0.13541675087463192,6.342941380749563,-8.2886543243514,32.14550520922062,-0.3522930712341507,-0.8495815057031783,5.126798282692569,5.126798282692569,2.6320777656555108,1.3742731354266537,0.19915875952994616,-0.04534171813146534,0.4300279355160541,-0.44124109431069397,-0.7863373321699717
13330000,5.518264484667269,-9.742536152551725,0.20311367982044673,1.2372740258689485,-10.519675985820138,26.907386434171514,-0.47393577403442433,-0.8788978876865498,5.30272753042491,5.30272753042491,2.640421428673331,1.3803683881375244,0.21232955138427428,-0.08496426572603347,0.4509828911723392,-0.4537506873625613,-0.7638755259448211
13340000,8.15130954650711,-9.83937311084494,-0.4662397649844347,-0.5692846387405733,-9.317044927637054,18.704146821265756,-0.6267356359626609,-0.8749678692810126,5.478656755921527,5.478656755921527,2.6515276328117743,1.390443269363231,0.22898145884146764,-0.13575289855488662,0.465214134415844,-0.46790364014399094,-0.7390623405462265
13350000,7.1660673117516644,-9.40789996157127,-0.6474726205417286,7.368252332630567,4.290740533669671,14.06271601848348,-0.6792693082446262,-0.8498261699563947,5.654585845106773,5.654585845106773,2.664517384246854,1.398532244919043,0.24255195034575988,-0.18669475243662614,0.4781775366444207,-0.47486086204666145,-0.7148415730479043
13360000,4.700989165737199,-7.840513578430328,0.8414793066529409,10.576550399911655,0.5999865694924019,8.34667113694254,-0.6514213524494672,-0.7907758697060477,5.83051497318008,5.83051497318008,2.6782970466318234,1.4090350190498142,0.26025100584125677,-0.21788413019701772,0.49534106003270034,-0.4824511366071899,-0.6887703832485834
13370000,2.5753917338761343,-5.746657884490152,1.96734251679371,16.480214603896876,-7.131440716190108,5.783995363694335,-0.5422832424745513,-0.6928365499085061,6.006450576097343,6.006450576097343,2.693132785066293,1.4174157057027186,0.27581441725891537,-0.23238718076103543,0.5149583172609548,-0.4902366977982388,-0.6636882625401642
13380000,0.6188373293421223,-3.20358157007126,1.9501092329587923,24.099072407765664,-3.3024750084324346,9.660964626881547,-0.4020523702252402,-0.5568103969109479,6.182390687104892,6.182390687104892,2.7081358073468995,1.4273810728879872,0.2935840099059401,-0.23857959124883446,0.5257686652623007,-0.4934302430863441,-0.6505180124144061
13390000,-0.25141920618914976,0.6625020181105419,2.0103370782229764,19.00877286258751,-1.9006383416524122,8.748893243782657,-0.2611896520197296,-0.44297258741884227,0.07513448777795873,0.07513448777795873,2.721226353408303,1.4374436909544515,0.3111144666752346,-0.23156005747166888,0.5217226143733877,-0.5002610959161662,-0.6510946853936617
13400000,-0.23269504412886483,5.4480741971350195,2.0288265905641882,8.853997184578262,-0.1855537235082919,-0.5519066571503363,-0.1347023790134141,-0.32956652004153864,0.25105789392732447,0.25105789392732447,2.7346309569254013,1.4481968249400228,0.32767979065173664,-0.21379929157206606,0.5067804922146919,-0.5108863290836476,-0.6606500998178629
13410000,-0.36309015667631683,7.614984673534385,1.884570838534342,3.327349191160349,-0.20637305771596087,-10.842355750876461,-0.006002427482269693,-0.20544726480926775,0.4269752746168791,0.4269752746168791,2.7473763144275205,1.4587214449320942,0.34298808785048834,-0.1914717954262325,0.4897389479012133,-0.5210633551863963,-0.6723000032327556
13420000,0.558572625455734,7.693273399046548,2.115143814998664,2.8518698286947397,-1.1184343718968541,-16.713984026317224,0.13394925805917124,-0.09102896118064305,0.6029044488693245,0.6029044488693245,2.760236151201902,1.4694438024144014,0.35672784335281976,-0.1704408437484493,0.4704537896889837,-0.5341097021910738,-0.6814322978660117
13430000,1.1120952675215678,7.892936556858514,2.2892794051884895,3.834186754845527,2.8499932310674496,-21.556241155221255,0.29395490890768994,0.060244523199100855,0.7788336307275046,0.7788336307275046,2.7716804525098295,1.4794156637058238,0.3685962154630699,-0.1511055700480521,0.44829627453308313,-0.5479431713550753,-0.6898955268050043
13440000,0.24821541910595013,7.3159379989395354,1.9358384789941987,5.444293104524512,3.5189637720970444,-23.986665834851795,0.43601044903200237,0.16516052799244094,0.954762829492708,0.954762829492708,2.7829537842796515,1.489171193159813,0.37877797263637797,-0.13120911003856395,0.42969139472046525,-0.5574615370148721,-0.6981304387398432
13450000,0.03218147627021745,7.365299742375796,1.8753550380032575,6.899282901392859,3.9008304401886513,-23.21278421331515,0.5639173521741789,0.2861521757993483,1.1306955062940602,1.1306955062940602,2.795185958229485,1.4972106959180955,0.3871214121531918,-0.11057472328183798,0.4108415628784556,-0.5657371303508788,-0.7063454821297337
13460000,-0.886259993572462,7.755784421417612,1.6388612805665799,5.711728378231036,4.395655617766889,-20.005116115354497,0.7004322629957579,0.35598662225761546,1.3066388482460098,1.3066388482460098,2.807049300333707,1.5043541658680515,0.39286062268153915,-0.08604998044417045,0.3927827121643272,-0.5708225139244778,-0.7158762459303513
13470000,-2.732472574914763,7.142216019685489,0.8538974989463608,3.9716730964420637,5.135915954014524,-15.149472432174235,0.8877139525858949,0.4702689382368764,1.482565087465801,1.482565087465801,2.8202592984250523,1.5090083966122596,0.39717390432882943,-0.05716089533152079,0.3805309885482379,-0.5679048830634627,-0.7276076158150592
13480000,-3.8628449917073224,7.455498166388106,0.5092186620288078,1.1424457232883911,8.071441650266053,-12.611218364181681,1.0446563249845702,0.5406602984431522,1.658479585647754,1.658479585647754,2.833139789973773,1.5113809410434553,0.39795738240229245,-0.026286956016637913,0.3681213286205521,-0.5611516194162144,-0.7408809238903233
13490000,-5.562032591392113,7.410878954957871,-0.425417827797785,-0.12200478270948002,8.26163021233718,-8.933431416744442,1.1888491335485847,0.5376592567725997,1.8344087704824545,1.8344087704824545,2.8475441494218705,1.5159683110829014,0.4006324124735661,0.006442523888553393,0.3584080513779193,-0.5481414760768079,-0.7556739275625213
13500000,-7.643567720460782,7.137217995032107,-2.0195422112402945,-0.4737460662666762,2.6340264961776985,-6.843020048705381,1.361281057139199,0.5413707043190013,2.010338493037395,2.010338493037395,2.861969156672811,1.5175248593824269,0.39955253198908686,0.049887342089229396,0.35408685864265715,-0.524930573615086,-0.7723869771817649
13510000,-6.5671962311129,6.927285890875217,-1.982847213076543,-4.225418566760208,-12.278401685097533,-3.5494212069820072,1.4462561509038143,0.5482854077126179,2.186282047289879,2.186282047289879,2.8763616424757874,1.520711116926461,0.39592981005216404,0.09605735927319424,0.347274267335525,-0.5044963608009025,-0.7846381260904166
13520000,-1.6199130706077083,5.362214489187944,-0.07581999116746704,-7.40315553142069,-10.80721936335383,-0.8957814769376199,1.524832859795541,0.6216207477279915,2.3621962415202375,2.3621962415202375,2.8907732049545793,1.5195283162919409,0.39290808412402894,0.1220576217221688,0.3293006850905738,-0.5005125074250225,-0.7912965472498434
13530000,0.7186147185646744,3.619674616680887,1.4176614362168507,-7.686255900880954,-3.3325704344081406,1.310672142941108,1.3540555916456056,0.45868566026744517,2.5381254816118854,2.5381254816118854,2.906157701357059,1.523437157841265,0.38826834235020274,0.13579358776761025,0.3084073937747933,-0.5073362853802954,-0.7931297967689548
13540000,0.7802131498780202,0.9545396655201766,1.722184626913682,-3.047299550050928,-6.963595198822827,10.347944216943151,1.2607588608079903,0.46815320707455105,2.7140547464717173,2.7140547464717173,2.922228360093582,1.5228791782829392,0.38534284952073045,0.1416867417274994,0.29588193341196284,-0.517117099287445,-0.7905495900470649
13550000,1.593933321686952,-1.4698791841850964,1.823716239203337,-1.2509270235127243,-3.2433260050120603,10.947354693496228,1.1494301406468803,0.3860179640569052,2.890001392194179,2.890001392194179,2.9387629969529745,1.5285464923986891,0.3836904598624194,0.13485328258560583,0.29007462812543594,-0.5296353127336001,-0.7855938758667601
13560000,0.21781222235423542,-3.220984693057325,2.150322150785658,-1.1977959380205885,-2.6628912059289256,11.60791600625909,1.0361528397198423,0.2994214994985305,3.065913220046369,3.065913220046369,2.9570247575440214,1.5308443991235208,0.387391847049186,0.12877388760541697,0.2948171340850186,-0.5422317555608247,-0.7761989864605014
13570000,-0.3582653056109967,-3.653384790811599,2.835024954181513,0.5946811584517979,-6.832617912985781,15.333919654911153,0.9225782809488887,0.19474347330668793,3.2418597641615605,3.2418597641615605,2.974952059369292,1.5366655010623038,0.3875704593172042,0.12607170511018104,0.3025536417665979,-0.5568048042368019,-0.7632402171028447
13580000,-0.9807144873315252,-3.1962445257262906,3.4331528878821813,4.295502763885671,-6.289595613400591,20.58535620348852,0.8133502200820009,0.101615635482016,3.417771422126876,3.417771422126876,2.9961542004559383,1.539098642151411,0.39643488870325055,0.12370449862475104,0.309676351507349,-0.5715388440875938,-0.7497606978470618
13590000,-1.219709718708306,-2.419834340654653,3.906214028900719,2.663790189912416,-9.961285380643112,21.507447892036723,0.7404361608030866,0.02071183906531193,3.5937005515381344,3.5937005515381344,3.0138127337071996,1.543831015872587,0.39796231135302823,0.1279258401782833,0.3132481455596896,-0.587680046966283,-0.7349440394450474
13600000,-1.1691774475518204,-0.8004001504236086,4.083582742134197,3.5242551527175134,-9.33035348933187,24.053301565101552,0.6334299177794573,-0.05514746183526207,3.7696298205010947,3.7696298205010947,3.0344968869963913,1.5436924322935046,0.4092267776500422,0.13548513956768957,0.3110065020751713,-0.6029315949888621,-0.722074943747169
13610000,-1.0267178901066012,0.2260203736346195,4.414071086786875,8.683637061148353,-8.26674402423127,28.453550638511803,0.5216126222008983,-0.1116271666413477,3.9455751474460357,3.9455751474460357,3.0534984526668185,1.5477027442946623,0.4142125379729625,0.14211024023160376,0.30588227926002487,-0.6176407714154976,-0.7104650507528695
13620000,-1.2349870337483084,-0.3963662500925638,3.909233333923797,9.805636652319325,-8.709442874974423,27.248799234870923,0.43520359956705734,-0.2000139435957009,4.121488173523531,4.121488173523531,3.0776078312519783,1.5457030058123056,0.43125719785692124,0.14564625590903968,0.3048498664593646,-0.6301172858139591,-0.6991465748881528
13630000,-0.7078006790863686,-1.6578270140064595,3.1601457653240703,9.42545890184512,-8.066708113829915,24.034899020497495,0.31630894936791193,-0.31321069330930507,4.29741721546678,4.29741721546678,3.095514535783758,1.5503272078397332,0.43947860858410676,0.14163311231294953,0.307732748128859,-0.6413031575694232,-0.6884554287076944
13640000,0.21879580920542577,-3.8892539826041665,2.3494948646012968,8.872191167692751,-5.80496336816092,19.573729972835043,0.20659666800846208,-0.40160022740830137,4.473346828705232,4.473346828705232,3.1164210494539746,1.550170022993888,0.4600269970991721,0.12557307928797537,0.31643883581254445,-0.6521596935371234,-0.6773371384128458
13650000,0.6691874989873534,-6.775747961329268,1.4803027745337454,7.046362241460437,-5.2336112194706725,17.070249210318444,0.07881157187344023,-0.521679929843023,4.649291311563971,4.649291311563971,3.1319342804261137,1.5583756581740031,0.46877458494396046,0.09862441840382523,0.3326758545892557,-0.6624455716531359,-0.6639019991421669
13660000,0.3943834172750291,-10.121075716542823,0.6003115209582349,4.153879924986823,-9.36604425892994,18.599742638935496,-0.05758277491744389,-0.6781301860304338,4.8252045124254295,4.8252045124254295,3.1449789828660886,1.569983307723708,0.48708431995110874,0.06434475528200695,0.3580444958291902,-0.6713406490080718,-0.6457287545583988
13670000,0.8748447944024714,-11.126836550319924,0.7209102844439649,5.95408551249984,-10.24416531230674,26.41305577865638,-0.20739192075861498,-0.827516314152114,5.001148367440166,5.001148367440166,3.162289429721604,1.576066626216309,0.49699897213169203,0.02472602344110158,0.38432618987296,-0.6797013138255957,-0.6242500520835242
13680000,2.046145652478509,-10.560339704253707,0.9406238215381698,4.674873860283397,-11.731657603862429,29.772742311327235,-0.34205217707710944,-0.925837169533131,5.177063261304355,5.177063261304355,3.1821282368075248,1.5796416806090297,0.5153132089592529,-0.014430384980789922,0.404012456780741,-0.6893613608796084,-0.6011211299576071
13690000,6.150544065186077,-8.28964913558367,0.349709077664973,-2.204381027303676,-8.009698499823042,17.71009805630879,-0.48120088632754615,-0.9319640896767397,5.35300831879691,5.35300831879691,3.195942420564903,1.5889211101046183,0.5266300512467221,-0.05732996062659166,0.4025441061500995,-0.7040659491073614,-0.582204996136173
13700000,8.550647682411105,-8.676988540783341,0.4187107039533974,0.5046980329284492,1.6308291295696642,12.045843707418918,-0.590752921696125,-0.9105030876647834,5.528939016333638,5.528939016333638,3.1976584493527196,1.609504570655061,0.5402917325961341,-0.1119577599526721,0.39190819806021143,-0.7202708331025175,-0.561322858310067
13710000,8.892229826538628,-8.186713233196066,0.7374585148253554,8.603010283680751,1.3797089006791619,9.92732775466462,-0.6399374633446483,-0.8735700608245371,5.704855496925504,5.704855496925504,3.1998023081885756,1.63149250817884,0.5522746622631998,-0.16771977727117757,0.3797035560229025,-0.733422043729197,-0.5383190426018359
13720000,4.631433526728906,-5.273574640220228,0.6296948225330671,4.231072246748541,-7.426128489646357,-1.8473720550124482,-0.6453456195318867,-0.8100253599980969,5.8807795342436435,5.8807795342436435,3.2121939123182637,1.6436861965177438,0.5684002957470815,-0.19637006982361854,0.38251886237231025,-0.7384532905627805,-0.5194274282937534
13730000,1.993419189133933,-5.38584478189131,2.2924840926980234,23.80775651102034,5.5049708995849915,8.024974627145221,-0.538676898635364,-0.7091724724682659,6.056722299806822,6.056722299806822,3.2125983806207508,1.6733516375681243,0.580158760361412,-0.22381336557925693,0.3902322185467928,-0.7397079326092417,-0.5004583573396448
13740000,0.15316436703446537,-1.9355313962046985,2.7451835832291844,16.61374224041008,16.368879197832428,-1.6115944843012626,-0.39136334405581835,-0.5416780614158698,6.232638072147935,6.232638072147935,3.2268103262864343,1.6828899194272697,0.5953633656448853,-0.2327764447257312,0.39588243265872364,-0.7418360132337621,-0.48864256441953274
13750000,-2.2468505651945403,1.352231458689236,3.4747513245196875,5.809995856556339,6.800759707277348,-4.161424759089059,-0.2702794170601278,-0.4672155257581642,0.12538159038756902,0.12538159038756902,3.238666937476271,1.694072275555065,0.6061900646125375,-0.22241949299538522,0.4046782866171619,-0.7440786199722522,-0.4828167983577856
13760000,0.29622402450249696,5.49863113192316,2.889340363725974,3.7153864911162056,4.001471966847846,-5.858422000667582,-0.15997469087155325,-0.3430992826424406,0.30132691371968434,0.30132691371968434,3.2327167450916012,1.7173252173843154,0.6158571210916888,-0.20343021647826698,0.3950782444787837,-0.7540504017056493,-0.4836706725145913
13770000,-0.5943618105019595,6.497685017174499,2.5231012115047826,-0.11332300123458056,1.451967455988032,-19.449819882887276,-0.024475994000149787,-0.2038925976089446,0.47724425417919036,0.47724425417919036,3.223625601207294,1.740205801442875,0.6233773458921716,-0.17625404905654243,0.3900664997002659,-0.7620961149921825,-0.4857902299517544
13780000,0.7658244530702047,6.398088476622883,2.310051903250106,4.128188535191006,-1.6530731912101875,-17.807057024038574,0.12174898268957463,-0.09212053392585777,0.653169066384315,0.653169066384315,3.235647283592222,1.7511136073040954,0.6247028762949169,-0.15248151919280287,0.379863655039438,-0.771579510459186,-0.486947686024173
13790000,0.31419085974886096,5.96145090010014,2.340622456692752,4.752264392843908,2.8186417713654723,-23.1967261458335,0.27691431503939545,0.04017905113800657,0.8290982549726422,0.8290982549726422,3.245433233917445,1.7632076324824846,0.6283639679147175,-0.13017455587135607,0.3716474362245682,-0.7790164731966142,-0.4879201806030468
13800000,0.1358475033229504,6.445976534080443,2.05848388930582,8.474053720659628,1.4631089782551105,-19.34058440108422,0.41870084634022914,0.15737979137871153,1.0050419704641271,1.0050419704641271,3.2284425417636955,1.7895244658843417,0.6276722125219116,-0.10616573727992733,0.36227784856114614,-0.7851371832173751,-0.4909615058222007
13810000,0.21204449994669936,7.593390554092512,1.918654876683964,5.956732031849465,2.7738598843054283,-22.211514408652143,0.5642784779123596,0.2605386111588593,1.1809616522573023,1.1809616522573023,3.2386236262565804,1.8029070045096083,0.6269179387302262,-0.07771966040981311,0.3497047028926418,-0.79088679295028,-0.49614952977643095
13820000,-0.34710622990949325,8.204448163436545,1.6831989145524853,4.182415657159618,3.44755044166573,-17.83999597513488,0.7186515658630293,0.4137396719132183,1.3568857402362582,1.3568857402362582,3.243253537376723,1.847498704652301,0.6198910543348952,-0.045913256257868997,0.3372560709756715,-0.7942975753138539,-0.50323123645138
13830000,-1.0642605199945168,8.715810057252936,1.004537667263138,2.7559006181507533,-1.1075076356424305,-10.686979928283623,0.8674452451078208,0.46514855830346535,1.5328149322524425,1.5328149322524425,3.25334041963772,1.86171077360147,0.61492988834481,-0.009183064486199426,0.32654365465949675,-0.7939987901546256,-0.5126898030595621
13840000,-3.3289672024350225,6.794193223348562,0.1147740686374307,1.3686842524236598,10.41515749443302,-10.336294307359593,1.0161537412815578,0.49913785806817734,1.7087575366805865,1.7087575366805865,3.2602068696396387,1.9058537264117348,0.6068873621188884,0.02071820664338315,0.3222355842847922,-0.7875296021394693,-0.5249115257718864
13850000,-6.453143344784666,6.85518986717242,-1.461460755084407,-2.0806465585325,7.001607377339171,-8.77858518001051,1.1787546053915523,0.5281746521861252,1.8846785486498376,1.8846785486498376,3.2702024076036573,1.9209210558043255,0.5978272590075413,0.05983346660627538,0.3293284935537616,-0.7712725968936428,-0.5413882903133592
13860000,-7.208933725289366,6.696242308041208,-1.5498819138064053,-1.2035483577331991,-4.855993188575172,-5.576936835963995,1.3043295714301772,0.5371693456964748,2.0606024065510766,2.0606024065510766,3.28467432111853,1.9689143388311,0.5882528212064666,0.10637973256252407,0.3448054535829531,-0.7508783788242942,-0.5531493576725725
13870000,-2.0126204327599506,5.32467850933788,-0.29355772359654203,-3.8923733184652742,-12.785636810357634,2.293184380048925,1.361939462731307,0.5764432129896235,2.2365440834347723,2.2365440834347723,3.291288969821015,2.007496852216763,0.5771160687244721,0.1375300562374139,0.34004868916666464,-0.7434165377309768,-0.5592711543209199
13880000,1.7195495642955576,3.832260442984139,1.4232262723962008,-10.648584222620123,-3.0324114304743333,-1.7415344646267898,1.2923378918125232,0.5412167373947948,2.4124784199845735,2.4124784199845735,3.3012390545103267,2.0259204419662473,0.5695477669337685,0.15609940107091158,0.3197922591951312,-0.7489731289694948,-0.5589321425949858
13890000,2.2262519108146206,0.8390128972047266,2.132487610706248,-10.321072382378148,-7.602294492502653,4.835398232701458,1.1971033331166303,0.46102467433871985,2.588407534140309,2.588407534140309,3.3016673285907285,2.054399982782558,0.5574992039835882,0.16320176725120492,0.30477149751344745,-0.7592365735413826,-0.5513976268235425
13900000,3.199711228399043,-1.6157301973491212,2.3129996467017273,-5.274431958415746,-2.7431532429801067,7.3921849803367765,1.1041383337709916,0.3891837870477557,2.7643366655410304,2.7643366655410304,3.310714763905764,2.073409623243881,0.5574006745967948,0.15496996391994536,0.2892515741989219,-0.7739624135478469,-0.5415718045848473
13910000,1.3320131419007673,-3.0091644579089065,2.107705852600684,-3.3625682523544573,-1.7627142164947223,8.064186258009212,0.9979108049102863,0.32598903592565187,2.940265779029538,2.940265779029538,3.3070010736266404,2.095649134326084,0.5456844606252382,0.1443070449117195,0.2842123944719928,-0.7860520859875013,-0.5296422469290392
13920000,2.2113067305357754,-4.1216752474177,2.9213517835222493,-1.8704410622604277,-4.406976392719477,11.929301345540551,0.8813541124502017,0.24797509699083006,3.116194855225551,3.116194855225551,3.3147847149894902,2.1146453810446904,0.5459500947322626,0.1268365141601234,0.2775782214269476,-0.8018720487519495,-0.5136769871188629
13930000,0.8440854017332504,-3.6471081517017474,2.8183485131199757,2.125240532590053,-4.971955002152391,20.28688349048446,0.7712566644208628,0.15339436081243402,3.29211164742906,3.29211164742906,3.314004653878342,2.141839465807746,0.5354513286435882,0.11043973475948199,0.2764165622140107,-0.8138573569467994,-0.4990322150559154
13940000,0.2701661890188153,-3.607544104231589,3.0165270666901587,2.3673003568793067,-4.654737027330771,20.79912732462729,0.6786533293975503,0.08083899160179564,3.4680355763789734,3.4680355763789734,3.3212450312743336,2.161903628544571,0.5414303961783855,0.09568108815635283,0.27708032559346546,-0.8250239444428417,-0.4831222553704295
13950000,0.4554013154695886,-2.653550915632444,3.2048646775363743,3.0227991848154563,-7.279364509144496,23.533185616616493,0.5711980917031467,-0.006493737947440046,3.6439769733142597,3.6439769733142597,3.322639237152527,2.193458544546687,0.5342670629836701,0.08464247893328439,0.27433162951821455,-0.8359710130492852,-0.46768608397862504
13960000,0.30202685842714516,-1.6198314244708167,3.4360383068747233,7.785088558538539,-7.736344999468683,28.45228203783266,0.47749723719262066,-0.09301909949991473,3.8198989874884646,3.8198989874884646,3.3295546232687885,2.214991216428863,0.5470645004886738,0.07643820389415479,0.2712364849705865,-0.8458055797619031,-0.45299105007700496
13970000,-0.10393825806357455,-2.1311724760987643,2.8245975732493687,7.070218132768022,-11.019370024575966,27.618574451002793,0.3852692875036891,-0.16542006619933963,3.995822892593843,3.995822892593843,3.326399122276304,2.2391987311653554,0.5449217563866482,0.06525259071732231,0.271937702972946,-0.8533097914988856,-0.44006179661338923
13980000,-0.17317076218348904,-3.282773819825394,2.0988546951650044,7.400124357819612,-6.7941326309326024,25.442689447681257,0.27889203695304804,-0.25683297330198834,4.171751974952507,4.171751974952507,3.331798750489576,2.2600832698987965,0.5603044824000729,0.0487394567852666,0.2750297441708215,-0.8593366636157689,-0.4283965496351817
13990000,0.4976280146930909,-4.967497583468638,1.5144103796817634,8.404864845547381,-7.284386107719443,22.75503089756933,0.1604249367940912,-0.3527419231845781,4.347681074860212,4.347681074860212,3.3252247446776733,2.280285189977935,0.5622152416114732,0.021746982557208843,0.2799836910245632,-0.8643953011289327,-0.4170814847198807
14000000,0.712593142585401,-7.410469710310003,0.6718684597444617,6.242244250570369,-6.967198576460261,19.833056956136637,0.04294267036576907,-0.4644877043211197,4.52362175659831,4.52362175659831,3.32891429502944,2.300494786127719,0.5777094923265749,-0.016079998788914415,0.2873273399575459,-0.8676272447715925,-0.4054718208235004
14010000,0.787013110071953,-10.243095279453714,-0.030645972240372594,6.30263095585124,-8.13114361685065,23.478382335273675,-0.0721099255068725,-0.5848520036411928,4.699557135990879,4.699557135990879,3.3167657134773023,2.3193657247588653,0.5825663107962331,-0.0642561758237057,0.29801335065483675,-0.8681091381028654,-0.39172147125513895
14020000,0.5913194015884261,-11.486121612980115,0.09061017641423846,5.809577985123863,-8.721210467535983,27.78470922648627,-0.2029097405918316,-0.730574644701359,4.875475240992465,4.875475240992465,3.3178066531400696,2.339195458705443,0.597295580675842,-0.1134892254962487,0.3113878764370137,-0.8661055264792661,-0.37419113178479
14030000,0.7618440668012632,-11.716225120754546,0.47159533435320466,4.819807922735427,-8.595577985343144,31.18458821269049,-0.34703004510975133,-0.8569161564344797,5.051397847540777,5.051397847540777,3.3009875268879934,2.3562752554154516,0.6055043734358025,-0.16154023047332242,0.3244257985790654,-0.862435764120162,-0.3533513943957685
14040000,1.9612912536384817,-10.692740450530735,-0.15400234425042247,-0.12893636940261635,-14.844166246517846,27.298309011425765,-0.49506491947451214,-0.9383681698039502,5.227327204276513,5.227327204276513,3.2990848321429143,2.3754232696065873,0.6216862905943201,-0.20526976075677442,0.33215023820945905,-0.8580221417690634,-0.33367431547885973
14050000,5.771604502211344,-10.066998226061802,-0.4140447615204521,-1.4936894957868951,-9.126498536197452,19.309748111643696,-0.6501895517098627,-0.9669259562111739,5.4032564288594855,5.4032564288594855,3.279368430609267,2.3888670076166774,0.6326550319094759,-0.25290047988671804,0.3208445111606334,-0.8579919070765206,-0.3113680046542307
14060000,7.536771967060802,-11.129944343522434,-0.26404204273995563,6.538029795172668,-4.936013132478925,15.908965535915446,-0.7579679394971963,-0.9450588433345641,5.579195904941422,5.579195904941422,3.274696311528954,2.406469701227189,0.6463132162173131,-0.3089540731913872,0.300413846840199,-0.8561439287923931,-0.28516043638108424
14070000,7.889567579989639,-9.921059215988455,-0.5853642058872531,12.544390847703605,-1.6483158742310509,10.942129264926233,-0.7730220036518811,-0.8900879440403481,5.755122056970741,5.755122056970741,3.248386608442455,2.414785039865956,0.6576480786308603,-0.3658735066672902,0.2744990394166514,-0.8496252345870154,-0.26253345545144346
14080000,3.2389744689841153,-9.908092140664563,2.2295604018055113,14.543916797127531,-2.8438253681674093,5.84243236432383,-0.6956047296604043,-0.7954221121065449,5.931043394830162,5.931043394830162,3.2391968211378295,2.429808634463232,0.6691201060490972,-0.41365831657955915,0.2780212118846826,-0.8347335813697968,-0.23411717365518153
14090000,0.9609960556641352,-6.660627191624888,3.626164219204153,6.867975717908633,-4.3627294521126565,-11.539505712077041,-0.5501306848511909,-0.645591358518757,6.106981852870852,6.106981852870852,3.2070068219645482,2.4319368218388098,0.679950189903682,-0.44168368335676456,0.29299736910995844,-0.822423840044687,-0.20660854986470273
14100000,-1.418945996879249,-0.7626232454589795,3.593581585657572,11.489012508011063,1.3088721980210603,-5.753506740849319,-0.3990776018991617,-0.5070972295467294,6.282909761241733,6.282909761241733,3.192898858389615,2.443298666634667,0.6902816024720293,-0.4434126457570175,0.3071525285967419,-0.8189761019142445,-0.19575672211379733
14110000,-2.981025383041518,2.835944176021266,3.374037390378858,14.704793401460426,1.7318250732359253,9.227959982946095,-0.265144737211569,-0.404357390805681,0.17564517786257738,0.17564517786257738,3.160161598560346,2.442601065499235,0.7006258505911549,-0.42446006496455396,0.31971346210576834,-0.8241749735680974,-0.1958381176958565
14120000,-2.6157516816170276,4.891835386532099,2.6390954559413937,8.089128326496674,0.645778139471081,3.216248852339422,-0.13930087492838256,-0.27919454271352206,0.3515834451687283,0.3515834451687283,3.1431259532902813,2.4512112043735153,0.7068835704528151,-0.4013490590276885,0.32959260273488195,-0.8307611815156536,-0.20030853283560052
14130000,-1.2564242447068892,6.777708300523448,2.0666618382232373,3.8542300665380798,-2.990168572974281,-11.156171131828469,-0.001864270514053491,-0.14491162729346438,0.5275211381366773,0.5275211381366773,3.1126119199689457,2.4512563242885994,0.7146644340978636,-0.3733630258853217,0.33538357533420404,-0.8403178766703323,-0.2048994251970151
14140000,-0.04855779989582678,8.400779328435958,1.653216490003298,4.554332653023491,-1.4378922764277045,-16.18979505080061,0.14392592950961214,-0.009402912772020235,0.7034503347851739,0.7034503347851739,3.094245173687976,2.458760542819281,0.7173599517499982,-0.3403136690241075,0.333989433597685,-0.8531991186061968,-0.21139756131530196
14150000,-0.2665700487862928,8.440390084933759,1.2306203696939764,5.409244409751896,2.3688178318058926,-15.582224645176554,0.2961560231086176,0.1312298047288617,0.8793709607951996,0.8793709607951996,3.0641849065227262,2.4601229296514724,0.7212173723254605,-0.3080844422526978,0.3312376087895725,-0.8640579420617304,-0.2208381663690809
14160000,-0.6857886570408007,8.947341219505075,0.96695331649605,3.9937193189556535,0.14308970834206583,-17.48493368517339,0.44995858722392806,0.270123840124812,1.055291151043349,1.055291151043349,3.043857446840608,2.4670510393029703,0.7223499288034858,-0.2723622343904467,0.32989920905750686,-0.8735769605132142,-0.23205305255817915
14170000,-0.600733336943705,8.873897762964308,0.9032917965039823,0.7081585165560601,-1.970879469737056,-20.929479722271648,0.6065852142804808,0.4044753597448334,1.2312286643534094,1.2312286643534094,3.01250274841121,2.471549656000259,0.7231176376692829,-0.23553058032788254,0.3290486856206084,-0.8817883722417191,-0.24228407871971336
14180000,0.3037523197145118,8.548763899174512,0.9834112309796029,-1.908925948644968,-1.3399567322550803,-18.478987847353725,0.7495753181807451,0.534147670564409,1.4071594584042373,1.4071594584042373,2.989253095649898,2.4793702829639988,0.7213083249612142,-0.19964489790783335,0.3248056694294332,-0.8899876480996396,-0.25013032218413783
14190000,0.6332423992573462,8.855468267167824,0.9089185100220031,-3.3037210275080535,1.8380411593259018,-11.615298730606437,0.9069112113519746,0.6505123726033348,1.583085960261684,1.583085960261684,2.956889401568233,2.4852383940730727,0.7182694798235691,-0.16147143286351798,0.3161137667591701,-0.8983371422445503,-0.2588231861681371
14200000,-0.6574623072645033,8.91356181055445,0.514676352787639,-2.6485986882328874,2.0288977366028353,-6.937503235636328,1.0974240841569385,0.7327158098526462,1.7590184688570218,1.7590184688570218,2.9308518913635413,2.4932126364832423,0.7134280409571536,-0.12062386672494164,0.312923858152193,-0.9026090205976,-0.269861997530796
14210000,-1.3966380512931,8.081949745091604,0.23932770110008808,-3.7583675932215797,-0.3513075725299971,-0.014551166133370342,1.1068685761108645,0.7903738550335324,1.9349371081046627,1.9349371081046627,2.9012070483379677,2.5010501404668117,0.7077044441936504,-0.07855781843019845,0.30956518533386834,-0.9051011756698464,-0.28069543457947016
14220000,-0.2809203817937364,7.418133279451306,0.4551152360250414,4.0030417219104,-4.792823884250647,8.683423537653303,1.1565235801457612,0.8590695590836444,2.110866299974731,2.110866299974731,2.8753299675180766,2.5099265826221595,0.7021142353958618,-0.04547842290647178,0.3000082644616289,-0.9074609639720584,-0.2905879439542598
14230000,0.6571175857982644,5.622351902238758,0.777541931339721,3.320656431761792,-8.16023178937648,12.453986848293535,1.0717566379727788,0.7955141159827699,2.286795597852432,2.286795597852432,2.8490128693113945,2.5205819089565438,0.6969989088047017,-0.019110143132334848,0.28894593150812564,-0.9105734332257832,-0.2949594443271375
14240000,1.209922459596831,3.4111750538851346,1.7135136520052068,-5.780735266641682,-6.167197303623205,9.742582754739518,1.0072247640170018,0.6855054866104732,2.462724856058429,2.462724856058429,2.8244261783785287,2.531474573730206,0.6929492518198674,0.004263778820474622,0.2766969725452509,-0.9161676327602912,-0.2899266704821533
14250000,2.454242227833029,1.0830610908621114,2.979745949877342,-7.8024469649317725,-1.5613671421744992,5.098233001184464,0.9644393787386,0.6859580677136254,2.6386540304741573,2.6386540304741573,2.800420566753146,2.544014530812794,0.6886651084886655,0.016295818332461322,0.2606706504610823,-0.9249700357909056,-0.27607189495137385
14260000,2.4905411137539675,-1.2269648664264126,2.996326621400413,-5.5816705265649995,1.6746247966326686,3.7371858561716356,0.8751481160682193,0.5820537363419838,2.8145832941345077,2.8145832941345077,2.773908911460452,2.5560708662410114,0.6829684899563702,0.01565184043163407,0.24559962993454554,-0.9337912251499293,-0.2597494744943884
14270000,1.614788419051643,-2.5329536849050296,2.116780236356829,-1.7631206043365413,0.9967573497164995,7.581176664714516,0.7794540976402441,0.4801076800313671,2.990515996770881,2.990515996770881,2.7534713504554515,2.567537810411575,0.6763756979429529,0.005687084129412669,0.23457143605707573,-0.9402349610007492,-0.24678354193938049
14280000,1.608962721278818,-3.3578807757778155,1.6059310413657717,0.35774988689212633,0.1979741885805312,12.618146806613948,0.6720552522629119,0.38559964398047253,3.166457151888693,3.166457151888693,2.7355679931646586,2.5794138014687564,0.6683444189117576,-0.010772236209726054,0.22405018527028464,-0.9455729249950484,-0.23574841870880403
14290000,1.0571803895197083,-3.5023326095745566,0.9809697543660338,0.9023432406070213,-0.6879133762743325,15.610403435786523,0.5734731432415724,0.3118606362650782,3.3423750741544893,3.3423750741544893,2.7164162426338625,2.590398929350187,0.6609237193424096,-0.027764223801267692,0.2161384992340623,-0.9490484878350394,-0.2276406483112926
14300000,0.37730369783533796,-3.2962933546711883,0.46423453446174484,1.9784493341308014,-1.7929249476725742,19.30269075425112,0.4474926995167107,0.22586463298492113,3.518317529539587,3.518317529539587,2.696695447846706,2.6011910700304925,0.655103716323804,-0.04364260867859935,0.21099553530384557,-0.9508527140877411,-0.22238552763511157
14310000,0.43911591451364856,-3.357016878572624,0.3328796403556035,3.2791533087514857,-1.663911238041909,22.596174228247364,0.3492889436771539,0.1322400720577682,3.6942438209315185,3.6942438209315185,2.6793325443797484,2.6157162154377045,0.6504407268772603,-0.05962850814534104,0.20538628879154422,-0.9521953933744691,-0.21813951093104963
14320000,0.25491427627130053,-3.509641099929866,-0.138676574596424,4.20173822894696,-3.465947346720977,23.86382986883906,0.2600503007814225,0.05313885058410163,3.870158967623837,3.870158967623837,2.661540942819977,2.6308492605552183,0.648207345841882,-0.07497619546836551,0.20004586181402906,-0.9528876640009809,-0.21532608545860307
14330000,0.21037369087333602,-4.49158675272256,-0.6800753965016448,5.694807661705634,-4.0647470150615925,25.209445749645916,0.15975383437278554,-0.03484795071721506,4.04610109374363,4.04610109374363,2.640607586088367,2.6425978708787485,0.6481338551227138,-0.09682139800767908,0.19572593914204084,-0.9521334533246812,-0.21391320832249183
14340000,0.5892465569961004,-6.796942934128069,-1.198209912912179,6.306437589777072,-3.0877497961397062,24.765540484307426,0.046266880178860874,-0.1314789988208123,4.22201685425577,4.22201685425577,2.6177489739373527,2.654095011846076,0.6500643754027904,-0.13169234866527077,0.19235024568013132,-0.9486856738195966,-0.2136679680702654
14350000,0.8188978734513618,-9.587396204741733,-1.7389588719723148,6.425488415295231,-2.7706434483541873,24.46502464821994,-0.06974450667316334,-0.2447850913672599,4.397946208613774,4.397946208613774,2.5970640155550595,2.6676966914009874,0.653209398499653,-0.17827112004539067,0.1903389003372898,-0.9416096770639762,-0.2129829261598864
14360000,0.36940402767941244,-11.926454983348453,-2.3008626808452717,7.905174041069948,-3.428035930622065,28.40518097866069,-0.18074423231743159,-0.35083952013202024,4.573875246048175,4.573875246048175,2.5741781532464025,2.681950472833517,0.6586455084940863,-0.2336747874516761,0.1929548956336678,-0.9289436582906505,-0.21266918366796259
14370000,0.14290669132049544,-12.77976389886419,-2.4061879802453876,7.590942584165529,-3.4123237168366556,32.96254131423717,-0.31326168299669577,-0.4677735998752969,4.749804359842358,4.749804359842358,2.5525328222746815,2.6963206353581133,0.6646210690209633,-0.29026714352033306,0.1983739994776111,-0.911957705331523,-0.21148495315333057
14380000,-0.023369189182107918,-12.536437545727798,-2.457444345313269,6.422684573644819,-2.583082117566957,35.97745129827968,-0.42106844875198546,-0.6224104063050313,4.925733661755771,4.925733661755771,2.5277140589714477,2.7119560494514956,0.6728708220520121,-0.3444137456327715,0.20433582097854738,-0.8918109995865338,-0.21047371593787015
14390000,-0.5459409102998145,-12.136982183376283,-2.3948179998498063,4.235485093609604,-3.441721646519741,34.849790011293436,-0.543378120943672,-0.7388447825581568,5.101662678891103,5.101662678891103,2.50470441911765,2.7273074177557386,0.6830793408371099,-0.3949268571834133,0.21269567280487606,-0.8687997460397182,-0.20971487674133693
14400000,-0.4561412178645985,-12.608293064659014,-2.034997818337038,3.535553035545255,-6.907501710582567,30.662425258345024,-0.7039417934002986,-0.8731238862287157,5.277591851445436,5.277591851445436,2.4770163140961095,2.7448938276600074,0.6952239618305016,-0.4457768695885412,0.22237211414823987,-0.8423792093462158,-0.20550156459338023
14410000,0.6755561453358877,-13.344899843199272,-1.9976427833067942,6.744334708059298,-7.6483266288662275,23.84561850925457,-0.7972201187782667,-0.9196825230629408,5.453521140382406,5.453521140382406,2.4534338380720095,2.7592529771028387,0.7066329885682425,-0.4993668456624858,0.2276824466386917,-0.812434478391646,-0.1968341313548356
14420000,0.03534891912659802,-13.466549517876347,-1.7618413272644835,12.241934431837972,-4.747176493323424,14.854319037668121,-0.854313610707694,-0.8660745261503148,5.629467686801036,5.629467686801036,2.4242022919079482,2.774986915258265,0.7185441495562928,-0.550961207213102,0.23612917970025415,-0.7781222050461102,-0.18764485778871118
14430000,-3.2187635630239235,-12.025076785950858,-0.8531686568158291,18.091491833196706,-8.458619647033613,9.122621621813952,-0.7672823388282328,-0.8279704734709554,5.805379245329732,5.805379245329732,2.400579793625177,2.7876879984354397,0.7319450338201414,-0.5905521702081208,0.2604777355775536,-0.7416798632452751,-0.18251154480563436
14440000,-3.2836201357846413,-10.22098430387099,0.2679024410704459,26.99053833957429,-7.898123449786158,9.892697320755822,-0.6744750665094411,-0.7388527441509737,5.981308707551534,5.981308707551534,2.370937517204917,2.799724150575976,0.7469253293773888,-0.6227439921000585,0.28238757789468516,-0.7077592528066237,-0.17755003863887242
14450000,-5.290866694799853,-5.196852656634694,0.2584729566195248,23.7723531642902,-3.8812379875527676,2.9946027040274275,-0.5153242506867174,-0.6012369364154202,6.15725525890133,6.15725525890133,2.3452472668860858,2.813128604543976,0.7628627558072125,-0.6376709430663865,0.3046884896955008,-0.6822197362807484,-0.18739510144325064
14460000,-6.382049911259247,1.3628037784627571,1.4444139258075868,20.652094414245138,-5.111126246638707,9.698230299430287,-0.36399919067545705,-0.4468839215295056,0.04999840527742805,0.04999840527742805,2.310156224125326,2.8269340317331992,0.7791753534102894,-0.620842845522634,0.3285787568882926,-0.6814130216972041,-0.20558807248133112
14470000,-5.9968307972868695,5.003706368653073,1.3215691103960137,13.554504246941079,-4.340959197427157,9.065414366014622,-0.22278411065045775,-0.32236128026640776,0.2259108414568587,0.2259108414568587,2.2843111349871768,2.839699527600263,0.7963684011658987,-0.5929652842901091,0.348080237217667,-0.6896360624780254,-0.22723208711589946
14480000,-5.3980307878808755,8.329180477816848,0.33554519465005245,3.0316883004500648,-6.173467519512291,-5.720524383456251,-0.09874717383976775,-0.1804248229462761,0.401839988601445,0.401839988601445,2.248704196598669,2.8516795896402076,0.8107142562756751,-0.558580407727781,0.36310303085020756,-0.7020199503750865,-0.25161897059923843
14490000,-2.591178223873594,9.92869372898493,-0.32104138122327236,2.904672193630972,-8.811199492789058,-13.47344747816989,0.04428593752939648,-0.0367615731771029,0.5777849093073897,0.5777849093073897,2.222822341697941,2.8633755430128724,0.8274958138852682,-0.5231914332778822,0.3635369677110783,-0.7205226553497521,-0.2737858659241053
14500000,-2.42333346226805,10.32524206167333,-0.753655242484268,3.5591333487060055,-3.7129109609247863,-19.093157871936114,0.20575765330668033,0.09958156280311961,0.7536984634006458,0.7536984634006458,2.187272708025423,2.87188525435016,0.8407233966776178,-0.4880852094349069,0.3598969088246642,-0.7368660429784075,-0.2987900233519822
14510000,-2.613316412227837,9.293059681118908,-1.6165202525446252,-0.11506480220858156,-2.7006228867278366,-25.604521499216595,0.3545935725279509,0.23668837066064796,0.9296273746027524,0.9296273746027524,2.163852150199648,2.883423269361385,0.8542891648162652,-0.45718912321373006,0.3556320339311617,-0.747442652260399,-0.325320524466235
14520000,-1.5163990376023782,9.013181430047325,-2.2799672485596534,2.3826274450500753,-3.0414849648532347,-24.369706928494054,0.5091151842699564,0.3647507721033747,1.105573952265253,1.105573952265253,2.13783239095224,2.891467436447967,0.8604502609270732,-0.42953424964925613,0.34555938422840393,-0.7570094867830616,-0.3507501636070647
14530000,-0.005650156779231497,10.166780577362678,-2.0351935461508255,4.151561577165915,-5.578371126023143,-19.02295300046669,0.6633165494759767,0.4988245928573339,1.2814873703050935,1.2814873703050935,2.115677079544216,2.9025888374343776,0.8716232169121005,-0.3984268457517689,0.3281353214192797,-0.7710346928014592,-0.37294605765166855
14540000,1.9553766409103688,11.594898080335563,-1.519083140010986,1.4309525587350649,-2.588890777084533,-17.829461294278374,0.7698440081287027,0.6034486620672761,1.4574150102802506,1.4574150102802506,2.09529050204356,2.9090831009438944,0.8770926122442861,-0.36419240001680164,0.3005021742422524,-0.7899873051613243,-0.39112964184478494
14550000,3.561337835107679,11.371223706701029,-0.41177738760919785,-0.6539509587616357,0.032578195758832716,-16.07691033821995,0.9359675382602293,0.7140599270439697,1.633357518068273,1.633357518068273,2.0744656763269758,2.919889824489557,0.8843251606526437,-0.3318427381569779,0.2676612072235182,-0.8107930756952697,-0.4010641640495108
14560000,3.0858129696717596,11.313389735376798,0.15287142497187842,-0.7534959895637249,0.42226180313895406,-12.774506984921556,1.0628988715336027,0.7915605529223059,1.8092908523191582,1.8092908523191582,2.0606281163474667,2.9252708951237665,0.8827456866412584,-0.2961493367485136,0.23647878630657004,-0.8303446999462442,-0.4085352288867741
14570000,3.233094628534565,10.538317233670073,0.8073510197371591,-1.029753507426555,-8.303934184494162,0.8971995590010277,1.1386298324605841,0.8227885958225395,1.98521993658742,1.98521993658742,2.040911731298241,2.935781878930504,0.8868488467563136,-0.2532795142386428,0.20798158518177814,-0.8513701680203206,-0.4095875790320833
14580000,6.059165141551213,8.723988319940464,2.3996801403414465,-4.1376987079490055,-10.935592558079609,0.30444890698265864,1.2057325149765612,0.9125266249808212,2.1611491052838474,2.1611491052838474,2.032756483387549,2.9401761475431205,0.8829472829535872,-0.22177105919175202,0.1708313763697089,-0.8734355737640422,-0.39842758016492485
14590000,7.286187876928636,8.296541701813737,4.664700015744954,-5.190211731718337,9.446805823330685,-4.448219330004432,1.1008035663265088,0.8628523877250059,2.3370783793624597,2.3370783793624597,2.014103310544008,2.950406000562533,0.8844794900354986,-0.19741035636194718,0.12239503701957029,-0.8962176190534464,-0.37794521482907906
14600000,6.425860777771771,4.503085606193859,3.3975504360039825,-9.979966594107749,-21.076495684706558,3.442148698417049,1.0590859126092953,0.8060127709188791,2.512991484574094,2.512991484574094,2.0114974774123726,2.953965753836847,0.8740722122572588,-0.18145431393118092,0.09265895189989294,-0.9114116427207961,-0.35751568930825656
14610000,5.6429212737079935,3.0265983598266373,4.885916523325203,-10.54339053862745,-0.27298362076245647,-0.24947929554879372,1.0079492561509327,0.7099580311997393,2.688932271107582,2.688932271107582,1.991974300520672,2.9641009752130407,0.8733852029623106,-0.16885182664852758,0.06365761370347424,-0.9260458860421591,-0.3314751661880987
14620000,5.921893034502435,-0.5025818733816839,6.52029201563779,-6.833711393221409,-2.758106923025748,4.037002725380003,0.9296629319734697,0.6114064043235904,2.864850434208144,2.864850434208144,1.9764231534254193,2.9689991569270564,0.860811016062746,-0.1714778177808346,0.04238986132411086,-0.9387802459995482,-0.29578726711451503
14630000,5.927548352054402,-2.1408339602698567,5.802596149501336,-2.5647386269267427,1.0529932418838945,8.010729199313289,0.8240482925437873,0.514084671834632,3.040777682947727,3.040777682947727,1.9577478139979825,2.982659855110569,0.8586502457158693,-0.18230227430861423,0.019402402130417908,-0.9471121913611672,-0.26337791203615446
14640000,5.05004796225514,-2.8095494625626047,4.723773155149035,0.7113994514905526,-0.17875930750465188,13.174482506100158,0.7066602333551327,0.42340501009634324,3.2167220543717363,3.2167220543717363,1.9381051386509747,2.993257702306522,0.8451438350944978,-0.19446859044282472,0.002924071280418704,-0.9520291671666022,-0.2362496179941757
14650000,3.914220995349828,-3.2368390278693155,3.94039680675637,2.1900632970054335,-5.51388549968777,19.13769665590538,0.6089262627365256,0.34054022418540314,3.3926409275243614,3.3926409275243614,1.9182928910580335,3.004086090279388,0.8438286556390759,-0.20868128129733918,-0.0031027357285060547,-0.9545439694480525,-0.21281049376723696
14660000,3.072406756216904,-2.72132097209037,3.0803520827134174,4.479977262058932,-1.1550672306430352,22.31370086204031,0.5045439562715865,0.2477452056870183,3.568565326680961,3.568565326680961,1.8952222981416502,3.019344345894029,0.8344307043760657,-0.21821354819303476,-0.008807001536899168,-0.9562632793684234,-0.19459143002836501
14670000,1.163731877860164,-2.277827775060292,2.5334431155448947,4.110164444013449,-0.3290373862710975,21.952761049185554,0.4161360600588368,0.15245830638406432,3.744507335355742,3.744507335355742,1.8748816159143538,3.030123124777761,0.8354925545141956,-0.22338951351667144,-0.00754588902476791,-0.9577040391015169,-0.18122681451223277
14680000,0.5388274527340199,-2.1631454851556238,2.0858363532850355,1.7895717514621614,-3.7627561632480373,21.38416156384237,0.32795987832338236,0.09294498512144014,3.9204414523472693,3.9204414523472693,1.8344223008115614,3.036826147715276,0.8291474715234111,-0.2279072313947928,-0.002495614328738186,-0.9586785474477783,-0.17025718325668568
14690000,0.21362818965455235,-1.8737287821812494,1.4385950687963054,5.115177535864982,-4.917613685669796,25.457309972072427,0.2299062879373069,0.016147010966017557,4.096370495162809,4.096370495162809,1.8133735346925397,3.047461472437262,0.8326674549714388,-0.23131529567906228,0.00419905678367759,-0.9592293144564434,-0.1623413816451522
14700000,0.050340642747068565,-3.8717001564423814,0.5301501769111865,9.256559560139578,-3.2270985829109273,27.261153483297576,0.124398910089042,-0.07453665209834148,4.272286923761477,4.272286923761477,1.7657736228822247,3.0426825613529616,0.8323003081872122,-0.24469617990646222,0.012904263593460466,-0.9564438648368025,-0.15865810075862827
14710000,0.3040032632959888,-6.28809366919583,-0.19516694508553417,4.8972113824045795,-3.915992901819959,20.885138944680648,0.014718074375645604,-0.1710017848845966,4.448211425057345,4.448211425057345,1.7176320137017824,3.0365037765887593,0.8388464233636939,-0.2690695265819133,0.020144330751799524,-0.9498640407467559,-0.15796866746222907
14720000,0.3247464501670717,-9.574703530128362,-1.086707252210102,7.826083224139543,-3.4474768521931605,23.68035082123754,-0.09040478034902298,-0.28352011006274297,4.624140745752847,4.624140745752847,1.6930423925728453,3.044993973923492,0.8411788674045313,-0.3087887221439395,0.028279275709802446,-0.9370158336152992,-0.16078288216183997
14730000,0.508839092099704,-11.615495452417344,-1.5403473760507849,6.42557686116208,-3.38305875616562,26.11380181179786,-0.19564628314925556,-0.38555942805553445,4.800069920481441,4.800069920481441,1.6420734989525088,3.03201426660139,0.8501501804589138,-0.3572422297257622,0.0345349725704863,-0.91867859889522,-0.16496956356260767
14740000,1.0698023119008833,-12.748659163502296,-1.5755958059093589,4.562026612385462,-3.326020636115666,30.065129558820466,-0.314046135007092,-0.49812095396182166,4.975999171983496,4.975999171983496,1.6152338284579668,3.038571615550412,0.8529937976266893,-0.4104795400706184,0.03796445705320909,-0.8955129336190213,-0.1676956555940643
14750000,0.48716390819841643,-12.593432415249806,-1.6190028388450752,4.492832303798409,-3.8041826725515784,35.189756930398396,-0.43015706950651145,-0.6224236396566722,5.151928469820042,5.151928469820042,1.5722203200725486,3.03245438956009,0.8643270670966052,-0.4614864798214536,0.043443922236057184,-0.8693629369450563,-0.17132115581275037
14760000,-0.037995443495993764,-11.897946107099779,-1.5647139316023153,3.9097182437737588,-4.081491375531058,35.46577764855106,-0.5674188570646901,-0.7687333425788612,5.327857690782913,5.327857690782913,1.5443604615106672,3.038245989225796,0.8728967588714787,-0.5079313932953406,0.05049457607190922,-0.8418214080441961,-0.17547852988573723
14770000,1.3814240495082761,-12.36950942874821,-1.5064725415756683,5.110345000227785,-4.726191785927352,31.895336194265806,-0.6685706115683064,-0.8343142062701776,5.503786800808236,5.503786800808236,1.51006350286197,3.041754943202477,0.8863216657146298,-0.5563874850349072,0.05205242203516133,-0.8106610562325677,-0.1747917725887067
14780000,2.3900652575420573,-12.21599806765565,-1.5303242061299411,7.900660452128335,16.27639213170512,10.838833853219363,-0.7241162217654337,-0.801888774864957,5.6797161082714425,5.6797161082714425,1.4822495822119406,3.048025013349941,0.8919791155015853,-0.6062715923747038,0.04349302970652692,-0.7746969618521641,-0.17432076738993235
14790000,0.014729995058144183,-10.073290787070144,-0.059800062888962405,9.421191882784564,-5.107382983005596,0.5463672936808794,-0.6451165059685322,-0.757900843790883,5.855645351162629,5.855645351162629,1.4539439070179372,3.0556763704251564,0.9052997024530423,-0.6452681112901082,0.05694132226220212,-0.7430106611151258,-0.16829114011258142
14800000,1.482741638131622,-6.80971321043379,-0.08596830808557791,24.240796174611567,-3.117128960689671,10.645619763185747,-0.5390926975500375,-0.6654599103516431,6.031586743381105,6.031586743381105,1.426660157425855,3.0624767410020355,0.9099698262457041,-0.6682809501848972,0.0594287627275689,-0.7241018245955698,-0.15982910059813318
14810000,-1.0827032959392446,-5.466092824183174,0.7447296818352545,33.579939971417176,-10.001063238842873,25.30111114706804,-0.45040385705443176,-0.5391263591869885,6.2075213404516845,6.2075213404516845,1.4023335075806473,3.0674075427821608,0.9253258726782478,-0.6833355903566634,0.07221421244263307,-0.7091405484411674,-0.15797867270540367
14820000,-1.6057906029926294,0.11824515240047834,0.057289291744029115,15.795408314340134,-4.526900053185236,4.74683807215742,-0.319211086374331,-0.42022185302056964,0.10026516422358611,0.10026516422358611,1.375838940390935,3.073685339708299,0.9322312597534728,-0.6803752842608053,0.08301825910537522,-0.7106396017461676,-0.15870979066267363
14830000,-2.517688428326148,7.011104370032898,0.5882254964486322,10.28978407005836,-1.54272077194479,0.5957729951522199,-0.17396812472368972,-0.30665378873557386,0.27619434691713707,0.27619434691713707,1.3533080725542428,3.0796367039465706,0.9486976643630023,-0.6517641957692346,0.09404772249803434,-0.7347511025045567,-0.16278598334793434
14840000,-2.271356009295269,8.706732088709593,0.65383357238432,1.7739257994246993,-1.6152831916091575,-6.8208674443912845,-0.03624737181230243,-0.1680487088398794,0.45211169052505795,0.45211169052505795,1.327502172334842,3.0860346861179724,0.953356438034028,-0.6217107527537709,0.09997687365216648,-0.7582057612182033,-0.16912831903795195
14850000,-0.7209078365233083,10.712576594240483,0.44430490192945327,-0.030462356863131333,-2.731410998770683,-13.328552434992176,0.10279696784083037,-0.021277008008830225,0.6280351217616413,0.6280351217616413,1.3086437101326756,3.0920420056162246,0.9672152887214658,-0.5854064088476767,0.09701440930726628,-0.7861429080661994,-0.17282033724087043
14860000,-0.17719582302274892,9.299678694881967,0.25501858082451334,-1.4460060987318102,-0.23234282565321515,-21.33374605285985,0.2602498729108237,0.10704792141555482,0.8039643170323671,0.8039643170323671,1.2842820260576366,3.098406484207343,0.9709518558257038,-0.5545752820371561,0.09151403504811076,-0.8082299962708108,-0.17560099962900902
14870000,-0.693480452167679,7.8657483428293835,-0.407164749689945,0.6635117916955089,-0.6692728896824667,-25.930718683367477,0.4130286173617226,0.24292880663968,0.9799042491825531,0.9799042491825531,1.2627181775696923,3.0991479012478096,0.9811056737677237,-0.5286736549411759,0.0875395019318655,-0.8245283828943399,-0.1816423628295564
14880000,-0.8346339185446686,8.025558295657476,-0.7908347973566099,4.25634397605712,0.22402410899562,-22.37970888473661,0.5567288280806126,0.3748174285864961,1.155840310757256,1.155840310757256,1.2381271128996798,3.103725718213529,0.9816693628356323,-0.5015414048155786,0.08261813830084475,-0.8400480431182995,-0.18960418701187468
14890000,-0.6415751303078442,9.365940458595393,-0.7655946570050147,3.919664386397019,-0.6634619469235044,-18.099605770059952,0.702136232403424,0.49736489598168265,1.3317589417759592,1.3317589417759592,1.2219160320000002,3.10769768695606,0.9879887446418436,-0.46822147524133056,0.07589989437912821,-0.8580132135192172,-0.1970309152962942
14900000,0.21679558380220448,9.246869999941529,-0.5521207166619042,2.317038398738739,1.7754346352350323,-14.404229217213548,0.8522157380819267,0.5940469619889468,1.5076916087334808,1.5076916087334808,1.1997017614195729,3.112979833424995,0.9862657197684492,-0.4357093883564702,0.06464519708087517,-0.8747658407886096,-0.20189861609679854
14910000,-0.8859539430979934,8.91374698807673,-0.6218909300969941,2.3282585708300796,3.4328387575649164,-11.048378826264178,1.007083216051153,0.6641656894886571,1.6836181645292783,1.6836181645292783,1.1865779963176892,3.119507098565978,0.9891906207618812,-0.40283384147191326,0.05711255058511893,-0.88913574842491,-0.20952487585849747
14920000,-1.578614359859423,8.88254535228732,-0.2445954935027839,-0.24158344823417785,7.078559919641919,-6.464993561577393,1.1617569777776966,0.7144976943161294,1.8595492684615493,1.8595492684615493,1.1664858222219572,3.1256647297659494,0.9833798394677993,-0.366003645111423,0.04934851045482346,-0.9033463273851116,-0.2181088468652122
14930000,-2.661105458375986,7.665331049730986,-0.9058447152517328,-4.320318032706123,-4.697855345754867,-3.6259391752817547,1.2550439670137605,0.7611837179174473,2.0354769087409323,2.0354769087409323,1.1431386577022664,3.121113844177194,0.9824841033162661,-0.3275870770754926,0.05375052087306489,-0.9152995761126798,-0.22808830396791177
14940000,0.9134483153437526,6.037321052425791,-0.17799053410911603,-2.5865966950999897,-6.994672495784415,-0.08328107896079363,1.274600804461135,0.7665485623418381,2.2114070550755542,2.2114070550755542,1.1193960346762286,3.1222304717898743,0.975168563939586,-0.29774715491537435,0.047979180237240786,-0.9260385404178559,-0.22693005897044483
14950000,-0.7851280114943641,5.435506269055634,1.0175009612565074,-2.9916906908101453,-5.421712746572719,3.858340503107237,1.2345667691121842,0.7228267757438629,2.387344896817197,2.387344896817197,1.0991733502705365,3.1207080291808444,0.9719486573302083,-0.2661717995072561,0.051260963402838616,-0.9363127254710607,-0.22325628076055565
14960000,1.5292600285373186,3.1304340296750177,3.4593692393415765,-3.3516843309126414,-4.244829158634996,7.704017923976864,1.1605555462418966,0.6941766548994962,2.5632741612970023,2.5632741612970023,1.077082251816849,3.1224290004504143,0.9636703571617222,-0.24595562727582024,0.04707717680762904,-0.9461764701692746,-0.20503574355022308
14970000,2.329351426143108,0.5819215203783492,4.07582686398635,-6.048833038555075,-3.334257512970934,4.416740304004781,1.1002441994379235,0.6191122824756591,2.7391943333765454,2.7391943333765454,1.059493339554102,3.1254419195936687,0.9589444146631119,-0.23807265907121364,0.041909458660037806,-0.9530098627489659,-0.18258479613807205
14980000,1.709691566852733,-1.5717660158533302,3.6544694150329198,-6.345509778042194,-1.8610971631316933,3.2271131667826625,1.0068400388974703,0.5135058814092167,2.9151148435340275,2.9151148435340275,1.0392184315144533,3.129114190521296,0.949688020321724,-0.23970113631607637,0.03991067274659946,-0.9562940168088472,-0.16264149798036207
14990000,1.8739188352274256,-2.844148030390818,3.6409701317055836,-4.601261718762001,1.4073400338170745,6.8704155132383375,0.8897411172501618,0.41760145830570555,3.091043986721971,3.091043986721971,1.0238029946192237,3.1365177854862223,0.9430838819854199,-0.24780028494666104,0.03534573934396424,-0.9575653259610085,-0.14287877381812142
15000000,1.13196215553135,-3.2175227941667903,3.2651098912632492,-1.8858769806499358,0.6253470556418571,12.080512735739159,0.7748792751406532,0.3263178940198366,3.2669731725398634,3.2669731725398634,1.005405395089852,3.1427576667378627,0.9363863184823205,-0.25687135074973755,0.03487987677396305,-0.9576123408977134,-0.12561491918016807
15010000,0.36710961414731186,-3.0020058376139436,2.8830192655337585,0.22613736931273867,-2.303256047948651,17.132863462020254,0.677330813721104,0.23896647358057765,3.4429023714706233,3.4429023714706233,0.9894187407704004,3.1500463729230033,0.9314338203166683,-0.2641635544368179,0.03955687548518461,-0.9573054165771927,-0.11054053329491266
15020000,-0.015373099168800317,-2.2100017467858053,2.744872846014247,2.5229676670850534,-5.0176764663527695,21.954792159057874,0.5877245867235705,0.15054258273147778,3.618831519347978,3.618831519347978,0.9713235103777534,3.1564761277858535,0.9268831929033308,-0.2676302834876612,0.04685339153024764,-0.9575569221795296,-0.09624724332932316
15030000,-0.7209133240134014,-1.4388901895824973,2.45446576073281,5.704416272718217,-6.681636236759697,25.587461940086257,0.474506244632051,0.0712203730274301,3.794767925758393,3.794767925758393,0.9560033340910937,3.1678291131528558,0.9245068747369523,-0.267331625367763,0.05759606097812161,-0.9581998031179694,-0.08408111049884684
15040000,-1.2875251683716225,-1.8116749215054486,1.9714656113931759,7.804493192871813,-5.850918574458773,27.06639598680008,0.38320973890717064,-0.012808826440618074,3.9707002225821526,3.9707002225821526,0.938968690215147,3.177488125160241,0.9254155470831253,-0.2684592288607874,0.06969652140817616,-0.9578437652595372,-0.07488229895311604
15050000,-1.183794728247977,-2.471142530215794,1.5768018376847033,7.946205563566405,-4.809097652707803,26.413166946549023,0.27363694553073287,-0.1102502629765999,4.1466189664847235,4.1466189664847235,0.9224308832572643,3.1887944698477066,0.9280917191527904,-0.2725691932637454,0.07980442380183007,-0.9564553139816724,-0.06730914634304548
15060000,-0.7521619998354688,-3.7698415003820376,1.1275987724012921,6.8603646644145515,-4.038960376885792,23.30915934350527,0.1524897696347868,-0.19716034070321392,4.322554069739809,4.322554069739809,0.9049828216233061,3.1989815151410697,0.9314186447999078,-0.2832067438717037,0.08676055389761832,-0.9531883645525983,-0.06081519706873419
15070000,-0.3201635776716901,-6.466587169336031,0.39467958633486283,5.891970519627426,-5.103500557034646,20.173732136928475,0.046231080705110415,-0.3132223165027103,4.498489421058892,4.498489421058892,0.8848378995402317,3.20670214200228,0.9361581468133442,-0.30730628905980845,0.09245343745696516,-0.9454784441428196,-0.05554924183059343
15080000,-0.02139764458918769,-9.32418930029071,-0.39795554120058035,7.450635146546588,-7.315742006732085,22.59040100727766,-0.07525937286459822,-0.4216749760100546,4.674406647635536,4.674406647635536,0.8646183204400566,3.2142262775803547,0.9428157779988635,-0.3451659988842478,0.09698195928861818,-0.9320813393236852,-0.05176204856210262
15090000,0.22160022908670213,-10.644871340464329,-0.63325597190521,7.247915401783316,-6.357220753272754,27.055548620463977,-0.20177512394400265,-0.5620253183409681,4.850335654832421,4.850335654832421,0.842890992817179,3.2192012254571813,0.9508690202023056,-0.3887755881281807,0.09845208646384286,-0.9147851753575178,-0.0482577630295759
15100000,0.5472233486806286,-10.81975955030057,-0.36915880442148236,5.579688278981467,-4.23272046857148,31.157661175506156,-0.3328703326018746,-0.6999323758823405,5.026264664401154,5.026264664401154,0.8211985650952885,3.2242210187602978,0.95947718764707,-0.432591256060197,0.0973139351536129,-0.8952832851225975,-0.04315834317104062
15110000,1.149050324288713,-9.96797926271708,-0.39265889680599375,3.343429892384003,-8.184391214996616,32.197352031953564,-0.476544914109377,-0.8254728615054853,5.202193803642459,5.202193803642459,0.8046275876557515,3.2323402143477518,0.9693971809883488,-0.4720926854681761,0.09374783688446933,-0.8757788116521634,-0.03676020223085226
15120000,4.568569663220597,-9.221768159297254,-0.9944530368594794,-2.908040496830089,-3.385066779213496,18.614472396176506,-0.6575553383114757,-0.7012895167676624,5.378122944832015,5.378122944832015,0.7882896727464676,3.240569978283525,0.9790473189112552,-0.5093586715708539,0.07233589522906245,-0.8571305717082384,-0.025464583249952745
15130000,6.738761535899188,-9.39922731958662,-0.8556381255517996,0.7436451895581112,8.215423762742414,6.886797202071701,-0.6852075417682556,-0.9176306836462957,5.5540560626131,5.5540560626131,0.7753655241152774,3.2500216766922927,0.9881740650474644,-0.5479762913527647,0.03822199278611675,-0.8355499239447293,-0.01083457330425231
15140000,4.742420121205501,-7.885453803525814,-0.036898664643501174,5.197885470761289,-0.9634787440901466,2.524053154183016,-0.7375440608684399,-0.824056690665598,5.729998834275776,5.729998834275776,0.763597737060974,3.2599596910769018,0.9940401464291122,-0.5805349544389571,0.018374833372122715,-0.8140200338696677,0.003593971609502554
15150000,2.653466634579927,-5.094560066977261,0.47143107932739636,4.929622224089887,-10.095521416643464,-2.027451466511323,-0.6273221180501055,-0.7253504171966826,5.905924949283431,5.905924949283431,0.7518316860821911,3.2691158378182754,0.9944815658535924,-0.6002680904245493,0.013090304256732334,-0.7995697286999539,0.013968267580965898
15160000,0.3856811555924122,-2.845721108841084,1.1324518367065042,15.169117389459526,-1.6580621793901478,1.5933951022272947,-0.47878581530384273,-0.5835526853951608,6.081839555516993,6.081839555516993,0.7421542106946057,3.2789430398975585,0.999497176768068,-0.612404258249996,0.01185563910863007,-0.7902587750960502,0.017650401759977206
15170000,-0.6566752326650637,-0.25395967635028704,1.5279472782795125,15.867433206018589,2.6141349588534855,1.9737133352497533,-0.3379048177331456,-0.46685874643381153,6.2577685251677195,6.2577685251677195,0.7319445813146314,3.2880235092478998,1.004950821853247,-0.6183803244426299,0.012207907208589499,-0.7855151950210965,0.02055771715884834
15180000,-0.4051380731960636,3.557594877889718,1.499585404352318,5.0904892389047065,1.0161910874623703,-3.981069110910313,-0.24138432784685382,-0.3547792872363309,0.1505122065911948,0.1505122065911948,0.7250362054204805,3.2979386900476375,1.008364897708137,-0.6091622614329061,0.016765414248641662,-0.7925313278244261,0.02311611013711103
15190000,-0.25136806623599095,6.609750147393223,1.1714684219444031,-0.1419920273368656,-0.37933122398006186,-13.214661139947774,-0.0995408079602192,-0.23735287979091393,0.3264564154188676,0.3264564154188676,0.7167316615414824,3.3046784800534765,1.0133368294682186,-0.5889924269320096,0.02246624373879829,-0.8073970798923252,0.02632763358824052
15200000,0.4989822944335801,6.84891877187335,0.8943923898282948,1.555649970561911,-1.2478058861227868,-19.477826822391734,0.031310426943883064,-0.10541074670983408,0.5023711848484638,0.5023711848484638,0.7133771559225017,3.311177811756105,1.014307086484066,-0.5673996899490774,0.024559908370426497,-0.8225026031900277,0.030722475358520518
15210000,0.9097686944152436,6.941263071497075,0.9251432937232335,4.164783580944626,0.19853293970940583,-21.086916921324498,0.16998827229661675,0.01919043500191831,0.6783143526338264,0.6783143526338264,0.7063514804420182,3.3168400359004195,1.016044484037632,-0.5448702056590624,0.024701727938332932,-0.8373826535950805,0.03600798633599415
15220000,0.4828072775172499,7.032783974992123,0.696051728302117,6.432511499891989,3.925465802411482,-23.26308815208602,0.30522058589445306,0.14417635231551898,0.8542288378937357,0.8542288378937357,0.7057669519647568,3.321494945250207,1.012829649149085,-0.5216453182732278,0.0249279340485064,-0.8519337948306106,0.03838709748354938
15230000,0.1661150574314948,7.19363230718278,0.6008831956010744,8.859877418518186,2.611041076750827,-23.3055717082426,0.4756024423705884,0.27612960608656617,1.0301580324210633,1.0301580324210633,0.700422082650691,3.326495761615434,1.011386424950061,-0.497353973665517,0.026568441087321197,-0.8662292260886544,0.039750102983022666
15240000,0.07187288839191892,8.196794173733133,0.6147408955232528,8.939827208472494,0.7303742518547143,-20.990430362656227,0.6227645876863612,0.3887068378883652,1.2060872215962988,1.2060872215962988,0.7035260527421618,3.329833286415074,1.0039849134455643,-0.4682544259239181,0.029302058973416558,-0.8821527838299791,0.04105664286809873
15250000,0.06794910606689619,9.083464961777887,0.7024557359858419,5.625692308950242,0.7035304675773543,-18.61129713394685,0.7477804829839328,0.5041553872621575,1.38201641805653,1.38201641805653,0.6971825673857956,3.3351259766974555,1.0013400312774121,-0.43470645920415096,0.032324896598280216,-0.8989895606411583,0.042463693248675084
15260000,-1.132985560683605,8.511008064400219,0.08804194616174435,2.265082490156657,5.127363393446375,-16.602448419722574,0.9120305195282035,0.6445804747283156,1.5579455456674438,1.5579455456674438,0.6986926869182036,3.3389735241795804,0.9931549167749765,-0.40327409114810076,0.03753358359606643,-0.9135339557154941,0.03764238655972907
15270000,-4.279049368692501,7.194286633643851,-1.4386025047567241,3.8028013240269565,6.644291035295537,-11.21681039052797,1.0654979068153616,0.6518594720934138,1.733874768018886,1.733874768018886,0.6911896076604068,3.3440277836446937,0.986635106748663,-0.37771914306831156,0.052233214157806976,-0.9242460628293983,0.019213423506528524
15280000,-5.673875462426727,7.692906872290989,-2.0633511219877803,2.020584955952667,4.247302286685585,-7.521207797488182,1.2027216377853596,0.6918071778414187,1.9098039867322356,1.9098039867322356,0.6902371729527326,3.3472910133889626,0.973806068107907,-0.3492127926038251,0.0723264711473109,-0.9342366633982674,-0.004600414729960085
15290000,-6.335880315667833,7.0953229973967815,-2.2954102919984405,-1.5818249423558295,0.4949327818818008,-4.713918659811329,1.301923071604326,0.7330083293644025,2.0857330995722734,2.0857330995722734,0.6807918053582511,3.3521974566569055,0.9647181625256751,-0.31871952654048397,0.09511993376139245,-0.9425789373452048,-0.03024910703182285
15300000,-3.023071236446277,6.043694978539794,-1.199466643492997,-6.613857962618123,-14.562918290820846,1.0092806403535262,1.2867289886822681,0.6894786258256715,2.261662280677676,2.261662280677676,0.6748367662780854,3.3550857893909374,0.9493585955963735,-0.28716833389319474,0.10992541853481975,-0.9506237957638735,-0.04201367987259525
15310000,-1.2329213406526105,4.813692728534358,0.9865040798118972,-4.638748141284163,-0.6002405435092637,2.9539496449336795,1.2423648223908945,0.6847738584042254,2.4375914910131016,2.4375914910131016,0.6624898963713338,3.360935231893191,0.9396504891904764,-0.25929702841283114,0.11411855642960513,-0.9581100814675192,-0.04203662599450979
15320000,0.8879401785357678,1.9759452760629328,1.2224955178402666,-6.588389527006297,-9.185504734548779,5.207732423062867,1.189892525661363,0.6555958874944594,2.6135207263994786,2.6135207263994786,0.6480456995610452,3.3666090483865334,0.926095200086662,-0.2448062187318854,0.11380655361592763,-0.9622397204343285,-0.03482390045251539
15330000,0.4317891088600066,0.767311825907432,1.5835134246848397,-2.820645096978649,3.06557966962769,5.600114498874468,1.120372429938284,0.5428564582286258,2.789465788321017,2.789465788321017,0.6336509671347674,3.372042120978021,0.9168661718145987,-0.23592914181438168,0.11006161775514012,-0.965125580621799,-0.027504435447514766
15340000,-0.04045916352359401,-1.4456822764832944,2.294645893452573,-3.7588238388036057,-4.021205508230223,6.939918771069087,1.0286673227810588,0.4750427629847545,2.9653967184765335,2.9653967184765335,0.612620780334134,3.376360987981563,0.9078799467996503,-0.23509992960131612,0.11566450966217136,-0.9649585142997106,-0.014311183967834571
15350000,-0.0333656844718782,-2.5189363937059754,2.5669898297412574,-3.0655509965087573,-1.501144595057148,10.93537982259077,0.904486721648189,0.37363274960402165,3.1413113749412602,3.1413113749412602,0.5988553464747951,3.3823295582617976,0.899086592793424,-0.23908813943214227,0.1182707627864658,-0.9637680596991887,0.00012392112498397752
15360000,-0.8202074829067942,-2.660201646751542,2.5952294176754633,-0.17252931235220578,-1.2440009780123567,15.395950049337428,0.8047490446882345,0.2946555215991304,3.3172550155967926,3.3172550155967926,0.5807295956740279,3.388750002075295,0.8947954469076294,-0.24424595079249722,0.12329743598154094,-0.961748080256573,0.013501404543356636
15370000,-1.088478761694226,-2.1060830764592064,2.9051509034458594,0.596693180934776,-8.214620331438763,19.339506258841602,0.7154264686239009,0.191705386827021,3.49318423918276,3.49318423918276,0.5678799584395022,3.3943425505739153,0.8878543370911964,-0.2458653091710364,0.134394705352495,-0.9595049305213466,0.028958612271182793
15380000,-0.6749614790392526,-1.3259995200068624,3.066410379191993,3.948908759007011,-9.394280427710397,25.425385423992175,0.6146120558330989,0.11066486500289159,3.669113379316677,3.669113379316677,0.5546124017080951,3.399264238252347,0.8908151477169914,-0.24347054742721236,0.14273003312235322,-0.9582870759602024,0.04512327811707458
15390000,-1.353851984919471,-0.29257404406563164,2.784084261482359,6.116098329814997,-6.420068266404425,27.87284324003845,0.5199006290136163,0.025897658941706318,3.8450426137837255,3.8450426137837255,0.5437392275064619,3.405920017580938,0.8869652297019812,-0.23668223369396038,0.1507256274492092,-0.9580924513679842,0.05763818279028969
15400000,-1.6599259566110953,-0.029404938797184997,2.6922514520259058,5.44760045991327,-5.13583314471193,26.297640498894783,0.41917570398710813,-0.03687687494694444,4.020971939755661,4.020971939755661,0.5311816911245282,3.411752596055837,0.8951136424369197,-0.22918328190569964,0.15893555448827382,-0.9578409989239696,0.06895747671405658
15410000,-1.0387614513251495,-0.26353942199301705,2.438065027393013,7.108470679047713,-5.881315196779465,26.318272547984737,0.3094401593102197,-0.12322817452859053,4.196901044102269,4.196901044102269,0.5202836586545007,3.418343759344348,0.8943123022304758,-0.22341207547582742,0.1628315399353789,-0.9577061357946098,0.0798241291541147
15420000,-0.5083950320021098,-1.855421915690279,1.8027347608586857,9.114036611511041,-4.780566680886047,24.192128302124814,0.21066230778067113,-0.21526588495317808,4.3728301870214565,4.3728301870214565,0.517878172955785,3.428827928617922,0.904919147538578,-0.22805088207776353,0.16026557802948718,-0.9562698376651628,0.08863259701865651
15430000,-0.12130219757041583,-4.817254781900499,1.1358109012801558,8.322669475670349,-4.941678389999091,20.669500897257688,0.09125299615332612,-0.3121802751710951,4.548744825720682,4.548744825720682,0.5070973246073297,3.4354991707856954,0.9064045549911617,-0.24717384021820565,0.1537470300249812,-0.9517665967837998,0.09699117855179525
15440000,0.04397393562914461,-8.106478177537408,0.3025066516315622,7.362984765905427,-4.479645517734246,20.052478740429653,-0.02995487760596881,-0.426066546428198,4.724670824014019,4.724670824014019,0.5039763627916592,3.445951313347457,0.9148240420094771,-0.2808104370378118,0.14500291262375117,-0.942988574996983,0.10436570895855338
15450000,0.2517299565892474,-9.519437990134861,0.21060000302974072,5.961779851887596,-4.114640011200338,22.816386306938142,-0.16844784912773864,-0.5738983202405483,4.900599989574566,4.900599989574566,0.49564550089975357,3.4545507642263567,0.9184470909220281,-0.31949273415640306,0.1360930396891068,-0.9309553107817431,0.11280641248046681
15460000,0.403236439078611,-11.000357661724568,0.2577705722251213,5.203679746054161,-4.957574389067007,27.364811710569843,-0.3020097574278493,-0.6441445081037355,5.076528967920233,5.076528967920233,0.48425963836458596,3.4612789266337605,0.927712983041304,-0.3639919762729613,0.1266400424174149,-0.9145672885814533,0.1226328484631592
15470000,1.197188565324677,-9.88161718656759,-0.04134560153509827,6.3143880492900655,-3.9265873060870526,32.32125351706373,-0.4297361817203502,-0.806863879330976,5.252458256043319,5.252458256043319,0.47087441274686237,3.470150588271878,0.9340130391321773,-0.4027055752242238,0.11319933725733934,-0.8987644566984109,0.13128816056079312
15480000,4.581626096107758,-8.021092171816148,0.508343735915843,2.396564958160377,-12.809523151031051,26.93966819376017,-0.6058338176765631,-0.907908798990524,5.428402629738848,5.428402629738848,0.45892685615493034,3.4773933027259454,0.9438392255613188,-0.4296339859010477,0.09006678354825268,-0.8860213533140644,0.14922725666433878
15490000,7.053606733801758,-9.743968106973162,-0.890261161932666,2.156105207940076,-5.52799912793194,14.921431789946508,-0.6715242867010366,-0.8655937782087618,5.604321214887982,5.604321214887982,0.43734238380683177,3.49363036660297,0.9521022706908533,-0.46220486381373754,0.05056327542082631,-0.8695833232373389,0.16623736942441064
15500000,5.2424340745595845,-8.143310023224826,-0.3750143943485147,12.913032234495821,5.648989656264385,10.452878977682063,-0.7102972784592972,-0.8293044439325755,5.780245871373431,5.780245871373431,0.42545199438750747,3.500819718145296,0.9584267828609487,-0.49178961007575084,0.013973936193863392,-0.8526686635582307,0.17579493370006893
15510000,3.63832443775956,-7.983731756156264,2.2489911720991738,1.6279300775012577,-10.138545482185812,-3.9051187944907086,-0.6411419939952071,-0.7164591194378116,5.956187561025551,5.956187561025551,0.41335954160887467,3.508174207644063,0.9668436297239311,-0.5249972094624652,0.00316036791479781,-0.8278303633995282,0.19764825211742407
15520000,2.0044903616806238,-2.7779845853216756,1.3741064365898046,4.0305220732132065,-9.292624017411617,-14.756805241495394,-0.5104356189608144,-0.6358883892363836,6.132121617504701,6.132121617504701,0.3926409855873476,3.52259443448486,0.9650731314146326,-0.5402268546120101,-0.0012434826773399545,-0.815020896011239,0.2095097572235776
15530000,-2.8786732604468273,-0.8337719894378494,1.970949257963294,18.00657817625343,-4.557252510867647,6.049113011314322,-0.386152408293227,-0.5460302195578833,0.024852560530490564,0.024852560530490564,0.3733097621786524,3.5354167364474898,0.9727025259458826,-0.5516336725816874,0.014677345253064134,-0.8073797696138748,0.20886065792438868
15540000,0.6016120473062793,2.5744125726486753,1.292991391897064,9.56867525604757,-2.7025819037612906,3.402680794098453,-0.2625621853908257,-0.43938122770371574,0.20077670414994486,0.20077670414994486,0.360586185485928,3.5432642509958105,0.9691018377202156,-0.5452487481751986,0.01818631649476541,-0.8101395884347293,0.2145854323027047
15550000,-0.5915400538882835,6.80895260102059,1.8184238199338658,2.6793022116318648,3.5719844341440155,-12.559879666735315,-0.13912983252684488,-0.3046205995833339,0.37670588868761,0.37670588868761,0.34494710931565475,3.5478940756637494,0.9763172665880191,-0.5240204747351451,0.03107767519575084,-0.8230110328956386,0.21700129007642938
15560000,0.0992407012809826,5.694434193333886,1.58106259055124,3.684359970668773,-2.5886021487976034,-14.623391727528558,-0.006938542433055319,-0.17962946639040597,0.5526350540730789,0.5526350540730789,0.33200744678291105,3.555487299215206,0.9728262447323626,-0.5067628918580587,0.04186440785214126,-0.8319273846463903,0.22211611707902748
15570000,1.4296764653244167,6.810980662660978,1.6108660719856491,4.592357713319497,-0.2500472099085873,-21.254162987613423,0.1407535118880916,-0.040137752532825435,0.7285642148246723,0.7285642148246723,0.30424303898006955,3.5725724942038566,0.9768915528740003,-0.4830788920947654,0.04762614564026819,-0.8435755935413101,0.229666611080872
15580000,0.8169327249177933,6.3480898903172545,1.2688372576530345,5.288233795243608,2.6844236074769077,-22.627788268999982,0.2647956438863232,0.08072995209602923,0.9044934114843102,0.9044934114843102,0.28985293643981336,3.5812073200731023,0.967739420853476,-0.46191541999613944,0.05380024814157082,-0.8539088942602094,0.2336220845147177
15590000,0.44192290839955634,6.375285192989339,1.0400956611831083,8.428194916214053,2.133771881775264,-21.935235012675115,0.40579894105872216,0.2141721941166578,1.080422576721702,1.080422576721702,0.2563821259116189,3.6069351063683177,0.9676321014938267,-0.4407289038134004,0.06096118450914251,-0.8640335370458679,0.23555851541960365
15600000,0.46652969195303834,7.391116839258455,0.8912282851575654,9.21408567607352,1.5477198849825853,-19.868838932693457,0.5787560180248047,0.34897864284678426,1.2563517539601037,1.2563517539601037,0.2401541409296654,3.6173837438780474,0.9549916163032015,-0.4147641942500878,0.06885691561275048,-0.8759790279672635,0.23641093651077652
15610000,0.04019425540117547,10.033466832783292,1.1310201168280851,4.462918735279842,2.523878959831542,-18.701628951964768,0.7012813419286473,0.4459989662389514,1.4322809666126375,1.4322809666126375,0.22541112624421897,3.626517382184054,0.9508812736057795,-0.3771934977887958,0.08223528147109718,-0.8917509225846378,0.23609895335784647
15620000,-0.700077514481063,7.897860802411529,0.2588895344065022,2.205983396725357,8.374955137042832,-17.126553676772378,0.8555920516476706,0.5183968644328849,1.6082101502997546,1.6082101502997546,0.20153021480017266,3.6416093991351306,0.9398292229885967,-0.3492043974457929,0.09193599987971264,-0.9036966058260245,0.23007934576828307
15630000,-5.100756831886671,7.068228228045541,-1.0986384230156183,3.5803435366552336,7.825258730611453,-8.79560761506985,1.0235272567205942,0.5605509745243191,1.784151559858202,1.784151559858202,0.18441281627051684,3.6438187948943215,0.9317631737821983,-0.3288643364441837,0.11624407529029812,-0.9134007183963643,0.20984444431062738
15640000,-5.742290946504178,6.493947568540401,-1.7668230855478264,1.5679828231053194,4.393257336461518,-7.3373914341774,1.1925525198807512,0.6385582322736697,1.960073985023854,1.960073985023854,0.1689951771898695,3.6517935093584297,0.9177666923949888,-0.3126157352654023,0.14285274947293342,-0.9205021154600372,0.18585034158185312
15650000,-6.983000612102622,6.265199264546749,-2.3914520727849484,-2.0552460675085893,-9.209820003530258,-3.0609268532340583,1.284589354403156,0.6310567632624023,2.1360096461846467,2.1360096461846467,0.15684562980184208,3.6456935712143452,0.9067091739530004,-0.29262259845670474,0.18283565032431892,-0.9247373975914681,0.1606358781178366
15660000,-1.2325876773011235,4.831176491330643,-0.7360516533742019,-3.497515687487096,-12.142914528077734,2.5098072033958725,1.2897870458063676,0.5773694915072943,2.31193211014093,2.31193211014093,0.14222980287468717,3.6513551486011635,0.8946037749833124,-0.2694141512022147,0.1978379806832767,-0.9298840844891485,0.1535960219046442
15670000,-0.27912513870083494,3.0481997906521934,0.5216139267684339,-6.5986987295728605,-12.510327751470722,7.060470105374725,1.2543007258774745,0.5480619002217614,2.4878680373990107,2.4878680373990107,0.13470753464290128,3.639215134175795,0.8832345799312069,-0.25020776197966665,0.2076936931954797,-0.932814446928202,0.1552952454326311
15680000,1.5766388995944685,0.04521187690449204,2.3287897964692474,-1.9207318783248262,0.21777334608783316,10.539031682565598,1.1634797727479158,0.4950411677707206,2.6637908367484613,2.6637908367484613,0.12153226516225829,3.6421146474951427,0.8749504652253108,-0.24216812503275995,0.20014793822696367,-0.9342373860118947,0.1688073121025134
15690000,1.1815041097101489,-1.7280888459666561,1.736149001821689,-4.785980365913472,-2.65149353809074,8.045626326561804,1.0621357389562223,0.41016494263394,2.8397252695370696,2.8397252695370696,0.11687018416378103,3.6265432560540085,0.86407406069298,-0.24134943376126186,0.19595159674323775,-0.9328994973257003,0.18180195391235382
15700000,0.7905525329066247,-3.295006864577956,1.6276457233541555,-3.963236461706517,-4.090369517632463,9.791782587331806,0.9671860462792223,0.3211512132928926,3.015660939869889,3.015660939869889,0.10515242212487413,3.6267883188714882,0.8576924147444349,-0.2476710964583868,0.19208753803830686,-0.9292597462104252,0.19554470021562537
15710000,0.8758045850277418,-3.977286653123203,2.3708770000983446,-0.7042676508850467,-4.375524459721731,16.1513889192422,0.8461038460842341,0.23475103125045468,3.191579487730934,3.191579487730934,0.09990588928162111,3.607916068196965,0.8475597341375243,-0.2566601680959318,0.18560120575085864,-0.9243187424380489,0.21286759479671694
15720000,0.3868943270596593,-3.4459803314350483,2.751633275178249,2.6370863166523906,-6.661207951877996,20.23747258001914,0.7275394215411828,0.15474240561704594,3.367512108953889,3.367512108953889,0.08882163878248381,3.605215214566477,0.8493011645482789,-0.26330558584223696,0.18185706380638633,-0.918946645507238,0.23051082299751371
15730000,0.2801362953694128,-3.2937348856083957,2.8230142029285394,5.128474286582724,-9.700311543310159,25.229839723888357,0.6502722251508051,0.07530672305142373,3.543437710040422,3.543437710040422,0.07988532029826417,3.5896548262841232,0.843806943528157,-0.2691845427733716,0.17885208454401752,-0.913217893087314,0.24816263524414267
15740000,0.2125593427939211,-2.0120954308062924,3.1025816109398043,5.2975097621077,-10.347360589211577,27.862567103273477,0.5639951013552278,-0.014879577020680048,3.719370193140975,3.719370193140975,0.06816781904351407,3.5861589706932193,0.8542336548886018,-0.2689517231129975,0.17797918882756228,-0.9084987571669898,0.265741203438359
15750000,-0.3335759689983677,-0.3966554493130638,3.2896961018151707,4.295902898760891,-7.752337228946305,26.401624679780582,0.4655911277713517,-0.08546668474172055,3.8952971744227227,3.8952971744227227,0.055248314643073476,3.574804859247329,0.8549137075865076,-0.26229979351361343,0.18097125479487006,-0.9050598665116948,0.2816289425654249
15760000,-0.4338162467997201,-0.5773216632561372,3.084514856357759,8.349438981003763,-7.167995551280636,28.377868423217368,0.3696977114881021,-0.16007591860638085,4.071218158751009,4.071218158751009,0.04226061835606258,3.5714151454470753,0.865568965124093,-0.2586502460497965,0.18130727122133933,-0.9015529421724185,0.2956856710781015
15770000,-0.2365196038414293,-1.6846396089527176,2.4234772272157477,9.752031029949164,-6.455207907908628,27.162947677547397,0.2678566478331898,-0.2518938580467779,4.247147329688033,4.247147329688033,0.028269135292406503,3.564012234396697,0.8696123299141301,-0.2614075544928803,0.17705910853884557,-0.8976444494802444,0.30749082076509243
15780000,0.49938392784392355,-3.654446556032906,1.8337545670371043,8.505666418577695,-5.688187736683737,21.91528022231368,0.1684091718698979,-0.3426518427845496,4.423085748351667,4.423085748351667,0.014801629421246881,3.561286262764016,0.8807122714268687,-0.27275551537793574,0.16531702456685218,-0.8924355181607765,0.3191137040999431
15790000,0.788414795964265,-6.537953277331699,1.0549220536225874,7.309496472952624,-6.340365301993078,19.551970294333234,0.0518927629865037,-0.46830466872135124,4.599013865527894,4.599013865527894,-0.0023208060542797143,3.554717462444691,0.8870861329885193,-0.2957674022773555,0.14756513774323404,-0.8841640037882761,0.3301517655230861
15800000,0.448750198904817,-9.159744759761901,0.42133279399114637,7.531036350152443,-8.5888178805898,22.787010670121266,-0.07195325958271513,-0.6079226340808856,4.774934640423481,4.774934640423481,-0.017447611421698747,3.551681162359523,0.8974548834272853,-0.32940265211235764,0.12833064602662841,-0.8714474694543899,0.34000653825077176
15810000,0.2844546123500041,-10.540651846997532,0.45972218716773433,5.193897321550288,-7.402631909475091,24.418597109888005,-0.1971441721226251,-0.7383655231887136,4.950863870763584,4.950863870763584,-0.03678776749275652,3.547573516976889,0.9056044135003076,-0.3682141739691946,0.10862846075248268,-0.8544108355896504,0.3501432615797789
15820000,0.6482243119699468,-10.535309524798175,0.4370291017293477,3.954848123468107,-4.27321451005824,27.84989712813553,-0.33907008899945945,-0.8551935942778351,5.12679312827342,5.12679312827342,-0.0534918586515367,3.5452967955804238,0.9191660030391231,-0.40579496367134793,0.08680380019261517,-0.8357210423322521,0.3596746962662011
15830000,2.712164632786943,-9.426838821221034,0.6148764494664517,1.8217907894144405,-8.676477851244902,26.80065900726627,-0.4878792695249635,-0.9165598241809646,5.302722314509111,5.302722314509111,-0.07465444073997163,3.542987636035552,0.9305674400822856,-0.43420380619213367,0.06051083441559055,-0.817462702787638,0.373577599914292
15840000,6.346307578389309,-9.594819133211049,-0.11561092976617272,-2.2373728549380334,-6.819356936114654,14.411464618193271,-0.6201417255840789,-0.8963401653249224,5.478651363466184,5.478651363466184,-0.09297921961712977,3.541457312206232,0.9429200203827572,-0.45603706797159055,0.018575463929400748,-0.7987671813992147,0.3919899675951371
15850000,7.458067241049508,-9.304916048534327,-0.20787229334905621,4.791222113709738,3.501684654961083,7.784094529709784,-0.7163963381739727,-0.8941262743554612,5.654580483355602,5.654580483355602,-0.11220925874627388,3.53601709676374,0.9534603365159171,-0.47505253617444543,-0.03281423007963772,-0.7790086887659705,0.4079139333310781
15860000,4.594983052347455,-7.825128179506847,0.9910034161293259,4.575000371893383,-4.386605091244743,0.8663182506908956,-0.7169547984539025,-0.8775142621131795,5.8305095977915755,5.8305095977915755,-0.12986166733247062,3.532216660045656,0.9625169821461572,-0.4975388756859259,-0.06298517711500395,-0.7556900756971897,0.4212130626390308
15870000,2.135038781632413,-5.541928217691321,1.9698831514209887,10.05992107425039,-9.061018116767352,-0.06837535064632262,-0.6112032592502057,-0.7690375381500911,6.006438676866111,6.006438676866111,-0.1417452468490624,3.518020628483596,0.9710509610575504,-0.5190496638423004,-0.0757282943389102,-0.7337137905518821,0.4318758449551251
15880000,0.3321616169587534,-2.8466850303821563,2.335140088141154,18.976585407560062,0.826165242675489,2.286229657947444,-0.4748646872518413,-0.6487236017951784,6.182374651554738,6.182374651554738,-0.15441221844775166,3.5073537722078796,0.9792113101834692,-0.5325068720713468,-0.0810138291571533,-0.720422459136627,0.4368806141883857
15890000,-1.8429004221148262,0.5544369938861823,2.8442437242561933,17.143889547375508,6.332199647953216,4.27801497974839,-0.3441317063346168,-0.5203802955004945,0.07512270393386444,0.07512270393386444,-0.1638705319012537,3.492388341668167,0.9879360850936163,-0.535336122115144,-0.07180939143496719,-0.7182885132847863,0.4385433380449311
15900000,-2.811521390191742,3.5280052435352656,3.175445573154933,9.678067963941853,5.293271129960457,2.253797086037369,-0.20443819090863669,-0.3975851498817416,0.25104051621094214,0.25104051621094214,-0.17432874778280377,3.479947299274257,0.9966932052985336,-0.5298740044696154,-0.051875154171452394,-0.7233713078347588,0.43963218577403196
15910000,-2.5540242391334953,4.9173528052539455,2.5996182832859973,4.126573444239316,0.7884221461173117,-8.510924494639236,-0.05496125839553428,-0.2826384351806259,0.4269696956223541,0.4269696956223541,-0.18086432291822704,3.467237769959198,1.0048082786420443,-0.5224628292929454,-0.028031540972710274,-0.7296483491645535,0.4402954817839355
15920000,-0.9515479349540235,5.662553193788937,1.9213528730366718,3.701932989830929,-3.619003609462125,-15.97454736157708,0.08334636715651286,-0.18562203176831812,0.6028988901085839,0.6028988901085839,-0.18829792558481934,3.455661210206937,1.011809042472095,-0.5106126652072305,-0.007022110413068088,-0.7365290725044649,0.4435654646735117
15930000,0.34529427225518966,6.530084424469355,1.62740695103385,4.44486506757179,-1.308131913303163,-19.88052717301172,0.20862403055888387,-0.051977877936536826,0.7788326181537357,0.7788326181537357,-0.19360871232783133,3.443096554717725,1.0173801939783216,-0.4923899699489787,0.009900634194343961,-0.7460057811709909,0.4482515693175578
15940000,-0.2374011716833158,7.1340725175738555,1.22490120493721,5.585016126642492,1.3617356584254314,-21.09061571452387,0.3854050672104028,0.10536541114126692,0.9547708152541148,0.9547708152541148,-0.19919842743357413,3.430824673614209,1.021337859463206,-0.4728973089185189,0.028535278898224214,-0.7575983899820475,0.44899727457127503
15950000,-0.360258248999284,7.547594918076648,0.8988558257493156,7.034932815599392,1.4379928564643558,-20.235066371426495,0.4953434895610012,0.2169569275762196,1.1306899879609844,1.1306899879609844,-0.20375522173957794,3.416582767018523,1.0235315023989753,-0.4516307609592759,0.04751038495240557,-0.7703727955917918,0.4475468410000311
15960000,-0.5514674346905764,8.315168250478232,0.9050254527194146,4.328673048231501,3.8151335616688007,-19.696786993918323,0.6598128467221339,0.31802185919037396,1.3066313331484665,1.3066313331484665,-0.2078430054475408,3.401795139817107,1.0219576135759623,-0.4272721909472219,0.0686868555155822,-0.7841377761900148,0.44480168465769176
15970000,-1.7114675718923626,8.07072353613333,0.49244433400442805,1.2250243112109476,1.5284906967205205,-15.734178904442267,0.8205751803198368,0.4397000611867866,1.482547918765711,1.482547918765711,-0.21217804739835466,3.386406715882351,1.0182384888008034,-0.4059520696606124,0.09449404640203554,-0.7965464848679058,0.4379354858622656
15980000,-2.6042224700869867,7.105000382524785,-0.029315943578881187,0.591408661738219,2.6664944751993063,-13.07581535701072,0.9544251412863758,0.4654529543315849,1.6584906981655152,1.6584906981655152,-0.2153116059077796,3.3694836557211807,1.0136875543754096,-0.3891399098547406,0.11993155298501536,-0.8074188634806581,0.42692075617431546
15990000,-3.647473881508982,6.814803713452716,-0.30503388098572104,-0.40748063900308035,5.173913669351258,-10.666939380912838,1.1130427275507917,0.5073642584630761,1.8344030955479482,1.8344030955479482,-0.22074716923031645,3.3533583242574787,1.0059503356763821,-0.37512614841611774,0.1481458371198036,-0.817917937338965,0.4102967602817923
16000000,-4.791686043843529,6.459540129301829,-0.9139819882650827,-1.2486321636812947,-3.9637237324273307,-4.89870075236392,1.2532679868340322,0.5203506787381297,2.0103329969257473,2.0103329969257473,-0.22465457004758443,3.334691322193984,0.9974399481200273,-0.3636119704703076,0.18107147511529878,-0.8267536057679925,0.38920165875788965
16010000,-3.076898327819723,5.560824755089806,-0.5883070006184252,-2.334793807784072,-10.255771604362158,0.27236991505453306,1.3093410833582007,0.5617246492059247,2.1862755296785465,2.1862755296785465,-0.23086266835395627,3.3188669496840646,0.988643880651868,-0.346960195802976,0.20449027232047787,-0.8329085348596095,0.3795599078046526
16020000,0.7837634317090735,3.998365286677152,1.200573862511676,-4.6221702228705865,-7.98220501670683,2.747727958227774,1.2937056162865088,0.5764483748376766,2.3621906230754988,2.3621906230754988,-0.2354052394063317,3.2998866251006986,0.9790396005573805,-0.32402749478308646,0.21560251377833695,-0.836599631009478,0.38551627212332323
16030000,2.6263940803743115,2.2622789475554566,2.645500657773745,-7.7526108123482755,-5.83318039964393,2.7361693389982604,1.2644473190030812,0.5726451447364844,2.5381198040876214,2.5381198040876214,-0.24371786366531056,3.2831427611897923,0.9698354121439343,-0.3029504249042956,0.2204732892425755,-0.8378419456842736,0.3970307832307934
16040000,4.157245918517535,-0.08949404421980564,3.16929440787984,-7.762524030221419,-7.43282688763033,4.713381788636159,1.17107966569447,0.4892306994108479,2.7140494879946644,2.7140494879946644,-0.25118702007143157,3.2621673715116564,0.9598677794757893,-0.2868024599843138,0.21183292191610348,-0.8348820885507154,0.41933645245390666
16050000,4.080150247068414,-2.481497655482296,3.1664851413513007,-4.365698268459296,-3.229496479908304,7.977747622079223,1.0745245956436171,0.4013260182724456,2.889993196344342,2.889993196344342,-0.26061889977089736,3.2462833863616547,0.9512638006590897,-0.2787897495269686,0.1954350836509574,-0.8290963447466975,0.4434869273887325
16060000,3.06680503122573,-4.172556458782329,2.5115858292672204,-1.8902069772422645,-4.158066518310228,10.606120214213576,0.9456631269591345,0.3085837917972833,3.065907362403216,3.065907362403216,-0.26988201756488894,3.2262513955263366,0.9431798148366157,-0.2803821563137578,0.17731867633863163,-0.8211436824272312,0.46439959760125704
16070000,2.156890757524864,-4.924180323815095,2.456808248635798,0.14227171227892818,-4.62608154129649,15.946096166062889,0.8446241285766186,0.19879710228251335,3.241853957589406,3.241853957589406,-0.2805855579773514,3.2110587231474814,0.9362220349574262,-0.2871991307958275,0.1587724809583571,-0.8115184346972198,0.4834726349102124
16080000,1.341168090753577,-4.437726538467842,2.6677788587776736,1.7191746697440617,-6.29254674460614,20.641469497117896,0.7359252868953365,0.11424022636544263,3.417765723184125,3.417765723184125,-0.2922138734556681,3.191995439713377,0.9320568150045228,-0.2936991972585395,0.14456223917978067,-0.8009952050509505,0.5012476653495789
16090000,1.0073413744285655,-3.894888870049288,3.072026712227705,3.88210828309725,-6.904741983919294,24.43491932789045,0.6649058148118121,0.025826181140882466,3.593695032807382,3.593695032807382,-0.30175545095692746,3.1745645513790954,0.9276403605536365,-0.2986821910825832,0.13280214062787474,-0.789726740640701,0.5191186909482035
16100000,0.9025395881011735,-2.825310525326621,3.298946828709774,5.956569118657532,-6.16097673479198,27.469743602134656,0.5456946167724595,-0.029435921231533886,3.7696244569803596,3.7696244569803596,-0.31101824316535387,3.150679833610242,0.9276997027834835,-0.29992715604964404,0.12336655325871175,-0.7792394322561121,0.5362931118504228
16110000,0.515318391291652,-1.8176088584380823,3.204534637102528,6.51030440235368,-8.045426200520275,27.47391867567375,0.4660025179196744,-0.12071591935000998,3.945569532217867,3.945569532217867,-0.32059674769192903,3.1337330634315803,0.9270339389933249,-0.298026672452374,0.11820665299842457,-0.7699285546252747,0.5517402563403463
16120000,0.22364689036437685,-2.1317000642450403,2.6405732897803778,7.250238812464172,-9.44971233000201,26.580331872171154,0.35250834715451185,-0.2011327117355198,4.121482627300004,4.121482627300004,-0.32994049463281283,3.110800992393749,0.9321107061962717,-0.2984624650978631,0.1122601588692325,-0.7613169616535354,0.5645478700314003
16130000,0.3372045426221219,-2.9689289664294667,2.0182000502120423,8.817864648668765,-8.137028798072093,26.497940446097072,0.2599000927779796,-0.2739606365168431,4.297427527567272,4.297427527567272,-0.3393886092458335,3.0936264279902272,0.9351266010335244,-0.30298969340053306,0.10090603057021727,-0.7533606059615722,0.5748591271544935
16140000,0.8208813612344357,-4.8848661301175405,1.1796925191154943,8.959358384819408,-7.936764351561649,23.378694302403595,0.15116381398701126,-0.36005855025889844,4.473358181280737,4.473358181280737,-0.3483949780252352,3.0700938766796213,0.9443219955093631,-0.314013529602472,0.08039335679839432,-0.7449263934049309,0.5831098351237147
16150000,1.0163056622669415,-7.756943257171937,0.1660187231304434,9.233902592725782,-8.40579138434054,23.035629473785356,0.03055084274714315,-0.47671048110345104,4.649270196892026,4.649270196892026,-0.3581334146698315,3.0535917990111354,0.9494548783259473,-0.33493294916551963,0.050030846221049086,-0.7341963889946637,0.5884492300758749
16160000,0.8855147019413959,-10.314705470636977,-0.58601465206573,7.482860724007108,-9.966143439647954,24.3150021782612,-0.08091017111308657,-0.6177256130485212,4.825199607468569,4.825199607468569,-0.36798582692157844,3.0321008119801847,0.9590751607732666,-0.3637795488670347,0.015409023586303855,-0.7195063806612773,0.5913861428930532
16170000,0.7146816548654008,-10.89136637305874,-0.43204056866500534,6.124971176518861,-11.78645042702083,28.805774547517537,-0.2156561895155573,-0.7331911814861253,5.001142865344612,5.001142865344612,-0.37702511094542124,3.0146402120733535,0.9668657677280899,-0.39471337424073655,-0.01794338212517151,-0.7012113467225984,0.5934492686497156
16180000,0.9753076815725051,-10.648609871265723,-0.32687832822496443,3.986845474516978,-12.97780517563445,31.053917590117457,-0.34057009135430993,-0.8878074506399068,5.177057553035475,5.177057553035475,-0.38457141368051995,2.9901459368935774,0.9780906757652379,-0.4235127653970032,-0.05068911731117369,-0.6811447893041778,0.5950708587519341
16190000,3.2355367037687057,-9.42903256319133,-0.8748859552705939,2.9279771726591317,-13.699644550180436,28.78324111289398,-0.4823524541078198,-0.8721660859477286,5.352986875882046,5.352986875882046,-0.39276818471166686,2.9718842476884273,0.9898338059721523,-0.4408710087311971,-0.08824722308125414,-0.662903138651461,0.5986690321411541
16200000,6.603342928721312,-9.661658205978796,-0.399108187985384,0.4700568734989856,-0.42540606720472957,15.500603791674017,-0.64929118514184,-0.9341037922328965,5.52891612964391,5.52891612964391,-0.3971897775301305,2.944646771155333,1.0052271492095133,-0.4473485267031505,-0.13892654066010288,-0.6404804645581011,0.6085749637277041
16210000,7.118097427241941,-10.589789087597602,-0.14973618414673232,9.912526482563282,0.39775014085667176,15.436585547115412,-0.6761311365879012,-0.857328771281415,5.704845345056874,5.704845345056874,-0.4045230860483483,2.9265451278596046,1.0171924564298616,-0.45370453493722607,-0.1951842965677381,-0.6133627280755705,0.6163127851654925
16220000,5.774041501293224,-7.6827305232389875,-0.13790461730429676,13.087368911420358,7.854859779949257,6.658564853305685,-0.7189045755382227,-0.7860026379986844,5.8807745871450905,5.8807745871450905,-0.4034833121464869,2.8983480627972233,1.0300237291249217,-0.45572797654218267,-0.2424512367221319,-0.5927569210741029,0.618197898514243
16230000,1.799538187142903,-8.790822888250338,3.6851397926405975,16.250709467073904,0.4266197667916636,6.3354134470416374,-0.6166771234972563,-0.675259030777594,6.056703833332911,6.056703833332911,-0.40298191279814,2.871134026092743,1.043112564704713,-0.47807511914776885,-0.27153883444588583,-0.5606452483340748,0.6191831290983631
16240000,-0.05044868705126434,-2.6152071342700007,3.509679078608929,7.207168584993018,-1.566002182257399,-10.184114594947625,-0.4705895029553469,-0.5253803312810227,6.232649536726861,6.232649536726861,-0.41118228483364416,2.854109084486902,1.0575262137165813,-0.49521792849240676,-0.2743993755503961,-0.5410970340878782,0.6218345324107885
16250000,-2.9759632903626008,2.2899092317138896,3.272560637044988,10.736617655672317,0.5965283548671776,-4.203418673493378,-0.3310982557529788,-0.4032462813605808,0.12538141176786155,0.12538141176786155,-0.4165327149676923,2.834478605137709,1.0699207431548052,-0.5050854716715542,-0.2560695478335505,-0.5402636814510394,0.6224405252581283
16260000,-2.2449429819891686,5.966236068166431,2.908868065753425,7.322488326327836,1.3317085647575249,1.0117911218598836,-0.203513553936608,-0.27745223103933636,0.3013059935494624,0.3013059935494624,-0.40711446420127184,2.801346482126005,1.0817193779563357,-0.4979343204147577,-0.22958795418336536,-0.5514578153241694,0.6286851849414656
16270000,-2.635357982241072,6.716060991789699,1.9794715621392602,1.0271377588419393,-0.4064273559117658,-8.6096827091431,-0.06023971723899072,-0.14827569635307694,0.4772483784843615,0.4772483784843615,-0.41297998598178975,2.781049273929045,1.0929228084094946,-0.4956536907639052,-0.19915888711084834,-0.5620074967260725,0.6315146317707778
16280000,-1.4077187506875777,8.327659471258281,1.8315760947860782,7.219309001244484,-5.171322936607189,-11.761454288565423,0.05849551223811506,-0.006690790038862153,0.6531659206827243,0.6531659206827243,-0.4105461800491723,2.7416698263763566,1.1016365991819896,-0.48425284974452415,-0.16613727405250658,-0.5749047036833235,0.6382649648598141
16290000,-0.7454043075168559,7.964101302941546,1.3912517203191368,5.568171779971436,-2.1008523162662778,-20.836343800124897,0.2174792279735019,0.1310251489688768,0.8290935644354107,0.8290935644354107,-0.42248053317722356,2.6936474045418084,1.1109190436996346,-0.4708608965773107,-0.13764504357951352,-0.5875122302457987,0.6435629241682687
16300000,-0.9185117583450556,8.21176298292831,0.7206005243618258,4.8653832485139885,0.8098789057174841,-21.404163648977605,0.3589082468862567,0.2691000290126505,1.0050384190401331,1.0050384190401331,-0.42994633173435437,2.6708649478589255,1.1181265109822476,-0.4561750114298694,-0.10978974856088157,-0.6026729269868459,0.6454734023451354
16310000,-0.962577628872813,8.98760890055276,0.5932935310696419,5.989480265586127,-2.2584610740468527,-19.897058076028415,0.5307077355946045,0.4030356444960005,1.180969480175392,1.180969480175392,-0.4430079678565493,2.6243039963350703,1.12384291133978,-0.43883925175489424,-0.07867753224107026,-0.6189748131731422,0.6466066328896833
16320000,-0.7341153457505007,10.140950530703243,0.6532060122842813,4.347541893065018,-1.7357484058454038,-20.460403541853474,0.6878950311470404,0.5374657636508103,1.3568839072257646,1.3568839072257646,-0.45026699394592307,2.602400218985482,1.1254831321510599,-0.4165949380589386,-0.043934933459931186,-0.6364618422730786,0.6476377865256934
16330000,0.3692531827968085,8.914810989602937,1.1871059420849521,-0.9759502523333689,0.3964975027871325,-18.504083129891203,0.8307490280955758,0.6618300868592798,1.5328225787976493,1.5328225787976493,-0.4573143217574157,2.5802708545007453,1.1273866603291605,-0.3940825840226134,-0.014456046374861304,-0.64825580742702,0.6513481003506575
16340000,-0.6272782666803443,8.737807073362733,0.7711507657766676,-2.794668772195228,9.262858327160975,-14.054030892467376,0.9756064003454279,0.7250859233761181,1.7087570541818735,1.7087570541818735,-0.46005651011063886,2.5535489988093407,1.1253747379660932,-0.3708230774855469,0.013780886873336772,-0.6626350580150665,0.6505498537779422
16350000,-2.7813577750531424,7.91889914344345,0.3591056398133344,-0.9969586433264588,6.27210894940474,-7.6557843478052074,1.03788180150095,0.740865547515138,1.8846862132441373,1.8846862132441373,-0.46690254053817193,2.5314370401435307,1.1226459176478034,-0.35537448698362667,0.04510348505224753,-0.676284003156606,0.6436727403826743
16360000,-3.2943569429252313,7.42333174794381,0.4572631988086301,-2.6087853612145464,-4.607655516970347,0.7377276748536447,1.1410597809387713,0.7545023163095359,2.0606020628215305,2.0606020628215305,-0.46566632036829003,2.511541029885104,1.1164680696500935,-0.3409046036360788,0.08802133678836566,-0.6842631074393412,0.6386080920934012
16370000,2.161413362577885,4.911193624245276,0.24362097012884615,8.014943566920858,-7.219262264226834,10.805591132470319,1.1555559386433352,0.7685530021911451,2.2365269544533106,2.2365269544533106,-0.46683273886632504,2.4903938059849478,1.1123526286166392,-0.32054094958971535,0.09004075302942494,-0.6939525852354264,0.6384167697320349
16380000,1.871333990020786,3.556131644913764,2.55707240843223,-3.034543861033316,-4.7518301237615175,9.94221475669419,1.0819522902672956,0.7213930925175089,2.4124560841900546,2.4124560841900546,-0.47312785988035166,2.4684019978481877,1.1077478165045882,-0.29539366338068723,0.1027098355454277,-0.6916529266508782,0.6510065302069123
16390000,3.4437623220632863,2.7623728017480733,3.3176785859157296,-4.7025401748182665,-7.259204949018398,5.542967947513908,1.047044026336779,0.7130395172944678,2.5883978316328893,2.5883978316328893,-0.47395535611118955,2.4535615203081,1.1037727285584769,-0.27052113021810625,0.11170651407441372,-0.6844171356240839,0.667767292762221
16400000,4.040979874089672,0.43510131922833906,4.364654756574451,-3.82983070203699,5.982644126526909,4.522874494220702,0.9952251846872492,0.6878484268974743,2.7643320129579223,2.7643320129579223,-0.479829751258138,2.432137400231635,1.0988986081810896,-0.2472061181364308,0.10356008646271911,-0.673129206599603,0.6892470637371917
16410000,2.179489397247274,-1.8641776040603757,3.1713952518817936,-3.862074923893106,-2.459046723371575,6.871541944216618,0.8931214508946925,0.5896805555867939,2.940248496379567,2.940248496379567,-0.4791418044116911,2.420723807546162,1.093716836778529,-0.23872123512906704,0.09809730369384301,-0.6601755334838486,0.705377456328005
16420000,2.217533840697087,-2.958964797680529,2.414228075476008,-2.6788901375470218,1.1351548558220015,9.104588511611595,0.7874307333314201,0.4866919119846306,3.1161857187033064,3.1161857187033064,-0.4844516490730403,2.40018690750263,1.087513044119037,-0.2327256719099284,0.08272354996772754,-0.6496791581427155,0.718966318675487
16430000,1.310870959174453,-3.638263384883657,1.799311592172228,-1.912984272456043,3.4356841797350928,11.089879195270505,0.6738504004683048,0.3877000414654491,3.2921068715378823,3.2921068715378823,-0.4860960290899462,2.3891746961047042,1.0817934558949378,-0.23254997984857959,0.06551156987368745,-0.6403997301143803,0.7290520741034477
16440000,1.0454191043259204,-3.52516505802226,1.106304220535646,0.8189240321562814,-3.646509138311811,18.257878919709,0.5550453457193758,0.28869934850248574,3.468030995058129,3.468030995058129,-0.4912153462906812,2.3694509634530676,1.0777960484512092,-0.23267638680356487,0.04987660973067416,-0.6333833794251199,0.736341984062994
16450000,1.2558804977044082,-2.9162473146015544,0.6936020381573378,2.75121804622683,-1.2177438311042246,21.785810300052557,0.46444679068274863,0.21204864179628963,3.6439601974591795,3.6439601974591795,-0.4917784603823717,2.3585988383222745,1.0735860016921686,-0.23068508040874663,0.03308308628617074,-0.628997766453801,0.7416547127031025
16460000,1.0429325750267169,-2.642005893117636,0.3652134366153406,4.470815575258264,-4.800725254284714,24.191451376123155,0.36931431448193763,0.12963445535160695,3.819901530413901,3.819901530413901,-0.4964239869923671,2.3396546525118467,1.0715342093196165,-0.22843283209858167,0.017904080253672117,-0.6260325273277959,0.745373168189776
16470000,0.4673137791184646,-3.495093653520614,-0.26081889346482756,6.956296888764971,-6.692076666847347,28.24049048412062,0.26453228346549224,0.04662727814572543,3.995824236851135,3.995824236851135,-0.5057996153619662,2.31704844628889,1.070381229887258,-0.2313333432279881,-0.0002729528819489452,-0.6244769353579077,0.7459982352617744
16480000,0.5509294583904907,-4.328661390502869,-0.8503054954857833,5.683617109983745,-7.689861523813156,26.444858472638565,0.16920816865569047,-0.03555595194718426,4.171747835609196,4.171747835609196,-0.5117489876271448,2.296602089428816,1.0724689036323944,-0.23600109630356553,-0.017807918017368463,-0.6233379954838386,0.7452758576430555
16490000,0.8021422563558991,-5.232893960586976,-1.2926972699503487,3.9336980850549597,-4.599685451991199,23.136242636162013,0.06445824605109798,-0.13189597403327705,4.3476891175242685,4.3476891175242685,-0.525825540420277,2.260752358938415,1.074936396986762,-0.24221083750347275,-0.04032248947091749,-0.6227453131246401,0.7428972217070327
16500000,1.0965341130236974,-8.470699468668307,-2.062691890644183,6.891103237251552,-2.930932370204514,24.894782035429756,-0.040463813038151115,-0.23918153148161908,4.52362401693334,4.52362401693334,-0.5331311222381012,2.237184112736556,1.0780943050048895,-0.2571424579230888,-0.07930751612780874,-0.6209541286650294,0.7362092394915756
16510000,0.9101023103897316,-10.219809356777708,-2.4457015923225547,7.711326321096569,-3.0190714910746337,26.821156904508594,-0.15089356086890346,-0.3372284231098105,4.6995409843178635,4.6995409843178635,-0.5371353315529828,2.2104361401388384,1.0833246741204248,-0.27754602554417895,-0.12242209086417975,-0.617260113527963,0.7259276738219304
16520000,0.9284220829917236,-11.268254588569471,-2.588399887144122,6.723932768568098,-6.318450514191266,30.596921935999323,-0.267621084685214,-0.43748922177924104,4.875465033966904,4.875465033966904,-0.5425514267382403,2.187979630764073,1.0874894041687704,-0.3018936061691912,-0.16583132493038874,-0.6105453876357896,0.7131581534713437
16530000,0.4200396171343165,-11.138071511168397,-2.62419380648299,6.013634253074576,-6.220533304530689,35.27071448526128,-0.3752734387883453,-0.5726967459419982,5.051394178653297,5.051394178653297,-0.5416247387907933,2.1628648734518747,1.0959336463004559,-0.3272177013559516,-0.20650904368090975,-0.6030508536614608,0.6975759877572528
16540000,-0.32595706740908104,-10.884172259163861,-2.857259349280075,3.481955220396552,-4.513633260346272,33.244915502470285,-0.5046160415797578,-0.7283412160477253,5.227323178694448,5.227323178694448,-0.5454799898316478,2.1404383417318074,1.103658363029782,-0.3535470057241858,-0.24416520877683476,-0.596102610202566,0.678269521411743
16550000,-0.620615968226796,-11.372769798547552,-2.339911929074794,0.3563329812311271,-1.5198369152317193,26.6499835130994,-0.6379957577186599,-0.7934123474867965,5.403263111176429,5.403263111176429,-0.5375722759635798,2.1165585466789993,1.1147019612199682,-0.3822125199052884,-0.2814900288939687,-0.5853661751088685,0.657284865411745
16560000,2.4692749438376165,-11.394431939022587,-2.2450947496578757,0.792865535211775,-5.134439435193364,16.832229062476017,-0.7448712112834891,-0.8598340579335716,5.579188848246687,5.579188848246687,-0.5386430335176606,2.0942408220736315,1.123331238726864,-0.4012086476614991,-0.325963823175449,-0.5671689601384455,0.6411696949154335
16570000,1.5555574327476462,-10.794023940474828,-2.439226005605579,11.161762987690919,-0.6823354454343865,10.343163209161656,-0.7544501789643289,-0.8381151174626155,5.755110878293223,5.755110878293223,-0.5298577466289257,2.0738126878354004,1.134627999366399,-0.41746573936305575,-0.3700333232049933,-0.5530255191422717,0.6188380008963147
16580000,-1.7039146466301915,-9.86105437106463,-0.3964244475363709,19.411917832543093,-9.948718103851647,10.095139820933355,-0.6612810563754474,-0.7056535066164831,5.931050220591985,5.931050220591985,-0.5295757263575611,2.052576759304486,1.145556068681539,-0.4501088065526309,-0.3925557333537246,-0.5351618919168799,0.597414268255146
16590000,-3.2688653073480602,-7.371310781166973,-1.00584336631542,20.800459103370645,-4.802107629267128,1.5591718901221,-0.5333663222666496,-0.6235143665958744,6.1069870506304795,6.1069870506304795,-0.5187720269813109,2.035580379986677,1.1592410563785422,-0.4802761448258161,-0.4091272626227093,-0.52543856680882,0.570845005408643
16600000,-4.862359642309969,-0.921216724776011,-0.44177050935479223,17.0501177651478,-1.8910841245155798,-0.21527116309047958,-0.38279848625407537,-0.506556800085999,6.282906623506207,6.282906623506207,-0.5166039398856724,2.015843981548607,1.168341467251119,-0.49868267770651586,-0.4027633591543494,-0.532032290075369,0.5532078323698267
16610000,-5.074194953437966,4.178564129358937,0.5428542861457303,11.964283189388178,-3.4424348885143874,5.313593027663864,-0.2389980405623703,-0.3513190197469622,0.17565196671156258,0.17565196671156258,-0.5046590952322157,1.9989594800813482,1.1818225217264957,-0.5018704960507903,-0.37395951944205735,-0.5512044338449431,0.5517734635899729
16620000,-5.565394490162665,8.181871880018841,0.32745740294936126,4.790028617789556,-1.9305112888853246,-3.3413796530445863,-0.10869031269156286,-0.21615544083575308,0.3515893504272398,0.3515893504272398,-0.5007954785263327,1.9796448806672315,1.190318748161618,-0.4977842473918903,-0.3359153657141771,-0.5785328206866941,0.5519705476870097
16630000,-3.6755607555159036,10.171043177304393,-0.3771794142283452,3.863796973150698,-5.71018664218781,-11.239097184191651,0.03578322549033151,-0.0781632877301904,0.5275185390608712,0.5275185390608712,-0.4876805147784261,1.9651141150157665,1.202139703114407,-0.4831568783569113,-0.29955029942324696,-0.6062532412845564,0.5561349264736187
16640000,-1.893969010757926,9.92274870561838,-0.7091945893344829,4.901623094850447,-3.615718714132653,-18.200594422341986,0.18377334198734202,0.05108967229680356,0.7034387136460722,0.7034387136460722,-0.4820164681682685,1.9473485406822926,1.2065193980412847,-0.4627138068700438,-0.27025363394467883,-0.6307369891503815,0.5612751168447068
16650000,-2.0333426066142217,9.122253429370112,-1.1847522125546908,1.867768460574495,-0.6064841391940826,-25.987665075917114,0.32528106158402126,0.17909550607907823,0.8793592923713831,0.8793592923713831,-0.4641031650945815,1.9292009126670835,1.2140564919765613,-0.4436134882059753,-0.24412435324972762,-0.6541888654499258,0.5618249741275907
16660000,-2.0941731996654016,8.570479047224874,-1.8464873504876265,5.18611441218123,-1.861560014810789,-24.324267526520245,0.4715118521722451,0.31229568657763523,1.0552884997209944,1.0552884997209944,-0.45453133003870216,1.9099694947584251,1.2172010595464056,-0.4250019793346496,-0.2202947590045335,-0.6773451603562184,0.5586117349812599
16670000,-0.9844210153490679,9.632789199821332,-1.9504551885054593,8.06597201391792,-4.342978028772771,-19.906337132610673,0.6320025953979294,0.447871518241256,1.2312262941968797,1.2312262941968797,-0.4368733752174552,1.890970697436134,1.2218845010580137,-0.3989515162238509,-0.19655090612621176,-0.7006003030998686,0.5580005773294755
16680000,0.8509390815091372,10.357290069099705,-1.4697020281304338,4.237606274160989,-3.7715701285079097,-18.455386838011027,0.76530771552025,0.5762923631673423,1.407156264768524,1.407156264768524,-0.42586532555787693,1.8714220937676194,1.2180879726074285,-0.36522516613254113,-0.17565871483604334,-0.7207240424523392,0.5624157257374355
16690000,2.7905126080465643,10.814475104795829,-0.18015833049959656,1.7614200148918282,-0.4461832378137618,-15.812621798673689,0.9041999436957544,0.6858386373742495,1.583083885091547,1.583083885091547,-0.4078647737351996,1.8521441746696723,1.2165500133572762,-0.32432574527858427,-0.15889391701316838,-0.7350974247511765,0.5737571875017269
16700000,2.504521328843648,10.44736154559128,0.3151135970763842,-0.14366773419828335,3.6255460264995674,-12.443208540591002,1.0593916344656793,0.7519916693779815,1.7590151869732935,1.7590151869732935,-0.3951442007278948,1.8325318486466324,1.2102464959860646,-0.2828946123997527,-0.14312123185721454,-0.7470975914263212,0.5842363735268943
16710000,1.8992089708344644,9.710529924675985,0.8818742738432356,-2.5604326723540853,-2.106132416791355,-4.7639045078661955,1.1329233300178623,0.7735182002987397,1.9349415922108264,1.9349415922108264,-0.3786229376053363,1.812803653026484,1.2051994916783817,-0.24377792373255278,-0.11908751938754691,-0.7551673158293988,0.5967518845632476
16720000,5.135712893681238,7.97007614129619,1.8791031440303163,-0.8919073746016438,-7.910672964947031,2.061771134359414,1.1657425288994359,0.8101752042686793,2.110874214901024,2.110874214901024,-0.36558053972840043,1.792948447860083,1.1966781194087606,-0.20225893250736998,-0.10577858411085936,-0.7541488853489874,0.615761052756149
16730000,5.05730487348852,6.794358425763938,3.4919337423608345,-2.598683837505207,6.95799798054147,0.971362756899986,1.1263418220003867,0.8114867164904304,2.286792755491284,2.286792755491284,-0.3522254066764342,1.7743752877374968,1.1894396639929312,-0.1612329060370023,-0.10012212570233774,-0.7467629197555659,0.6374359980687088
16740000,4.007593232328071,4.180755289882695,4.421062857158457,-4.651110778029227,-1.1008397483702344,6.166541529529651,1.0684994039528695,0.7057843706467739,2.4627218970171256,2.4627218970171256,-0.3405704273324922,1.7554997278439755,1.1778322081626023,-0.1334923881235225,-0.09613383343886855,-0.7338067798393975,0.6591401051697287
16750000,5.9205640323982855,1.6614246027232416,5.102679406159189,-6.183969735906169,-11.021201467843758,7.254693802455519,1.0336440909179538,0.7029606212357445,2.638656988727881,2.638656988727881,-0.33095109623621577,1.7360058968451364,1.1675192262524356,-0.11020883347325713,-0.10148602057370279,-0.7144258424555702,0.6834839546647944
16760000,6.768457782055971,-0.319747794169531,5.930225986846057,-5.9252688805853175,-1.1524246860112413,4.03330567081533,0.9430931424831721,0.6318742802030477,2.8145920661099453,2.8145920661099453,-0.32182425710761264,1.716453127724577,1.1539303434058938,-0.08644970027065656,-0.11906702044261187,-0.6903914137382535,0.7083143298017682
16770000,5.7586157283112245,-2.265740727347355,5.663237877031847,-3.7263233694824045,1.467980453720413,7.3916620954936825,0.8316628432078349,0.519317731072162,2.9905140325893385,2.9905140325893385,-0.31214636562136555,1.6952121718742246,1.1408835842038187,-0.07136239668142759,-0.14030570651612792,-0.6662129194048727,0.7289595757495263
16780000,4.4850001833685695,-2.7741922708767617,4.609373133726928,-3.4068108728237663,1.3135136174934532,10.979883376521702,0.7247481728282864,0.43467331921311275,3.1664520086617003,3.1664520086617003,-0.30256872546700375,1.6740035003981952,1.1279707167861857,-0.062156307366501504,-0.15835505153905535,-0.6458843431647752,0.7442403417990932
16790000,3.4329618916045987,-2.707608287618876,3.7746418710364065,-0.6690743573311121,1.5824969071334947,15.334005890854721,0.6252200017785766,0.35324071101779636,3.3423675779069058,3.3423675779069058,-0.29455449734518413,1.6483247018286449,1.1154460580286627,-0.057172218647624486,-0.1724355108259277,-0.6289553119469621,0.7559183471743554
16800000,2.559752779401511,-2.407379635342695,3.219387941667809,3.0790411430509894,-0.11559003670145113,20.83980214267998,0.5160543430008623,0.26840261020775597,3.518298264447445,3.518298264447445,-0.2863995271497305,1.6222619317880347,1.1058776377994408,-0.057205712861008756,-0.18130376468333942,-0.6142965322895267,0.765830413175642
16810000,1.6815739320597487,-1.941012828921071,2.48964363065034,5.084927988843033,-2.9100277673021653,25.058029350399817,0.44907003055290245,0.19467885459931628,3.6942435135609557,3.6942435135609557,-0.28329980864029014,1.5886063115448634,1.0971298609693387,-0.061108718369937365,-0.18614776614241516,-0.6026860260500027,0.7735530283719584
16820000,0.6374040961256778,-2.0761510420823597,1.6483732919793832,6.2608514978734995,-5.141961635723757,26.94897917688454,0.3516913268696429,0.10672389736579573,3.8701720430417126,3.8701720430417126,-0.2807266764278209,1.5527478356749729,1.0911311384551465,-0.07007201636650959,-0.18896515320344137,-0.5947883838067506,0.778208752126115
16830000,0.07961907962146032,-2.7979492633287535,0.9846654209195507,6.530524857133149,-4.119166673618461,26.366569832650093,0.2637739635250938,0.033110005472739665,4.046084317552378,4.046084317552378,-0.27633282745075083,1.5185296666624133,1.0812477704869754,-0.08179509954854164,-0.1927861224228427,-0.5901152401745843,0.7796839590530908
16840000,0.035939132881696124,-3.4168362195451714,0.5089223947719884,7.239801819806233,-2.4657843694912587,25.671670443391324,0.1600976046183108,-0.04224007122128941,4.2220139395526175,4.2220139395526175,-0.27234777887221073,1.4809247954617017,1.0776385066275622,-0.0935873346941082,-0.19765417970550128,-0.5868332167124949,0.7796159386471421
16850000,0.20919347899346583,-5.157302708363727,-0.072707500292611,6.2908231320468175,-1.9844618421048845,23.126877396251746,0.05050213804195672,-0.14232061135515622,4.397957166376294,4.397957166376294,-0.271248200408576,1.4430602525206038,1.0767240114667995,-0.10844180229401984,-0.20977947193967506,-0.5840312354256169,0.7766211848225386
16860000,0.4336396334520333,-8.179466277132525,-0.7899759494163323,5.861248240422055,-2.937920277634161,22.369124013560242,-0.04339494362516173,-0.22287622285615036,4.573872119880171,4.573872119880171,-0.2720064454658441,1.3994089375514844,1.0755297232356322,-0.13062825265060224,-0.23598313557778888,-0.5819306046672038,0.7672059636655517
16870000,0.44625721491343995,-10.56805717985121,-1.353105614562748,6.7861917406007235,-3.3641453500820586,25.75150533551467,-0.15266815575016093,-0.3519181584658813,4.749804132049029,4.749804132049029,-0.26466256443213576,1.366609858981921,1.0777878368375744,-0.1580992705789684,-0.27159880064984376,-0.5792857570862034,0.75210818621062
16880000,0.6310840808782558,-11.984662000617854,-1.5811097407481944,5.237899996043901,-3.084291224995341,28.1853604037884,-0.26259808550314456,-0.45827896629014475,4.9257484000961185,4.9257484000961185,-0.25609098190141993,1.3297879218256135,1.0796647917445794,-0.18660102255469216,-0.3131092545760374,-0.5748143069303623,0.7326193866043601
16890000,0.5449610364530791,-12.244818102234811,-1.6265253741866337,5.476351782681047,-1.9302448218033859,32.779509765936375,-0.3792302641744867,-0.5513257868907615,5.101660018501114,5.101660018501114,-0.24689537595620972,1.2996356130260809,1.0851163831458115,-0.21474356489986776,-0.35509354912959445,-0.5687880378122124,0.7101224829157134
16900000,0.09197082346718205,-11.859511922527089,-1.571589645464587,4.649260027165136,-1.4649015676497967,34.00700494377613,-0.4804184245685884,-0.6888670139924141,5.27758921069826,5.27758921069826,-0.23502500949235466,1.266842124486744,1.0898764323275767,-0.2426968612669702,-0.3937964763431738,-0.5620321534342178,0.6856693279248806
16910000,0.5399427191326059,-11.732732224660568,-1.5878105908933433,4.556502927828132,-4.51782445211885,31.890322327582606,-0.5684949345480209,-0.8211749878082427,5.453518619633961,5.453518619633961,-0.22509248278124291,1.2398905112481486,1.0977759158963598,-0.26870321168667544,-0.4322949539489049,-0.5524272901610561,0.6601088894302912
16920000,2.2014481157597383,-11.935572889087654,-2.0326169738751645,8.361374056702775,0.43847589525879777,24.095325320308614,-0.6517266766462791,-0.8388265677656452,5.629447908992994,5.629447908992994,-0.21161190448308884,1.2128965097125897,1.1037959740872294,-0.28689661493873525,-0.47750880633798176,-0.5391313999425095,0.6316747626764908
16930000,2.155224177688606,-11.550055095998605,-1.6000959179032106,9.684048610653022,8.239601300368621,6.098479062080486,-0.6903363604651972,-0.7609586309684874,5.8053928809163935,5.8053928809163935,-0.20222186358124067,1.1880485205874949,1.1128894434592442,-0.30505526219735474,-0.5218564520506666,-0.5225668766492545,0.6012744713421952
16940000,0.7409219330383607,-8.760012563602487,-0.21325004159695196,13.75322306968866,-5.937805026696799,2.3095559438512665,-0.6144251643212336,-0.6939213478001305,5.981306344377593,5.981306344377593,-0.18968535371860468,1.1654458125933058,1.1187843186532636,-0.33045354751626815,-0.5472702026361125,-0.5035050584102292,0.5811870906995903
16950000,0.9759468530407827,-4.043754738080235,-0.12853183982912864,22.213737330197223,-3.478265346523407,5.523835075465017,-0.4686406167830676,-0.5342332539036198,6.157249778052822,6.157249778052822,-0.1805645319366073,1.1431326631977041,1.1292042456153295,-0.34132441234544364,-0.5575297472652817,-0.4918495939587823,0.575101906946873
16960000,-1.5293511037781726,0.7239995634137344,0.4948803290357623,19.845203879177117,0.030684066538777914,4.804690873532079,-0.3130593701948486,-0.39948775251482227,0.04997934647224156,0.04997934647224156,-0.16857005016372373,1.1264833729401023,1.1369228548988377,-0.348493100088952,-0.5467695055131401,-0.4938285605593267,0.5794212800779858
16970000,-3.1288792821516895,5.710658178138705,0.5233119467837581,7.699431340635312,2.701400003994702,1.25996826713568,-0.18024940012021537,-0.28738876652723105,0.22590800775634534,0.22590800775634534,-0.15864638568622083,1.1048109285588408,1.1495638268101211,-0.34714110527050623,-0.5205135159634328,-0.5086112133034962,0.591500943729511
16980000,-2.0778358236583,9.013420882978169,0.04607850547858653,5.768454663067895,6.046799319652153,-1.9813986640238168,-0.059745852632444994,-0.16353651496382898,0.40183718288432146,0.40183718288432146,-0.14455697874481838,1.0898393957593955,1.1584218885767663,-0.32751517615103487,-0.4915183626148059,-0.5308465276039245,0.607737996783213
16990000,-1.4500207275951529,10.106930821342576,0.3227376004673185,3.337424597297562,-1.6909954265059286,-14.0524616787959,0.09052532414268305,-0.016981628977616008,0.5777663722977309,0.5777663722977309,-0.13524861969733187,1.0698394770822122,1.1701972318095035,-0.30971464278543465,-0.4608437406754095,-0.5460978390047517,0.6272774800348941
17000000,0.05068845377808855,9.37872110550895,-0.14794337296752488,0.692418663506422,-2.8828444197667826,-21.08249417527561,0.23030299777017435,0.11806768843449136,0.753695569303261,0.753695569303261,-0.12304965849216981,1.0596241384770173,1.1768176162972135,-0.28780178395379574,-0.4361412344554646,-0.5571606325885361,0.6453859204028382
17010000,-0.14226359119107038,8.169306270000524,-0.24127620719698697,2.19603162479766,5.767388991017098,-24.079368479201495,0.3976026021866372,0.2498717899950802,0.9296247699609808,0.9296247699609808,-0.11456503769416056,1.041024544564216,1.1852760005879641,-0.2672728464957789,-0.4158877265418245,-0.5677465635813401,0.658229795724484
17020000,-0.9503058165218686,6.93473354155873,-0.8926512305040218,4.292696623959234,1.4941016984625612,-22.50606989566408,0.514710464337976,0.3875091583847394,1.1055540420431953,1.1055540420431953,-0.1052363022773374,1.0350335951522491,1.1880481905921971,-0.2522838228751457,-0.39734272373136925,-0.5792720585851691,0.665518981514231
17030000,-0.6559642002038706,8.89978747823811,-0.9887715563584542,5.746775699214403,-1.0742065737772757,-17.449094809823258,0.6770428389884714,0.4952220640707884,1.2814966520545,1.2814966520545,-0.09743895816004086,1.0167700427466315,1.1928768886713026,-0.23094412189858138,-0.3722729562705563,-0.5919750144541366,0.6764933413213309
17040000,0.3873285829428099,8.725394091196303,-0.6985064069579617,1.319335846727996,-1.9042294818341716,-15.97071845288418,0.8261757374890837,0.6473436405244158,1.457412406670585,1.457412406670585,-0.09078998682746013,1.0112163155576144,1.191518569880293,-0.20683375826315234,-0.3499137007187387,-0.6006763459369038,0.6884534304685729
17050000,0.04023761691663747,8.761861875256589,-0.44180693218715605,1.4934001471811638,3.7164908316940988,-11.33513620056617,0.998363136762142,0.7307762284395687,1.6333549512330023,1.6333549512330023,-0.08386388517756203,0.9923703827804521,1.1921077683773786,-0.18102936157862248,-0.3272754141258142,-0.6095206466505273,0.6990019705708534
17060000,-0.24825504251204414,8.877102398388276,-0.3017250340617176,-1.5573275294041893,1.6341843432697032,-9.584793872185204,1.1406578636910027,0.7781119609688342,1.809270720978759,1.809270720978759,-0.08241296278867088,0.9837575178515855,1.1836959647872085,-0.15525968769121565,-0.30050846590404434,-0.6177338381760716,0.7099253457021258
17070000,-1.8536145782604923,8.24570185134084,-0.918192734833713,-2.1688039953358067,-1.876984289943203,3.0704339480685325,1.1865346733744242,0.8145162899941715,1.9851998411943441,1.9851998411943441,-0.08165416673004625,0.9665236293234928,1.1808584135345646,-0.13338772187264947,-0.26041304846317215,-0.6305661438109832,0.718873492433188
17080000,1.8566405966281427,5.994442106647053,-0.1736368746565675,-2.8909470935419668,-4.102678075247809,2.372560947405304,1.201352431765486,0.9155066919207585,2.1611290018946647,2.1611290018946647,-0.07436112935689328,0.9459561794230759,1.1669760679328602,-0.10847202690481576,-0.239970397312087,-0.6323563123335537,0.7285420523517838
17090000,0.5392993598472756,6.635305733362521,1.12006690223198,-6.106050681571841,7.408997002526008,-5.846476961630121,1.17198771098634,0.8580565180020199,2.33707168278454,2.33707168278454,-0.068279199069365,0.9254754911467079,1.1622579333737006,-0.08184502532890861,-0.21955602203379262,-0.6319998674260098,0.7386966309596336
17100000,1.0156237093521803,3.431794512754893,0.014083793503227911,-6.991062058976539,-13.333994653117294,8.625196744363652,1.113497571416042,0.7985068624385117,2.512987668329856,2.512987668329856,-0.06947210827322199,0.9045695481738555,1.1464104588005992,-0.06834213597523844,-0.20413214616319916,-0.6322862054397679,0.7442268295108205
17110000,0.8711042892021366,2.1188316262345643,1.6008524752561293,-6.741430407630611,5.273226084773695,0.4951060219402329,1.057125752925483,0.7362997133046456,2.688929924726665,2.688929924726665,-0.06877384888898988,0.8778156300921677,1.1406243608225939,-0.05322017647956337,-0.19708097076031492,-0.6275350367581676,0.7513497730222466
17120000,1.5595715106954389,-0.25362179021768005,2.833428531213444,-5.403080006317601,-2.845070554489834,4.062800108675937,0.9649186284715752,0.6568474885349451,2.8648475293068714,2.8648475293068714,-0.06287265269419183,0.8560435914382718,1.1288109373503377,-0.049418084294251464,-0.19525237127690487,-0.6160260152747529,0.7615420625022246
17130000,1.3792449785446586,-1.4098143652227466,2.4969079048404073,-2.0372133312349243,-2.534217365267046,9.6362441343338,0.8638670474106337,0.5468404419729788,3.040775065683647,3.040775065683647,-0.06100335397034528,0.8276676274243164,1.1219392261320278,-0.05069905722070083,-0.19702068869903397,-0.6053745738171877,0.7695024881032867
17140000,0.7503351708929283,-2.142324422503453,1.9200289225718152,0.20574956920396584,0.3387632604323084,12.680980766532334,0.7574741428456471,0.4507775951627878,3.2167200776713685,3.2167200776713685,-0.055396902429346126,0.8060452795769494,1.1128748464265459,-0.054165857898377905,-0.20025589927920592,-0.5975891610751005,0.7745003739234521
17150000,-0.05960978493612281,-2.214353187269955,1.5511727543025637,0.41156130174421746,4.31104002617779,15.24060085707657,0.6602267325359529,0.38498001382645325,3.3926376487206653,3.3926376487206653,-0.05547088288273498,0.7819021593583987,1.1070202723156177,-0.05646145011247528,-0.20425752849134862,-0.5925214993307047,0.7771803134001118
17160000,-0.4369740427159178,-1.5480802153288828,1.377487493278079,2.229366870484409,-0.27050089886513085,19.911950442987468,0.5624905198632213,0.3067098723623644,3.5685625075147414,3.5685625075147414,-0.04971014758581463,0.7603482611237863,1.108331349086747,-0.06340809266458768,-0.20141430215003256,-0.5878704905100011,0.7809097124902376
17170000,-0.7223855494609296,-0.6071547971639437,1.1793512540509155,3.4608041147055717,-0.9247707719396698,22.172215959022452,0.4646156807268241,0.221871175916313,3.744491755558329,3.744491755558329,-0.04443796105613958,0.7389437256251669,1.1041834587656365,-0.0691547146207015,-0.1940663124507103,-0.5842922566813498,0.7849576107024687
17180000,-1.145618848400876,-0.7184602037270021,0.8235779927896071,5.588537207609633,-4.788733975579984,25.69417405348335,0.3708632080163746,0.1396024876335146,3.920421028610974,3.920421028610974,-0.04957106903054824,0.720752493419288,1.1095399597060285,-0.07946478448181347,-0.18636354130455654,-0.5817128204284224,0.7877589561845005
17190000,-1.4309555208940894,-1.8607218583998293,0.0520598613763944,6.334584016680233,-5.404592531233746,27.16938895343402,0.27246661248027165,0.049173611857331885,4.096363142333814,4.096363142333814,-0.0446276581657825,0.6994076934457433,1.108314874447001,-0.09358897900349275,-0.1826098991711272,-0.581779079715196,0.7870373753129735
17200000,-0.9717710194177892,-2.634704521430915,-0.07222010099055236,4.11094522179546,-3.4673664990724147,22.065993049354343,0.1709352688657733,-0.04506370407480633,4.272283505057089,4.272283505057089,-0.04973739904949001,0.6789009020952878,1.1197960179912125,-0.10612137483299469,-0.18284449513966358,-0.5817094485437767,0.7854427171191875
17210000,-0.4674602219685088,-4.486651951057186,-0.49967352822283656,5.8271373371448,-1.3532858204148066,20.929855427392198,0.06384006073207711,-0.1315514958812739,4.448208660205523,4.448208660205523,-0.053004756252318895,0.6507595923228197,1.1211080506542266,-0.1204751841123996,-0.19204451701945216,-0.5818424812028055,0.7810659130723936
17220000,-0.07334407269117663,-8.236092296591957,-0.998194487079095,6.063987008275679,-1.0955263827463682,20.633666113027992,-0.049144953540717795,-0.2444846973646677,4.624151233523207,4.624151233523207,-0.04886747427177716,0.6290526574230618,1.1357894954718648,-0.14261037880362182,-0.2175687611818146,-0.5809080426021429,0.7712794305927293
17230000,0.033658538608231654,-10.225269573855359,-1.2673822064335352,6.647472387882528,-3.5229208502467473,24.874595463088966,-0.15908369935816902,-0.3717098370280707,4.800084907984058,4.800084907984058,-0.0527212653023664,0.6020603514614868,1.1398545025199625,-0.17025717609502686,-0.25085167318141766,-0.5781269787812534,0.7575322623198899
17240000,0.6285207100526449,-10.589404747598019,-1.2535531372094146,4.52787415764951,-3.682589056498656,29.87259423059571,-0.2806783051212247,-0.4771362997087437,4.976014265276035,4.976014265276035,-0.04920001173916775,0.5799505628759295,1.1505829390163804,-0.19469957427219847,-0.28741150107450153,-0.5731811212659572,0.7422601343549489
17250000,0.5393153567050385,-10.651796731025938,-1.4959373478289268,4.929934649313878,0.03680208878373437,33.984298782862346,-0.4020785028340801,-0.6237471265469404,5.151930917148775,5.151930917148775,-0.05565539377059085,0.5624076321347168,1.1578901268631296,-0.21755344737963925,-0.32458686787183544,-0.5683039233898384,0.7241163673043878
17260000,0.2558899620739707,-9.800235169149197,-1.1784279944403842,-0.5848423111378636,-1.9452119628283353,29.452525370252747,-0.5497720940240315,-0.7227565161305487,5.32785516211419,5.32785516211419,-0.0529934318899849,0.5409144030401443,1.1701277213910677,-0.239694726678,-0.3568881555299376,-0.5622557286878533,0.7064317221097091
17270000,1.9047780896960051,-10.273951582119414,-1.4017164870599246,-0.5575076000687818,-2.5882239580241055,24.46697400753114,-0.6715935072996235,-0.8166785672147341,5.50378435078045,5.50378435078045,-0.06139506653260859,0.5297727687024166,1.1793634293670159,-0.25674912790966126,-0.3953157619393228,-0.5520366818251102,0.6877941811323234
17280000,4.486457605568451,-11.241678793374328,-2.0019358084576973,0.2590056442779251,11.970993794092372,3.745858965591076,-0.7563264423177055,-0.8209702720531155,5.679713433259167,5.679713433259167,-0.05973969497937221,0.5094557009338946,1.1887618978338135,-0.26245741710392706,-0.45094349277963436,-0.5370480179682141,0.6628314242122592
17290000,3.555913354283431,-9.564018675203082,-1.4089255208404945,12.500937432314977,0.2949043203850853,7.909063571599276,-0.7200708813909686,-0.7785337605629892,5.855642420204447,5.855642420204447,-0.0678743126152273,0.507554008569839,1.1976094473326013,-0.2754793309609319,-0.4890369886254529,-0.5192678318237989,0.6444492848956208
17300000,1.4161917597843459,-8.970404267399584,-0.013465795705157081,19.19341814029568,-7.744640980376096,8.684813698197425,-0.5956967794233823,-0.693608614947754,6.031583819330308,6.031583819330308,-0.06703538945772924,0.4895111897326929,1.2024351058538183,-0.29891151090971935,-0.5171300999610958,-0.5001455177140062,0.6269631803148288
17310000,-0.0028330827356701977,-4.958421996041682,-0.012590386847810142,13.095079367118226,-9.327498865086817,-4.163541282939232,-0.4652088566442937,-0.580600150181728,6.207518192603686,6.207518192603686,-0.0702467870934328,0.4886544215216342,1.2118597899302537,-0.3171279093311095,-0.5326081529655874,-0.4882055139901753,0.614340150590415
17320000,-0.5720768098947153,1.7846901801036241,-0.18065408164191318,8.233203923200813,-0.5978667799708856,-6.14887176468249,-0.324300911877998,-0.4429163845339582,0.10024973836315354,0.10024973836315354,-0.06927290778309726,0.4722662485593495,1.2153267599962947,-0.3172567798427857,-0.5299139384527978,-0.4902586493682894,0.6149681375460126
17330000,-1.1303455166018797,5.530387194311939,0.33588030732176766,5.900432608780952,5.9203218846316386,-0.3586881003002805,-0.18783758748687474,-0.31537155982876286,0.27617355309670444,0.27617355309670444,-0.07461220838181512,0.4721986271798736,1.22380654591592,-0.30412168224315794,-0.5132995865354445,-0.5033571467914034,0.625032094876856
17340000,-0.405137780004635,6.598756506864226,0.35957890353906546,3.499063672979974,3.80197032905033,-8.553361266632935,-0.05343378707171096,-0.18911501919392842,0.4521148555719847,0.4521148555719847,-0.07451175166450703,0.457460702092477,1.224685052762752,-0.2903624390943359,-0.4966742122281963,-0.5119491041071875,0.6378969318585385
17350000,0.05609730237305419,6.788008102355151,0.4989879129115359,3.485168141728689,-4.665702145466513,-16.33782175669449,0.0792218247936338,-0.0742204316822106,0.6280495581546361,0.6280495581546361,-0.08088852249824245,0.4610562367073717,1.230822403093934,-0.2785149485607088,-0.47870132992088643,-0.5162429334375692,0.6532745929821347
17360000,1.155530949102773,7.185028031243588,0.48885467740454047,5.77475713832254,1.2511609577556404,-22.01885810636413,0.21943106958986863,0.050462815091623196,0.8039787743781872,0.8039787743781872,-0.0816014907196302,0.4487361446249718,1.2282771208682979,-0.26044202162469815,-0.46298921443896174,-0.5189854383441886,0.6696753358694971
17370000,0.5253666908773926,6.5987447173763965,0.03208673452167503,7.602275532848944,4.65828076988372,-21.481521005897957,0.36984182879691707,0.17970513644243372,0.9799080020575062,0.9799080020575062,-0.0908346546756632,0.45507632151442456,1.2311219096017776,-0.2439852951189715,-0.4482373447853778,-0.5240758744766214,0.6818349773200459
17380000,0.026906106003166348,8.019643264319338,-0.08166581976147229,8.463834392691636,3.466370433451546,-20.224627588265623,0.5234949498005627,0.2987742581061232,1.1558264537460232,1.1558264537460232,-0.09299414339510581,0.44526790871941435,1.2260897735667178,-0.22522439758408516,-0.426907139227388,-0.5317011844762565,0.6959296772204212
17390000,-0.7286234370892963,8.416486301125765,0.008451862841863163,7.578850193066646,1.6947728747501836,-19.709470368454436,0.6625180149058985,0.4194902710542368,1.3317487223601248,1.3317487223601248,-0.10344157010102105,0.45041240983389175,1.2258658401835583,-0.20842359020417872,-0.40153167139750456,-0.5401537626263632,0.7096237289097015
17400000,-0.7038316545275147,9.240250163566554,0.5926445520782231,0.3925716877022877,5.482834103577751,-19.003197524372286,0.8039722857165994,0.5074481962332986,1.5076885487643281,1.5076885487643281,-0.10682508474796508,0.44207447359935526,1.2188208094722115,-0.1879095323255147,-0.3728572080877906,-0.5475575076999485,0.7251539738563152
17410000,-2.9678830787035175,7.593294198126771,-0.9776678252970656,2.2066209243604638,6.880318373000575,-12.422369467579182,0.9555696788009788,0.5614099924979331,1.6836247136455214,1.6836247136455214,-0.11406288539286945,0.43384122482700493,1.2148971429465096,-0.17600062812524545,-0.34511713189202053,-0.5630269534291037,0.7300127354275997
17420000,-4.32195923924266,7.326593009304679,-1.5283495113461023,-0.7032764535462948,4.722740654282697,-11.741672541646043,1.1213278280988292,0.6021096282075763,1.8595538649220558,1.8595538649220558,-0.11712558893292063,0.4221731490854921,1.2080740123491538,-0.1681344854181093,-0.3146427382546381,-0.5817510760672178,0.7309558314778295
17430000,-6.998735869643913,7.3779674547197835,-2.409704462470799,1.6058841597380213,2.73795828297643,-4.8281838917487985,1.2312218936388346,0.6111685255416743,2.035473145757443,2.035473145757443,-0.12136248667841362,0.40583774670085526,1.2018751548542548,-0.16880867027694366,-0.2762118003668398,-0.6066120183765956,0.7261077973266175
17440000,-5.228718066985938,6.161151234961669,-2.348332328816219,-2.234528591888501,-13.655208399343255,1.5128004944113262,1.3194106515046158,0.6406604079748782,2.211394689216867,2.211394689216867,-0.12373578731991318,0.39124277678588937,1.1928307806676077,-0.16884713924891234,-0.2377841071482728,-0.6260874110387004,0.7231624407379124
17450000,-1.1882612093833138,5.018821979631353,-0.7183920235145835,-6.494863012064154,-4.509461915220132,-0.328857248466611,1.33146366040856,0.6131014486226979,2.3873239502430934,2.3873239502430934,-0.12611305301606182,0.3736018070733679,1.18430142509361,-0.15382809288233576,-0.21294481453426423,-0.6348251230617049,0.7266281627716081
17460000,1.2223605848231067,2.0055888905776196,0.2138886285117187,-6.215702316599128,-9.635150472703875,6.716562858497732,1.2382913995535147,0.5224426660901766,2.5632624373070954,2.5632624373070954,-0.12789764077062427,0.35813884010918906,1.1711898069913063,-0.14312500072763415,-0.20381055173143758,-0.634403101098326,0.7317849400516993
17470000,1.340115951469786,-0.26708521477582087,0.6723662094769904,-4.4978424039349765,-4.655499166740934,7.3144301349517225,1.1533186654043888,0.4749677410309791,2.739190907479305,2.739190907479305,-0.12790768278190862,0.33799468846371705,1.1599901339133476,-0.13751297359044942,-0.20275595067612362,-0.63104106902892,0.7360484873692572
17480000,0.24272446822497554,-2.328598235660459,1.4415252543230759,-4.40544825985357,-0.5526456645731522,5.9664769560685045,1.0445943416705414,0.4091433408815261,2.9151116262936867,2.9151116262936867,-0.128569502347564,0.3208846982903245,1.1500831850266593,-0.1417593425137551,-0.2055022356531817,-0.6249122760510593,0.7397011336967768
17490000,0.4314444785583507,-3.787295688324108,2.500712929037371,-4.855075833770127,0.28911071158168805,7.475714635796606,0.9208765245354286,0.3327550764599928,3.0910496839963244,3.0910496839963244,-0.12959500209853816,0.3019666235109648,1.1395850838713821,-0.15024344827864203,-0.21392097188199308,-0.6135674827276513,0.7451172177433965
17500000,0.047183814785510834,-3.58189466782635,2.7801009552960214,-1.9127964842031902,-0.873150758608109,12.90775758150584,0.8195824360951475,0.2531634814985751,3.2669876398660236,3.2669876398660236,-0.13071512604303162,0.2850028082548802,1.1318721337810744,-0.16070090302513373,-0.2194766308368696,-0.601356613763031,0.7512492604767501
17510000,-0.6095582497877453,-2.724059044199104,2.8970734496818333,1.9089221934693446,-4.750954074277627,20.352178257277995,0.7358454927934859,0.15573446913791353,3.4429167439097697,3.4429167439097697,-0.1344807347078309,0.2654132355957719,1.1232418065319745,-0.1731796116369559,-0.21878535959209663,-0.5892255296023439,0.7582579137775403
17520000,-1.067422087076194,-2.5773145222034652,3.111308738789389,6.404884677373688,-7.090064891867994,27.13190732281302,0.630051895481198,0.07850706239952855,3.6188458618960127,3.6188458618960127,-0.13729270674505145,0.2476285532755825,1.1216137502930272,-0.18811351574215138,-0.21569078270290565,-0.5762041764413587,0.7655583181598061
17530000,-1.4304878663432372,-1.9731572540335678,3.353794418722298,7.330388435771926,-7.246057861327177,28.21400968245918,0.5322962580873463,0.013263611815993937,3.794775081974457,3.794775081974457,-0.1397490525222319,0.22597273787510633,1.1188746853142242,-0.2023637144454488,-0.2089569486913107,-0.5628976855574239,0.7736485741365736
17540000,-1.770969327494921,-0.9903488093035222,3.2824974910727938,5.387874930329083,-6.921004144651824,25.61163520664156,0.44712824910580057,-0.058612015477863356,3.970696529242879,3.970696529242879,-0.1418889874314343,0.20634429955690656,1.1187712889249,-0.2142252648842457,-0.19764348949335678,-0.5509779952342357,0.7819640885065162
17550000,-1.5703298280337608,-1.0118225061755515,2.9454789966692885,6.389786222081388,-6.1013583752562255,26.167967366985764,0.33049390119416727,-0.14138594419944506,4.14661578978113,4.14661578978113,-0.14419418311459908,0.18650272890375016,1.1185152076041633,-0.22379248231147858,-0.18773127996473918,-0.5400416649720207,0.7893217920961737
17560000,-1.0012976671771399,-2.2647285002381174,2.396008350488552,8.341711666404928,-6.228547284777208,25.862106973249,0.2341224600791944,-0.23371365503192348,4.322545042588082,4.322545042588082,-0.14630905057839488,0.1676701754121526,1.1232078210472445,-0.23388051031604237,-0.1848642319766728,-0.5289834040064342,0.794544952105133
17570000,-0.4426460401003017,-4.635678751713824,1.7041017798967644,8.040449952932093,-3.9693264827418755,21.43729896866655,0.11961046575336436,-0.33482017865341795,4.498480405574732,4.498480405574732,-0.1482536731760704,0.1494841365618282,1.127659238027852,-0.24541937863793972,-0.19545357389050208,-0.5177696775267363,0.795915692819445
17580000,-0.018453380820918307,-7.586570828417093,1.1924522603373147,7.295399558397413,-3.4019298524992436,20.10966642361289,0.018504993214048866,-0.44429046188554117,4.674415550699202,4.674415550699202,-0.15013929496197514,0.13165805368137704,1.133485938406635,-0.26177155400839447,-0.21963775838126692,-0.5042971494805432,0.7930443200925665
17590000,0.3779498900449546,-9.641792031675836,1.0217276980055074,5.280182822998581,-6.17417303537977,22.185991911088884,-0.12089953929069522,-0.5810269613961954,4.850338059579066,4.850338059579066,-0.156868123562932,0.11949623829310971,1.1394682953314201,-0.2827225817708067,-0.2516842525040012,-0.48700565413409075,0.7871140143840524
17600000,0.615325325128312,-10.364987215177083,1.0536416310336656,4.026377188857001,-8.438036318579874,26.460724698238064,-0.2581136479184479,-0.7245152392385289,5.026279487376009,5.026279487376009,-0.16307910622110713,0.10690473277126755,1.145692242306103,-0.3043497521816932,-0.2866810487721269,-0.46707366689432334,0.7791196277310347
17610000,1.280094057263345,-9.81659615655174,0.6079969673150858,4.98734594229281,-9.638297745458855,30.322313262002876,-0.40685111232638327,-0.8657022201206311,5.202208512283825,5.202208512283825,-0.17112711656243634,0.09738304562317768,1.1529138320446803,-0.3206045818466298,-0.32158719148906506,-0.4476882889484601,0.7703048593300728
17620000,4.782404227917449,-8.544085661982473,0.3960926397769982,1.3757750256709458,-1.0895250255154436,20.90575899580363,-0.5312881829743997,-0.8869121383549252,5.378137672053732,5.378137672053732,-0.1790697916953672,0.08774531558116813,1.1604798770538758,-0.3181709610062487,-0.3611437140480757,-0.42515081967079027,0.7665436960207663
17630000,8.144144521219188,-8.412792955986852,0.45896981079868865,1.9690268077178372,8.50185542606497,8.83923029191135,-0.6215248943969699,-0.8754947719967181,5.554066784244107,5.554066784244107,-0.18683951541484517,0.07821638163041705,1.1679560991617313,-0.29989558580123277,-0.4099278098804144,-0.39712902546425044,0.7644019658775069
17640000,7.365834919860024,-7.26378054688574,0.1773460613411674,5.295031926819893,-0.6385014446401167,4.239864729396706,-0.6280173502983708,-0.7894471946426789,5.7299932225020385,5.7299932225020385,-0.19498426389083795,0.06911981210897941,1.1725886866343205,-0.28597855881358325,-0.4509625082038371,-0.3696677200359141,0.7603912524857577
17650000,4.8801222933204755,-5.931990948963713,0.5296890111917346,12.481142064158423,-2.2158922269437413,4.071298792336122,-0.6200164325773099,-0.7389766848449524,5.9059075186361625,5.9059075186361625,-0.20562838916959733,0.05731341562271969,1.1772473954705707,-0.2801751219543685,-0.482002314256558,-0.3475438914620947,0.753915720486422
17660000,2.816873314923756,-4.34283641100117,1.554211937308255,20.723175502842675,12.736813227691394,2.3819175655773153,-0.4985294063037546,-0.6086287472683682,6.081837874744885,6.081837874744885,-0.2175730293552881,0.04601601931128482,1.1817102588625994,-0.27641215012999004,-0.5056187059749132,-0.3318981888260216,0.7468531580456609
17670000,1.80376969842876,-0.1169909193166633,2.100281202613414,14.615829551073107,14.27152816045236,-4.268515537639522,-0.3413197019669405,-0.47652770563552516,6.257780836390715,6.257780836390715,-0.22522720161749782,0.03855986819925267,1.185278310159293,-0.2755832930434896,-0.5072067708647424,-0.32356644884958374,0.7497332147925265
17680000,1.8106118119012955,3.7456452941401603,2.026070587257451,5.379937990236996,5.797705253547836,-7.2520870453005255,-0.2229090805502755,-0.3907079073583894,0.1505098442211903,0.1505098442211903,-0.23391185248365798,0.03310913492514336,1.189711650566028,-0.27641260674401336,-0.4959207573678952,-0.31976415032845823,0.7585575531291953
17690000,1.3487727773392013,6.078943613415226,1.9845229909478603,-0.8033590018962303,2.154586200128545,-14.588547313073406,-0.11148817423101895,-0.30020739401212576,0.3264424139771478,0.3264424139771478,-0.24127856064310796,0.024419645900031983,1.1915620021043276,-0.27445485385233037,-0.48114438164120965,-0.31683493323938755,0.7699287254617709
17700000,1.252707353036722,5.97359259887865,1.9931932846523595,-0.10719382538969095,1.6933804313067704,-22.113609737427545,0.017655810205215648,-0.14921285447691895,0.5023854988707654,0.5023854988707654,-0.24982726491724783,0.01775457695558516,1.1905278267430548,-0.2676238305578004,-0.4632615314690788,-0.31294114100792597,0.7847509675324721
17710000,2.0396871674006136,5.09733527226723,2.023410720714737,4.083123271635039,-0.3082922199459818,-23.251107911919714,0.12642533051959529,-0.05125341291664563,0.6782973647077171,0.6782973647077171,-0.2584168880195138,0.00928070073223572,1.1902598268142532,-0.2595730256715333,-0.44949000011320267,-0.30545872469127644,0.7982954037522312
17720000,1.9684376854761478,4.193121465772644,1.988971595376521,7.356244510196733,1.71780106914346,-25.485818194826997,0.26249257784644714,0.07946728355935961,0.8542265607636779,0.8542265607636779,-0.2690775241093414,0.0033048649693751264,1.1876411458083147,-0.2524701786194107,-0.439256445801198,-0.29745110924516976,0.8092190193877059
17730000,1.8956375981283693,4.629806942458122,1.8553823824605051,11.913924611306383,2.6137889065913984,-22.60688535978173,0.407799357300084,0.1892809218657916,1.0301557080048411,1.0301557080048411,-0.2773392910330875,-0.0049357481010261495,1.1853570498330646,-0.24420321978975368,-0.42710727478920046,-0.29092159566428294,0.8205539521826747
17740000,1.8043371862923363,6.517319188217075,1.6772761850487514,15.268510802449969,3.763992506223298,-18.36671343551436,0.5355611551263936,0.3144440947925839,1.2061023320984674,1.2061023320984674,-0.28767750455189584,-0.010220564021183223,1.181842941887508,-0.2325292436328575,-0.4071182398322797,-0.28777101897201396,0.8350884565668517
17750000,0.9756062942026545,7.915153035016725,1.2373371278855418,11.303757795110618,3.5492792275603153,-19.184118512106945,0.6900650173459624,0.4245933085474773,1.3820141984310936,1.3820141984310936,-0.29546270706141275,-0.019364759874798895,1.17759500626509,-0.22144823721972143,-0.38033989855213607,-0.2892959506544211,0.8500647579664644
17760000,-0.5496150719763823,7.887557650881152,0.5636930623488112,5.384749258038468,3.7951506282104828,-17.663527696198788,0.7937507435349223,0.4797266102848322,1.5579608285696196,1.5579608285696196,-0.3050540676675665,-0.026145235652068693,1.1715598432202097,-0.2149012691327018,-0.3517799836296389,-0.2963689675425431,0.8615298733766881
17770000,-3.2268778289495206,6.954084132024158,-0.7349032027912982,0.3638356345355105,9.367520561502198,-15.870797239370079,0.9868658967335251,0.5699146905565282,1.733873952626098,1.733873952626098,-0.31277271475258417,-0.034619703996064136,1.1639523162242136,-0.21622731703634251,-0.32476263911866576,-0.31368481471238535,0.8656655316106797
17780000,-6.855234353541586,6.484353001178338,-2.7224979244312877,1.1479460381850273,5.933067730578369,-9.411744610810022,1.1310340729819859,0.612184876686795,1.9098192024894303,1.9098192024894303,-0.32229075085741965,-0.03989397215258084,1.1543232240529726,-0.22986392392402896,-0.29573933789691054,-0.3446170560701161,0.8607786621217511
17790000,-8.810453379894422,6.594168711885965,-3.5888113849133925,1.2354679743404093,2.2447153756175213,-5.022020584992962,1.312314017945963,0.6260746601000573,2.0857461680349303,2.0857461680349303,-0.32923388512004736,-0.04779637197712286,1.14332982742964,-0.2509181524719016,-0.2604158775728284,-0.38072873539700525,0.8510401174510275
17800000,-6.854968312237762,6.403457974844612,-3.0485663783281773,-0.26584336321033725,-10.927642314721865,-1.4599159711967296,1.3850836667480324,0.6327693406487086,2.261660460941883,2.261660460941883,-0.3369407664008325,-0.05170329911591809,1.1312322460148498,-0.2700454499699918,-0.22184145686530857,-0.4075155595790716,0.8436781920064891
17810000,-1.6941418296570367,4.669773845832691,-0.8502318111868484,-4.405807933595506,-15.047955547029753,3.5047403745863925,1.341833945028785,0.607150050278185,2.4376065446486024,2.4376065446486024,-0.3424908007817047,-0.05973373202447456,1.1190677270892906,-0.2699090739670844,-0.19434077126865715,-0.4170233893653171,0.8458559269374412
17820000,-2.143596914049986,2.7442316826710975,0.813295579579199,-5.593391105392385,-5.04299931614182,6.097151201551784,1.2810668190709198,0.5952049829227917,2.6135183693426285,2.6135183693426285,-0.34651431477940664,-0.06407279154630448,1.1070761869954335,-0.27335747394891946,-0.17089304598216962,-0.4184254643098197,0.8491121180906053
17830000,-0.10167764041700564,0.7536833885029829,1.345019664848498,-4.696760068629684,-10.364060092313323,7.555266077638977,1.1935519396058778,0.5143782152697095,2.7894474710369224,2.7894474710369224,-0.35180946972768057,-0.07289581702612227,1.0949996968337052,-0.2751359637348158,-0.1587177203251264,-0.41195259790739447,0.854051487787392
17840000,0.45524176588202575,-1.1618176095103705,1.3378344399918347,-5.772299170359068,-5.537015834349195,7.518426219964541,1.0933472659803993,0.4452012116809262,2.9653941570408193,2.9653941570408193,-0.3551541297927743,-0.07977509776951221,1.0854529799287758,-0.2757782077161742,-0.15655613252787223,-0.4032482356243973,0.8583865201542837
17850000,-0.9486493934818099,-2.543039669111766,1.9335450334266626,-1.6957222650622035,-0.6486749630837985,12.939965608041668,0.9746338441968052,0.34467752784467953,3.1413076314012898,3.1413076314012898,-0.3591790201423879,-0.09048311402655494,1.0746906421235283,-0.28161725848552616,-0.1588855883045312,-0.39263081024732677,0.8609809152337509
17860000,-1.008973465860483,-3.0940599677691445,3.053235110733597,1.5137803317741878,-3.3208652442604256,18.231404520165476,0.883606830286195,0.2431075788078943,3.3172351107110245,3.3172351107110245,-0.35839097342238824,-0.10386653788456425,1.071974134381472,-0.2896708220725444,-0.16170601935009926,-0.3762691361418394,0.8650800629611317
17870000,-1.8624791215017062,-1.8391237224265502,3.617531577267497,2.269799697077963,-4.540866587123075,20.509315551852275,0.7903776246881631,0.1547351323859499,3.49316420122598,3.49316420122598,-0.3623220395924286,-0.11524542672341141,1.0639397788258735,-0.29945585901378735,-0.15660424776608092,-0.35968789947378815,0.8697274935610975
17880000,-1.409482475651915,-0.79148451712136,4.3071186898703875,3.8106208883133172,-8.93991234196845,23.937706320488672,0.6967398807076273,0.10905349263514345,3.669093473097078,3.669093473097078,-0.3616810428957886,-0.1309361983131104,1.0705007414761787,-0.3065806625621042,-0.14576078853221236,-0.3404938536423188,0.876827249520253
17890000,-1.1837597184763315,0.4729418433889216,4.192119509667113,7.403386825996587,-10.387022472341696,29.36231097080079,0.6185143089545525,0.032415323153540926,3.8450359414656674,3.8450359414656674,-0.36557685428314934,-0.1435048871280925,1.0645290272093062,-0.3092301630297639,-0.13106471212397447,-0.3237176434161027,0.8845369607029264
17900000,-1.4691343881492096,1.7957846284869756,3.990439722810088,6.952595386877715,-7.5047510512073785,28.422797362286314,0.531185928039952,-0.015039082357723287,4.020951765100861,4.020951765100861,-0.36538036731546686,-0.16396445248024225,1.0729261449243102,-0.30960553928828954,-0.11203397954830513,-0.3103654303773976,0.8917769323632622
17910000,-1.3995600397613976,2.371447447914364,3.7354264555634953,7.056327363754996,-7.761305753916794,26.72060235645424,0.44776289273733466,-0.10177269425949916,4.196881089133811,4.196881089133811,-0.36938293708409475,-0.1770493359290479,1.0706965410025078,-0.3082249519927083,-0.09170921177423706,-0.2987981082699299,0.8985023594510768
17920000,-0.9521447660967178,1.4392814792032942,3.2615168343206102,10.353575174913928,-5.42592199984578,26.7392057956771,0.35719429199785124,-0.18711734578893316,4.37281024445754,4.37281024445754,-0.36807308237309744,-0.20463402170889083,1.084076752994734,-0.30546061872923824,-0.08077680438195575,-0.2884671182686156,0.903855984079981
17930000,-0.3239500185619524,-0.7232424947854061,2.7036681612088658,9.45675644120062,-4.457955469749269,20.688345273780314,0.24263945586118743,-0.2716142908441378,4.548739274391735,4.548739274391735,-0.3589293791239804,-0.24931018472106292,1.0850263488899494,-0.30316459182930966,-0.08314784969817632,-0.2772809407020086,0.9079058019833043
17940000,0.07985067582012141,-3.4753501556670945,1.97624040735611,8.310467198393058,-7.081082217860272,17.915709471716774,0.13678613129864645,-0.34954544266046256,4.724668444656757,4.724668444656757,-0.36245884372656856,-0.2632951364330406,1.102603940239354,-0.30284234659417403,-0.10015893536083442,-0.26506234581556626,0.9099432144960847
17950000,-0.2417123347507184,-6.661668666558693,1.1012960040003181,7.209310937691292,-9.652197973190873,19.876748869480423,0.010925100895824184,-0.4565099972677062,4.900597475039902,4.900597475039902,-0.36357978580263994,-0.28004693375726086,1.1052230221785901,-0.3067043498865636,-0.12802885182526225,-0.2510184250721865,0.9091373961812618
17960000,0.4496760737456781,-9.383979932871286,0.5450300734174908,5.183669222999714,-7.2493996258891,21.442763492842978,-0.12127363929017262,-0.6198640118271834,5.076526474882726,5.076526474882726,-0.34797410006346197,-0.3160021221541519,1.1224909022225547,-0.31082957033534053,-0.16769010088460895,-0.23407742153918468,0.9057995192072162
17970000,0.722972909297376,-10.5963427021471,0.7532959860516406,3.2052370916643973,-8.486621150672942,24.250549663008446,-0.26597072064678384,-0.6159712445407254,5.252468587999672,5.252468587999672,-0.34828831624590273,-0.33384797708167235,1.1269436518055354,-0.31608025258404987,-0.21052501169198456,-0.21300424748723404,0.9002231300799209
17980000,2.748590890551633,-9.705457807796616,0.5178338333397435,4.349068426212104,-6.449426898900831,27.7145423376518,-0.4129384527690923,-0.8032372946961223,5.428402195179402,5.428402195179402,-0.32880700784227934,-0.3751574282875304,1.1419896612599192,-0.3099112045899829,-0.252276915589335,-0.1922405010379999,0.8963007268160481
17990000,7.304652765421735,-7.276646134374123,0.7486637174802536,-1.2151100269065673,-8.37600269943539,15.647474954941075,-0.5287364964837061,-0.8407726389352616,5.604318267396664,5.604318267396664,-0.31750051853936856,-0.3964182568657265,1.1485286338609115,-0.2834717207154505,-0.2847489422074148,-0.16682586877631833,0.900405993412642
18000000,8.43366574368538,-7.848676085555982,-0.4781196888355558,4.509419586395381,2.187329991448178,8.033292613524967,-0.6124965921775813,-0.7895619379611923,5.7802431491198405,5.7802431491198405,-0.3178661203917207,-0.4135630997843328,1.1632012689268094,-0.2449867958881882,-0.3274468185743889,-0.14755091170664797,0.9005491542944714
18010000,3.7653701484960966,-4.614861218160044,1.0809361458855418,11.785240811857935,-1.517917688242568,7.043936377357142,-0.5346596348066515,-0.8035367457525368,5.956172236020635,5.956172236020635,-0.31742245916189143,-0.4299957851833761,1.1698003558120846,-0.23025596303214432,-0.3556750621629055,-0.1333103271337545,0.8959385014179515
18020000,-0.3567817949398257,-5.179945166828365,2.250318222441321,25.871487109203997,5.674917250716357,7.682730189930557,-0.4372560527543918,-0.6438500638554261,6.1321149546608495,6.1321149546608495,-0.29877748173858415,-0.43033591376692115,1.1854870488249332,-0.2354986772589606,-0.3818009139737475,-0.12061392877448336,0.8855623723282708
18030000,-0.6408593399753327,-1.0854880768229558,2.4198185612672996,18.30038000713423,13.825306421334602,1.4600645337847524,-0.3102878507066598,-0.4766641244637603,0.024850209140190316,0.024850209140190316,-0.2976874512905401,-0.4459126723941522,1.193381746514875,-0.23872585710569255,-0.3885581137049171,-0.11315241801283649,0.8827395356055362
18040000,-1.870224183426048,3.604554496350212,3.126546998444798,9.265544948670504,0.45631147835516617,3.3545214044338993,-0.16756721479277398,-0.37673486519621585,0.20077416571768225,0.20077416571768225,-0.2726036087278155,-0.4241008792886827,1.2089797385134151,-0.24728208017070846,-0.37368631858333756,-0.11027718671671528,0.8871578496637037
18050000,-1.870224183426048,7.59679611234874,3.1065489505398456,0.18392320497721726,0.5281976843315308,-11.013131660444177,-0.03305756573847228,-0.2411333148476804,0.37671608029142334,0.37671608029142334,-0.24707932270586858,-0.40106702031768104,1.215914866434322,-0.260531626200347,-0.3410226658514256,-0.10914678757396093,0.8966123977992243
18060000,-1.2858047859702721,7.779072580972215,2.524082512519378,1.1590022441581624,0.6905434104672677,-20.504311928282664,0.09981083592038943,-0.1211014390784796,0.5526365589882332,0.5526365589882332,-0.24377383595811647,-0.4131616237712762,1.2244686877283375,-0.27006417529445187,-0.3080970660038728,-0.1099622483642574,0.9055660346308325
18070000,-0.023429803561250254,6.455322397526216,2.251852550507804,3.9944994896095323,-0.43931484437842944,-23.046672953727388,0.22875555877459172,-0.005482449224586644,0.7285617273054115,0.7285617273054115,-0.22001271532120925,-0.38865374004445674,1.2272398893486725,-0.27412439114086706,-0.28176482884108567,-0.10836568044891112,0.9130833908853272
18080000,0.12549832304434488,5.846021209851578,1.876349423690375,4.130480106016298,-0.46605072497585925,-24.134311158907064,0.37573036931347703,0.10360468476906555,0.9045041753695315,0.9045041753695315,-0.2151635943181832,-0.3979573147693334,1.2302157292774298,-0.277427331932453,-0.25835929047015493,-0.10757089230721845,0.9190827251411201
18090000,0.1202707382446761,5.4753903789320875,1.0573364851221234,9.800696424266937,1.0889767541855093,-20.20328596749614,0.5121955506174285,0.23463255192991195,1.080437747440378,1.080437747440378,-0.19236713357657406,-0.37310464602582605,1.2285047288772488,-0.2784396078918961,-0.2383797819761317,-0.11088585773466333,0.9237698798166496
18100000,-0.3716068052863006,7.58972022216869,1.0150137952131186,11.187263801776476,3.6782793538360066,-17.32035598825193,0.664258315024253,0.3741887140496986,1.2563542808132908,1.2563542808132908,-0.18613063387015355,-0.37970205850261096,1.2249084703841082,-0.27914265036207886,-0.20866244250602806,-0.11843648780093781,0.9297914627450777
18110000,-2.295718465947145,6.959932519161658,-0.01569395243534884,8.964636985241745,-1.468659145608881,-12.414916884194666,0.8098393382403489,0.46094422405681273,1.4322785159589486,1.4322785159589486,-0.16418887968357607,-0.362528187375569,1.2194492857751964,-0.2894266667552856,-0.1811807520610564,-0.13127220504055648,0.9306843438230307
18120000,-2.4716246549571586,6.91198355966657,-0.26894236297589913,6.04706302719862,3.2285324631667334,-10.214176607345197,0.9548383395510853,0.5048522923440839,1.6082206540025865,1.6082206540025865,-0.15669703128621687,-0.36756298608858384,1.2110114226647022,-0.2979714926875283,-0.15499856714728732,-0.14620847469662185,0.9304899331291777
18130000,-3.9709208865379924,6.54080654259724,-0.6440494585397769,0.06330829670767966,7.227867104580572,-9.573868864708466,1.1265333291452149,0.534120720197608,1.7841421199971066,1.7841421199971066,-0.13631567561817026,-0.3566501649328757,1.2019225928457213,-0.31026786560757835,-0.12758641095908496,-0.16369464079462703,0.9277174267442728
18140000,-5.56554832434724,6.810752761223838,-1.541827167299968,-1.2486830019193407,3.2243930687311235,-5.241224199158847,1.25890680209709,0.5655114149393113,1.9600660363988638,1.9600660363988638,-0.12781448074718,-0.3607740043036938,1.1878788662827389,-0.33090661467749627,-0.09570477287789719,-0.18535957134589304,0.9203169226530261
18150000,-4.266886099927383,5.206090234580939,-2.2972272480784057,-3.7074372882089244,-12.672745979049495,-1.363091000290039,1.3589277758378588,0.5954744592221869,2.1359951955574203,2.1359951955574203,-0.11246747066186341,-0.353101888677685,1.1756856942730658,-0.34981878827854535,-0.068584464461022,-0.2044380131711542,0.9116622649712756
18160000,0.6992637669280216,3.773927187516693,-0.8898475691757732,-1.1650236888758896,-8.618189522875726,2.8594437514343234,1.4626490634544782,0.5772123230322744,2.311936528736389,2.311936528736389,-0.10385325025906615,-0.35646851110604455,1.1667962397072011,-0.3474405000306733,-0.049135050285248456,-0.2121951283250639,0.9120548630904894
18170000,0.21291022293360004,2.634664433999953,0.50843104257695,-5.848792628903181,-16.731047427355644,7.037086054065798,1.3544936390564057,0.5252851773474182,2.487859304565397,2.487859304565397,-0.08941908894833352,-0.3564265438129326,1.1553956510211365,-0.34795746453961024,-0.030605595867695675,-0.21150457817109014,0.9128278664597277
18180000,3.2857290645126342,-0.10041948790743568,2.491305362328831,-4.114146463993111,-8.094743867641409,9.73773408638592,1.2021458284222355,0.4874372886854746,2.663794650801485,2.663794650801485,-0.08035616632273308,-0.36046058164263994,1.1492505406507716,-0.33125408157626013,-0.024044091862170516,-0.1971235255804777,0.9224071393632611
18190000,3.835357953359109,-2.4887577555089764,2.7520286440736776,-4.036691493130669,0.5686739385205469,7.496189635464363,1.096116444784792,0.41238128073560437,2.839717960587784,2.839717960587784,-0.06723663564493768,-0.36492765980256026,1.1386786047483004,-0.31128307629693874,-0.031094532632024274,-0.17885142548628893,0.9328173154766333
18200000,2.0477091953307878,-3.8772019242551043,2.0684637904864305,-4.858351714747716,-4.85065091801124,8.631316333536743,0.9784758983262907,0.3125991904947937,3.015652330983464,3.015652330983464,-0.05796617575259666,-0.3697259961316227,1.1376635256146694,-0.3038813886878519,-0.041126394130395594,-0.1608416299256244,0.9381336212916808
18210000,1.503906180748573,-4.179225000678186,2.463542797939507,0.11608364109211432,-4.815623644810456,17.111888144015232,0.8614504361738411,0.23346627512483986,3.1915772277766834,3.1915772277766834,-0.04524980564600156,-0.37533692322681167,1.1287163403970777,-0.2952565368476563,-0.05600686702025052,-0.14232313475884667,0.943096460394015
18220000,1.1864600721200969,-3.920936275339071,3.0293956396994703,3.1689756716601103,-8.061964949846686,21.279567782704643,0.7612159633480922,0.1499288596522261,3.3675106004390543,3.3675106004390543,-0.035678680399422694,-0.3804407167755838,1.1325213914706405,-0.28672120646523963,-0.0700160581517068,-0.12220675921786103,0.947604458287044
18230000,0.7274908740679084,-3.26035433651678,2.89656755298594,4.820744870044116,-8.399789318404123,24.42732251259181,0.6873608334767869,0.07776177162705436,3.5434356851526374,3.5434356851526374,-0.022180759703044665,-0.3902270073025038,1.1275015363200138,-0.27959404247425607,-0.08168025443383502,-0.10420618958689801,0.9509450969957769
18240000,0.5569860972363793,-1.8960995181036475,3.280294120008069,5.423695128328224,-7.920245075033803,26.017960189585043,0.6086406131707449,0.009285050304408224,3.719368405681898,3.719368405681898,-0.011982181352610158,-0.3967946261141997,1.1334351405158671,-0.27256008811217375,-0.08630343424010445,-0.0863989893434418,0.954357338865836
18250000,0.16053293078462133,-0.583875384120301,3.3148378125325535,6.453166524572407,-7.748024797419189,26.89070563867553,0.5219874275383093,-0.05138189426844971,3.895294308567024,3.895294308567024,0.0037929505491912097,-0.40977450746941857,1.1322465303760147,-0.26673347288386406,-0.08530992830701364,-0.07063417077207133,0.9573851286159124
18260000,0.04874066196738396,-0.514588440432159,3.0485136313844103,7.975444897517878,-8.460316071682564,28.80780073613296,0.42820108722963374,-0.10294392327314675,4.071216413489928,4.071216413489928,0.015254461409524994,-0.41794003835760174,1.1413472975971997,-0.26127678160253975,-0.08562200513164288,-0.05653079180213485,0.9597955955362992
18270000,-0.016703938929067696,-1.4536636985068088,2.4440295166342167,7.339792275778322,-8.67363656828945,26.67743314659876,0.3313769171886846,-0.17855356861056576,4.247155479135806,4.247155479135806,0.029184046258950935,-0.43394915424104374,1.1445345723265226,-0.25609284559627005,-0.0916103887408378,-0.04417945050812353,0.9612867247923265
18280000,0.540478502247909,-3.2676627506375135,1.701220350745072,8.108135764537655,-7.2947517933575,22.636446842571797,0.23516645924373142,-0.27540158710757395,4.423092381052236,4.423092381052236,0.04043943850182581,-0.4440154718060225,1.1523947106247932,-0.24891092181069155,-0.10931707258865017,-0.033265704676721554,0.961762196978214
18290000,0.3866376940872695,-6.135633852090191,0.8129137632536146,7.28200331591163,-4.879030639059185,19.22316116541358,0.12074779411712815,-0.37151058887116145,4.599021586616736,4.599021586616736,0.055069215375422975,-0.46218843119398023,1.1572431335641316,-0.24197036862128452,-0.14117913253606104,-0.023178014972382355,0.9596778484822838
18300000,0.7124870301613818,-8.870879185372331,0.28210351129876704,5.922577878983316,-4.681711017553361,20.262280580332966,0.004892218357292134,-0.4644864237120129,4.774941778462896,4.774941778462896,0.06702723671521063,-0.4740989182823784,1.1647533830526566,-0.23289460112185167,-0.18311876268827015,-0.011494199979105755,0.9550369138869194
18310000,0.5095816193064003,-10.822687553813678,0.161421208743909,4.06115430915751,-5.587025334009375,22.998563753525033,-0.1010549124807218,-0.6002602440170589,4.950862258947431,4.950862258947431,0.08100108560599595,-0.4901488169236532,1.1710775071287198,-0.22599382473532645,-0.23053734000927353,0.00233295100098252,0.9464533181211708
18320000,0.17663386257546523,-11.35327176937227,0.21531937867574508,3.6721789811728405,-9.046054628161913,28.279792201005048,-0.23383263174380317,-0.7723323481420034,5.126791479315152,5.126791479315152,0.09303546184841119,-0.5019376789484957,1.1810713626013298,-0.22229926318890617,-0.27794803373418264,0.017141107815696482,0.9343629436957684
18330000,0.3719907559972104,-11.177387805806429,-0.4876240350948657,2.7542571164111522,-11.258288849802263,30.30363629369247,-0.38381151284348214,-0.888070245930047,5.302720705293261,5.302720705293261,0.10959667172780793,-0.5162929685419413,1.1908008535464216,-0.2173157697018199,-0.3242135058991517,0.02893472624698361,0.9202294498919813
18340000,3.551162062766896,-9.929461639988554,-0.25163845062419266,1.5114270540943,-6.412828828651175,25.328897328310877,-0.5144000932171073,-0.9220698498578815,5.478649908012578,5.478649908012578,0.12342217880037701,-0.5278508847737887,1.2036425810391578,-0.19709322831804077,-0.3637194642357379,0.045427928773875484,0.909284726570592
18350000,7.193634175805094,-10.715765428915452,-0.23147940140659815,3.7694343228317027,-0.8544880059903058,16.142529308038288,-0.6480197438208405,-0.8977703694666117,5.654578964119132,5.654578964119132,0.14395006004699115,-0.5357827102017935,1.215579539599523,-0.1573841240701379,-0.4062675999474295,0.06771418489943119,0.8975475830768174
18360000,6.283107726033871,-9.453182752745057,-0.4420376372124265,11.310651524065417,5.904105151916832,11.063129563508358,-0.6954012880737638,-0.8412709253465228,5.830516252560976,5.830516252560976,0.1607631949779804,-0.5438904509570673,1.2262912966351118,-0.11905505235380959,-0.44554786239754324,0.0833537280978479,0.8833827895279609
18370000,3.350847270344114,-9.133396263792257,1.9174031698749492,16.967589357024785,2.3976699745328705,8.803452249717076,-0.5980468430150024,-0.758424045850634,6.006454714223132,6.006454714223132,0.18248069076432308,-0.5490227462602614,1.2374973121201893,-0.09994514296785854,-0.4863443918886614,0.1013013463595307,0.8621010022621067
18380000,1.0428384085415006,-6.341832012880514,3.565422274840416,10.785924533593102,-0.05583951433906368,-6.054937988418693,-0.45670882128212736,-0.6196812023898974,6.1823760971961335,6.1823760971961335,0.20093035977522491,-0.5551828126942897,1.2472920563796686,-0.0995049463118019,-0.5166959955126468,0.12019938685552574,0.8418290332842151
18390000,-2.042161567777719,-0.4839480918662968,3.5357289528024087,8.380193666387475,3.695857626697322,-8.611924811251503,-0.3169673856361429,-0.4720204545905155,0.07511347572065574,0.07511347572065574,0.21992687573308298,-0.5610517892298406,1.2570577332458803,-0.11443786792199992,-0.5236450691999828,0.12704322425036496,0.8346016025985595
18400000,-2.71707146626133,4.748477796779721,2.9759189121425216,9.998059018661417,5.447310408892202,2.5253566846229907,-0.17086666824065824,-0.3559283159453714,0.2510512986476954,0.2510512986476954,0.23721909039430158,-0.5674869880913443,1.265311659663454,-0.13130327291963892,-0.5050922622320726,0.12599839291235573,0.8436620544610157
18410000,-2.6556919981702243,6.993473612036869,2.1906708428551513,4.989739622246813,3.699532912315402,-3.4969627171776505,-0.030212099358064484,-0.21809244897923538,0.4269797816731682,0.4269797816731682,0.25468148080018904,-0.5734630738179118,1.2735387075865077,-0.14999378596282167,-0.47905918920788026,0.12150782833119274,0.8562943448734583
18420000,-1.9196944988873137,8.198216110155466,2.132272472365942,3.168005650426655,-2.1195675389433783,-12.273734035891659,0.11203727317420038,-0.08027436742256029,0.6028974496963713,0.6028974496963713,0.2713009437294134,-0.5797929562926678,1.2796723065474143,-0.16997639168001247,-0.4494841785363277,0.11912150050923002,0.868839494747675
18430000,-0.6570056518844933,8.80181213315488,2.224609787111179,2.0464406607860814,-0.6714981646127409,-18.61698621412078,0.2648712652736292,0.04864945814277145,0.7788266241358031,0.7788266241358031,0.2914077604058962,-0.5843420501701946,1.2846580027470722,-0.18523527873363338,-0.41584564961388637,0.11921324618062565,0.8823539477696893
18440000,-0.7798382435685912,8.223666245954476,1.7426336156021276,-1.0584638143913925,2.898254476205341,-22.33923643968748,0.4187557334829344,0.14736825519156763,0.954755766982629,0.954755766982629,0.3108096189390317,-0.5892187274819692,1.2857222113518703,-0.19923787998760034,-0.38493949327728777,0.1167223935828608,0.8935892437410822
18450000,-0.962542267397758,8.41604622432101,1.431841658515713,0.32422549002776896,2.2696454622248337,-20.760808605064565,0.5576811977014189,0.2978491331329187,1.1306849230503246,1.1306849230503246,0.3315705343070391,-0.5894491184979063,1.28467132592211,-0.2134511598712189,-0.3530234384681718,0.11188272163490813,0.9040438655515042
18460000,-1.8650220048158936,8.173450606756845,1.0285114956186001,3.073994156446252,-0.5390942472862661,-16.135164705255594,0.7178868043917498,0.4068792980816406,1.3066141077162285,1.3066141077162285,0.35222492243694936,-0.5897891710726084,1.280904773414733,-0.23121433492279303,-0.3223708437538635,0.10378242927944173,0.9120560168084472
18470000,-2.2096792599251915,7.524348775312969,0.8501281236940199,2.0370532599373252,-0.08424940618002745,-11.351672318126704,0.8570040257452813,0.4757552961315191,1.4825433102226668,1.4825433102226668,0.3739258314521676,-0.5917982438664107,1.2754047036947325,-0.24924409481172352,-0.29446903081141634,0.09442939760713535,0.9177409547154487
18480000,-2.384962168219436,7.660403706596284,1.0797626063110182,-0.6009034185677432,5.296646183140194,-9.333490457426873,1.029940753804883,0.5069716383281068,1.6584725248973484,1.6584725248973484,0.39620581176099845,-0.5934240047361868,1.2669624987358528,-0.2651202505926757,-0.2641512231036195,0.08469840190847576,0.9234509000335043
18490000,-4.026237202276627,7.499391903263686,0.6723590760887617,-1.2566285968439588,6.310547787153776,-6.165145909052031,1.1982677194116442,0.5841168426258799,1.8344048901479653,1.8344048901479653,0.4188980685604208,-0.5965032698465346,1.2561902620409644,-0.2849895828356498,-0.23309138468639348,0.07080766580017983,0.9270575055108891
18500000,-4.305641577725096,6.806371492809163,0.4223225668175485,-3.3119486510075786,-2.6565967463920392,-3.0458724894666567,1.2563507254568878,0.5597384078846297,2.0103484401375624,2.0103484401375624,0.44298596040295757,-0.5989784701867452,1.2465032243279925,-0.30900498785918723,-0.20211435144339876,0.05835444656800687,0.9275022722260574
18510000,-2.2771066485055944,5.344011803924905,1.2802800642517465,-5.956833865811473,-12.084488963261682,0.8055910507344586,1.3350289203466763,0.5845293143405939,2.1862750507594058,2.1862750507594058,0.46741067985604823,-0.6038224424864298,1.234294322278187,-0.323089117513493,-0.1732614803693861,0.058298426124276256,0.9285446543252476
18520000,0.8704808388501855,3.305789710875425,2.667513137336226,-5.83941956808866,-12.736257076708124,5.950245846048433,1.3002856394730247,0.5846663909743608,2.3621893379221035,2.3621893379221035,0.4943849381462647,-0.6083137776868531,1.2248806185707128,-0.3226439214879124,-0.1484285755157956,0.0676510553537011,0.932358939790242
18530000,3.1286066690374197,1.344022331961542,3.8750751344380587,-5.553755831153339,-6.237688877445649,7.139172589998836,1.244836489720563,0.5293494519985359,2.5381328753686887,2.5381328753686887,0.5165462045583182,-0.613737728307307,1.2167074870150767,-0.3146381948323928,-0.12792639995805166,0.08330746059833465,0.9368551166295901
18540000,3.6124061069072746,-1.0064407001308036,4.24188474743822,-4.335605556909126,3.6849903530242907,5.463756847439629,1.1590795565071133,0.46307916642278296,2.714048565247566,2.714048565247566,0.5409805232568952,-0.6189602532733486,1.2079613174208395,-0.2956863448468284,-0.12027540351014235,0.10808127830699484,0.9414997876054572
18550000,2.900337620782497,-3.5537485663702624,3.5345721093091296,-2.749450571517934,-0.41376299111259385,7.278269567529245,1.0512188233733895,0.35664019669300245,2.8899945419879884,2.8899945419879884,0.5624258906214393,-0.6266377544071279,1.1988351864611062,-0.28063548485339607,-0.1255241226200983,0.1329888335782374,0.942232131390696
18560000,2.1250927071173646,-4.970436079976615,2.9062252335385983,-1.795634427565752,-5.416997531520827,9.925035484608957,0.9446154860328966,0.26101765520226533,3.065923794372992,3.065923794372992,0.5861392765665427,-0.6353613346226228,1.1894849525821314,-0.26939787024250417,-0.137758003014981,0.15670122495242758,0.9401554372615926
18570000,1.925400160154194,-5.223501888370483,2.985900503627679,-1.0690724141053518,-3.495066406915486,13.669884469686206,0.8254425743513695,0.1638944926111736,3.2418529503580373,3.2418529503580373,0.6052923915626292,-0.6412347166762437,1.179705547186117,-0.2540422380795074,-0.15178312146798364,0.1801315695437874,0.9380709157428782
18580000,1.2262063265540923,-4.679590894438877,2.9334767226777063,0.2099022998329788,-7.294225474572122,17.913373269240484,0.733991648652049,0.0682150752350641,3.4177821837263593,3.4177821837263593,0.6253214562864295,-0.6469654916368466,1.1699155948041515,-0.2426314188360457,-0.16329050449037893,0.20194582256021074,0.9347106988193539
18590000,0.49533971328760346,-4.489744586933326,2.6478019927035534,3.76611565330369,-9.313210632443058,22.70082504610153,0.6374450815828724,0.005303756519322229,3.593711279212272,3.593711279212272,0.6428779297407226,-0.6505318958625407,1.16363154827124,-0.23241874985667962,-0.17682532260891612,0.2205535729042475,0.9306290622361209
18600000,0.3104531808958581,-4.539819383856708,2.6371504009760787,5.555712186748567,-8.433581883536345,24.802524748222986,0.5372600468200653,-0.08228966196773593,3.769640383756581,3.769640383756581,0.6599261727469501,-0.6518341718311753,1.1596212987677237,-0.22202461195979573,-0.19201198402357564,0.2382420936916986,0.9257846263947292
18610000,0.2811989056205836,-4.842687278731215,2.389252212111965,6.01956863394815,-6.436757128603273,24.962557514668337,0.42428057793167057,-0.1603257894333435,3.9455695135910958,3.9455695135910958,0.6782064807364909,-0.6545597439007975,1.1553378825904246,-0.21096056574045044,-0.2089380091214256,0.25468626865071436,0.9203126928428297
18620000,0.20310463144116914,-5.838413784055382,1.7662618544783293,6.603124522534816,-7.667091837536823,25.06109271972926,0.3549040151006944,-0.25646340032803244,4.12148087962899,4.12148087962899,0.6967575765621781,-0.6539464930628515,1.152238565878797,-0.1983420551078437,-0.23065770572233185,0.268977382218758,0.9138427763139847
18630000,0.6926694441347546,-7.375755817417806,1.1561730708106552,7.895049410535231,-8.778983666210944,25.923457308689592,0.22110549505093965,-0.3405818500690072,4.29741141818991,4.29741141818991,0.7156813777521769,-0.6556244355367102,1.1514989298499907,-0.18085371201982783,-0.25895237241747443,0.2820976913207609,0.905900930686964
18640000,1.0570854341130147,-9.153801551433043,0.5381717542116953,5.364701546129281,-7.347861421237523,24.376891944237016,0.11473741200803658,-0.4248318008904308,4.4733561034376805,4.4733561034376805,0.7357686704067162,-0.6524112919901586,1.1521404784021496,-0.1601064185349203,-0.29286803793181754,0.29461112342139084,0.8954320370962134
18650000,1.0800181999472769,-11.13913216240616,0.25751360507618415,4.785981604391051,-5.343782518110291,25.67302643717325,0.019677708422262182,-0.5388004030172925,4.649271751656983,4.649271751656983,0.7563955294545874,-0.6538447167362937,1.1544022423476752,-0.13609677245385327,-0.33505835623505964,0.30660533692877556,0.8804582521684354
18660000,1.1461369093807598,-12.572848811605597,0.3847806179873821,5.842476252888817,-7.160224706525414,29.812187218612276,-0.09565252233879686,-0.651515616826484,4.825197674895293,4.825197674895293,0.7810210526436945,-0.6498927034264883,1.1577139833061918,-0.11050380293283797,-0.3821137023503766,0.3192334156923161,0.8601558314159623
18670000,1.008503060032918,-12.465918578044265,0.5997391916907486,4.298561357934558,-8.284900500481324,30.994824062800586,-0.21279560460318153,-0.7265322296830007,5.001142670196572,5.001142670196572,0.8034696866141737,-0.6506467921788429,1.1640967106464677,-0.08699612114271593,-0.4274421489743103,0.33155069384957314,0.8365399103415282
18680000,2.065954250483966,-12.026478914943153,0.5209233255800088,3.332601959805769,-7.186168247455927,30.927587653996184,-0.3623331451060729,-0.9080335144400343,5.177073702372496,5.177073702372496,0.8335539904277968,-0.6446500227818049,1.173041695873064,-0.05943650369089987,-0.46814001048371207,0.3444544523333405,0.8115807802560693
18690000,5.129464015435694,-11.87977682214182,0.5902556051837611,5.104623136364845,-11.805017343153692,29.60204956454587,-0.4902175876202127,-0.9430918322522739,5.353002742210236,5.353002742210236,0.8567471836607236,-0.6449760077826977,1.1828586176284073,-0.020802456856394806,-0.5014333552484767,0.3639946383662457,0.7846271415606391
18700000,8.661742695887833,-11.670127307440003,0.05780823869891445,5.845621659196709,-6.85223095629715,21.32621210664591,-0.6211685288320936,-0.9396940243225351,5.528914119000916,5.528914119000916,0.8892714699007094,-0.6376112720568576,1.1965300825107565,0.03353045933552187,-0.5255479970293309,0.38805140015840606,0.7563670550402813
18710000,9.325768208358868,-11.583250398659946,-0.25414610956435557,11.815263212109743,-0.8428254348834813,15.540948266503365,-0.6500698880824994,-0.8844584059881707,5.704843273366436,5.704843273366436,0.9132721746021405,-0.637537724842573,1.2076056781313103,0.09369522475782152,-0.547028916156516,0.40822115266458675,0.7248007038237511
18720000,6.327941042984155,-8.107718401573537,0.37268966953292265,12.821276953397723,-1.0977626834981056,5.714002170415241,-0.6697751127599558,-0.7745408802570608,5.880772681437946,5.880772681437946,0.9486332688618814,-0.6288620992939378,1.220865795953834,0.13515846381520874,-0.5653486507024558,0.4195307978292579,0.6972137423206545
18730000,4.912137826557418,-7.845389632341116,2.1635040979049815,29.255772833674403,3.6709733621455873,17.395852013026275,-0.5588658789431229,-0.6581677255276601,6.05670202100103,6.05670202100103,0.9730706721343033,-0.6283727181320037,1.233040553279022,0.16614619691315938,-0.579812171941799,0.43345929644788356,0.6695717473447735
18740000,2.726711547960607,-3.016829124842052,2.863637199037678,18.920316065964702,7.759670958811381,1.3655565075596618,-0.39470566897323267,-0.5170670319967968,6.232631069750454,6.232631069750454,1.009795336923559,-0.6182767298709648,1.2458464269415517,0.17955356121740498,-0.5859294678402611,0.4437798828808618,0.6538398832442271
18750000,-1.3448037124722942,2.0103737334301783,3.346985954960864,12.404897186461938,8.270782819202065,3.504359345282817,-0.2628581034293496,-0.408216571413776,0.12538764647838008,0.12538764647838008,1.033950825860621,-0.6165288095679804,1.2593690980657664,0.16602414988099318,-0.5830871070855619,0.44910473314625204,0.656315736419993
18760000,-0.03771065320839413,7.1019365632932345,2.7262243802902093,8.175045058957357,5.387488094643814,5.438340274076561,-0.13786579436123544,-0.299930121904605,0.3013042095814811,0.3013042095814811,1.0681331496562183,-0.6004637658601908,1.2703358051519706,0.14522246699484861,-0.5587671905735047,0.4616888237803596,0.6734486556633928
18770000,-0.3473638299356769,9.7443939653071,2.5681480023954095,3.381406099893155,6.03521365009463,-5.9223218178374895,0.015739484574570015,-0.16674674842828663,0.4772466325911253,0.4772466325911253,1.0922659209335062,-0.5979138676684751,1.2828646894805371,0.11963543195660639,-0.5306372874951433,0.4717155020642738,0.6939711216272642
18780000,1.2036856976134136,10.966195197399045,3.483707799567501,2.1679594932750796,-0.9325909376444182,-11.85715076316116,0.15404060773731695,-0.02223775867804503,0.6531634274616138,0.6531634274616138,1.1263170136007508,-0.5753718747702334,1.2899304585711744,0.08992335178704995,-0.49766760301504004,0.4905670448489306,0.7096370355476342
18790000,1.2050239292358713,9.845939771355402,3.4116296460095152,-1.225180577961018,6.288540607532331,-18.107825935299545,0.3124134311087403,0.11473554852249983,0.829091556752708,0.829091556752708,1.158589094403683,-0.5526570955611887,1.299012696537938,0.06475691999854934,-0.46653927499812625,0.5063962207936573,0.7222953092485273
18800000,0.0870806245114878,8.132301328295355,2.328443778851493,-5.303386524777739,1.8904419976065228,-19.157573695521105,0.47211343507633047,0.26244701117504804,1.005020790480394,1.005020790480394,1.1822342358353746,-0.5508239240090221,1.2975349810652042,0.039530575396450905,-0.4439733289884926,0.5154364739712952,0.7318813141867604
18810000,-0.3507933077346801,7.0317759737826915,2.3613060585358876,-5.200588034248444,1.7964235903487842,-21.10930016911781,0.6106742658235231,0.37082607700264136,1.1809500075471604,1.1809500075471604,1.2071039142085418,-0.5478885148210403,1.3016440520949841,0.014963520640004831,-0.42615455286611253,0.5226578346958218,0.7382392416775302
18820000,-1.2127192209098123,9.107780032372833,2.0854334850513734,1.2560304448634965,0.1638201226605135,-12.54443069953547,0.783268262301613,0.5390526590341919,1.3568791528368322,1.3568791528368322,1.2437693411006379,-0.5343197018178953,1.294158615956831,-0.016758342927497692,-0.40231327406812656,0.5259073376598536,0.7491893349791051
18830000,-2.988709635945531,8.289969693928441,1.547874225065282,1.408916804398394,7.669380029632572,-4.62412374806016,0.9641711777244073,0.5643936877127905,1.5328083525410605,1.5328083525410605,1.270093508362749,-0.5319709361634151,1.2945524710745535,-0.047040800030478516,-0.38005550273092503,0.5221466675426969,0.7620418856929669
18840000,-7.139250882270628,8.62969065369703,-0.23696131879180646,6.232995851890346,-3.0808316027717724,2.5799800199796783,1.098727660392425,0.593302232520119,1.708737529872458,1.708737529872458,1.3240160796448948,-0.5315139081843786,1.284266024061554,-0.09369201840964826,-0.371295085241108,0.5027336784217131,0.7749971702804457
18850000,-6.137019742953836,8.073048403705549,0.26173011259434736,1.1539989812789748,9.306892552527284,-4.149629317459142,1.2248524923782593,0.6312375633723504,1.8846793790599534,1.8846793790599534,1.3511054974580567,-0.5290819257011832,1.2829099945994231,-0.13282103340068493,-0.3551668253064224,0.4863993105563062,0.7871663165929302
18860000,-5.984506933144564,6.790002467584604,-1.02197634151941,-6.863503909084253,-13.988800219745952,1.6366982277285138,1.3367756189097115,0.7040404393853028,2.060613574908139,2.060613574908139,1.4049122573475596,-0.5252172253997945,1.2717634817962271,-0.1777567011669326,-0.3424544630355502,0.4687345370913122,0.794616529953333
18870000,-2.924927212417422,5.412957189368977,0.19656062103025415,1.9047658119633806,-4.223637099745323,7.091051889682603,1.2830008406870956,0.6732039339553927,2.236530316913452,2.236530316913452,1.4325394810164658,-0.5225395397563141,1.2693078042324206,-0.2013871396210034,-0.3214809777092527,0.4613383841798983,0.8020349719611073
18880000,-0.490043711061678,2.2572662993397734,2.3068865392527433,-3.106537391659317,-1.5456945746104276,11.634682208180545,1.2392029878265414,0.6482612447841395,2.4124543115517056,2.4124543115517056,1.4709974641291457,-0.5048250740347237,1.2554445928106983,-0.21132610460676343,-0.30534926304036747,0.4693701938229905,0.8011209186028062
18890000,-0.2532481027314189,0.6375844508387071,1.7206857646748848,-7.385738889540891,-4.444817882295226,5.927483213721467,1.174461588389114,0.6979428058770026,2.5883835053917394,2.5883835053917394,1.4987262844897404,-0.4817866598840175,1.2526331285149501,-0.22021676998126827,-0.2958883817226986,0.47787041080337267,0.7972418141687977
18900000,-1.1602898575888752,-1.6111855542024993,1.2824391687098669,-3.1054354043105823,0.6271031480459665,5.755139713276038,1.0848354178576574,0.5553837355990976,2.764325854192869,2.764325854192869,1.5267485204633304,-0.47733104039066954,1.2392388706927098,-0.22177078204386835,-0.2980546650508272,0.48497069723956426,0.7916972651790969
18910000,-1.543560423063792,-2.6524593881337446,1.5563700236963018,-5.619915950736085,-6.63591937806137,5.119382174216398,0.9857449312365701,0.4225974105363471,2.9402467818710036,2.9402467818710036,1.549052677392467,-0.4539156602633244,1.2350620923140159,-0.22919128146149928,-0.3058152897642552,0.4942831367324648,0.7807896937014192
18920000,-1.569195735012354,-3.5357753059257564,1.7074395232706612,-1.6745469656303562,-1.667430961154795,10.60508596552604,0.8767109995077318,0.34089195911065523,3.1161709554655275,3.1161709554655275,1.5765847516445533,-0.44799777152709586,1.2252030009853618,-0.2272423574749703,-0.3161748883241186,0.504345095758529,0.7707336604474786
18930000,-0.8153403914283154,-3.237286186300567,2.1822690904586817,0.6428410832538968,-4.925104386968768,16.226012771182276,0.7839554718785192,0.23677193732226237,3.292100221526603,3.292100221526603,1.5961247853822647,-0.4231673869076369,1.2208731599781208,-0.22296368391056243,-0.3229938485195941,0.5167321459947842,0.7608876781570046
18940000,-1.694351130302899,-2.9946450530670266,1.826618979528239,2.876050043676704,-4.251278464637307,19.41774618324818,0.6990097858156316,0.14944860605962784,3.468042232087562,3.468042232087562,1.6229320947101251,-0.4156897147981461,1.2151405113321845,-0.22091051415026786,-0.3323650897762446,0.5253371684806099,0.7515004000322746
18950000,-1.4904215242932675,-3.5148225795308194,2.0469768285042145,3.6333871313785453,-5.474379340575305,22.746007730162283,0.6029024891459007,0.08388870489107338,3.6439638087671327,3.6439638087671327,1.6417270027231425,-0.38870721286793,1.2123991132014815,-0.2169840675283533,-0.3428150429501232,0.5355620019799141,0.7406545097420407
18960000,-1.0151206311307772,-3.161856622113651,2.254416666260399,2.1592172789412873,-6.349005177616014,21.642542003772608,0.4905013984868633,0.003050479714607985,3.8198877524270713,3.8198877524270713,1.6678301925927541,-0.37948968088654284,1.2074520613670203,-0.2132895035272915,-0.34984454098780227,0.5470805152291247,0.7299447202924005
18970000,-0.9365844188877455,-3.6684075689732456,1.827038991855309,4.573949083939155,-6.795889775724632,24.76735352848716,0.39364952869021475,-0.07075337422307393,3.995828906428194,3.995828906428194,1.6826325536197575,-0.34481572139536193,1.2066398022106093,-0.20631298757450156,-0.3594336707550512,0.5571678919148654,0.7195876094714098
18980000,-0.5610752442479264,-5.0894410648886135,1.3240655344439314,5.110318968571588,-6.740513651050963,24.50231716141244,0.28960873005497045,-0.16036313153737927,4.17176344538354,4.17176344538354,1.7074354745394416,-0.33278045737676565,1.2056376601701524,-0.19288438016483697,-0.373555701245309,0.5672345204216553,0.708164354368085
18990000,0.12104679419012399,-7.164944595147989,0.7976645446950684,5.0611215498735795,-6.596484452495313,23.444824205296467,0.17435262657851827,-0.2601432023472629,4.347692634210894,4.347692634210894,1.7223854131058232,-0.2941671282276742,1.207378541965965,-0.1701637357032897,-0.3931834766347052,0.578172098169281,0.6943832383140297
19000000,0.1851997730636338,-9.651436043247017,0.37532671190745337,5.16599517343797,-4.6928220133151335,24.435253583208787,0.058720410238783896,-0.3466086129154497,4.523621912572544,4.523621912572544,1.7463140320612767,-0.27931576551165127,1.2071362768071296,-0.13913886586746946,-0.42097082783020445,0.5887262284897363,0.6758885751433571
19010000,0.7610057129826114,-11.689853646897745,0.4809822070972112,5.065849519264045,-5.646943133834612,27.839810938171652,-0.05957972286028029,-0.4416100589083987,4.6995509955641595,4.6995509955641595,1.7559130432789292,-0.23756829315003763,1.2107959164295126,-0.10082784318588937,-0.45245917236418176,0.6007412145283311,0.6513251388891935
19020000,0.459470619425656,-12.195279020967872,0.5886938030078753,4.120327780206801,-7.507203065683687,31.332620951592123,-0.16495445557014304,-0.5712198597439956,4.875467669530913,4.875467669530913,1.7777690730271403,-0.2197570525234882,1.2135473091899147,-0.06296570191614852,-0.4847987796539431,0.610703055563734,0.6229343798132939
19030000,0.5875758181493914,-11.878250083467886,0.6927296190529906,3.203380953524172,-3.1659735176808472,33.09255533797304,-0.2839630230582571,-0.7403910052736719,5.051402932327683,5.051402932327683,1.7840486212422042,-0.17925045036496,1.2196938907981245,-0.02573036369442035,-0.5143337256695458,0.6189007349708661,0.5930941301981997
19040000,1.2720659025794934,-12.01197655970649,1.022175066963327,1.904079457610093,-6.787209773911733,31.074374081796,-0.41733234622314125,-0.8538584131371163,5.227338154300817,5.227338154300817,1.8038055648657432,-0.15936493033457272,1.2240064286736958,0.012291930004021012,-0.5405355010973912,0.6279929540256496,0.5597277286362601
19050000,4.983769793244152,-11.426884053414982,0.590668281100398,0.26246590292259053,-9.269527817141261,24.248672228602146,-0.5378935263325326,-0.8918160206891821,5.4032673591828555,5.4032673591828555,1.8072527395622833,-0.11830467748618882,1.2315911069795418,0.05897230303506146,-0.5515541309901297,0.6442051093912745,0.5266023975416744
19060000,8.42624748521579,-12.03946166271028,-0.17752842418339765,5.164660346772959,-3.7072901059392187,18.092443584368574,-0.690080552388141,-0.8842682274345907,5.579196495211313,5.579196495211313,1.8247056166935989,-0.0960308610652685,1.2363957183096812,0.12022160699762967,-0.5502255964261431,0.6639636375095167,0.4918849929745102
19070000,7.075145780184698,-9.9599686257073,-0.591732012059466,12.45210582758119,3.6397527278497264,11.643658405539112,-0.7307897213219241,-0.8439115959789585,5.7551151208053355,5.7551151208053355,1.827936541176702,-0.05274309892883647,1.2443297257440866,0.17506019481754082,-0.5461867521861195,0.6747297652205919,0.4645144818541057
19080000,4.8549144193910845,-10.091434044854331,1.545041799578035,22.43862651231776,4.226788678079489,12.13479592512703,-0.6262664714776973,-0.7499503736288554,5.931037142872761,5.931037142872761,1.8436865287076603,-0.02752850572562593,1.2497969666322555,0.22015327888967645,-0.5504744347719641,0.6805996304713745,0.4304585618370708
19090000,1.9142759692807323,-6.396200137515089,2.5125537974286187,15.659202738168032,2.8368517009228342,-3.2973655702352525,-0.4889036262394298,-0.601352241462469,6.106966279891999,6.106966279891999,1.8475663193341558,0.018257941290520885,1.258524490375655,0.24398893400646351,-0.5614172780227185,0.6799593771142497,0.40365243154767816
19100000,0.1305859708723683,0.1846833082181363,2.6958998105808463,15.130925689874044,6.598944054352811,0.27879882798108957,-0.33028601878377095,-0.4621832722480296,6.28289543241835,6.28289543241835,1.8619754719253043,0.04671987316644424,1.2665865479212404,0.24078512834740695,-0.5625016501930753,0.6833764501339116,0.39826001920750653
19110000,-0.6465434918971111,4.8019805504778095,2.5534341106784804,16.39654816739027,6.46684445551817,13.911242354722765,-0.17608824978432136,-0.3478984204010198,0.17563926711243028,0.17563926711243028,1.8715609450957704,0.09859137599693604,1.275945294491887,0.21804096279758406,-0.5543248344725085,0.6923258549510104,0.4072677583552143
19120000,-0.7150758500752105,8.225475932336321,2.6426731444445406,5.171941965535194,2.3422719177562574,1.4638852176309005,-0.041378274206392195,-0.21988953427611707,0.351577756351773,0.351577756351773,1.8869431241910706,0.13208697182878584,1.2819001259373908,0.18360292719649463,-0.545187198579507,0.7010576088788826,0.4214013676566935
19130000,-0.16572696869956566,10.036851579364614,2.745758741814014,2.052984909129454,-3.302152685318784,-8.871846614415542,0.11126297126260783,-0.08237006221696251,0.5275152613387917,0.5275152613387917,1.8925162385786733,0.16892187691037272,1.289331487923634,0.14221503731250798,-0.53254515380703,0.7111459879382377,0.436396523998756
19140000,0.7162496618651649,10.248868675854498,2.6202849070561305,-0.35897176319335056,0.18682302849944885,-15.316598884254077,0.2682943121441885,0.03888575674285158,0.7034444587033448,0.7034444587033448,1.9050982115979982,0.19807545876334218,1.2927028962579967,0.10183740274763879,-0.5151579419548309,0.721595802435948,0.45115511318093116
19150000,-0.08948218223789485,8.872854599450188,1.7767310076401084,-3.5132197876461193,2.0484591274760695,-18.33282428943275,0.4089644205807531,0.16926893321960343,0.8793736362244289,0.8793736362244289,1.9103012546793248,0.23861612483661984,1.2964611253182081,0.06574624241371096,-0.5025725431898064,0.7259433048211389,0.4648705073733662
19160000,-0.006426368236869576,7.9946567080239115,1.698243246551727,-3.4524799033709512,2.011836912989262,-18.86517757752224,0.5668749219915497,0.31237902357193775,1.0553027847034713,1.0553027847034713,1.9214955381465781,0.27103055076185334,1.2948287018979345,0.03274258701388917,-0.49090292168060407,0.7288774024789788,0.47610920662866996
19170000,-0.6216640607234666,8.42013805639136,1.5974469693773987,-0.5100335102661121,-1.1946248036986178,-14.951337254164075,0.7210810355556345,0.43107301929760367,1.2312319492825594,1.2312319492825594,1.9248847310738866,0.31551983516937165,1.2937265848454054,-0.0033669372588552675,-0.4799256049165713,0.7288485562157875,0.48830304072483544
19180000,-0.5550468685702802,9.332443739171097,1.7902018379602114,-0.2006592730362727,2.317866037331475,-8.929754637023901,0.8675220365413727,0.5172131305622949,1.407161101869164,1.407161101869164,1.9338851561082773,0.3517725497178963,1.287368014814749,-0.041589066968722554,-0.46334345582522796,0.7284265026405125,0.5029692055220855
19190000,-3.1889931702979135,9.133669443067395,0.692517418804965,1.4230787427818234,4.80239320148156,-4.8873654119516825,1.0473524718135012,0.5863182598754374,1.583090240383271,1.583090240383271,1.939622317258056,0.3977823366904061,1.282077875752114,-0.0803944187612964,-0.4544862918381958,0.7176440263722498,0.5215035947866759
19200000,-5.007711028329023,8.797083588291128,0.2395899621733833,0.39672938644879663,6.255380130292685,-6.4194942618333055,1.182063749922642,0.6464668149861938,1.7590112442644426,1.7590112442644426,1.9489155322730765,0.4367765065457053,1.271685481374999,-0.12261779388447715,-0.4515178170183787,0.700521320879432,0.5388565825256271
19210000,-4.567029810083561,8.554383063811295,-0.06031128446859297,-1.8084076826968905,-2.9156603381838515,-4.210810127859688,1.28462479745071,0.6959644703545828,1.9353505108744429,1.9353505108744429,1.9445789236065687,0.4668075425023702,1.2624637518309647,-0.16726581115643502,-0.4471242281803137,0.6829856396206999,0.5528405638737467
19220000,-2.132508444464858,6.356209479006755,-0.4492380669043545,-2.6843832846642526,-5.396400602664086,1.973011738516977,1.3585533210610896,0.7109978339244564,2.11226082627023,2.11226082627023,1.94592968237021,0.49635007642023077,1.2485965386986115,-0.1972367409081803,-0.435197503333281,0.672898195326905,0.5647201252427551
19230000,-1.2372360992041274,5.016707845624997,1.443612687430394,-7.243902664556049,-4.549635662420013,0.3162623263184213,1.3704922561045476,0.6511166342519759,2.2867894682660648,2.2867894682660648,1.9336636498590416,0.5176928593557236,1.2366511042066288,-0.2257596062323749,-0.420881449400959,0.671179033540309,0.5669304284300216
19240000,0.7701453766756343,3.7291843743898436,3.650457932563022,-8.995001177713451,-5.950904984742568,-0.14921208428410077,1.2925915694603392,0.5332423014164879,2.462718564465021,2.462718564465021,1.9272482229998718,0.540718470557602,1.2220403306874217,-0.2500887870051767,-0.40121573394089644,0.6804598591874631,0.5598713365471797
19250000,2.2783510823213633,1.1020114650298212,3.4573540288278544,-6.822832920098669,-3.4997783756569265,2.520572489215442,1.1598429833000523,0.6130843328713977,2.638647719571267,2.638647719571267,1.916294343919941,0.5586132281012903,1.2086401779006284,-0.25915169089421425,-0.3819742534937332,0.6955992282454466,0.5505250080050079
19260000,0.6998892160643473,-1.1780513352976676,2.2593296639972698,-3.882480442922186,0.44578630625819576,3.491074086261157,1.0830648627225268,0.5186688637358708,2.8145824398811072,2.8145824398811072,1.9087760663998243,0.578112909647984,1.1923884717206092,-0.25869246922792166,-0.37511242480240453,0.7071579974337726,0.5406444689341394
19270000,0.09804028342121412,-2.7901685098876903,2.266253052251532,-2.554012128904872,0.5453067660493626,4.568917310470274,0.9827107204911666,0.4376479317500751,2.990518404407723,2.990518404407723,1.8990412409338342,0.5963528729382325,1.1766220987383882,-0.25257701229722784,-0.3741870558479467,0.719625316206304,0.5275682935600174
19280000,0.2809048614515749,-3.5311208517716426,2.310175928781147,-1.9766336850402095,-2.4322474166124874,7.566642358476049,0.8715333164225766,0.3503860091854188,3.1664402102919524,3.1664402102919524,1.8908046712400814,0.615309159145294,1.1593984118820897,-0.2425779469653642,-0.3742781667157706,0.7331655181880653,0.5133615845639179
19290000,0.20554884156459693,-3.4247466217476656,1.9037963352858935,-0.4456923888175544,-2.9502341836131722,10.932354818284075,0.7434923897970745,0.2708968723342939,3.34238198517032,3.34238198517032,1.8830808195412654,0.6340713113807491,1.1425769901392342,-0.2307096187839701,-0.3752504214852647,0.744745272624328,0.501312948046828
19300000,0.1606352222673279,-3.5585714596929052,1.5390822776240112,1.9402264404258467,-4.615528630801758,15.239401694046531,0.6552493587971572,0.17827348249504252,3.518307156162038,3.518307156162038,1.8753359812117052,0.6528227234994977,1.128289371013692,-0.21639511878597825,-0.37778678184848885,0.754724563905843,0.4907556751208282
19310000,-0.2633131942766451,-4.339583218186159,1.0562102656945396,3.8125914293833083,-6.860627406187421,20.038924893651572,0.5711840271251727,0.08170509458173304,3.6942228884585546,3.6942228884585546,1.8700201799487666,0.6737941112586245,1.114576563375632,-0.1979657950683858,-0.38451442849811474,0.7633654184090474,0.4798243806195037
19320000,-0.35758025529563126,-5.23918317034326,0.8167398731074565,2.6062344478838346,-5.332695511403357,20.272609544116758,0.46385486762463213,0.011139161957328662,3.870154909879872,3.870154909879872,1.863740271704449,0.6943682298502045,1.1041101287310158,-0.17708482836941025,-0.3932380701757772,0.7715036938446252,0.46774654900908236
19330000,-0.021303978777286056,-6.288561162787868,0.6199057773531423,1.530430317897006,-3.8141592022927404,18.969089589750673,0.34114103055107065,-0.09552500072139074,4.04609459804594,4.04609459804594,1.859435129549524,0.7159319310673771,1.094138301657494,-0.15210503181008278,-0.4026055163413687,0.7798326041684643,0.4545700902890386
19340000,0.42849521531907636,-8.224788015721463,0.11039628877264428,2.8678866947778427,-4.87852933969358,20.650449727972347,0.21984503061324306,-0.17692717661734342,4.222010630538691,4.222010630538691,1.8535391523644646,0.7368700991649486,1.0854983956751472,-0.1164356709877388,-0.41452142444639867,0.7885507276716638,0.43909278414140823
19350000,0.730455916535633,-10.682384196463538,-0.46483062330556185,3.8964398414049235,-5.567686073535153,23.45232465076087,0.11249520109373601,-0.28935427141889086,4.397942694548064,4.397942694548064,1.847760223600316,0.7619920539569789,1.0782894744273386,-0.06919012672054876,-0.4299516844934965,0.796121869876736,0.4201716835646695
19360000,1.0345203544071606,-12.976483190635353,-0.7140021740501389,5.090538705769521,-5.569539662127347,28.119637968861472,-0.005576711176885488,-0.39960955753561733,4.573886509914175,4.573886509914175,1.8392843445982174,0.7873491330723602,1.0733988273119122,-0.011989480517450326,-0.4474228119675334,0.8017479455680289,0.3960673067364083
19370000,1.1161215049463038,-14.185680430940991,-0.6534157855672572,6.675483760416301,-7.9667591831559434,34.57591003665328,-0.09395761564955799,-0.47545461449393117,4.749798436393448,4.749798436393448,1.8331510469116972,0.8143678379767582,1.070282581514412,0.049345249815039974,-0.4648762943475372,0.803999455656846,0.36747782596762035
19380000,0.6923442448552308,-13.740021905398525,-0.6695462008278037,6.052213441592178,-7.803785986436245,38.206690459558125,-0.21018840910255376,-0.6212245588101003,4.925727839839553,4.925727839839553,1.823496358209892,0.8425186434091982,1.0694535788113728,0.10705815559624238,-0.4811210448305631,0.8015843376488839,0.33841341754941995
19390000,0.9764268110205342,-13.280983555984236,-0.6155666809639506,5.207114303998093,-7.361976929459184,38.39782774674623,-0.32451910042066723,-0.7264350901310502,5.101674607437289,5.101674607437289,1.8196346852831007,0.8778574584644386,1.0710868734921246,0.16216118826975204,-0.49377360154494354,0.7966568102209414,0.30859245966950055
19400000,2.0127868180771507,-13.461618907440851,-0.42052857835666607,6.882982243660491,-11.795785976809919,37.772556356943255,-0.43857046224779495,-0.8554418961964455,5.277603815874656,5.277603815874656,1.8129866106875563,0.9194047068453118,1.0756753900000275,0.21783759656395452,-0.5008665488541888,0.7911287557863179,0.27530850609838886
19410000,4.496510970525524,-14.089300104774601,-0.8578187676583325,9.678617157096491,-10.449812870592119,32.7732220170873,-0.5936367896092898,-0.8860400019210701,5.453516997050869,5.453516997050869,1.807955658080057,0.9554635579550305,1.0807759256064982,0.2795820262757282,-0.49617305353267127,0.7866667085004628,0.23833103295347635
19420000,7.290967882663834,-14.005150530125148,-0.7734110874360394,13.537689233891857,0.9043429371052675,22.53430598336879,-0.6519082404858036,-0.820689537994851,5.629444398946859,5.629444398946859,1.79892978561959,0.999009116285129,1.0886529000214291,0.34441041718480725,-0.4773362674394363,0.7838959501097318,0.19758211387454835
19430000,6.077095785433734,-12.660484273027816,0.30078825056905434,15.346287953879656,4.162701940624894,10.259908689980707,-0.6460845005962349,-0.7674685317818559,5.805373635732039,5.805373635732039,1.789419172420619,1.0312602629240661,1.0956926690636157,0.40146275584423835,-0.46248919455035686,0.7745114369329167,0.15831435391088297
19440000,3.214782471931499,-9.024121185312243,1.5697858292666813,13.975366042142875,-2.040197376262892,-2.8908656383658324,-0.5681006087247575,-0.6795160337701792,5.981302900156933,5.981302900156933,1.7714017203414651,1.0679878026743737,1.105280818611628,0.4404201058408571,-0.45962326577633655,0.7605743279706947,0.12768428078722036
19450000,2.0086026320490262,-3.84651010336851,1.9415420028973311,21.72843229600346,-0.7395553012829528,1.5399117994671085,-0.42890281990102075,-0.5464465479639984,6.157231952572758,6.157231952572758,1.7597599875782652,1.0995608108602168,1.1125549816865303,0.45565510385667735,-0.4572667344454387,0.7557319978259018,0.11024838938069147
19460000,-0.5517507591884125,1.4796105982361458,2.4771398932010875,24.611287648370478,1.434260593043964,17.33734634592462,-0.26068775822682916,-0.3834125041122939,0.049993019368137936,0.049993019368137936,1.7367997981554693,1.1350103453828497,1.1229710670633133,0.44408708729509383,-0.4600136767488868,0.7611536966787631,0.10871580443516005
19470000,-2.347138306694879,7.390701036010943,2.4546234451325306,9.722935712397808,0.8418148397100502,13.486602909287871,-0.11567971515431293,-0.26197871155918295,0.2259063788827902,0.2259063788827902,1.7228944506781634,1.1659793429838425,1.132047825587488,0.4073856988858264,-0.4664808210098272,0.7753440058224197,0.12358886927449508
19480000,-1.7901261329736435,12.05849221820046,2.082626552465255,0.8132055239910396,-0.5998635878281414,1.0348576369975426,0.04494913692313045,-0.12122686807047264,0.40185143630528586,0.40185143630528586,1.694409373171109,1.200007226900655,1.1434667029859933,0.3533433189810841,-0.4686726153494414,0.7960707706646248,0.14753239185472705
19490000,-0.004137717267191724,12.054309999973135,1.3310487007172853,-4.446456409564402,-2.7227044731823233,-10.555487960903342,0.2012885036673203,0.02862779192376019,0.5777632287956393,0.5777632287956393,1.679448868891446,1.2302494340406662,1.1509769685959954,0.30268165487726983,-0.46745144151114537,0.8135314820239264,0.1674499727854966
19500000,-0.12083680902976403,10.47283652352536,0.9817535447801338,-12.883258921982838,2.4658344587283993,-20.118541740227666,0.3594949438976669,0.18464179621582383,0.7536924336714819,0.7536924336714819,1.6484705935094455,1.2622494555416872,1.15953003251259,0.25779549792864365,-0.46534403177090355,0.8261365419187883,0.18572783164994228
19510000,-0.5819980697136751,7.242008628110329,1.1901480813645346,-11.61668971644923,3.857319245690344,-19.855702701627195,0.5157947598312925,0.3200730789677122,0.9296216355438887,0.9296216355438887,1.6329348399807615,1.292169579257022,1.162663758069251,0.2249409413769334,-0.4676242122979107,0.8319493126398708,0.19644212929833602
19520000,-1.1086753491363674,8.035016607939754,1.3087520114812379,-3.867088346951877,1.7829346648774236,-11.106373383881978,0.6632926558962036,0.4540634592709515,1.1055678479871958,1.1055678479871958,1.601099418815653,1.3230861460600976,1.1681191675570664,0.18853141348841637,-0.4713936888397878,0.8356969806827748,0.20941454755525288
19530000,-0.5516218778770126,10.24637255570581,1.307023398719954,-0.41989126600618,-1.0058900112297515,-6.9831408583620505,0.8346881507076382,0.5836157466422808,1.2814816004380063,1.2814816004380063,1.5820611569724639,1.350144942402468,1.1661816089583399,0.14353249962891318,-0.4701750858749093,0.8407556103018491,0.22685637288549562
19540000,0.001579354210747192,9.995777845872563,1.2107117142280133,1.7810518868701697,2.8535042637258003,-7.177791904753004,0.9795893486458984,0.6931514338702555,1.4574090645751525,1.4574090645751525,1.5390282482709596,1.3709550954750962,1.165234729831289,0.10247884425358564,-0.46338428805613413,0.8452630262601454,0.24556771876755262
19550000,-2.4344066219283973,9.87782233592487,0.7982969036105948,4.0179187661853435,4.383431924295157,0.09982623023229632,0.9181211115422564,0.7940150744495388,1.6333528418279784,1.6333528418279784,1.5195582999282933,1.3975778119038302,1.159865958070929,0.05839543901074882,-0.4598098573842798,0.8446744387373453,0.26774980914790764
19560000,-2.029144859182935,8.467948660787888,0.3325114960914099,-0.7707527606714395,-3.0523338535177795,2.156632287178299,1.1880048187651244,0.8691895906945643,1.809267605427145,1.809267605427145,1.4779941695241323,1.4174814462102343,1.1540791726891113,0.01248929925273072,-0.45658954976212535,0.8433913017283176,0.2829507247228918
19570000,1.7293293985866882,6.172805048426175,0.5171441827519067,-4.722880372795685,-2.383865451662102,1.1859832788247124,1.2221651591600644,0.8958450470166488,1.9852100282100977,1.9852100282100977,1.458798236971766,1.4435656885056714,1.1466303427062812,-0.018427334845333286,-0.4395738789160825,0.8493832655729333,0.2915189641684176
19580000,0.5187970740749859,7.076266237253014,2.4843480798994837,-6.393666825304833,-0.3056758101615133,-3.9524660760289776,1.2424800219085277,0.888095138152723,2.1611259444785773,2.1611259444785773,1.4193012605728474,1.461483951374917,1.1368943436555667,-0.05914612058095901,-0.4283246223185278,0.8527226321446044,0.29309361467676304
19590000,0.28756199855860454,4.900891774240337,2.139594954677997,-5.168886340789461,-5.541906646869275,4.3701688646959695,1.239158791238671,0.8075321941088289,2.337068595445281,2.337068595445281,1.3915197518243878,1.4866528760917659,1.127596523198577,-0.09072642588660869,-0.4172833751959503,0.8560207416962107,0.2913276338021966
19600000,1.3818203911127696,3.2622421743354373,2.22792455720675,-3.7757079252978776,-1.2276890066801849,3.0179094758281892,1.1564311843978403,0.8885783219879908,2.513002060280847,2.513002060280847,1.3747762744474614,1.5139905984264872,1.116354863364435,-0.11231671070262075,-0.4016127876971917,0.8624667989608817,0.28678065824808374
19610000,0.9879634564415026,1.4726341502340103,2.0544969371537314,-4.747713307580897,0.886353214687569,1.5694161210610271,1.0890400590515756,0.8388353849059986,2.688931145893058,2.688931145893058,1.3575038914364577,1.5399521324617675,1.1055277983966878,-0.1262161885526229,-0.39025254659337405,0.868267799131242,0.2790760695875311
19620000,0.430977900415124,-0.40240239479781087,1.805212949372867,-4.000550415368558,0.2572063717433084,3.123306317106154,1.0048821208619254,0.7291685412698198,2.86486026015276,2.86486026015276,1.3366959130497205,1.5573759549557065,1.0908897760165055,-0.13136641832088647,-0.3832833161478652,0.8738375545827707,0.2687837270019166
19630000,0.7771128894565225,-1.7792223587655822,1.2788246380572525,-0.9827256751418333,0.8731104789153125,6.5111511330508485,0.8987477011974546,0.6228187139006892,3.0407768176645718,3.0407768176645718,1.3158292083141618,1.5783842240540964,1.0786285571264038,-0.12416470868963325,-0.3760766509283522,0.8805148234720359,0.26046712535086325
19640000,-0.15322050769934079,-2.6967596671941134,0.2915781266268941,0.46549373654421144,-1.2766963409964305,7.945068465966892,0.8020969935580731,0.521569576846854,3.216716117399436,3.216716117399436,1.2985621970439827,1.6038539042673243,1.063127755213975,-0.11077888693759143,-0.3748850957752057,0.8844419702335089,0.25485604655168037
19650000,-0.24203922032435227,-3.1108312423092825,-0.05578720586840294,2.272297931427014,-2.520774688528392,13.623120355839134,0.7054363975085505,0.42078055070072684,3.3926476648644766,3.3926476648644766,1.280914012781892,1.6216492514822816,1.0503671591267048,-0.09411582861267713,-0.3750371064223389,0.8875797826307154,0.2503827251950915
19660000,0.033882233715384555,-3.6853206678130905,-0.21403902833903915,2.859120035876954,-1.9538795781007137,16.394495858304875,0.5946490727764502,0.34602902142747927,3.5685767996601143,3.5685767996601143,1.263382306253863,1.6466288295671485,1.034883397764288,-0.07446856689002632,-0.3745124738256966,0.8909936088770659,0.24561194684812226
19670000,0.21895076092752574,-3.535495596732947,-0.6881760377999904,1.035107161993062,-1.750298757385417,14.731684506559176,0.5058944202615959,0.25249331715490997,3.7444929228705277,3.7444929228705277,1.2424825872569003,1.6611429413460075,1.0225736736142914,-0.055455346753445635,-0.37259226575253795,0.8939168045062161,0.2429247921461307
19680000,0.24210743683764954,-4.063635000505965,-0.7941625647412496,-1.4845992212084504,-2.667142577965129,15.251831249885555,0.38817257698265,0.17239824235757892,3.9204175195405,3.9204175195405,1.2250253345508275,1.686345448110139,1.005623016023093,-0.03578164031146001,-0.3707607580993333,0.8967236392804525,0.23904570530726965
19690000,0.6350796841933564,-4.620161760973046,-0.8855078166736171,-0.6051345436173686,-2.993735437193018,17.77255318183865,0.2774432708508001,0.08758141605915963,4.096346544095432,4.096346544095432,1.207523101846739,1.710992841831221,0.9942100511567009,-0.012678378408865957,-0.36764263083294285,0.8997426918756389,0.23482172627662296
19700000,0.4612834208914349,-6.638778563041578,-1.3109432819334914,2.596895758419582,-4.289209576152042,19.80496171348222,0.1850844435771733,-0.00993299521370268,4.272275670741429,4.272275670741429,1.1888200685150692,1.7213611420417376,0.9826071081643095,0.021311486564885056,-0.3674040828839722,0.9010941670802755,0.22932370674329922
19710000,0.5847009679982412,-9.413917569847964,-1.951805484963329,4.655299960976929,-2.960601837890408,22.434979879317773,0.06314555911601952,-0.11543617002244848,4.448217415997554,4.448217415997554,1.1713755308532945,1.7458668526259857,0.9727962533818089,0.06930776513089856,-0.36910924795841393,0.8999008646807559,0.221660168977113
19720000,1.2307041687418896,-12.282541936970711,-2.2369920787485813,5.349943421825909,-2.328575776340618,25.324844397750656,-0.05119818629578295,-0.2078318809289935,4.624137660620214,4.624137660620214,1.1603052260588067,1.7768995747879175,0.9664495133904927,0.13037611925676768,-0.369823764787335,0.8957823090146637,0.20930003674730865
19730000,0.9485985671050374,-13.72254366472897,-2.420150193244149,5.105506011111076,-4.245730307291775,29.83974396530949,-0.1684293712604781,-0.3158906122126852,4.800075979060999,4.800075979060999,1.155479370155332,1.83457990834384,0.9590161309717056,0.19582173326716384,-0.3719724609433421,0.8862818453455727,0.19440891875334354
19740000,0.33178725730061825,-13.714580466253937,-2.5304507407330457,4.6812547810779845,-4.026895404672369,35.0772530056209,-0.27368321583351024,-0.43032010709210416,4.975996619468127,4.975996619468127,1.1390291967795023,1.8613223296444346,0.958191161626625,0.2589142203660615,-0.37566390664283006,0.8714678254363883,0.17995523045261624
19750000,-0.034559417413678725,-12.870588357216779,-2.6419885876654017,4.956254918734499,-2.1921343366507453,39.07706308719311,-0.38252025055464867,-0.5318653149532881,5.151921791935614,5.151921791935614,1.1120709658540842,1.8981736749867135,0.954030996443832,0.3169004053315299,-0.37891344450103237,0.853170313553308,0.16762801301818683
19760000,-0.9445807632845559,-12.860696631064151,-2.294919349587183,3.7378054735763175,-4.8273622342372065,36.91480164670929,-0.48631470032703283,-0.6922946490020747,5.327863782417943,5.327863782417943,1.0945944669206853,1.9254456117744798,0.9544082846680653,0.3716652514875827,-0.38596968909138063,0.8300624469494495,0.15455961343011693
19770000,0.14090226358459298,-13.750450593750159,-2.392654968582409,6.030557656102631,-8.009326741527028,33.48803304449381,-0.58050779647345,-0.7718025872175752,5.503785142244702,5.503785142244702,1.084887416877129,1.9579743349188257,0.952748428097832,0.4294683636900835,-0.3878741248217123,0.8038895092372554,0.13737628915295974
19780000,0.3795534644821303,-13.271455334025667,-2.396973112803998,14.5935446719922,4.793034829979626,22.990653345720098,-0.6598572586328044,-0.7706457613676523,5.679709234574283,5.679709234574283,1.0686063835012842,1.985505536342524,0.9562976992953762,0.48589886363840323,-0.38528087287964474,0.7749457802214319,0.122147374204293
19790000,-1.4677202992478435,-12.2890513382646,-1.403705979898627,16.467044284028592,-4.861144348945857,10.529636523119851,-0.6204732470953878,-0.7239082823881912,5.8556382871348305,5.8556382871348305,1.0364576322738255,2.001910768505545,0.9564456920826856,0.5329437288112586,-0.39033129521644455,0.7427147242559874,0.10948653007907996
19800000,-2.720231819659714,-10.17657267332206,-0.4064443313485912,33.530930079006026,-11.192765356261496,21.610592239974306,-0.526941931527009,-0.5925165589304454,6.031580121950604,6.031580121950604,1.0175529248841453,2.0275796271267703,0.9598297048768363,0.5672662485639818,-0.40126771066199596,0.712188811240085,0.0999015753862876
19810000,-3.228941370137762,-6.310493275750846,-1.1468610742143186,30.63937185694407,-6.366526095527838,12.202610672302818,-0.3888477797057385,-0.4636255314993071,6.207501831194769,6.207501831194769,0.9708290700430388,2.031791252050329,0.9639468446473729,0.5890449418267273,-0.4084601332011577,0.6895579655783418,0.10342237766121226
19820000,-5.016951452860722,3.601755016233031,-0.7509552710191775,24.143000040487877,-2.745046939836388,12.7852819261411,-0.24443802913991125,-0.34122402628792664,0.1002403473587492,0.1002403473587492,0.9482243312418014,2.054527533021566,0.9727586215968986,0.5734311377984685,-0.4180579199835648,0.6922847868455808,0.130943039694128
19830000,-3.3233104950941197,8.996237067645499,-0.4357163664700771,12.427845279834605,0.047084360815884206,10.041109150562608,-0.09401397672778365,-0.19712194391195156,0.27618111255060285,0.27618111255060285,0.9019518437333517,2.0635651074993837,0.9796376380358616,0.538534471569977,-0.4186030653345109,0.7128769617428506,0.16296789266502504
19840000,-3.989307855967663,12.381113760503368,0.5457883901168161,6.317447630041135,4.124104012302968,-0.5297461309549395,0.06155580984935057,-0.04531570258416823,0.45211628884152333,0.45211628884152333,0.877120082719974,2.0855105913818206,0.9837739776079688,0.4927901874431876,-0.42033991771416707,0.7347630873907083,0.2014829773053541
19850000,-0.9574590347310754,13.20750694014038,-0.9199660638886846,-11.659189330257027,-4.27416259343339,-23.572552411771778,0.21527897224349746,0.09854360446304326,0.6280332690805039,0.6280332690805039,0.8165841274241054,2.0782869887202438,0.9881424239606107,0.44706923309581076,-0.41108013075729805,0.7595669070070044,0.23280966624154456
19860000,-1.031046755502588,10.297561786909563,-1.6426483408998847,-6.581679635285719,-0.434979376212852,-25.648400783417387,0.35356309178553114,0.251126320543438,0.8039570580891109,0.8039570580891109,0.7861036755562559,2.094993406148022,0.9900701399682394,0.41378957823743284,-0.40361598079421174,0.7733800734939581,0.26029903363649654
19870000,-2.0560343125151013,8.920433674621652,-1.7749970588947648,-5.749385043425179,-1.4504998300348637,-27.6063957548672,0.509075897606703,0.3819886343194001,0.9798862521695924,0.9798862521695924,0.7282819627490046,2.0860056413071515,0.9899461041815443,0.3837885020075758,-0.4011246484139631,0.7806352983359973,0.28707827008226183
19880000,-0.9496051587075138,10.438331218966942,-2.4275525433099268,6.249319781496764,-2.1936847690740477,-14.853010062035755,0.6592643862737146,0.49916349140381333,1.155815442874541,1.155815442874541,0.6951982847527342,2.0995525738139484,0.9859140076961297,0.35099279215185514,-0.3887831320197988,0.7904105774666627,0.31765209765266356
19890000,1.5987241892509716,13.384538964443719,-0.9139350185409638,5.912298157212994,-6.190031611096683,-10.459610763818462,0.8018908405458177,0.6411269311307951,1.331744600203308,1.331744600203308,0.6486313210857504,2.094816249741122,0.9826709119061563,0.3050383215946632,-0.364302552754899,0.8109665553758238,0.3414213210636469
19900000,3.8239786812321315,13.291448346401879,0.23022905776616612,6.351126924876741,-1.2719981861908674,-13.676448471575549,0.9559748064362368,0.768450555886216,1.5076842450311574,1.5076842450311574,0.6161187927163112,2.1069955882766336,0.9749708132292096,0.26182495846250414,-0.3304303389289799,0.8335301147668829,0.35705886071920234
19910000,2.6505976920052876,12.028659863934157,0.5895989689978826,4.821369311966103,-0.6648749001576938,-12.29468829241154,1.1115614852836833,0.8539790160120592,1.6836101513683843,1.6836101513683843,0.5651619246566508,2.0956799587385544,0.9685896309302113,0.22030041036425033,-0.3033857245888701,0.8502464638693714,0.36946688889081664
19920000,2.6515759186042485,11.287401787515995,2.1411095974716843,-1.0788620453073434,-3.6308713690645305,-6.820068904869841,1.2140432542536126,0.8960191568863661,1.8595425406643358,1.8595425406643358,0.5292779311740266,2.1033429482789474,0.9599930530122549,0.17297871109225466,-0.27970881863906183,0.8682197096648452,0.37153179949217624
19930000,5.254035887848217,9.625714243964161,3.6933341945335934,-0.8025582630357657,-8.503050053337418,1.4127664351396452,1.2784415040937718,0.9611423473420768,2.0354789192020917,2.0354789192020917,0.5042855584786132,2.1207071789783067,0.951622665665729,0.13130348430193747,-0.247602017635792,0.8893636622290668,0.36122695383838455
19940000,8.20244410607045,8.516860281948205,5.216050323271972,1.352552432811592,-4.981004135110408,0.6454876901675844,1.2681594274649692,0.9560289156954163,2.211408143198753,2.211408143198753,0.4765822356609276,2.1370854070678615,0.940567451345482,0.10118135154840562,-0.2055998347887622,0.9117555301324058,0.3408707897527264
19950000,5.725649114612322,6.655870829310647,4.623238783995881,-4.772675841972458,-7.818482890946823,4.3389885378438775,1.2000068995078939,0.8764287864357267,2.387328030922447,2.387328030922447,0.44778839306520013,2.1449481697508683,0.9305668886450347,0.07075984654985386,-0.17445793672410545,0.9278679541483521,0.3218983257097816
19960000,7.1798319645037,4.245916879908222,6.712040609425485,-6.324186291824628,-8.808130971762763,3.166539961913274,1.1646928711028748,0.8493741544825977,2.5632489204301123,2.5632489204301123,0.4188162617702731,2.1572959670225074,0.9198082099143241,0.050023746780338336,-0.1400120962695184,0.9453921385954079,0.29004817175474973
19970000,7.911445645916464,2.1528524777876137,6.9239734892676355,-6.586834619103371,-1.3800823600033125,0.3509542244372825,1.0823298562841719,0.7813405787384982,2.739178122957753,2.739178122957753,0.3963508849954338,2.168402241131463,0.9089237197752151,0.03975251871365809,-0.09975679391210995,0.9607603140854406,0.2557497569944941
19980000,6.802076763268377,-0.26024247160258757,6.058074488372725,-4.052846489666949,4.725429428249432,3.501448685493501,0.9681702250314709,0.679457189836084,2.9151163681291337,2.9151163681291337,0.3704913242125968,2.181599804189256,0.8983437118466602,0.04358459095051771,-0.06216890627262042,0.9713911294461626,0.22502151932171058
19990000,5.475024861734411,-1.7509288797655664,4.883553603069046,-0.555832009753669,1.1042703937739482,8.586676762657536,0.8654501533558882,0.5814107431207662,3.0910449527202672,3.0910449527202672,0.35339015950560804,2.1977849846444197,0.8869489637122179,0.051148371708101215,-0.03838778124414769,0.9778560214318079,0.1992682204274354
20000000,3.7111781628248526,-2.3693453569361225,3.4339874607904735,1.6545799004329043,-0.14651256625745834,11.896506118169695,0.7650201628324139,0.48008870671276815,3.266965546607878,3.266965546607878,0.33098953286776833,2.2133368647262266,0.8764402505952964,0.06729473206013639,-0.020992300286661894,0.9809108052259847,0.18123116331508582
20010000,2.8158931512265886,-2.7013495432673373,2.6459619904958624,1.5045923969000108,0.3505037546869213,14.71105444118852,0.6686858143126388,0.39969931225630106,3.4428946493085277,3.4428946493085277,0.30764382486049136,2.2229834770639982,0.8657213706106863,0.080078446270343,-0.0064016474249800875,0.9826281258839604,0.1672974224994208
20020000,1.8897358276535936,-2.1096427677925034,1.8030452123095486,0.3199491486243476,-1.1050546647546726,16.93423903371995,0.5616589380864663,0.3256307184840073,3.6188324139795895,3.6188324139795895,0.2825927182421928,2.234815426100459,0.8574463777000867,0.08489978958587535,-0.0008474407253626752,0.9838520155643238,0.15756433302784256
20030000,0.9286404378955037,-1.582204256271954,1.239659959487322,-0.2117036923959443,-1.8598238678515235,16.90945041971984,0.4638523570508659,0.23680785985874228,3.7947618703014427,3.7947618703014427,0.2538868971704754,2.2401355924485786,0.8488008828336397,0.08641923111523574,-0.0017705048237444479,0.9847710012425164,0.15084646803267412
20040000,0.6157114308547313,-1.5956686934796307,0.8853513238506331,2.3775399758047677,-3.8778856961811177,20.43511183615576,0.3735959627621692,0.16061417809399667,3.970690232975471,3.970690232975471,0.22574779287390798,2.248715272831077,0.8444087459469827,0.09139019495076342,-0.006624570346969666,0.9850743894714091,0.14571339863619343
20050000,0.12955690762473748,-2.609705106720443,0.07391113146591828,5.638848116896379,-4.921859912572661,24.289406803340693,0.2821385972373217,0.0885641503827601,4.146621420723932,4.146621420723932,0.19500747611454608,2.2546362959291617,0.8395552832081616,0.10489125042381427,-0.01572953262279237,0.983802348432888,0.14451071450218347
20060000,0.055492670068650454,-4.376678869589397,-0.5830108589880028,4.977013393259176,-3.767538185460367,21.933040379251963,0.1781186297287791,0.00895316184580376,4.322540613085096,4.322540613085096,0.16529708593963874,2.2628385972743064,0.8412998958372642,0.12529655881023546,-0.025778111139927964,0.9809581796263159,0.14614140809707335
20070000,0.44559693051006893,-6.424494672113705,-1.022590958077453,3.189618113585328,-3.8944989745566847,20.13337763860074,0.06392947683244722,-0.09741015243661819,4.49847676743002,4.49847676743002,0.13156583201994285,2.269125383608877,0.8417232086028195,0.15274846080944637,-0.03392787641288322,0.976358897288947,0.14913118589741262
20080000,0.8297314771162343,-9.277656857933176,-1.6467607668867315,4.2086036193657534,-3.236434708547422,22.112504557000932,-0.03090696275364531,-0.19549219616802324,4.674416857065182,4.674416857065182,0.09925181872522174,2.276938984719387,0.8446163197585099,0.19249598306858048,-0.03959975593354293,0.9683090648204709,0.1541256332313674
20090000,0.8989214548693347,-11.798163040008573,-2.0487603327181456,5.222331672207869,-2.315349350456858,25.824967879731602,-0.13303370539558584,-0.2990480248998079,4.85034624980176,4.85034624980176,0.06662172731436997,2.2867164206742383,0.847293092829799,0.2433228433830097,-0.044060877759193394,0.9555992389556582,0.16025831474985502
20100000,0.9771034679540398,-12.96072340280189,-2.163273078329544,5.543147340964699,-3.741633266384855,31.945221962876236,-0.2584972819896504,-0.400964965249049,5.026270028677345,5.026270028677345,0.03470609840297394,2.2968958942916333,0.85173785698002,0.2991217915677812,-0.04807171320133075,0.938441178744278,0.1659620987943336
20110000,0.9062393583864221,-12.896851305616888,-2.2484417766968066,5.617713112758554,-3.6657853463690824,37.10434233596885,-0.36150728420158923,-0.5153707183279549,5.202187125212561,5.202187125212561,0.001807976591236063,2.307571228610865,0.8574164037481924,0.3539079431320542,-0.05155941529486952,0.9179411785414302,0.17168222744495157
20120000,0.4782021066284537,-12.475866852920015,-2.1844966988815986,3.808269136575632,-2.4891210659070877,36.69338247006078,-0.4852501891099313,-0.6796576493083977,5.378121935145543,5.378121935145543,-0.030740286123436905,2.318359381544029,0.8634881737694855,0.4056188469848359,-0.055994232791727445,0.8948829361189441,0.17754584621414313
20130000,1.8132634701979682,-12.398680392106666,-2.030085793259229,3.866454776151592,-5.101777984019191,33.400387373170645,-0.5926304509072284,-0.7686299208750943,5.554058768780521,5.554058768780521,-0.0619765086866862,2.330450223759897,0.870855515872428,0.4572300478432558,-0.055204765297750404,0.8694359100912041,0.1788136333771952
20140000,2.3862799377371564,-12.119364267500925,-2.2475965792353443,10.014049979178715,1.2724731294444955,24.383290764365672,-0.6710242511564177,-0.7510934895652301,5.729974815026367,5.729974815026367,-0.0932289814548742,2.3425432287329357,0.8788704511510379,0.5078818133197248,-0.04826804351309169,0.840828563327881,0.18092425698744255
20150000,0.3482876168186673,-11.70788107555139,-1.3389874692377084,14.503874249920594,2.1225281627699344,10.516376827737961,-0.5949339192515695,-0.6631335529390178,5.905903876538957,5.905903876538957,-0.12278838081579149,2.3560108125133277,0.8879050477337811,0.555917624417627,-0.05460259484596291,0.8091881970046069,0.1821774226581968
20160000,0.42581225563945274,-8.56027810246329,-0.5039892817544369,19.96846740895347,-6.74599891398454,7.607663820534035,-0.5155697759123188,-0.6084485093324596,6.081835209154519,6.081835209154519,-0.15238579697997434,2.369630429410378,0.897362248918647,0.5897601667716346,-0.06524784470033629,0.7853812468586108,0.17635748221799039
20170000,-0.12068904327177199,-3.5182413322538815,-0.727323062338194,26.853850638592018,-6.415917847307763,14.430302560309775,-0.35962584405643977,-0.45459522069926395,6.257775251078442,6.257775251078442,-0.18125780266380143,2.383717674998588,0.9084799585049896,0.5925975873340753,-0.06766597156411441,0.7831772079993392,0.17573524589130482
20180000,-1.7171458214158268,2.45344227003111,-0.5723544251494548,21.55864499409407,-5.795627034838748,14.82273167953183,-0.2268042753465427,-0.3297620708353541,0.15050560186242734,0.15050560186242734,-0.21005721066546768,2.3982136517317483,0.9208392966240146,0.5760037725617394,-0.07249675265869797,0.7935669116955227,0.18225101237199834
20190000,-0.6603260762323432,8.42860133551762,-0.6586180696160742,10.54728387902725,-4.663065935708747,7.257812267881136,-0.07442946696600049,-0.1966461343176775,0.3264388044611124,0.3264388044611124,-0.23839165724079833,2.410957571843122,0.9348842656022329,0.54703673142738,-0.06949178130078533,0.8122670019546666,0.19011581821739615
20200000,-0.0019692886245718834,10.83415599271596,-0.5396823110234631,2.1198261348623166,-1.732505584369341,-2.338993954985325,0.07964481932588509,-0.03691106930710693,0.5023809931249517,0.5023809931249517,-0.2664476443293984,2.423838364746445,0.9477614210727952,0.5016696809401106,-0.05658066306724159,0.8398797686962242,0.19931917601449237
20210000,0.4566139768068292,11.52391273200727,-0.6251890148578063,-7.544140798096762,0.721645719084679,-15.646691462733651,0.24515826494915297,0.11843511871470247,0.6782931681055189,0.6782931681055189,-0.29365447870594,2.4395575971143604,0.9587686310006551,0.45814136627113244,-0.042301298699238765,0.8635549237437158,0.2063734050636448
20220000,0.3766762034016147,9.05582429703482,-0.8708975201927265,-11.850514465634237,3.654278488788229,-25.42268781863374,0.37503912508899295,0.23988727464582257,0.8542223566777025,0.8542223566777025,-0.32000621894369247,2.456805733461351,0.967050646352565,0.4248696016958155,-0.027798391638260964,0.8797929020676202,0.21137057611834237
20230000,-0.08308932258558083,6.997651153171675,-1.0171271892115152,-4.732170106705814,4.437775418591346,-20.198605258234714,0.5482035311587131,0.40175108062257825,1.0301515506181786,1.0301515506181786,-0.3459490524524216,2.4733737041682433,0.9737876103647034,0.40054477448048315,-0.01684185120262718,0.8899992437804273,0.21721321726523707
20240000,-0.3100041998439989,8.701294397974758,-1.2462819705905088,0.7307023449344688,0.342812169334903,-13.552381236317512,0.6878447889572525,0.5145929596541968,1.2060807031375944,1.2060807031375944,-0.37013308241199827,2.4922333262326775,0.9795302716473671,0.3686243343620527,-0.0065615618792522114,0.9023583083080955,0.22320960877433216
20250000,0.20017798343980836,10.924722291223684,-0.9294069401529478,1.9718541870346555,0.27391015980546063,-10.555469778915393,0.8604887896851638,0.6539893348355614,1.3820099236093952,1.3820099236093952,-0.39356299684921325,2.5094115762324534,0.9813979788954834,0.3266116205195532,0.00794002487927314,0.9176316784836934,0.22630490049865798
20260000,0.3033194770899109,10.352173220855093,-0.4854250469673405,2.6514246079624493,5.242439727249365,-9.852467857360416,1.0035312800118086,0.7518214312263263,1.5579390619774713,1.5579390619774713,-0.41309783065509653,2.5296118720390193,0.9826179886357913,0.2856850970559889,0.02461942524160544,0.9305543301757002,0.22769837024479847
20270000,-1.425674196717151,9.839221830121827,-1.3284030984171877,-0.4809947154478959,4.938524625887613,-7.811002935284525,1.149838934652523,0.788216945306275,1.733869675904863,1.733869675904863,-0.43410956615334884,2.5462599974102824,0.9805521562689297,0.23995904105673718,0.03250835248140386,0.9413843605938064,0.23485815136687613
20280000,-1.3856740393900218,8.700893976441689,-1.414116277226418,-1.400112258653346,-3.6894573717461934,2.093785839388242,1.2036905015139976,0.8461105345218433,1.9098149872352579,1.9098149872352579,-0.4486083899821429,2.5656558620272034,0.9777670567519905,0.19266477916875738,0.032527606316702894,0.9507329464212276,0.24068465319660687
20290000,1.1036438057646514,7.057101056800082,-0.26938100367541007,-2.722165635509464,-1.1138687122592572,1.5325648199228337,1.2346909604047591,0.9149745371179288,2.0857420023728324,2.0857420023728324,-0.4687200537100351,2.5831084011243823,0.9735376415821728,0.15638209637318876,0.045884333556883705,0.9570807082516583,0.23965764281673063
20300000,0.3589185812270159,5.751673875272685,-0.5074599223917355,-4.251121789104681,2.7898699073996354,-2.2593733596020784,1.2209139776536382,0.8178833903420535,2.2616559884583367,2.2616559884583367,-0.4809558454061751,2.6043851126803186,0.9688313982955024,0.12669923387072118,0.05903076068730371,0.9603400094830484,0.24126694679410404
20310000,-1.679107197912157,3.3236094478501332,-1.0308375438125725,-5.206989159255367,-4.635030902399195,5.116448419678838,1.1463656943451335,0.7515812257672526,2.4376024879463003,2.4376024879463003,-0.5002880637082462,2.6224328616989925,0.9624364189960803,0.10169485030617785,0.052176641450291,0.962409451389121,0.24638141850606943
20320000,-1.7035991413989464,0.7331166269842462,0.3652422906729869,-5.090386338991882,-2.5505949459423887,4.02890585763228,1.0940264545478902,0.6330254182247292,2.6135310507264435,2.6135310507264435,-0.5104454977498436,2.645250411952634,0.9558730300070124,0.09044506099783595,0.044286625084010496,0.9641248923411101,0.24560451491780216
20330000,-1.7346069680767728,-1.6347564573783293,1.284928855907596,-2.725400954980148,1.0792592032032895,3.9622760940482484,0.9619591669204517,0.5158844126016973,2.7894456239754746,2.7894456239754746,-0.5283499953563247,2.664386827780992,0.9488112488588181,0.09298277553002922,0.03690573909367256,0.9653438792587468,0.2410463952320302
20340000,-1.4695222289673369,-2.9723829210930797,1.6334275898365447,-2.215497269317376,-6.656724397991802,6.897614864805814,0.8752610210551546,0.43726719341782727,2.9653900153109376,2.9653900153109376,-0.534591851241525,2.690178217355639,0.9429699989480789,0.10073700091279053,0.019688986604342224,0.9667666980632893,0.23415070354238846
20350000,-0.5834699911128391,-3.1055436051200545,1.906313754962222,0.1848327440256417,-0.864311511893142,11.404068900500555,0.7754534126103594,0.3448452840614966,3.1413020002651493,3.1413020002651493,-0.5518788354690944,2.709194890310045,0.9354191953236148,0.1086401767895982,0.010116487142506658,0.9680969770736887,0.22557307387143136
20360000,0.272526180919485,-3.0654889275413653,2.464017740719884,2.1012817664831336,0.9931857467898422,14.890377930437435,0.6688308303045697,0.25428279420185806,3.317248528269353,3.317248528269353,-0.5564215163727735,2.734505408286303,0.93054165946861,0.11702090548101421,0.009222165417321817,0.9697256346243975,0.2141337266703415
20370000,-0.3815782670470546,-2.854762549849683,2.158587536571392,1.806728808197874,-0.11389864301693094,16.613495653612038,0.5603152837913523,0.1528519821532188,3.493161982294545,3.493161982294545,-0.5740782739075175,2.753751646264627,0.9236498841909182,0.12325221587214254,0.0004636916846986099,0.9711897481324862,0.20395869531595523
20380000,-0.9182346201471263,-2.735623268600531,2.036972705601305,2.161352027214407,-1.908325954526339,18.01344917910078,0.4807814937502812,0.09127396836852425,3.669106651045503,3.669106651045503,-0.5803408147106269,2.779648449030044,0.9195984359149261,0.12950500598432974,-0.012507036587857644,0.9722892483200739,0.1942309065570527
20390000,-1.3019947471881732,-3.945777139136004,1.5882985048965343,4.037908231736643,-5.127598078654193,21.725870454622505,0.3617719595637792,-0.007975883745510256,3.8450216212843102,3.8450216212843102,-0.5985525429167005,2.799411242712137,0.9145969179040323,0.1436336944438771,-0.030638369431741773,0.971478212380089,0.1861739375147715
20400000,-0.8236006087273354,-5.939685063458506,1.069141439104495,4.4923339173282715,-6.108717258868515,22.684145509531742,0.27182396028744366,-0.10870992449952767,4.020965604128243,4.020965604128243,-0.6076404499230389,2.8270465889610406,0.9137080729077312,0.16732904993183825,-0.04752840257376879,0.9682453351373417,0.17956338987241055
20410000,-0.21149838711751792,-8.068912039223,0.7698185536519229,3.885909218990213,-5.159467042904509,21.158717156498696,0.14098179388611098,-0.21806888317449297,4.196894644973931,4.196894644973931,-0.6253364125047488,2.8458891487076436,0.9108997621389101,0.20013179468559375,-0.06103709585300323,0.9624275747647417,0.17307484224523287
20420000,-0.17196230544675725,-11.222486403989745,0.4674483857772116,4.740633615245671,-2.1548735786627975,22.591378363999283,0.015547641098133268,-0.3266458028816935,4.3728065179918545,4.3728065179918545,-0.6306981243495022,2.870331757307063,0.9114348286446603,0.2462990038917193,-0.07221741658497619,0.9519431951025095,0.16710954108537465
20430000,0.36176567825607314,-12.841003293034744,0.7778337301512968,5.5035957174346635,-3.1612031207287576,27.99608379692539,-0.08493215371246239,-0.43020094513023294,4.548748874737591,4.548748874737591,-0.6405480018492825,2.8970332116003457,0.9115955538636129,0.30007443349777857,-0.08191924359944482,0.9371876518746083,0.15787297762074526
20440000,0.4891466849407069,-12.486285227508093,0.8753530739359785,4.135933282232944,-5.269880559312684,32.34307813815183,-0.211729922275113,-0.5300923546263364,4.7246819981576,4.7246819981576,-0.6578545306398966,2.9170573817631937,0.9175786936216253,0.35167728483669014,-0.09102640551288345,0.9199617872553364,0.14733496129318702
20450000,1.1132438172830397,-11.291417379368001,0.8176922953028334,3.2681731138443584,-1.7854919950975638,35.087752394048614,-0.31980645501497157,-0.6544451965942613,4.900598473842514,4.900598473842514,-0.6653797361949898,2.944686551070693,0.9208237347700705,0.3978628755305941,-0.09444649139445215,0.9023149903717284,0.13642818875977378
20460000,2.2844422640245545,-11.207011460563809,0.9540534063773828,1.5521627177184474,-7.597608052537893,32.682811837426144,-0.4453164804433593,-0.8265699381869994,5.076536712008398,5.076536712008398,-0.6824590158590353,2.9648265953998862,0.9288247708978012,0.44352999649572794,-0.09400135428895257,0.8829851951592155,0.1215813831554187
20470000,4.278034218074623,-11.829288972091263,0.09841165771219515,3.7804090897393454,-6.478300493331215,28.420165640997105,-0.585458262354297,-0.864870658731981,5.252457359281642,5.252457359281642,-0.6896032147044933,2.992309463179827,0.934306170094517,0.4926510343998442,-0.08261118326687839,0.8598627704389327,0.10538674829926768
20480000,8.886059951346349,-12.693444956300551,-0.4099060181632135,4.880942033902876,7.01953533187196,13.981407027124764,-0.6908950035814417,-0.8986885454150153,5.428397317972532,5.428397317972532,-0.7064981795370555,3.012349191404811,0.9431742526159781,0.547178432653752,-0.04633792460018335,0.8317581763607335,0.08140574696787743
20490000,9.447485906857176,-11.693326493169835,-0.1048069015104049,11.640079254017294,0.7936607115185061,12.78334321603345,-0.7339874750330219,-0.8902537910197267,5.604315006600906,5.604315006600906,-0.7137145867248981,3.0374660610824793,0.9491140001210154,0.5945880408498404,-0.010532954803296031,0.8021849997176075,0.053416708711062466
20500000,5.309881250992155,-8.867914083591977,-0.3732675562598895,-2.8862386589210454,-9.609187491677337,-11.949412603264218,-0.7259409375947797,-0.8256286418332494,5.780255034211429,5.780255034211429,-0.7311660192272993,3.057216363372105,0.9551953004977174,0.6348478284647313,0.005393585682048163,0.7718130100505297,0.03526785283862114
20510000,6.724368887051499,-5.979073727034023,0.33757803503648515,12.295238864844803,-5.50357545121384,-0.5960624815103499,-0.629897974640602,-0.7500647136805101,5.9561737581587195,5.9561737581587195,-0.7476560857715554,3.076815333682284,0.9600410119652132,0.660812025231521,0.023919517975418924,0.7501234730807307,0.00837252068027592
20520000,5.119534454191334,-2.4721337090171205,0.9062432167612509,14.702898536607645,4.300769266212873,-3.5031462374926194,-0.495302410279136,-0.6036020390914408,6.132097998464168,6.132097998464168,-0.7493078735336558,3.094126928086411,0.9664266737402523,0.6739322216800517,0.04288442997360625,0.7374893120809874,-0.009262872855675612
20530000,2.3782166260888635,2.479131610906601,1.8630670232597202,13.391402769686737,3.5401158708522567,2.230278557390386,-0.35899388338131294,-0.4830029427706419,0.024841875785071466,0.024841875785071466,-0.7653687049537049,3.1135744962910974,0.9721071874034117,0.6626891514564439,0.05009320802384223,0.7469492546650446,-0.020014245105751522
20540000,4.275256168368347,5.870931737436028,1.302183896532824,9.861261782551155,3.0757946922445707,0.49901136207402097,-0.22473483448892217,-0.3715560403125826,0.20077105263455053,0.20077105263455053,-0.7647328286359366,3.1280683972954675,0.9798144412832401,0.6407743375341679,0.06689514446428442,0.7639914569645694,-0.03536017095412958
20550000,3.416979720893209,7.279650783783087,1.2778819539372372,3.284643895021315,2.0014497704271155,-13.238239731894234,-0.09063703794852257,-0.24078967855518035,0.37671269997481716,0.37671269997481716,-0.7803501180626526,3.147357581189242,0.9852603601472716,0.618329408332412,0.07589070393604504,0.7804671479066273,-0.052729260243965244
20560000,4.8752078450489735,7.765727000520513,2.2111062055521646,4.879886809203484,1.8194099266117711,-18.392838311913206,0.01864745545746817,-0.12040293965368165,0.5526469838386134,0.5526469838386134,-0.7771184572433046,3.1583170651482986,0.9902788063278272,0.5931386778455956,0.08714537638871837,0.7964973451290489,-0.0786395029233029
20570000,4.180062698250109,7.49621563058325,2.5507350044354182,2.192982285901385,6.3650708426436715,-26.38577703956461,0.15000976298173851,-0.0027500648924417923,0.7285634738084497,0.7285634738084497,-0.7758066890997787,3.1722025400799954,0.9934509658395128,0.5682931921650946,0.09547683013914188,0.8107753259210451,-0.10281241910884001
20580000,3.4312930474970047,6.018297073569082,2.5857499182515706,5.823278990013462,4.792781513758893,-26.153094583884158,0.30401796052398977,0.10115660291315229,0.9044877335753227,0.9044877335753227,-0.7896545100377222,3.1908424232460377,0.9955327110633403,0.5493187461306088,0.10095015233848981,0.8200921259798316,-0.12452665095557444
20590000,2.632636089243879,7.313605575088389,2.701320793759159,10.391788189330928,2.2665520524208587,-24.534098116530462,0.44772441944660607,0.22562219270183512,1.080416908176531,1.080416908176531,-0.7847961024592728,3.203613575188265,0.9960059461220305,0.5249456131695576,0.10125365671984873,0.8324732709565842,-0.14549245120535265
20600000,1.431998110772293,8.950174001524728,2.31932526849698,11.140344505933296,5.748098747401355,-20.86265868267917,0.574950226044495,0.36500170137418636,1.256346082404903,1.256346082404903,-0.7971677154058618,3.2217889016122108,0.9979647851956306,0.4933641279693606,0.0971169889177597,0.8491360888988685,-0.16164167230672075
20610000,-0.34925380974871756,10.030854722180582,1.9362432747041969,9.323401227821133,3.3983045420743334,-21.882558223562054,0.705009087859129,0.4593503949238258,1.4322878431710961,1.4322878431710961,-0.7903515006652734,3.2370162723308877,0.9963211478172835,0.4579495063078543,0.08478135495202765,0.8679785422861386,-0.17235899064371685
20620000,-2.3176814390884672,9.810728360686618,1.559072553254669,-0.2811756356212138,15.942423628201434,-27.981750281104215,0.8498725114983575,0.5030138322113891,1.6082220563088327,1.6082220563088327,-0.801086839600064,3.255043601909842,0.9957817097731585,0.4225671129609252,0.06749967497977333,0.8867089846841534,-0.17500858665188904
20630000,-8.947650895334155,8.416920157918797,-0.9656909769544388,6.778278461656956,8.107730682064904,-12.106962598783559,1.001125287548431,0.516982006232476,1.7841388767034374,1.7841388767034374,-0.7948294976535061,3.275161219449343,0.9901201496500704,0.39779506526576,0.026854953801584,0.9044148877133185,-0.15189341127590153
20640000,-10.326015248417322,8.591695319106,-1.9039446544112197,3.111110412819263,2.965334696356143,-13.684668054825847,1.1703619725596581,0.613216546020415,1.9600629276590809,1.9600629276590809,-0.8041047435292353,3.293668612110011,0.9885584975724961,0.3727102042112621,-0.02012314838217519,0.9196559509675507,-0.12212736968410678
20650000,-11.356670327102977,8.269986072576298,-2.4827911726413237,5.858967782082458,-0.571812505834158,-10.585749052155537,1.3309063532292145,0.5993248136510051,2.1360044246071226,2.1360044246071226,-0.7993058361076902,3.312746248041377,0.9802223632158569,0.34830209129521567,-0.07241917004998426,0.9304365554400423,-0.08791435212477966
20660000,-8.350617135537208,6.418676290798458,-1.9460457413464483,-3.366136051676171,-14.147902507371063,-3.6098370598120013,1.4203453703377458,0.5846868913647562,2.311926873856251,2.311926873856251,-0.8073697330711599,3.3312156925231657,0.9731098029287291,0.32252213099841587,-0.11679376509608551,0.9371419297746445,-0.0640600882701263
20670000,-3.6065670544691466,4.852261621216424,-1.4884047221873014,-4.918520061892157,-4.3808808557767405,0.9662993560515408,1.3435099886803101,0.5200458397224897,2.4878625892179826,2.4878625892179826,-0.8025897168072685,3.3514631172298017,0.9623579693435598,0.2968522986854466,-0.13611916555083944,0.943832528456485,-0.050303516401420834
20680000,-2.229111752530366,2.0479750466969886,-0.616915320720248,-4.272654665197614,-8.810152099919442,6.716782093448565,1.2437580467940912,0.4525468442349246,2.6637973162371082,2.6637973162371082,-0.8093489405454123,3.370245419297962,0.9532214475077458,0.28309480817950095,-0.15096539307674012,0.946066260034911,-0.04500456975189329
20690000,-2.7970386569464933,-0.16349199969561262,-1.2832388570377784,-6.195914193989078,-1.383082214535061,4.32735978914951,1.1536501381193207,0.40559754898563194,2.839714331867256,2.839714331867256,-0.8061105995569516,3.3937547841234257,0.9412161021669718,0.2796891269771329,-0.1628400320373011,0.9454891486497333,-0.03615779310830072
20700000,-4.209555297406349,-1.879428288649524,-1.1170349329152545,-7.825855801838817,-2.7851364606873674,3.421355499337028,1.0492772000746051,0.32514195252726763,3.015638101674895,3.015638101674895,-0.8120000937903805,3.4135008098962087,0.9328717554137573,0.2841893710521938,-0.1826880546188937,0.9407842285626284,-0.02804481000724957
20710000,-4.094895447707527,-3.3499070013212133,0.21637999488251541,-3.554481094088876,-3.569979387205081,9.650483673969228,0.9277103417373322,0.22885107927824172,3.1915672317516766,3.1915672317516766,-0.8155136050231112,3.4428215408656992,0.9199109154090435,0.2939938311116002,-0.2020298397332735,0.9338022043718659,-0.02765889072099339
20720000,-4.233122885346523,-3.7746931468874023,0.8559352885563712,-0.5596384781025052,-8.370712195972756,17.14459278613887,0.8231740872985005,0.13946368032496473,3.3675076718916017,3.3675076718916017,-0.8222604401286152,3.4646459335538324,0.9145495227508249,0.3048461885090284,-0.22319695238356435,0.9253662968135966,-0.030808091789292655
20730000,-4.498733422928319,-3.181013201801264,1.5758748399938798,4.315682665516467,-6.319997520318266,24.715734393699034,0.7158049562014651,0.06490289230433163,3.5434325004346903,3.5434325004346903,-0.8293045132251742,3.495064045874247,0.9038015115707707,0.3131544665728408,-0.24356679002643408,0.9172617636508893,-0.03521868546323906
20740000,-3.5396080636672114,-2.5439960913119424,2.3575934050550167,6.298564774739808,-8.521653049827442,27.509038930854516,0.6400668488796171,-0.015419156148624815,3.719354994018957,3.719354994018957,-0.8367842448818095,3.5181505686824117,0.9032034943060296,0.3173161851966419,-0.26036900582106337,0.9108089247635388,-0.04410807172262041
20750000,-2.580033465652095,-1.0011047609186883,3.1251575974277417,4.623028939549865,-10.374453397053589,27.696603866445926,0.5627668912164676,-0.07666111177145224,3.8952946651939584,3.8952946651939584,-0.8460540045370651,3.5386674514338115,0.896662249484242,0.3128648420753875,-0.27478674026213723,0.9074271638242698,-0.05642499732470965
20760000,-2.626540747193659,-0.18364571087007492,3.2345121703406385,5.041425916122766,-8.838944892733512,27.387107828723867,0.4620892133153224,-0.1411600079235488,4.071231022162195,4.071231022162195,-0.8542734130357306,3.5591586115946496,0.9026458609550692,0.30510261472098926,-0.28887789558477983,0.9049117567558668,-0.06779873463373613
20770000,-2.414927861715078,-0.3891238441195707,2.83812011578992,8.52533664158333,-7.628530136513805,28.86097678440371,0.37139566697881804,-0.21576816350276956,4.247160106744687,4.247160106744687,-0.8667601460312878,3.570316094103735,0.901011300871386,0.29986650162674605,-0.29987403630078135,0.9023064022981081,-0.0774519200966581
20780000,-1.2141001874119426,-1.7362918825784182,2.5671251055889095,9.802159534597893,-4.275319187740907,25.431203114881626,0.268498434484934,-0.29592510575846537,4.423078833973889,4.423078833973889,-0.8764021271162813,3.5870824550273905,0.9098998293786706,0.3019531451770519,-0.3034030441787083,0.8993404342167789,-0.08920579736516485
20790000,-0.014777957204730689,-4.020932829675435,2.173938801542693,8.132220982422062,-4.55655550636851,21.061895826494965,0.1589328937244374,-0.3896226801577092,4.599011111645339,4.599011111645339,-0.8899297076982212,3.5979652466182266,0.9116533955400494,0.3141819157432224,-0.2999168864387089,0.8946442536838347,-0.1046481934833272
20800000,-0.0895352126139865,-6.6054709127156945,1.5455761599358961,6.054028531645766,-6.34984426676568,19.479847351124885,0.04824799772640353,-0.4749493127586149,4.774938095022563,4.774938095022563,-0.9004478726244448,3.6137895648604554,0.9207485660992729,0.3377815854576033,-0.29515354168865443,0.8854537798421775,-0.12148905760434685
20810000,0.2521796312636493,-8.894692819493804,1.4260757621020905,5.0027589277762585,-6.495581835919082,20.980442720108233,-0.0710419367505221,-0.5970499683473341,4.950859424673254,4.950859424673254,-0.9135477721243719,3.6240362590624025,0.9242899586865878,0.370625953900716,-0.28742029168802274,0.8717240947118858,-0.14185584556125747
20820000,1.0178790374219182,-9.370827507643748,1.7354354977506588,4.833712270421554,-9.319419757930389,24.52882532294665,-0.20113189277798837,-0.7502566504481267,5.126797770443105,5.126797770443105,-0.9243327655356642,3.638768688437852,0.9320200807205032,0.40337375735131886,-0.27691224113949864,0.8562393711747505,-0.16572073448318841
20830000,3.0833595341672777,-8.56877221791795,1.9744311568778252,3.9856798043151906,-4.953506347345112,24.713278269896442,-0.3419369329122721,-0.8255965955578517,5.302735486748944,5.302735486748944,-0.9565000494266428,3.6715425840151727,0.9367050356849707,0.43021540748367126,-0.257732528947637,0.8433310671849347,-0.19308381031726443
20840000,7.852658773439906,-7.217550175627648,1.603972396600563,2.2247945514378573,-4.638065527326961,15.450598882844197,-0.4736493395994621,-0.7869556311428698,5.478655837045736,5.478655837045736,-0.9779463442677306,3.697624322939493,0.94470388741586,0.44556842624881776,-0.21936104638174667,0.8375260622325209,-0.227814845744839
20850000,9.695639243712945,-6.771570286083089,0.8412917645441672,4.392571106285822,1.6117419124123222,7.914022891846559,-0.5850537089160327,-0.7695447641802838,5.654576469203121,5.654576469203121,-1.0102145892621381,3.727565981654095,0.9496819391169147,0.45897099962169186,-0.16867333564922443,0.8327729334799764,-0.2595846078071348
20860000,5.678779533573941,-5.3055860270680775,1.2763008455554445,7.176882915876656,1.0072576916055285,3.94741335449469,-0.602166970051926,-0.7725259408069907,5.830513660908949,5.830513660908949,-1.0337741755002312,3.7532532762776336,0.9563601517699778,0.4749862866627795,-0.1360623403214919,0.8234156350184421,-0.2790372000929596
20870000,2.1601477656507364,-3.766782140151386,2.3041076674441663,16.90869254267521,-0.7751823910972474,4.514192376700108,-0.5042006438691109,-0.6724161122944098,6.006452361119969,6.006452361119969,-1.0565276859000863,3.7730653833345444,0.9610172611640144,0.4898852135713223,-0.12214449434360689,0.8122334323582748,-0.29218153840586947
20880000,0.8230453638308725,-0.956457066829959,2.2411751070569808,19.122101419321307,7.86664099212695,1.5606978235817586,-0.39418571971972155,-0.5456017799196884,6.1823732322555,6.1823732322555,-1.0757953334019803,3.7930940902423567,0.9705559384986673,0.4943261497896936,-0.11708964802603006,0.8074736384982577,-0.29986329400182177
20890000,0.004957013842314194,3.211150981817747,2.643784040382691,13.500151488519021,4.3154765581544146,0.676717185097022,-0.2618069751678196,-0.40788151373923104,0.07511509118727844,0.07511509118727844,-1.0900678587784622,3.8032065483093347,0.9774030260722955,0.4837368584194771,-0.12337635693621136,0.8110883239008767,-0.3048157758175747
20900000,0.3976356076827642,6.85262827136191,3.2012952734055258,3.4481769095071577,-1.3466306869643199,-7.989956329169452,-0.12525343356473775,-0.2979392640919001,0.25105424721305525,0.25105424721305525,-1.1041748009588874,3.816274943260003,0.9870823798146215,0.45875084046114173,-0.1398155810989181,0.8200257416756299,-0.3123412439104084
20910000,1.2123256203749537,7.9712217325374874,2.8843904870960047,0.1823117937566735,-0.5202831157952822,-18.465132565844964,-0.013600668601488695,-0.18045809823609305,0.42697763548761003,0.42697763548761003,-1.1129966141466308,3.8183142218337314,0.9928277348646388,0.4285182818305414,-0.15603484484439678,0.8304847300670829,-0.319875479611661
20920000,2.1434858014019804,6.541022321722391,2.5199276396690795,0.8489207766344616,1.2048171249401514,-26.32693238924915,0.1059576145816739,-0.054582128514203,0.602901042312503,0.602901042312503,-1.1229048466664227,3.8241835127097557,0.9973843688877728,0.4027124523683671,-0.1647904367565768,0.8384284495597142,-0.32818367971294093
20930000,2.0477572081987767,4.577977598745369,2.3825696744696794,2.6040919216522576,1.500010388594459,-30.374376744733592,0.2316912307845095,0.05360759211024332,0.7788351295124514,0.7788351295124514,-1.1287003774676139,3.8221699281315646,0.9977191236484517,0.38514573558785703,-0.17038470443571327,0.8421118611889098,-0.33686707778854513
20940000,1.346719676361908,3.3910480823677553,1.8323335734111,7.442259300507731,-0.31929635678193974,-27.33427411937274,0.34885665438174596,0.1446229699342198,0.9547532993025172,0.9547532993025172,-1.1355927922768296,3.8230528530068164,0.9965002585139524,0.37407208948051784,-0.17540242698669253,0.8438404183865192,-0.3423994871142794
20950000,1.417474229791879,4.5964258939850255,1.5031484939340498,13.32590808514037,-0.23113248006295478,-20.617776810796414,0.501517934478016,0.274124528239813,1.1306824406274743,1.1306824406274743,-1.1394807219553056,3.819737510558318,0.9923711511765645,0.35790981681928763,-0.1801906171642136,0.8487602400910714,-0.3450187811567807
20960000,1.240101232648354,6.584494595015506,1.3790470740966803,15.436034148254423,1.7922173333519633,-17.153383161457295,0.6367921314006343,0.381338918261083,1.3066164386657917,1.3066164386657917,-1.1439379953372362,3.8176792596311993,0.9892111666422914,0.3336775101598975,-0.187735541850995,0.8571930441281439,-0.3444339858924071
20970000,0.17111483963479543,7.203668159266923,0.6798573780382793,9.302160077201776,3.6070344564434467,-19.705285778694083,0.7583555379152781,0.4888503732337114,1.4825583468428292,1.4825583468428292,-1.145427224554172,3.809105357967026,0.98365749169673,0.3091019677381059,-0.20053807843768895,0.865888058925365,-0.33834645268927216
20980000,-2.2411839308570416,6.464294661322253,-0.5377851121293692,3.1025329067658953,9.194979630883571,-17.34918457799787,0.9336614885678355,0.6092834253261832,1.6584838227456586,1.6584838227456586,-1.1466788239418024,3.800007392403834,0.9755366786500537,0.29086000939310896,-0.21884635437747302,0.8733170357841094,-0.32376547549234885
20990000,-5.376970010118324,5.824519273789337,-2.0680722682083106,-0.2861535732768545,7.050257414340288,-11.742733926782654,1.0805908785895668,0.610212048843875,1.834399148746563,1.834399148746563,-1.1471726641710251,3.7938352403239635,0.9651772394098834,0.2798189106171522,-0.24963208860269498,0.8774890521790288,-0.29899525231487567
21000000,-7.439978634083085,5.73879715926914,-3.149583910546369,-0.5098481195063694,-1.0785911061551803,-8.209897819005631,1.2408090562988003,0.6298928253223114,2.0103283532898715,2.0103283532898715,-1.1464484534504127,3.7855365341503244,0.9521702963678116,0.2740152141635309,-0.2912359480609479,0.8769977662605617,-0.26640608652570313
21010000,-6.322711785130983,5.22371233072824,-3.1548765484755865,-1.1307472610532179,-10.827263825890872,-2.5604844374552154,1.3093506427002493,0.6300355814582383,2.186260712667881,2.186260712667881,-1.151672368961382,3.7883289783040612,0.9390177479208548,0.2642942685073288,-0.3205124233687945,0.8770442866939607,-0.24127504072721745
21020000,-1.9560714576630718,4.401026586588099,-1.4844681513692037,-7.185789371163972,-9.949706157386053,-0.9913668832842957,1.3205999639598252,0.6473700545843737,2.3622022404704737,2.3622022404704737,-1.1559567790497507,3.7896426559701757,0.9242751025957157,0.24644265178453195,-0.33522363201897293,0.8802990131271149,-0.22795785444867597
21030000,0.9855483327713196,2.8481764643324072,0.2670104701702149,-9.494078354910855,0.5058144411830002,-0.4602418439784345,1.2382920006386755,0.5762039780601703,2.538115865572813,2.538115865572813,-1.167897976413096,3.801930000391128,0.9167252345823813,0.23196888497255436,-0.344589524226441,0.8823703455592906,-0.22106802002000003
21040000,1.286491333451162,0.8359164951083777,0.3792711609628105,-8.071019339276324,-7.1542284914902305,5.107208070458673,1.1868760226674113,0.5657609860934247,2.714045053649606,2.714045053649606,-1.1809332143057407,3.8155631213909196,0.9039537014846803,0.22192161567077773,-0.34741096175644787,0.8835014276517107,-0.22244470658327828
21050000,1.1280960456295148,-1.0548534987245437,0.9291711659007085,-6.113644601922116,-7.239174935202604,7.876644404268044,1.0779855885250609,0.48586719557042846,2.889974181562131,2.889974181562131,-1.1968437855682095,3.8323887605584273,0.8917076130934709,0.21617283319421554,-0.3467809739769642,0.883503498851429,-0.22898434399245976
21060000,0.5771749635648638,-2.6070573791853366,1.871627929005042,-3.8713176517395422,-1.5288348222306714,8.937812368653423,0.9765057296262799,0.4053725484152885,3.0659037404046714,3.0659037404046714,-1.215972342441697,3.8530069357936174,0.8832703229772099,0.21862235418035583,-0.3408051089969606,0.8810747902668891,-0.24446545336788686
21070000,0.2574221034378616,-3.205801595814814,2.3317199774183437,-1.779116702233192,-2.2686391451787635,14.354788442575487,0.8552364458062733,0.3353083775459135,3.2418478007434643,3.2418478007434643,-1.230139450302915,3.8679781791515415,0.8737264322986329,0.22425593466867244,-0.33459020308037446,0.8770210109317301,-0.2619023065053077
21080000,-0.2923759641141534,-2.7291906293035053,2.6164935340860724,1.1131103842015924,-2.5270300537067993,19.41533956913251,0.7747655449337463,0.24596538294055026,3.417761683664928,3.417761683664928,-1.246815360089557,3.8860326455187977,0.8714778332205013,0.22923040835853384,-0.3305067349168443,0.8721976619740884,-0.2783701789080872
21090000,-0.43281178911166074,-1.9566729520914365,2.9482508732466646,2.9000795222966564,-5.051192520772068,21.586070820942144,0.7058016387565108,0.1526740731506641,3.5936924077862997,3.5936924077862997,-1.2596605986551697,3.891028722452922,0.864604783371115,0.23071054523391052,-0.32809159498093315,0.8673742536440312,-0.29460219574232477
21100000,-0.26394687697445707,-0.3728581736824676,3.036476564310389,4.056723686229806,-8.699903066225623,25.379973364952438,0.6128854406292293,0.09458764802113444,3.769637635156748,3.769637635156748,-1.274150039958881,3.891389775667463,0.8687929950046771,0.22492985425133788,-0.3272464718070213,0.8642829401829293,-0.30875768276284177
21110000,-0.905531150210285,1.1880268546389496,2.8090979962960287,6.958191711622404,-7.4073228938636015,28.504964103643996,0.5102438159642488,0.048824313990149436,3.9455669420835235,3.9455669420835235,-1.285965043580824,3.8927706040693746,0.8642623816921069,0.21491457537016154,-0.33061163870896254,0.862153723870484,-0.3181173149325495
21120000,-1.1293001365479043,1.5415963338651122,2.4795860013991615,8.414098370479396,-5.575295817983327,28.32009046963668,0.43743208668345834,-0.021096353539365988,4.121496318237455,4.121496318237455,-1.2984755084236832,3.885745757102221,0.8728955043939588,0.20504057396021835,-0.3347827097633993,0.8604027960944195,-0.32493988481939956
21130000,-0.5702436710215125,1.6743954405699764,2.210094056870246,8.367176124046466,-7.3611061119888035,26.84753856036343,0.37024305159354165,-0.07802695656541789,4.297423230618499,4.297423230618499,-1.3097101596292513,3.885502373668242,0.8690726273921021,0.19464734170993547,-0.3362511239056079,0.8600000749323431,-0.3308284527573706
21140000,0.008880828911621511,0.4987035204700417,1.6269517544062013,7.834550061025688,-8.407294076363753,23.377675253154848,0.27321994977204467,-0.16559335206970163,4.473336959493842,4.473336959493842,-1.3209518410029064,3.874753335883817,0.8777071943936519,0.1900536318277878,-0.33248899238840773,0.8602722327497756,-0.33654475561108493
21150000,-0.05872963097665998,-2.1091449773316153,0.9002886009369507,7.346286272352952,-6.038314213729554,18.48923363958925,0.16025664533067954,-0.2677980009276027,4.649266474166147,4.649266474166147,-1.3312256057111376,3.871286519777202,0.8756072212047832,0.1986573726359286,-0.323835896205692,0.8590329203707415,-0.34311514444186436
21160000,-0.3488932133691263,-5.4545688372428565,0.06084622671044135,8.572400770524238,-5.663597343567621,17.898764808578854,0.07874640443657743,-0.3502545318547609,4.825212615976277,4.825212615976277,-1.3401013294188735,3.85264425221213,0.8861068774817518,0.22392417546549231,-0.3096519232722102,0.8549874188267484,-0.35067101919590526
21170000,-0.29217154870441586,-8.473463682511213,-0.6889038281468997,6.668562877780492,-7.739632859949729,19.075323756882682,-0.045105535151397036,-0.46560777451500335,5.001124442824896,5.001124442824896,-1.3501570918131465,3.8483754098794294,0.8840230562304174,0.26138697616083156,-0.2889201701702993,0.8478780600313012,-0.3595897374506391
21180000,-0.13510730878284402,-10.065913288851826,-1.0252849552157202,4.7169424167625245,-7.158810916203654,22.798017940449075,-0.19309979188840076,-0.6208962138139108,5.177071003988651,5.177071003988651,-1.3584633741589527,3.8279024829137396,0.8936607905016036,0.30257526341404467,-0.26468862861505943,0.837719288426929,-0.3696140333500347
21190000,-0.07521485517930178,-10.301501244267826,-1.110883913398923,4.353763793594025,-6.393974649806375,27.623958220062473,-0.3378382223268422,-0.7836677360030213,5.352984499883796,5.352984499883796,-1.3697061909305461,3.8245087860273363,0.8924165346239721,0.34306695138812277,-0.2398671028050625,0.825383532168524,-0.37882827861997875
21200000,1.0169159390945774,-9.15767834472807,-1.216099985514544,2.2398868324401637,-4.585065129013721,25.238830878253157,-0.459352337969802,-0.8781351376554002,5.5289296285484895,5.5289296285484895,-1.3818068862413215,3.8075075201057724,0.9012430403413227,0.3755161724511381,-0.21318424699141597,0.8144470764863442,-0.3875771415669364
21210000,4.671779939242415,-8.167439973057313,-0.6534574024042561,0.7792920147080389,-4.739121284325316,16.48680356630087,-0.5507586398898572,-0.8385619167604227,5.704859013158163,5.704859013158163,-1.3926579875477878,3.8040413196174345,0.9006343168559019,0.39552913222550967,-0.17499538649014673,0.8062895257483808,-0.40352263993058773
21220000,5.112888117863212,-8.669142443608383,-0.9540085637901964,7.265580402017603,1.4498788049169717,7.753949335192208,-0.6392144518715763,-0.8240303499030399,5.880770694128209,5.880770694128209,-1.4032970534742326,3.787496829141467,0.907087276794585,0.42055891612297813,-0.13091153028489366,0.7956723206479732,-0.41580996556432137
21230000,1.981274116645327,-5.186658607680835,0.24467149737415417,9.591979626799455,-5.830953328255285,3.116204702388771,-0.532531680830362,-0.7157339630045058,6.0566997270001295,6.0566997270001295,-1.4139464184951627,3.7833132618013257,0.9058464350256177,0.4412764189433487,-0.1142263059899544,0.7831216517989191,-0.4230224008113002
21240000,-0.31858440224734175,-3.911304728692907,1.503074195013489,22.064013391820623,4.349755081077079,5.114987307252467,-0.3951242203996769,-0.5824200157782293,6.232629080544136,6.232629080544136,-1.4237784383113419,3.7651832338521687,0.9102888255556436,0.4592249783047739,-0.10418741692883472,0.7721615105566371,-0.42664271125799147
21250000,-3.5271484160521656,-0.7001371018840539,2.9483800742913457,17.744830167116206,5.062237129007773,3.292184763103954,-0.2641075305103821,-0.4566237839253522,0.12538633516928144,0.12538633516928144,-1.433028224150398,3.760238769561043,0.9087302861834823,0.47060645321003713,-0.1166609826680217,0.7635798555801234,-0.4264570148001303
21260000,-2.755169772191664,4.165330767446687,2.9793948362813687,7.961050807293144,0.839261630337071,-0.23611981076607538,-0.14603100911567324,-0.3381340498724987,0.30131968660455755,0.30131968660455755,-1.436233105983198,3.74005226634321,0.9097096890706569,0.4627655403923072,-0.13798877566248668,0.7656024786311311,-0.4250411711004624
21270000,-3.994467862158797,7.66061483354601,2.5958829630674036,-0.6763884081930668,3.9969725676327945,-12.25599306519866,-0.020711371630317575,-0.21077875727912548,0.47723544012447405,0.47723544012447405,-1.4447039367912529,3.7339540739918973,0.9075841177427577,0.44588153450455814,-0.1753750316520963,0.7721459781450518,-0.417401298387185
21280000,-3.4020067619971446,6.897930109636827,1.202767497289815,3.1853160497608806,-3.0360345350203843,-17.449139617106542,0.09953048952093316,-0.10660650141120596,0.6531604380352007,0.6531604380352007,-1.4433238800584056,3.7064810217952022,0.9109772111390648,0.4315123104096533,-0.20763944591797276,0.7783228881854178,-0.4060744613867141
21290000,-2.1809103137441963,7.117243661807665,0.9149431920496323,3.888653876628071,-2.2388380073503917,-24.804579067681797,0.26342486744296384,0.033385881389656494,0.8291030838304039,0.8291030838304039,-1.4465728415517345,3.6844377968491995,0.905129838755002,0.41356051365762664,-0.23482127079986306,0.7859408119665829,-0.3951249326586287
21300000,-1.7993864142221925,6.601465983799351,0.5380702774912561,5.810380158895955,-1.4232561925386826,-23.874924895446775,0.40585406890648396,0.1435302243077794,1.005036438566691,1.005036438566691,-1.4558389374178131,3.679687327090185,0.9040162208357203,0.3969733417609838,-0.258103753612483,0.7930789904703041,-0.3831714148744233
21310000,-1.1933713713172747,6.459114655107122,-0.14563073861380788,9.99138250501814,-0.2703360164701907,-18.977677645302936,0.5593617660179709,0.2626975561615191,1.1809656598902905,1.1809656598902905,-1.4638565278124174,3.673563532127419,0.8948904306355057,0.38060080079086067,-0.2758175678568123,0.8019183256546554,-0.3687745906080605
21320000,-1.0765449266704414,8.576933147877321,-0.20308749562638023,8.70848975540466,0.712727160124567,-18.441698150093405,0.6815003562557997,0.3691311278176611,1.3568948128956038,1.3568948128956038,-1.4619493719877756,3.65558977052231,0.8949594247034041,0.3551696554021026,-0.2966469764526863,0.8140721326221467,-0.3509154458428142
21330000,-1.1086342170154577,7.969015835153942,-0.2848816578755443,5.393645868908543,-2.317943336569175,-16.83076402699315,0.8162407271321913,0.45979580170191453,1.5328108304555315,1.5328108304555315,-1.4691133407995376,3.639087088131819,0.8822616928956108,0.3311907273012011,-0.3174451623095877,0.8235818915789809,-0.3335478060775232
21340000,-0.6454131832902328,8.352563536228532,0.1591424051667517,1.8078510787432682,3.3501375550433807,-13.371267298306224,0.9820783331970603,0.5602014633049912,1.7087356020740287,1.7087356020740287,-1.4776231859895015,3.632936691955791,0.8778219699738585,0.30369029135378245,-0.33704480116430396,0.8327870537618166,-0.3172360824879208
21350000,-2.9341569057546493,6.422365347856281,-0.8827729028622276,1.8907073619979273,1.761117305021822,-5.717462873518726,1.1468753748863447,0.5704308685390304,1.8846776222815436,1.8846776222815436,-1.4863614550951654,3.625782925069765,0.8616956813838497,0.2895001941993083,-0.35993724537415855,0.8363943165583404,-0.2950921282920512
21360000,-2.578867005782714,6.465006462965767,-0.27447006773866217,-0.07476422180336213,-0.00685864679039391,-5.434821070871817,1.2383237316438829,0.5743938191082042,2.06059640487004,2.06059640487004,-1.4988457075480157,3.602139508691427,0.8561876279397298,0.27106809506508567,-0.38472432795165057,0.8377590729616973,-0.2768917026389457
21370000,2.860787697339658,4.229031676061054,0.9030185910903347,-4.133072249332478,-12.755471344231669,2.247703082930403,1.256316291674333,0.5712812472899346,2.2365231550276405,2.2365231550276405,-1.507910204209367,3.594343244448244,0.837993762773577,0.24490578601939297,-0.38566442573909954,0.8446500418890841,-0.27901686943681814
21380000,4.2722439413377975,4.308089177714433,3.7582155330644245,-6.692927931959773,6.643538128213322,-1.917119938909015,1.2196779266248043,0.5978511010490144,2.412452384900604,2.412452384900604,-1.5267379182388872,3.5678929194303457,0.8301043654924178,0.20991259969204276,-0.3778415053284842,0.8525657794759317,-0.29377557592187664
21390000,5.5283202941009595,1.8613141911566187,2.1267772352989036,-11.228756042748579,-24.499105193267575,1.9046947915374657,1.154650322220933,0.5494652999710995,2.5883816389046217,2.5883816389046217,-1.5361848630712178,3.5595058496905025,0.8106529617803224,0.18746871967446727,-0.3655082753187506,0.8584772302075677,-0.3070440115557889
21400000,6.979900983120433,-1.4207950099766087,3.2836208601574883,-4.820667704882953,4.7854283023916055,8.101896801280494,1.0566514578608528,0.4628220973770172,2.7643244458812717,2.7643244458812717,-1.5624184456997923,3.5394862279733736,0.8086777628008881,0.17279325981632637,-0.3327174947540401,0.8655726458771904,-0.33200233847941907
21410000,5.515434348212277,-4.382938377310149,3.5356702242509908,-2.146415924449865,3.46469846919303,8.58698880780725,0.9425433120383938,0.3747131671119323,2.9402576386445105,2.9402576386445105,-1.5861668278945031,3.520201620055599,0.7888496352166852,0.1732947303602756,-0.3000023769238896,0.8659762815174477,-0.3606280495449434
21420000,4.103703101959431,-5.132614824216131,2.8387066428094423,-1.6339840889724797,-2.965972185127019,12.084642474957322,0.829384009314589,0.2807431175853071,3.116186780018637,3.116186780018637,-1.597450928421852,3.5104684778025113,0.7825175399670814,0.1791210281962351,-0.2712372087576998,0.8635013851171319,-0.3856311602348157
21430000,3.2664978990744866,-5.036033721053335,2.5807401154249647,-0.7223800634755301,-0.8832444679444819,16.016876355183804,0.7195178842222434,0.1863874336406593,3.2921158997218924,3.2921158997218924,-1.6184967069022553,3.490687387490953,0.7632880113805136,0.18707271232812808,-0.24474205012122813,0.8596780163718597,-0.4075031746767139
21440000,3.8376985877464214,-4.4438518586066635,2.506016980480282,0.32207043304226857,-7.928660475342762,19.520412436810698,0.6422485069715806,0.10980799920133769,3.4680450221497665,3.4680450221497665,-1.6305512774391349,3.4801087435198483,0.7613371345199469,0.189921531478667,-0.21742965327889657,0.8561164041252809,-0.42862438141502784
21450000,3.648399834304179,-2.9694963913139434,2.1357999907036302,3.9572252979880442,-9.135543779555073,25.381699013897915,0.5604895773191196,0.03138267661809438,3.6439616045580863,3.6439616045580863,-1.6508106396862854,3.460784510958533,0.7450419299050137,0.18938713364085086,-0.19146201170741053,0.8541927913938396,-0.44478026801450454
21460000,2.518755934719934,-2.412302724678982,1.898960639928038,7.778412586422556,-7.534801658067449,29.15113019215092,0.49108345332792624,-0.02508242336261648,3.8198856644115438,3.8198856644115438,-1.6635405492345114,3.4494707759585332,0.7463043912338037,0.1912183000619991,-0.17020794944285667,0.851721474047105,-0.45720383453650515
21470000,2.0765906671897496,-2.3761702431768073,1.8066246720704493,7.302570128503454,-7.723876580772491,27.509911204789674,0.4115656776685038,-0.07722087099429197,3.9958147956532173,3.9958147956532173,-1.6827781185169814,3.425923375781525,0.734568274977135,0.19388384354322924,-0.15055392217603009,0.8486832269770673,-0.46848623456629995
21480000,1.5664178346993423,-2.4271281616165297,1.5809311057970206,7.3186894366466255,-8.183220153893972,27.444430639180602,0.30309808444323855,-0.14373374730127025,4.171744027281335,4.171744027281335,-1.6960275955610338,3.413244530066397,0.7386723202984178,0.19798143582877478,-0.13259545143748167,0.8453830581251557,-0.4780682821106488
21490000,1.25310798509636,-3.4990768161944716,0.9382482294232267,6.907162518521507,-7.168038899967534,25.52131388023046,0.2037281475861733,-0.2145438245616689,4.347673086260471,4.347673086260471,-1.7123656164775465,3.3889084426925202,0.7312878805963272,0.20724322890262464,-0.11275733043372996,0.8420224233279625,-0.48511263343720346
21500000,1.5669787575949234,-6.111020214186473,-0.008341328822255946,8.1442961872313,-6.022614318711121,24.146092823407674,0.12754460113942487,-0.29191883769720817,4.523614454196576,4.523614454196576,-1.7256405257750655,3.3750862160829724,0.7380354963606313,0.22820039923102503,-0.08377832914122488,0.8376937420127654,-0.489055174750003
21510000,1.740533508619746,-8.478642547573338,-0.7858349350899297,6.121485491702463,-6.376961880194751,22.88399960112379,0.03309078619025316,-0.385577667407137,4.699548771737426,4.699548771737426,-1.737166082623558,3.346820104638596,0.7344119183676148,0.2539135189872814,-0.051447794988622834,0.8314792731536146,-0.4914501679542303
21520000,1.586028490244705,-10.4106470718359,-1.1007568299941972,4.318087702413143,-7.281956618511543,24.3452016990101,-0.06610929771723331,-0.47414980339480634,4.875465833646814,4.875465833646814,-1.7497195248571562,3.331157814289785,0.7420698041359932,0.2866973100806996,-0.019229851078607293,0.8214972356919533,-0.4925212248933697
21530000,1.135321442083582,-11.50746191724833,-1.1447574874184876,3.486384778321012,-7.523696258312943,27.40756832716406,-0.16221575101096464,-0.5997575912600613,5.051401738689407,5.051401738689407,-1.7652526828263946,3.307232128582769,0.741729051926092,0.3246018833857291,0.013041712729612815,0.8079733211104922,-0.491571605572573
21540000,0.6397181965008907,-11.587510366208399,-1.1672852442288653,3.552517927585692,-8.453669645904938,30.35906470138279,-0.27676431050164463,-0.7107235004185061,5.227336273193174,5.227336273193174,-1.7786770441103572,3.2913787569596447,0.7523839043368319,0.3635364755891492,0.043178390062083606,0.7921841253613091,-0.4882839021239636
21550000,0.5315303595837052,-11.556082682539124,-1.412371446754918,1.583490524598006,-6.491227863705307,26.98599900386567,-0.3824724440685907,-0.7753749517329956,5.403254060655939,5.403254060655939,-1.791523250973446,3.26132943045184,0.755645040416316,0.40182376479461046,0.07346015228815737,0.7749263397097882,-0.48231777501568024
21560000,4.018251192247398,-10.55848618418519,-1.0523630010784735,3.480959001305697,-11.895480195801815,25.953765963479682,-0.5077384399919553,-0.8434422383969479,5.579188169144771,5.579188169144771,-1.8044229875228364,3.2429517818677183,0.7653877022072115,0.427891454408047,0.11250891646278435,0.7546082410205811,-0.48457925001465046
21570000,6.088176446648961,-11.149582016158613,-1.3035888918289185,7.60961099839866,-5.4451347978127425,18.91766299591806,-0.6214063639296401,-0.8437864042050708,5.7551235313750055,5.7551235313750055,-1.8149860763160437,3.2108784344519483,0.7704843974002258,0.44894677628579915,0.16287968001781547,0.7308573547873195,-0.4876110425873935
21580000,3.5632209031754534,-8.645637019139388,-1.2419619509226065,12.850462206479683,1.5619287436937097,8.522029378638695,-0.6341056761260907,-0.7741530224100565,5.93105249936329,5.93105249936329,-1.8271650695927415,3.190595426267551,0.7796029648632306,0.46867074357429694,0.20435574599770018,0.7122095039295174,-0.48098241725421725
21590000,2.028461475425549,-8.46664294420076,0.9013292284024543,31.6862873297063,-2.3995267994865546,21.45585803449836,-0.5265544787647114,-0.6576578149964035,6.1069814934827775,6.1069814934827775,-1.8362433864623056,3.162227128543721,0.7868266840513127,0.49044499218555776,0.23089441619945303,0.6900149402229023,-0.479615325523702
21600000,-0.573793363189021,-5.048785349835721,1.8617563271334037,29.885231663645754,-4.068641391193798,14.560340220942535,-0.38882644485167117,-0.5197806072830236,6.282900111751559,6.282900111751559,-1.8477145455273234,3.141888262919517,0.8043222318037324,0.5123714562747561,0.23927337537486407,0.6732186556708422,-0.4764455732697591
21610000,-2.8782473990674444,2.085581463397268,2.0276105891051923,21.4295692522555,-1.9113933812051365,6.651672921017508,-0.25296032219103176,-0.3897826326726162,0.1756366079650391,0.1756366079650391,-1.8573301324048275,3.1139474965039065,0.8176282910324222,0.5160818072813019,0.22451928538301885,0.6768901438386704,-0.4744158427565714
21620000,-3.18485887129733,7.0026803419278005,2.2513635154983143,12.404386726541688,1.3747449996951913,5.452086069453668,-0.11672907564149433,-0.24674048146634908,0.35156579371921026,0.35156579371921026,-1.8687188549325982,3.0927974082910854,0.8383641841238265,0.499080385640182,0.19567747369932117,0.6954250213980512,-0.47855316796508524
21630000,-3.91622145248688,9.157458524241843,1.9765147755883412,4.083930008672616,-3.564392832175614,-2.5752099453438375,0.01713059421370261,-0.09137610477812295,0.5274949648202281,0.5274949648202281,-1.8777256565391052,3.066530626013542,0.8530616720037352,0.4814781394995179,0.15466950984332822,0.7144920517895836,-0.4834844897599285
21640000,-2.048745077985604,10.6090529292274,1.1098842685087562,-1.776588433483546,-4.491397445460812,-16.074127388878722,0.16297893567554553,0.044894541507269535,0.7034241232938783,0.7034241232938783,-1.8886137394325344,3.045209914930513,0.8718627163857005,0.4554839745290775,0.11854186017788051,0.7343227780726425,-0.4891341676231985
21650000,-2.0190366903179657,9.251432110678445,0.6847740305602629,-1.6196878199885256,-1.4920552194494388,-21.884426903780344,0.30862039712414047,0.17003808804832396,0.8793625385194517,0.8793625385194517,-1.8962782444007054,3.01743367341687,0.8835089828019882,0.43357662709370476,0.08792022914780019,0.7508924301035089,-0.4903487536008345
21660000,-1.6717289558706463,7.473769346205167,0.3595283885541139,-0.5801779149648774,0.1607256010591424,-25.035600951561964,0.46510493611715437,0.291967205822583,1.055291095931473,1.055291095931473,-1.9062467937201122,2.9946683126148113,0.8969308232435451,0.416661119073374,0.0640187027340957,0.7635886946841981,-0.4891088047697054
21670000,-1.4418199131347955,7.972347484613561,-0.2146498657183673,4.855033625803062,-1.0489871053922784,-19.136264448948324,0.6226834372198551,0.3954333272541464,1.2312117618350342,1.2312117618350342,-1.9106835693198145,2.967983734412785,0.9040133015127751,0.39641639957486313,0.04101637796493789,0.7780850192259859,-0.485546493904381
21680000,-1.0421259266904543,9.036970800729605,0.09985059190906727,3.0259119607553395,-2.898051142857824,-14.766953336858538,0.7701016091076187,0.5134771305880979,1.407149572893509,1.407149572893509,-1.918562240965774,2.9450018604896844,0.9140887827104114,0.37064023012891195,0.01476430168166652,0.7925493851370141,-0.4840178791375179
21690000,-0.8441324977230334,9.063928289455276,0.7532256963797177,3.1832538667334433,1.1896179085193668,-10.198921914484474,0.9387017567141132,0.617394862608008,1.5830791699640443,1.5830791699640443,-1.9233979835773003,2.920310471339657,0.9185747654481011,0.34289766491396484,-0.009071082428114895,0.8052686521050969,-0.48361276326930513
21700000,-1.8395796653759637,7.94871291579177,1.251084956608557,3.020542880696377,5.131200569502717,-6.708662341167892,1.0440812733589229,0.6472517760407398,1.7590080190532902,1.7590080190532902,-1.930892248754033,2.8978366430527442,0.9224637021470863,0.3193460051961307,-0.031884694255086415,0.8151259994410069,-0.4822562599623068
21710000,-1.7960599645421051,7.580810498856727,1.88636816607899,-1.7271490870153914,-0.28562834012743593,-6.580377932135287,1.1139075421286706,0.6801508433166439,1.9349377066442983,1.9349377066442983,-1.9428123775642796,2.8784849062341187,0.9226949420774757,0.29545534867822987,-0.06224531454957617,0.820559421762051,-0.48529773656135944
21720000,2.0250732034291805,5.7298813590980044,2.3519552703691566,-4.222916226849785,-4.961883167376066,-0.1597563469521025,1.2504928533537532,0.7217941622626154,2.110857671644176,2.110857671644176,-1.9543507622424063,2.8590150387534123,0.921151967606888,0.2651571231569907,-0.07764763981758525,0.8221859945847076,-0.49766729285600253
21730000,2.9627612710452085,4.852503468447602,3.5669817579873353,-6.796244480991861,3.038199723322746,-1.256454939913394,1.2318851951716243,0.6991320371610023,2.2867867659113656,2.2867867659113656,-1.9690090148940926,2.8400250631090325,0.9176435834235612,0.23161078943016275,-0.08407552795351828,0.8205599228691517,-0.5157219801403136
21740000,3.215077364890584,3.3014820243773344,4.348803612564861,-6.3742367232307835,-5.0138767822115,2.588714414354668,1.1464134656932448,0.5988862916823268,2.4627159129696636,2.4627159129696636,-1.9825903139354897,2.8208426742357786,0.9125931349030452,0.20542756580169083,-0.08829334429276589,0.813602972046848,-0.53670662790665
21750000,3.7947023256318713,0.8705363900160102,4.1241688167253505,-5.269373830015831,-6.5255491672573545,5.693415672625373,1.115475839593778,0.6135331470598647,2.6386515940564053,2.6386515940564053,-1.9991491675636255,2.803478508424579,0.906787969314425,0.18592204354662822,-0.08453096956931774,0.8041076336312348,-0.5582995812671658
21760000,3.1557870142564757,-1.354443461784729,4.01549955109588,-4.982710034091286,0.44546341627433983,4.972063470566913,0.9938064921590513,0.5204927071447308,2.814591795450845,2.814591795450845,-2.0145379276220683,2.7856249433765314,0.9022522545474705,0.17387690312724638,-0.07372382540846317,0.792909522892616,-0.5793324681322675
21770000,3.39867574520387,-2.9803764043681165,4.362921250451005,-3.525740887847013,-1.2226327045654792,7.692595660148605,0.8884764263191659,0.4500003404334028,2.9905151723115253,2.9905151723115253,-2.0273385495068585,2.7677686018505328,0.8983518431276609,0.16759806230980384,-0.05856557402136699,0.7785557583323632,-0.601940108496739
21780000,3.2930766782476666,-3.5402249582035097,3.9389218732837907,-1.3020129190178675,-1.3924876809591131,12.014441619568341,0.7969360092361406,0.35383899804495716,3.1664325013227383,3.1664325013227383,-2.0410374294803826,2.7511407846146247,0.8937723972451055,0.16368768805108008,-0.03945526812433511,0.7647359359357064,-0.6219554412385732
21790000,2.6366362263373464,-3.681009169334987,3.096484248787934,0.3796448546899101,-2.7978080206355775,16.650116793984296,0.6887621426339892,0.2653846507040871,3.3423617640643286,3.3423617640643286,-2.0522535108787765,2.736514542821926,0.8882061633179579,0.16284579527979098,-0.02260862333667486,0.7526291080978009,-0.6375888351864558
21800000,2.0824046794481195,-3.430464047169327,2.4259019541300204,2.328959068615816,-5.212086853775237,21.069940751792092,0.5938754967518775,0.17895503664655266,3.5182910530657026,3.5182910530657026,-2.0627032884389584,2.720504171190749,0.8871918578918849,0.16263752035045936,-0.009930420988728518,0.7423192777733665,-0.6499326992537522
21810000,1.031412140151514,-3.0889904294233985,1.9878958046120698,4.582650857436879,-3.564841231323249,23.72139379446895,0.49978739863351535,0.11406628352760279,3.6942203100461555,3.6942203100461555,-2.0712063517283283,2.704385781114006,0.8872774498569962,0.1641848389446077,0.0036365329258955413,0.7341465290180805,-0.6588315325025943
21820000,0.34944780997642394,-3.0961614480420705,1.89578610560197,5.025653449438713,-3.0170067254906225,23.73510452433253,0.41137514933191377,0.02869619506305682,3.8701531272651053,3.8701531272651053,-2.0796221321856,2.6883420201263957,0.889337096091956,0.16780119499910862,0.01541431589090226,0.7262506949153168,-0.6664571148674955
21830000,0.18626776571017575,-3.481774690171692,1.5173331347533814,5.60492100845298,-5.228391572779782,24.736056595877013,0.34401971554403604,-0.048624176728463704,4.046093216693187,4.046093216693187,-2.087830911537896,2.669121973048283,0.8931568919739559,0.17628157338064862,0.021949234734388617,0.7181826550403598,-0.672797675367712
21840000,0.288035674741508,-4.449819931636492,0.8444420523575811,5.927196108497999,-6.635943421345865,25.3722908970604,0.2352668091899435,-0.11053779597916498,4.222007860339552,4.222007860339552,-2.0956412790698598,2.649822994278178,0.8976187277398688,0.19010030756836188,0.029710216394242647,0.7106382769970362,-0.6767365923096704
21850000,0.6682436048158596,-6.17891149947646,0.1497393465597211,5.1324386108974,-4.8708870140142295,23.745378889848716,0.136302005058933,-0.1969595598865271,4.397936954678592,4.397936954678592,-2.103239283054335,2.6275896551914273,0.9042601431936881,0.20719117554787847,0.050691591269800065,0.7039499589975396,-0.6774633824620975
21860000,0.9430520341343476,-8.682086248612443,-0.5014848572034989,5.610723247180853,-3.553844545388547,23.89906999813795,0.04163820066229577,-0.29763991427167846,4.573866853953639,4.573866853953639,-2.110025787567925,2.604524705452607,0.9106169407851936,0.22808358741984341,0.0824109018510985,0.696866902160154,-0.6749539547846902
21870000,0.9323431204262475,-10.609878730531186,-0.8373106385287875,6.4071524123927,-4.842100528332199,26.85030210285331,-0.06422032468819884,-0.38781022454858616,4.74980890657509,4.74980890657509,-2.1184558947858143,2.5808686271159713,0.9215274065311603,0.2543000766205813,0.1165103345263947,0.6876555800354389,-0.6699900120340887
21880000,0.5727201398433269,-11.360235770662412,-0.9079696992298306,7.014593007629602,-5.6080038120331315,31.46733043242894,-0.1731040347613794,-0.4754116279339787,4.925724453686264,4.925724453686264,-2.12607358479926,2.5555834329318707,0.9319805542304909,0.2871622030805925,0.1535330665780714,0.6754502172039915,-0.661613535735262
21890000,0.3627626682444526,-11.779476275379404,-0.9595229253769889,7.484976331750574,-5.367875430835415,35.196695714630785,-0.2940882181658846,-0.6177468710730731,5.101656489537,5.101656489537,-2.134912748373129,2.5308939211178023,0.9430649204675812,0.31927321403369263,0.1904348861496133,0.6616810139684952,-0.6511354733781627
21900000,0.4369019531557383,-11.528756611503315,-0.9292942218378284,6.3578745051080885,-5.834119533749206,35.021193824817125,-0.3852969069471099,-0.7352214782218921,5.27760009277052,5.27760009277052,-2.1429463923001215,2.5036899185135515,0.9568006844693819,0.35038087962481507,0.22668357700999348,0.6462612497128756,-0.6389007686854413
21910000,1.4805023217062685,-11.046813033346217,-1.001972060845833,5.909789310894977,-10.562657806187158,32.51833151084581,-0.5261161485019987,-0.8521684127291967,5.453527852492023,5.453527852492023,-2.1508650356521177,2.4772786202301904,0.9727995502570983,0.37678970941178236,0.263561659219927,0.6283444935442737,-0.62749339765707
21920000,4.307143583527248,-11.374358110461783,-1.4317112457058223,8.89971695325402,-7.006383964256627,26.40320150373253,-0.6358101227883719,-0.8557961999762609,5.629440837331124,5.629440837331124,-2.157257039865036,2.4468360478842297,0.9916655654797766,0.3931653368104517,0.3120367495084558,0.6059333552509353,-0.6171700364415508
21930000,4.64111453205163,-11.120882858965976,-1.3629444263551769,9.082916463215584,1.989238486487467,11.865176639700582,-0.6193958712900373,-0.7707277658730429,5.8053716344922535,5.8053716344922535,-2.164137633965913,2.4215379942219335,1.0094993912960555,0.4075930131546377,0.3606525411273849,0.5810384739304798,-0.6051379776699051
21940000,1.3684228122513087,-9.072235001794407,-0.13779086319933184,13.016697812395343,-4.011871850134184,7.829103820245675,-0.6549353608664845,-0.7362252915326225,5.981316948909701,5.981316948909701,-2.1684656179298147,2.3926052505856723,1.0292759616224256,0.43061309560919825,0.3870665760962469,0.5588222146438464,-0.5936914686767351
21950000,0.9302781240709761,-7.272409940923762,0.9107808280459431,20.58928978725976,-2.6529870686002517,7.939962459198654,-0.5201167131187863,-0.6177523234035543,6.157244946974181,6.157244946974181,-2.17668963706307,2.3686126842001296,1.048626062646105,0.44929441808396575,0.40760479233365726,0.5385503786029823,-0.58477033855336
21960000,-1.3073679641042426,-1.7347112781395304,1.1501912984321558,15.82458950058742,-0.36018896342171286,-2.17332464011982,-0.37144162366112926,-0.4830357712475512,0.049973036249113534,0.049973036249113534,-2.183475616097961,2.341958133342522,1.0707452529431178,0.46208589994765814,0.4104594239388791,0.5328194351546094,-0.5780165498416543
21970000,-2.9237203034693353,3.6696393082090046,1.0724911273340803,13.197138075705174,2.6438029407835497,3.304659446937103,-0.2526833577913803,-0.34850615331472307,0.2259017461671391,0.2259017461671391,-2.191780767447885,2.3178539353540377,1.0905004619443694,0.46014197923770045,0.39312725324507913,0.5465218853545885,-0.5788213459502484
21980000,-2.2548391202119267,7.653662925413926,1.0963883931660414,6.597853277458497,0.8281755423125624,3.410132559561814,-0.10565816009255137,-0.21828320002723486,0.40183092412023313,0.40183092412023313,-2.1986555351544568,2.2907800803004807,1.1113169409471253,0.4462053468286168,0.36204923443597725,0.5660477117657157,-0.5911100813813567
21990000,-1.9791328511506412,9.910758796495678,1.4007607843599825,0.6875798329284094,-2.8235505456133225,-9.636753229830596,0.04576330198912467,-0.0723422878240809,0.5777756528030267,0.5777756528030267,-2.2068785480147977,2.2667280856000662,1.1297051219906116,0.43203324297244017,0.326268733188743,0.5831783398537222,-0.6056393436985297
22000000,-0.5871673654751224,10.063259296487065,1.0153691497509036,-1.9231517676453134,-2.8956661725070054,-20.752046022047253,0.1860326116052351,0.06783397163820168,0.7536898109894281,0.7536898109894281,-2.2134908788291034,2.239664446476704,1.1465006829977213,0.4116534544344476,0.2946273591018387,0.5987655628775262,-0.6206576781389413
22010000,-0.47825850108909357,8.829426762238217,0.786983210256473,-1.1372742166140608,0.8407671377551929,-25.079816734830892,0.32885194092284903,0.19707431698382488,0.9296184875047828,0.9296184875047828,-2.22141966346462,2.2160106596882723,1.1611271588061494,0.3931784623787495,0.268178069287042,0.6120457764614279,-0.6315783303682013
22020000,-1.2536861805269386,7.486842414522213,0.06481456651650577,0.29103459021150757,0.6098746145271028,-22.785864988801947,0.4986972169922237,0.3334778191284992,1.105564889948127,1.105564889948127,-2.2271778829272297,2.190003988973905,1.1736646091819136,0.3797081601184818,0.2446744347063,0.6254705202845519,-0.6361939660163101
22030000,-0.9494040913034543,8.27809675281815,0.030533443640696774,4.425218343465696,2.258626153687042,-16.854903562426934,0.6352480487814053,0.44681557161813285,1.2814785082879183,1.2814785082879183,-2.234531090399544,2.1665088660121152,1.1847657477812568,0.3617331929887019,0.2200656587570181,0.6399359168857868,-0.6412505167292933
22040000,-0.5852956574440161,9.454214448270768,0.253249197191349,-0.5020385084521923,2.024935173249088,-17.274439637559873,0.7531716718659439,0.5325619473606501,1.457406023693224,1.457406023693224,-2.238468083534668,2.141015768933335,1.195850938785944,0.3381966762619112,0.1916981428018435,0.654579870057172,-0.6483826215496956
22050000,-1.4874084427835905,8.415731447919187,0.213574219530717,-0.7976741278166962,6.272219959512949,-9.677183668401604,0.9535840382148381,0.5903221586846044,1.6333497336004683,1.6333497336004683,-2.245265048900117,2.1163882839467867,1.2018842843074093,0.31701505279061365,0.1638947781096837,0.6690464802418841,-0.6519330987827573
22060000,-2.869615775684642,8.609665866983404,-0.30646484296908055,1.8588633417988276,-3.2934223143411074,-5.610700911072286,1.0887336952785462,0.6482269124719829,1.809264609687986,1.809264609687986,-2.247240720320617,2.0868203431864587,1.2057195103049605,0.3024264512722394,0.12654822905412944,0.6833823997344372,-0.6523130253393269
22070000,-2.331328028592432,7.55833491369975,0.23206448994899206,0.8805082142256778,5.672092653135816,-4.681874756820206,1.1992622791680305,0.6749976443820783,1.985208109805214,1.985208109805214,-2.2539423733897297,2.0611161123320105,1.2090111540062995,0.2838187043165347,0.09805814166468066,0.6958476083710233,-0.652401448387172
22080000,-0.36417182578663665,5.872603214550593,0.37161766843091343,-4.651914008997873,-15.09415213538906,5.477367986172853,1.2927078618847776,0.7668310640802507,2.1611401699006336,2.1611401699006336,-2.2557982643861756,2.0273294033412492,1.2107822272451354,0.26651699609554397,0.06997540074503834,0.7012769554443693,-0.6574821410848019
22090000,2.046341549685747,4.872689443559523,2.0861230338149457,0.8967289614388336,-5.759864006292326,6.104860631432577,1.2205682234381752,0.7007616404944843,2.3370693335449317,2.3370693335449317,-2.260988630937147,2.0021693682916757,1.2121700323771862,0.24582546452332432,0.0513326248599437,0.6981759320773556,-0.6704365521694023
22100000,0.8465266762939455,3.0530592135225496,2.3206301197053323,-5.649799502801105,-7.5692717384235895,6.6636492466748285,1.17977243090739,0.6824866264208859,2.51299854645724,2.51299854645724,-2.25383115561821,1.9707335367647643,1.209390725196477,0.23129619292329603,0.03397503577880263,0.6929733912805159,-0.682008538846985
22110000,3.5301972589283404,1.7608970683950496,4.091352230423519,-5.4279904053600765,-2.174855114638559,3.9991770946693,1.1004723635107145,0.6134055868511625,2.6889142637821664,2.6889142637821664,-2.2502084026010367,1.941283090759164,1.2105603763573858,0.2099311096803609,0.02970979609647246,0.679865243554341,-0.7020181677215164
22120000,2.9986558354222796,-0.8311805023183187,4.091083687995574,-4.570286256432414,2.3871787206438517,6.490260553063278,1.0159360718674504,0.5145075803949111,2.8648567117960937,2.8648567117960937,-2.2566374525889072,1.916774781492002,1.2093143893421472,0.19621967440116284,0.03646028382836318,0.6646474060766393,-0.7200085504191266
22130000,2.2543630811712467,-2.7418938171074783,3.5335205230249604,-1.1104124180297665,-2.6265636180216227,10.787377637940658,0.905715466902232,0.4310584478559174,3.0407725854397967,3.0407725854397967,-2.2615806345812874,1.8923777635300838,1.210085459713974,0.19315969946316652,0.04501274614717492,0.6486523771532057,-0.7347879128027929
22140000,1.4618861376112458,-3.7700760194557645,2.829576289567311,1.1079653001418706,1.0645560862155736,13.623992575300033,0.8037752725263855,0.3602710051560541,3.2167139193382326,3.2167139193382326,-2.2573261073799404,1.8686823590008852,1.2116876258062,0.19334916608541416,0.06125643765699044,0.6352724988456545,-0.7451795763640119
22150000,0.38480761429266913,-3.792824321191693,2.6094409538361107,2.102318875139859,-1.2011988792054527,17.05934920023513,0.7089612288391195,0.2577293406214072,3.3926311853211217,3.3926311853211217,-2.2615907258506867,1.8451133151760817,1.2135488523976161,0.19776173223914909,0.07207903610043795,0.6225798046204033,-0.7537169871347092
22160000,0.5907283671907053,-3.3252958612216315,2.524464866549585,0.9761198028419528,-2.2828218078608264,18.517806751780718,0.6091007826714128,0.17996265440850298,3.568556131460511,3.568556131460511,-2.2543274807310323,1.826235056559622,1.2198355152904075,0.20081566181269442,0.08003949534101908,0.6100773471660617,-0.7622810371714
22170000,0.45660226403295906,-2.178683118876522,2.34777500771196,0.05850576252151164,-6.844146550588725,20.76435216032195,0.5210576458123608,0.10721651978432724,3.744498508544538,3.744498508544538,-2.270345284271961,1.7748780263085484,1.2236474451155797,0.20381998435567786,0.08047211937335937,0.5984230708304354,-0.7706305731533644
22180000,-0.4108616906766205,-1.7994027747252883,1.7011796856882464,5.699427412811682,-6.634716477207656,26.027329339381826,0.43991450720014963,0.0320995411943879,3.920416639700804,3.920416639700804,-2.275967665856936,1.7493524668520053,1.235830483084428,0.2076493562047309,0.07821378617840508,0.5901469485042888,-0.776202890802705
22190000,-0.6427006044904595,-2.7416521179393922,1.2776989524960942,7.710544848407152,-5.164732397860532,26.904549199214532,0.35209321207114425,-0.03994868422563338,4.096356547112904,4.096356547112904,-2.2831005248415823,1.7215597856800633,1.242576596607224,0.2122821191440642,0.08254638507953697,0.5833987481696296,-0.7795949569078262
22200000,0.07531683097162654,-3.461549054437304,1.065391113490751,6.178765440561257,-3.4414134844803392,24.34069198571901,0.2487559040380758,-0.12072157233170944,4.2722903813884585,4.2722903813884585,-2.3167619104396375,1.6540059409677896,1.2544640610959579,0.21571552603165067,0.09309410946486456,0.5765465993737972,-0.7825562710517004
22210000,0.5757682250349104,-5.24837097084075,0.5218081508182734,4.636983076915173,-3.56561787705752,21.294449850085215,0.1360845451339393,-0.22049297719150387,4.448206914349484,4.448206914349484,-2.324308865934985,1.6254271223754366,1.2642328576442137,0.2228470900378863,0.11092947508544011,0.569199001598935,-0.7836110786593632
22220000,0.466128680014582,-8.023787052001069,-0.33117792912077115,5.167114417343785,-5.7985517527335695,21.368459318385977,0.03573870324609505,-0.3223868517143356,4.624131400407734,4.624131400407734,-2.3470676320105266,1.5681912669084281,1.2774487012811093,0.2401266901030348,0.13768489325945854,0.5610062470212885,-0.7801628251021588
22230000,0.41308129299603197,-10.435908563428587,-0.8049275463030855,5.871222088517425,-3.464239705483817,23.39357481910782,-0.08115106314678958,-0.4133607983170942,4.8000606019948435,4.8000606019948435,-2.354999420225877,1.538865106864606,1.289735370881364,0.2615250115014882,0.17642368831437577,0.5516930847822888,-0.7720842510789226
22240000,0.5436077653951725,-10.678014117072156,-0.39966390216059267,3.676080508832539,-2.347497116086955,26.27410028770983,-0.18374740386714797,-0.5161338511048722,4.976002934370101,4.976002934370101,-2.37157563685195,1.4865157373481204,1.3066301071901891,0.28324043661833187,0.21555352041972325,0.5392387455372217,-0.7632385670354744
22250000,0.3715302092083855,-10.885640902654789,-0.4128726188064534,3.277143829360214,-5.558887040735031,31.225377429466683,-0.2913841324862811,-0.6471135515875124,5.1519244902828945,5.1519244902828945,-2.3799742652055724,1.4559443524558204,1.3217579966519986,0.30666287359585087,0.2537469983870599,0.5251699945160678,-0.7521747267939052
22260000,0.3431586827849491,-9.82932383562962,-0.4451757462407839,0.701992947873876,-7.419264831396648,29.4843131266532,-0.4278258936519583,-0.7788707385518869,5.327861145069036,5.327861145069036,-2.3905964074186867,1.411073211167838,1.338349907513555,0.3274161844091272,0.28719622042266113,0.5114860868621052,-0.7407421657421681
22270000,1.8518836362933637,-9.8121185097729,-0.5765379439742292,5.348094251471173,-11.131511383394377,30.36802353187584,-0.5637306535603248,-0.8300709675773232,5.503782238348023,5.503782238348023,-2.3890352382299693,1.3836053900704812,1.3560417264207918,0.342401814488342,0.323959325930418,0.4946388355471839,-0.7301669500506895
22280000,6.998701870283578,-11.397267611633515,-1.3978693103643873,4.748940240635726,5.890552840428213,11.260981683651792,-0.6807340026623285,-0.8021291772239045,5.679706258082248,5.679706258082248,-2.3965300522091098,1.3529019948665417,1.3692733287174095,0.33640571985003004,0.3851054681308043,0.47031267448035646,-0.7192572267909941
22290000,3.436162009489477,-7.749349169918906,-0.8669463731980439,13.782823736569403,7.748130502655913,8.577025553704022,-0.6575745636471904,-0.7328832198700986,5.855635532381868,5.855635532381868,-2.383973858034314,1.3453878306283775,1.387564620863474,0.3348115113472896,0.4253562332945054,0.4569230208831923,-0.7058290725479023
22300000,2.2834233372477035,-8.60833331801615,1.6377989635025059,25.99051574009013,-0.8233124463122165,17.332851604973555,-0.5405555095249087,-0.6313596615836998,6.0315773412077505,6.0315773412077505,-2.3894428524834574,1.3173203339361947,1.4000449159233792,0.3461344855202991,0.4550768353101983,0.43347986097559904,-0.6965566753870269
22310000,-0.009120461620641472,-3.8017955197214515,1.8990182242898113,14.790264185732957,-9.996261388067744,-2.392695144424305,-0.40014409474588675,-0.5052817106050402,6.207499305190524,6.207499305190524,-2.3742435358517935,1.3167078771282177,1.4205963546884715,0.3638777753191417,0.4649869829587659,0.41670873819006166,-0.69118296985946
22320000,-1.9002536514734663,2.800700661876178,1.6145626090387193,14.086495479692479,-4.149846970880008,-0.5612721776976612,-0.2707692583702695,-0.3800386706692672,0.10025019584949035,0.10025019584949035,-2.3778510202346475,1.2913439100431958,1.4338459767855798,0.3727021098400619,0.4506895584625987,0.41785340670806215,-0.6952485812398478
22330000,-1.9319918399783589,6.507083545524739,1.6788680828811378,7.452530223171024,3.5479776746957636,2.722624488329466,-0.11614053331875913,-0.24538303411767481,0.27617237958562413,0.27617237958562413,-2.3623471322561507,1.2901635690496007,1.4545682972276512,0.3649724433364871,0.42326420681701404,0.43171365621730123,-0.7080013035779302
22340000,-2.049129228451865,8.020505347770646,1.5022181881424372,-3.139967694032321,-0.5043640214446182,-12.87399112173544,0.010965742561594468,-0.11421488825559525,0.4521085065979591,0.4521085065979591,-2.3642782710879726,1.2668289680020908,1.464805233045081,0.3614216013065536,0.39124815828730575,0.44325719614993403,-0.7209870753398405
22350000,-0.6510874459671048,9.54070846662142,1.2169619722498366,-0.9680819355959259,-3.6308226653798297,-21.356689195982504,0.15180505225558727,0.02356079635680635,0.6280429948655168,0.6280429948655168,-2.3466859813854573,1.2725566260694794,1.4819699573621934,0.35002433825647894,0.3569340950307968,0.4541981192741054,-0.7374178482248214
22360000,-0.09601404055585525,8.627270098631817,0.7919684749649202,4.035483606428646,-1.8363348500971903,-23.231824531271034,0.2977979225397377,0.142526727117745,0.803959986801452,0.803959986801452,-2.346596139907387,1.2526886434095266,1.488047120064506,0.33701013159810717,0.32814872494658304,0.46402464411863176,-0.7506155575037967
22370000,-0.6062821390113129,7.45252348754159,0.20676631201555512,4.753142639159216,1.2558082104342871,-23.887507260180282,0.43832355600536915,0.26485788144448624,0.9798959492088315,0.9798959492088315,-2.324032019054357,1.2605187252190406,1.5008274810227533,0.32672527332330903,0.3037780379691367,0.4749769756914691,-0.7585290844670469
22380000,-0.6377003888167051,8.276365467079357,0.03004378795535343,6.270161991130009,1.1332367150794338,-20.474789821867315,0.5818433752335329,0.395222148969811,1.1558305590324593,1.1558305590324593,-2.3210363171105537,1.2436344902649312,1.5039452327875136,0.3138189773199286,0.27615541549875605,0.4876450661797183,-0.7664581693707503
22390000,-0.31348616797244205,8.791928179907067,0.10393977595142309,3.4800585861835316,-1.3144682104173238,-20.282110571053572,0.7236043970882974,0.5315464359839421,1.3317485149855415,1.3317485149855415,-2.299379376768305,1.2493479815243846,1.5125923375297161,0.2990286248137387,0.24607574282030267,0.4992929183400826,-0.7750710883737596
22400000,0.6502062124071024,9.623368135886071,0.5817467523726046,0.8808749619596399,-1.1569643847715876,-15.359695357551193,0.8674913713239547,0.676088644964007,1.5076712678906787,1.5076712678906787,-2.294614303750504,1.234425499425301,1.5145909717736834,0.2789562368035798,0.21369794100455833,0.5083076155601948,-0.7862187837506216
22410000,0.8980267903322505,8.695640567212084,0.31359248542091356,0.5728907026630436,0.6023151239009412,-13.652710598268104,1.0229126287711385,0.7841972328788802,1.6836110229534356,1.6836110229534356,-2.269072041290658,1.2367012536524569,1.5195082472446702,0.25909986814759217,0.18642704709017743,0.516564212433185,-0.7945272990101854
22420000,-2.8893880396974847,8.272347356995148,-1.01234589671275,2.9962708484294525,8.15026392717411,-3.0059495162820045,1.163348869273266,0.8080139041747768,1.8595364575155244,1.8595364575155244,-2.2611826172247445,1.2229829482082408,1.5157902191112962,0.24599109363489688,0.15300438147783435,0.5350189207653351,-0.7936200574103385
22430000,-3.6061552746175582,7.413545249237371,-0.9011295533878125,-1.1129929932618357,-5.2174811758854895,0.09099605154918655,1.2345340658860744,0.8062763552053214,2.035458789785899,2.035458789785899,-2.2373696032896717,1.2221281705561489,1.5171519597721475,0.24230749449284633,0.11186035402238413,0.548879686204316,-0.7921524028763897
22440000,-0.26851864975586304,5.854743824701296,-0.5186646765203207,3.3050590500440884,-4.623589800123604,5.054014154018816,1.2432288990053102,0.8356266528705084,2.211398182216975,2.211398182216975,-2.227972402428942,1.2092144041807842,1.5119147068261012,0.23237715633312117,0.09046389403179664,0.5569551796440291,-0.7922234968484735
22450000,-0.21898263940834106,4.938886921337601,0.9675389660095539,-5.216730110932313,-6.893260902512666,3.471312303399558,1.2132337889024811,0.8131442789011765,2.387334732827263,2.387334732827263,-2.20720889302405,1.2067088188054058,1.5118968536223507,0.22176464761050038,0.06455347855153301,0.557547786916345,-0.7973667630280143
22460000,1.2459313449066596,3.444928285278034,2.8779394958559075,-9.008317533170358,-4.066291225942114,3.634069804767788,1.1467353608737418,0.7449666765654952,2.563253931977691,2.563253931977691,-2.197154149686416,1.1947076724124135,1.5066229919505068,0.20574601039353904,0.04438567704991415,0.5484619984558285,-0.8092514609994852
22470000,1.913255935056864,0.8453760188541406,3.375207075992809,-7.494633110693984,-2.1058119983187633,3.5846723152555504,1.0683985716759294,0.6727901225202773,2.739175502318197,2.739175502318197,-2.1881404291759106,1.1863932185636765,1.5051269506111302,0.1932671429782111,0.03612383215107952,0.5344587622709736,-0.8220077320971739
22480000,1.1134861522070643,-0.9600084635692925,2.7219565870270244,-4.833563791962925,-2.474334040336778,4.545029631393657,0.991776162851607,0.5695648732234209,2.9151140981519106,2.9151140981519106,-2.181833893462352,1.173136791437307,1.4974883131698749,0.18915821440053535,0.033326719152501544,0.5213366776797481,-0.8314544895670322
22490000,1.0030617903464207,-1.9167054997220734,2.56928653007724,-0.6837722912615803,-0.9141241613709337,8.469424854771944,0.8939317714642893,0.47265909535167006,3.091051513949786,3.091051513949786,-2.1839941515069916,1.1536079860159616,1.494163304103113,0.18451782438732411,0.03924192316113347,0.5089502950890255,-0.8398707287903171
22500000,0.8516243261462463,-2.073796851632338,2.419008305196803,0.5779078504881574,-0.07657135335097585,12.58767252700688,0.7992464347161067,0.39533661070451553,3.2669718680714013,3.2669718680714013,-2.182814981204456,1.1355514699215967,1.4875375882950856,0.17940261801158838,0.047014065521770204,0.49742052863948355,-0.8474533591777896
22510000,0.37307842828691695,-1.8666052842480754,2.122851726462431,0.8646422563843782,-1.9286542969705112,16.354388942378165,0.7151117685361702,0.3160460487414569,3.4428922737923457,3.4428922737923457,-2.1880062331537498,1.110895962767839,1.4848723710399707,0.17647415671577857,0.05071078498664941,0.48701093997554235,-0.8538768252163959
22520000,0.4958834879666724,-1.197618376397101,1.9943440160316384,1.85871520199549,-2.299252925991726,19.385149320787278,0.6219724535294109,0.24284245668727902,3.618821454733016,3.618821454733016,-2.189060379382092,1.0897769596585107,1.4830997922957543,0.17092915699864678,0.05261087083865669,0.4777871795081817,-0.8600783282090921
22530000,0.39364128040815044,-0.5086338940640274,1.6680781577271488,3.6313282927875568,-5.668757216124103,22.239094771033617,0.5270329684447684,0.17025920625676724,3.794750637228695,3.794750637228695,-2.1943235462621478,1.0677742391850251,1.4839259563532596,0.16962936486097016,0.04866952415202664,0.4694861864598795,-0.8651241972798117
22540000,-0.1728020202739598,-0.8651942432805775,1.1649944959270528,4.451828372815553,-5.677884254004801,23.565403110827198,0.4313147285788553,0.09650067371976635,3.970688406835869,3.970688406835869,-2.196209797044741,1.0475806503522278,1.485894129881771,0.16872820696481045,0.04738924484888864,0.46374161392393193,-0.8684634518287567
22550000,-0.24292222060040283,-1.4963064689986267,0.7801358291888014,3.7702348051860546,-4.6392481530061005,22.805578817236192,0.3450055832079022,0.018161393493290212,4.146618114751014,4.146618114751014,-2.2006884252860353,1.0244465126964972,1.490089020458026,0.16695706454193318,0.0493147449275252,0.45949057844027036,-0.8709545354706523
22560000,0.13397919326820645,-2.5379722489849845,0.3667843498345099,4.831322042045177,-4.962784925630897,21.98877389009876,0.2637438057720322,-0.05520530522876506,4.322538160671819,4.322538160671819,-2.2027881871262527,1.0031125374925978,1.4936949800179224,0.166977583958562,0.062424494919045795,0.45661126810402763,-0.8716236680643175
22570000,0.583292023535879,-4.986410970322576,-0.1920689095356977,5.503650036731195,-3.088455210078091,20.47203487119464,0.1636699627202625,-0.1322088714500039,4.498474736080162,4.498474736080162,-2.2121346574786362,0.9743031527357223,1.4996292104196969,0.1694961942936608,0.08975209675300162,0.45429303548226196,-0.8699617458030656
22580000,0.6759826166382675,-7.898914738363414,-0.6616233360507501,4.667620970491595,-2.90647594062284,20.10954434916363,0.04482359940933315,-0.24562087622785747,4.674406734844489,4.674406734844489,-2.2183629927841224,0.9484029185045305,1.5079099213807567,0.17842742913516166,0.12396861946938237,0.45056619376221696,-0.8659015757912101
22590000,0.44299653951438295,-10.005781731767753,-0.9615325008419675,4.315098414126782,-4.027415604833947,22.944685306708042,-0.0735493100659965,-0.3575072607900309,4.850325632049724,4.850325632049724,-2.227609888935612,0.9128100119686003,1.517615196523495,0.19395640708998796,0.16328195662541276,0.44538609405006224,-0.8586915290231696
22600000,0.19449780058537514,-10.643146424075125,-0.8937270281757582,3.3248776821175547,-3.730624935678146,26.830262760233516,-0.17057817199312303,-0.46805549965340176,5.026254896591318,5.026254896591318,-2.2347307298739256,0.8806239391624343,1.5275789274624159,0.2118105284521933,0.20448802469404878,0.4387062914736714,-0.849033413721125
22610000,0.1517576059615015,-10.46731423178427,-1.1219817506934835,2.503767205813619,-3.1291840719442154,30.140531367802623,-0.28573210911778085,-0.5751933528448322,5.20218967278614,5.20218967278614,-2.238767526840431,0.8473520499830608,1.5394503584561519,0.22874766944983763,0.24504469284961247,0.43241842519741425,-0.8370435518999565
22620000,0.04292339182974998,-10.065051276357371,-1.066503649623805,1.370497078658022,-2.79187521076405,30.004559341927575,-0.42294046556356696,-0.7319746185714254,5.378125542624126,5.378125542624126,-2.242247968349082,0.8157760068976445,1.551256515039648,0.24525243184786918,0.28323587651332827,0.42564410068859293,-0.8236842735401909
22630000,0.5273368754116051,-10.484715234785885,-0.9368099131732133,1.4103060414940527,-3.5839161029819384,26.645571995094045,-0.5555929908906507,-0.8349478133767484,5.554042298099567,5.554042298099567,-2.243909497462266,0.7873014941567202,1.5646000371972875,0.26089138043060445,0.32345452416763865,0.41600486565973377,-0.8088589556652798
22640000,3.5550248717146484,-11.481718290862153,-1.2782721088489726,2.514892839208847,0.15021859833635692,17.237131147741113,-0.67766851369338,-0.8281053625331564,5.729971367358438,5.729971367358438,-2.2454965674351093,0.7591812069812677,1.5783721704700406,0.2638823285204799,0.375276668827043,0.40092966097996424,-0.792962133695663
22650000,4.010834279023325,-10.883634988122605,-1.3102479349201543,8.256505796986973,4.8004915082678075,9.993989818055788,-0.7462504236719668,-0.813694916388358,5.905904513666222,5.905904513666222,-2.2365744443294004,0.7429025124711258,1.5925467774159368,0.2610360318661742,0.4280233669370213,0.3866941332456121,-0.7740309003760009
22660000,1.0470012196386647,-9.825791199812105,0.03709641135151787,13.53790143085248,-3.4318271229512467,6.564969652772628,-0.6146077439390016,-0.778886381288259,6.081844923998879,6.081844923998879,-2.2272965876269457,0.726851568217531,1.6047392944407413,0.2759288212004911,0.4678804457042426,0.3709130394436576,-0.7532427837883179
22670000,-0.16447438236110484,-8.024876943178656,0.9925870984767825,12.659122949832788,-12.295173515300732,-1.571196349606056,-0.5259752179012185,-0.6487067663491551,6.257762902594003,6.257762902594003,-2.212516190418792,0.717309093687923,1.6171510067385133,0.2997766197792834,0.4957711806841709,0.3521769646648249,-0.7350621063530625
22680000,-0.9264975685382391,-2.59485683970465,0.7227357603184374,11.034146985711226,-8.237218060964388,-5.020896254030912,-0.3925170254748939,-0.5019470850996547,0.1505205986911733,0.1505205986911733,-2.1957717040570097,0.7094384226546542,1.627286784858463,0.3147402796678349,0.5045838167777326,0.34454850709876983,-0.7263745965110823
22690000,-2.0621159036810934,3.413684619634362,0.8549276123923082,9.357744873372303,-0.865769174774508,0.47957715282313773,-0.2739499919278171,-0.39058820733182176,0.32644978325845386,0.32644978325845386,-2.1776111204453805,0.7032683453389595,1.629395777939529,0.32066607945762365,0.4879887771390335,0.35152389182561944,-0.7317589578183502
22700000,-2.8021212097349846,6.459649674041674,1.0158568434277038,4.4143495818379,0.10889588512692074,-2.097059914636133,-0.1498558035621178,-0.25178700132019144,0.5023778146322684,0.5023778146322684,-2.1554101077188568,0.7006609647088191,1.6382215326866916,0.32157720538713574,0.45910257124883874,0.3654176996561819,-0.7431573419041819
22710000,-2.590285815252949,7.621045412890223,0.9283546742486776,-0.10332438822574765,-2.3604392434355903,-13.068601839270224,-0.0008193273786163462,-0.11489089858032948,0.6782905777262158,0.6782905777262158,-2.1360428808069365,0.6959237561155115,1.6476755056134422,0.31840524945159565,0.429456740481875,0.37829786938260906,-0.7556955254577926
22720000,-1.1942910513206788,8.09834470421291,0.48115058985430353,1.8223155616339863,-1.196881575538306,-18.11228780278495,0.11878237351467386,0.01181547788333297,0.8542197471159625,0.8542197471159625,-2.1107835213131945,0.6965164430155365,1.6537553372268678,0.3100046102204738,0.39896339613633963,0.3899244529109284,-0.7698599036237201
22730000,-0.7659509887694008,8.055037136755105,-0.0415137648666599,2.8614749116671585,1.2791487111333437,-21.820808626202783,0.2857345924092251,0.1309582323238048,1.0301518217160606,1.0301518217160606,-2.090848365225325,0.6919744451870181,1.659109963182784,0.30180302942084136,0.37057389180286593,0.4024846736313834,-0.7807662964282714
22740000,-1.1443622598830598,7.812873753073039,-0.5483590279379883,3.4534297792200155,1.4666499543056533,-22.222824247954932,0.4308238252847048,0.2724839086004663,1.206095674696769,1.206095674696769,-2.063395128539921,0.6940705667985843,1.6587343409432578,0.2931945005928921,0.34427117266105595,0.4169846051059371,-0.7884403487907705
22750000,-0.6616602070381145,8.63689158386018,-0.5789295909332773,4.907476267500841,-2.3468597291584987,-19.822345708161006,0.5747758247975249,0.4026182801411702,1.3820224207121328,1.3820224207121328,-2.045059891206495,0.6882177868522759,1.6620492766802344,0.28148707647071347,0.31462413266874156,0.4309332559948055,-0.7975419799610102
22760000,-0.15866353426019852,9.307206754039678,-0.2794040928076444,3.3844611293083093,-1.5758665541751724,-17.232696663171144,0.7269352189932379,0.5377671938495399,1.5579364254404595,1.5579364254404595,-2.0190701375694173,0.689195268825096,1.6597948615125167,0.26644772298164754,0.2825694789770768,0.4433304417939975,-0.8078478940043463
22770000,-0.5139305454224017,8.62263219833028,-0.3041930400886964,-1.0146684141027653,5.796939038566643,-14.995786463106414,0.8506040000199325,0.5923738275299101,1.7338656064922588,1.7338656064922588,-2.00123187324984,0.6822208906023012,1.658705584458574,0.2508176742078845,0.2523476282802554,0.4561362526009225,-0.8156904362988848
22780000,-3.0784941411921967,7.781693776519884,-0.8630919724170495,-1.8194044743650384,8.609933463059068,-8.92934048149201,1.0445294277189943,0.6113830443523028,1.9097952764293495,1.9097952764293495,-1.9752842681183855,0.6819099642647013,1.6505120290003177,0.24449843603908994,0.21705808874563626,0.4732859536348926,-0.8179894296239048
22790000,-4.072605660132676,7.310680262523883,-0.9977147762941855,-1.0699386279673728,-4.858940793715242,-2.2444367796467555,1.1130168246953844,0.6050474341411493,2.0857414874328697,2.0857414874328697,-1.957258666058572,0.6729872807101249,1.6463036348765698,0.24872337482437665,0.17503033328281345,0.48781675105206657,-0.8182517232733985
22800000,0.13985190919292745,5.544140658528635,0.16453638865219997,-1.513435340268405,-5.515417835041129,-0.31393039177150855,1.1824760815051114,0.6271209805184439,2.26167005067299,2.26167005067299,-1.9302854556939173,0.669228951237436,1.6353855979219376,0.24004733543277698,0.14746196378778548,0.4915007043932426,-0.8240505467314612
22810000,2.075238747540392,4.172137467490137,0.3390919430667343,-2.829190758673101,-12.117758997414532,5.285166495687264,1.1122796993752566,0.4557434393724816,2.437582275000011,2.437582275000011,-1.9123891004719966,0.6587505525423217,1.630199897272676,0.22551597213784635,0.128820054940281,0.4914392797914185,-0.8312853746060959
22820000,2.342515933522902,2.5992268943598873,1.6359416072544,-8.460460687654567,-7.708393635818849,5.932511847000646,1.0568553521547974,0.570443474279068,2.6135114241176893,2.6135114241176893,-1.885323695699838,0.6516879107029507,1.6185213867956638,0.2097712207889802,0.11583707011998157,0.4850963045314863,-0.8409871482041893
22830000,3.967848217588152,0.01585138349266063,3.480135622941931,-7.291417862941561,1.9961507918246062,3.731118151494487,0.969131653041084,0.4867492062174477,2.7894405173383348,2.7894405173383348,-1.8675794432073927,0.6409603577972014,1.6128332376785284,0.1905220883453133,0.1171740406324261,0.46823571023085675,-0.8548256534048427
22840000,3.284244097427829,-2.760337825730494,3.1257347472170323,-4.254447538855702,-4.23293535573549,7.945985774968233,0.8608141141101858,0.4035034705841495,2.9653697289722345,2.9653697289722345,-1.840727953054921,0.633326124137417,1.6004465898699156,0.18362797114419707,0.12645545045949244,0.44949361484059064,-0.8650117210073466
22850000,2.422122959584819,-4.351373908754044,2.553567353322152,-1.5147965473715177,-5.083688559802084,12.228263540364768,0.7526940147744275,0.30817338876988926,3.1412989588372398,3.1412989588372398,-1.8246933051036964,0.6222016682410042,1.5954760575316966,0.18356073142195428,0.14162776173326588,0.4322052943983629,-0.871461771095145
22860000,1.9279822685154446,-4.6285307919269565,2.3995086421619933,2.331325913983835,-0.7811800417575149,18.562023982849105,0.662022549062552,0.22521058286136356,3.3172456592008643,3.3172456592008643,-1.802784641484048,0.6134133055419404,1.5864774143576947,0.18107604866301819,0.1596583026826982,0.41672744036524606,-0.8763897143575445
22870000,1.6174938876208058,-3.947904457322948,2.2989701998781262,3.7521946990159365,-0.5359333797206589,21.82717658264041,0.5708084118114316,0.1427759711871638,3.493159019233474,3.493159019233474,-1.787518241129492,0.6022087896377827,1.583923139345223,0.17823494276743615,0.17451950071869854,0.4025669128968158,-0.8807469157972184
22880000,1.3062160840503982,-3.2514383760870884,2.2579197068340964,2.7338080607953,-3.143576307249589,23.305309937025243,0.4823273965962414,0.06510942775766959,3.6690866876509745,3.6690866876509745,-1.7682823000278027,0.5930905559233276,1.5794345770513027,0.1773111435644377,0.1835460376652595,0.38878801082217646,-0.8852770713546069
22890000,0.7693059345072614,-2.16828763910436,2.043374608019346,4.330103352019405,-5.453807624697091,25.78692834551393,0.3734556320083323,-0.0007753291127148403,3.845031596404681,3.845031596404681,-1.7540632597330743,0.5814655446395657,1.5794189639076268,0.17788171140485287,0.18617791255006694,0.37693940493459105,-0.889726118889255
22900000,0.11881527236084125,-2.4280643732661416,1.4478330513650488,7.042660137034919,-6.900090776260318,26.45288553078089,0.2772961002664829,-0.07736685383919993,4.020945165982141,4.020945165982141,-1.7389128817659334,0.5706813200803699,1.5772417171504511,0.1823661394901488,0.18888886896343351,0.36773042467182865,-0.8920974840900804
22910000,0.048320239786350395,-3.1751188315702907,1.0904750284029758,7.4468353681009205,-4.83112641532771,26.384544003747827,0.20852529782082918,-0.15110997003254173,4.196874088560662,4.196874088560662,-1.7252343160577712,0.558872934194853,1.5802327736234352,0.18586929080968012,0.19611178445126523,0.3600535052150747,-0.8929469458571351
22920000,0.33102622587175756,-5.152321872448932,0.6218792092996743,7.688044082905845,-3.0408410224932756,25.33115338628582,0.08784237086917483,-0.2344619703564421,4.372803481606866,4.372803481606866,-1.7124766079518745,0.5472423546746652,1.578977084670021,0.18962414964613625,0.21426779429807785,0.3527556762325829,-0.8908958564744308
22930000,0.6613767488032757,-7.61870377975107,-0.06292839654508783,5.404154936839143,-4.221465435679754,20.824387512048087,0.003911604831049653,-0.3214991382127142,4.5487326254139475,4.5487326254139475,-1.698431237753065,0.5357698460484767,1.584496806951742,0.1974270318324688,0.2431208135899661,0.344977349277174,-0.8848194536666049
22940000,0.6705093913398479,-9.972885902616634,-0.5994336155346353,5.446103591413254,-4.678940031063913,22.721506535740687,-0.09007656651359326,-0.4176818974259557,4.724679179300949,4.724679179300949,-1.6837253354071842,0.5258130522256869,1.58213608984173,0.2085193500269908,0.2826641958665398,0.336718238564013,-0.8736369159197613
22950000,0.5108085375858787,-10.113842821499283,-0.33861015104703684,4.340367883038278,-5.380071101867926,27.618943352934718,-0.2070630330087636,-0.5510256499144215,4.900608495449376,4.900608495449376,-1.669472291787152,0.5138621629362091,1.5904719773472817,0.2205132725564751,0.3220815122554933,0.32678228834671225,-0.860726862664652
22960000,0.16218332439516087,-10.316769473113432,-0.28066353439345765,1.0646035493415076,-6.3725372427891696,27.788912158306392,-0.3213466525197198,-0.6720038324466961,5.076537728408027,5.076537728408027,-1.6532414788102185,0.500447949039332,1.591443931568644,0.23437381152103895,0.36127962858899776,0.3161175698936228,-0.8453494120446567
22970000,-0.1218787493527472,-9.460331821192321,-0.4888776872663293,-0.04365360739058815,-8.215527561264953,27.45024425490249,-0.4291266906743999,-0.8469025213396473,5.2524534990325265,5.2524534990325265,-1.6367257699291524,0.4861562367420492,1.6018386234783497,0.24774252331050448,0.39616150130832845,0.30696536194532004,-0.8291272360685387
22980000,0.6813342755811655,-10.549060488665425,-0.20752660413823507,0.38316250318770667,-3.2915566167260097,23.313822537655998,-0.5344054798946976,-0.8285620728608626,5.428394705241658,5.428394705241658,-1.6225414208532063,0.47420631483629194,1.6027255836045644,0.25857607443326863,0.43630706944445546,0.29339689593930873,-0.810365853387623
22990000,4.4415428255221725,-10.91461352739821,-0.5698476791848066,4.3257525856111805,-1.2509405078885716,16.445937928825913,-0.6668638139895011,-0.85418728912047,5.604312117227096,5.604312117227096,-1.6081623252662198,0.4623316735300116,1.613985508989759,0.2527316279950967,0.48366609018956713,0.272165836532993,-0.7925399641885461
23000000,4.645990333261874,-9.111421349901965,-1.159535067700807,8.364739393990686,10.324517693077595,2.137105034154517,-0.725630919645108,-0.8167531968816292,5.780236723066821,5.780236723066821,-1.5915835050052434,0.45132473250353955,1.6142146604236334,0.239062276209714,0.5299222027325393,0.2567144621564613,-0.7720941471506199
23010000,3.1563827548120797,-8.996409610295382,1.5020394404093826,11.934759185723795,-1.6127240253105037,2.9278319772676276,-0.6500659068227742,-0.7571643331889728,5.956179202756459,5.956179202756459,-1.571101772402431,0.4417106010856304,1.6257418569137303,0.24748141182488606,0.5672747658226387,0.22796570627245832,-0.7516541276582808
23020000,3.438139724913443,-4.05682465505225,0.678932244865027,12.715338986043077,2.5717961939595146,-6.491312815798381,-0.5238163452369697,-0.6177784066402467,6.132112791830082,6.132112791830082,-1.5564748117902187,0.4299248062504982,1.6262939927342692,0.24098301480318887,0.5900874258554812,0.211069196746712,-0.7410626225956318
23030000,-1.2027439777637479,-0.9570323899685726,2.3481183341390857,19.974129611129108,-2.373000577271982,6.277077525912196,-0.39678782563176324,-0.486277131445273,0.024856603715512904,0.024856603715512904,-1.541643295298864,0.41858651111452416,1.638601039890666,0.2519764408422283,0.5854064975754527,0.2054897253349252,-0.7426850467315883
23040000,-0.7891175913225226,3.428544273408064,2.270345291543857,8.95160209629242,1.106250800884878,2.401305713270466,-0.2732795438039952,-0.3580720992506747,0.20078577019408073,0.20078577019408073,-1.5228311047750627,0.4157950762685093,1.634309772819667,0.25280747207575577,0.5690513486343505,0.20798376203725105,-0.7543286415143768
23050000,-2.6885113510215746,7.358455944690713,1.7928260968772385,-0.8619718026310648,-2.0864583653196696,-7.71785048454272,-0.14744564844609134,-0.22255276082148348,0.3767149570632924,0.3767149570632924,-1.5078898508346341,0.40475840711330613,1.6468984842605596,0.26423973602383016,0.5406614003927999,0.2155214729954688,-0.7690338787785728
23060000,-1.4959236012265182,6.858306313927883,0.8706601010322513,1.4072458352032948,-4.704238809661448,-15.609688271075907,-0.02772409054222265,-0.09819916698039352,0.552644171822557,0.552644171822557,-1.4892212877088586,0.4045530505064725,1.6437591600947161,0.26903697031472157,0.5161091085222735,0.22273891405517032,-0.7820728053511024
23070000,-0.22038466315580957,7.559221265910801,1.1569196610012509,2.6723178345151184,-3.841689850520469,-21.36001428020566,0.11889754360758174,0.029294925697655776,0.7285733891027135,0.7285733891027135,-1.474175148610015,0.3938216234526618,1.654017612927191,0.2681287241956623,0.48978121405906533,0.2269460428827886,-0.7979453886299976
23080000,-0.9715591049794532,6.6121813650770465,0.5118420335974622,4.723515683323312,0.11661475555584544,-22.314759492844214,0.2580435088618088,0.15631176342137199,0.9044891086416911,0.9044891086416911,-1.4586846264242868,0.39471855000093425,1.6481706269950118,0.268516209878105,0.46745611289375544,0.235148901014561,-0.808757579193297
23090000,-1.1044390264246853,6.4737940535787,0.22744014814969393,10.016902651094993,-0.5640418960764226,-18.64848314038407,0.38899736202436774,0.28016284722738116,1.0804141727013885,1.0804141727013885,-1.4414792267025165,0.3909637361717818,1.6554553897380866,0.26853398866189343,0.44541741067654556,0.24466204756030932,-0.8183112547699272
23100000,-0.26437003010059024,8.21133907326922,0.32330433429861893,7.191844553810298,-0.7831134908265655,-19.488144984985663,0.5280862401722856,0.4071485790625057,1.256356628000482,1.256356628000482,-1.4262482717833713,0.3812961442811772,1.649275040657044,0.26320586408015534,0.4166619895665341,0.2538335280486436,-0.8322763961585447
23110000,0.03379993409189346,9.064253003369723,0.7490084179292199,7.215492729458833,-1.1369287695711483,-16.142843668971476,0.6778700472789287,0.5271698359071721,1.4322776187775972,1.4322776187775972,-1.411271441698939,0.3760824129017811,1.653700564173934,0.25625381376072387,0.3836078419351059,0.2614238179591699,-0.8478423166736996
23120000,0.4858978024128565,9.313303132281618,0.6350868130492778,0.9249531855082492,-3.055895322495087,-16.20492668613513,0.8189476264750316,0.6572574105252007,1.608201796118614,1.608201796118614,-1.3961125770364566,0.36673821320666533,1.6429689344515297,0.24795500798560177,0.34876535561894834,0.26775151966792177,-0.8632439773611903
23130000,0.46242793326210047,7.390862546869356,-0.13379500107049397,3.557886246181192,4.056974511145829,-12.686024766428261,0.9749616072609886,0.7506943192861982,1.7841434156381197,1.7841434156381197,-1.3856767219627193,0.3578622990276634,1.6435165947942143,0.237112383567955,0.324695028818894,0.2769781524751565,-0.8727164252324289
23140000,-3.0629682293590594,7.2271833661332145,-0.7666018147134335,0.1489628875531648,9.430394720614993,-6.035087155047702,1.071020357473025,0.7894296938359142,1.9600777591279908,1.9600777591279908,-1.3711226426824963,0.3483869442498816,1.6258513429253323,0.23512586613659772,0.29461966675395096,0.2962732084896892,-0.877574649227364
23150000,-2.353465128000779,6.988028411772334,-0.2748923385771619,-3.964687389245099,-3.268639997685424,0.451143812347103,1.0921920239861962,0.8083051810661921,2.1359945870782227,2.1359945870782227,-1.3615741902933152,0.3391412782712663,1.6225506010482857,0.23677655611376183,0.2558383122062136,0.3073997687857884,-0.8854315346952731
23160000,1.218639537029532,5.576944333494206,-0.581266223523025,6.995576570994395,-8.002432974109222,8.650747064131988,1.1051862536746107,0.8361702288899799,2.311918504040115,2.311918504040115,-1.3475290398140882,0.32966081701739414,1.604182891442733,0.22845155902634973,0.23153889540243838,0.3122896020918257,-0.892566428631269
23170000,0.3294578564885807,4.018095604315219,0.31156234475738764,-2.964624078905003,-7.816537176295732,8.292644298645369,1.081709060654609,0.79397243100177,2.4878597749720157,2.4878597749720157,-1.3381824256285757,0.31799424115824015,1.6000194477928071,0.2232847557736889,0.20752794881795728,0.3132923025469615,-0.8994020243824886
23180000,0.9869712469154929,2.850098801741262,1.6776356428787231,-6.809979838781848,1.3193857082147968,6.948638157185548,1.0252600597131678,0.7036613016668326,2.6637944300290215,2.6637944300290215,-1.3245968914102872,0.3080737831236431,1.5868193725657411,0.2126245853829334,0.18951490735391197,0.30788346202515254,-0.9077899863915554
23190000,0.9229417868450653,-0.5591868354641688,2.3862165242408633,-5.149022125424274,1.7990252936713154,8.287092761656675,0.9219325671981954,0.6148846691956644,2.839723687373045,2.839723687373045,-1.3166166421937646,0.29357874685353236,1.5817822517214313,0.20726439686526255,0.18632574198424182,0.2958168494145755,-0.9136829752537448
23200000,1.2417710594837328,-2.096084531754421,2.34950410487633,-2.079615010651063,-0.6159107817019561,9.41398808385338,0.8181882607896966,0.5168609575143371,3.0156406934059774,3.0156406934059774,-1.3037559091014017,0.2828551284502777,1.57300628095126,0.2031916103638582,0.18978828859644387,0.2817277146002315,-0.9183262327819596
23210000,1.2514035619987094,-2.4814665426028606,2.135943372954612,-0.18310263788631448,0.16225643542887802,11.610088459080965,0.7263051162145943,0.4362594074780521,3.1915759894107865,3.1915759894107865,-1.297298283376734,0.260377512209226,1.5680863939560303,0.19808281713381423,0.19629055472812004,0.2686766117260374,-0.9219794433675162
23220000,1.0795054585589796,-1.925260717398777,1.5669999516949586,2.875176989785233,-1.8860229154959331,17.77464014304482,0.62847971138686,0.3568966708241475,3.3674997623781238,3.3674997623781238,-1.2853366824413401,0.24722164785278009,1.565468624393455,0.19266719661458834,0.2001292569597539,0.2589027708546974,-0.9250929613293858
23230000,0.5601905221337782,-1.3088538230345586,1.0004386198306392,3.470820347616128,-4.967401055478505,21.57475105862286,0.5424768898429176,0.28418416977203037,3.5434340322099516,3.5434340322099516,-1.274928320186904,0.22583420372311683,1.5630157822510797,0.19018899632863945,0.19968513830598353,0.2522435341349901,-0.9275382421778172
23240000,0.1715385591410968,-0.29941252245900773,0.8030483292721912,2.834304555501149,-2.660475094297714,22.937283262012908,0.46360614001426115,0.21878503845575975,3.7193696477554354,3.7193696477554354,-1.2624226707806043,0.21197103426652616,1.5643651299335803,0.18659113184539997,0.19512679573444755,0.24831741844444383,-0.9302944387666449
23250000,0.2779765028964485,1.0014615876961854,0.785725309579442,3.011350285858577,-2.273720248035076,23.394210987480882,0.3736927815986015,0.14796537351235395,3.8952881742035643,3.8952881742035643,-1.247168386196923,0.19756444788281532,1.564867967044303,0.18041900008419903,0.18483889515982596,0.24565761155429416,-0.9343103901435283
23260000,0.07774266712971814,0.4658142171195488,0.2975221681433954,7.737099399382294,-2.176936705794731,28.012871847093738,0.29273551478218046,0.08058678710206499,4.071221083542845,4.071221083542845,-1.2333175203565765,0.1851174435633696,1.5672774029373098,0.1738223604239537,0.17919278687519846,0.24555224901545603,-0.9366855529749545
23270000,0.11807022740278236,-0.9238127448743052,-0.18759934919655552,5.417665715565917,-4.071140126935829,23.53580956387616,0.2105204333596906,0.004130009604615957,4.24714678320678,4.24714678320678,-1.215433395636701,0.17797222770098317,1.5706057940975597,0.17066364067661366,0.1782542593141235,0.24562145392641804,-0.9374270329782737
23280000,0.48320037915527503,-2.4426257642068263,-0.5733521776808448,5.181131115213536,-3.2327638180815654,19.853321016944903,0.11154457833843263,-0.0785410529987789,4.423068624586598,4.423068624586598,-1.2004432786356747,0.16795152357175616,1.5769441474802344,0.16631742908995423,0.18572355086524886,0.24616103157629735,-0.9366162618533829
23290000,0.6698525667459095,-5.77244604667802,-0.9892853382554477,6.001610308543738,-2.577390090232897,19.2211194824618,0.01690855136786065,-0.17224335512424407,4.59899777860884,4.59899777860884,-1.1826178340727351,0.16296304720660912,1.5829865862398391,0.1641074375336576,0.20996951127421748,0.24597481839207394,-0.931921639408802
23300000,0.33801172998687395,-8.457715826952247,-1.4080358204141443,6.050660629129859,-2.334536541092998,21.467398302431892,-0.07554111638012814,-0.28518459792892986,4.774936658371736,4.774936658371736,-1.1672736887475417,0.1542002943950869,1.5890753809444,0.16688388832012171,0.24581442546032306,0.2456935426782412,-0.9226915623007418
23310000,0.21083011960518375,-9.513937351956079,-1.4222042869306604,3.5236264124561396,-2.213258909693088,23.881349646706997,-0.1927203724411527,-0.397875849317004,4.950864470722799,4.950864470722799,-1.1512001112303927,0.14894096117736702,1.5965570552852169,0.172440533994836,0.28536539127590266,0.24421827378596653,-0.9105977654521943
23320000,0.2869379883938956,-9.643098657438909,-1.7056597313460091,2.683475322570827,-0.19296944643752395,27.75981882443075,-0.3276514680921776,-0.5089414597828201,5.126794313432278,5.126794313432278,-1.136304003270022,0.1405809451323747,1.6018940598258093,0.17696136850210945,0.3256681969888713,0.24367136851490856,-0.8962416882147082
23330000,-0.13658273492878809,-8.920814324519396,-1.577392473130208,0.18977718511358202,-1.977624298609722,27.702071927751717,-0.4518355248253904,-0.637619727351504,5.302722914925575,5.302722914925575,-1.1198395891882427,0.13619379367301496,1.610282833616144,0.18346766529673833,0.36133885373817937,0.24330419913164214,-0.8812360156363633
23340000,-0.2167792714656496,-9.143452170615284,-1.628137695716816,-0.9816517231664388,-3.6665397407723637,24.30493107185558,-0.5646388972469055,-0.7683910398800097,5.4786525404003115,5.4786525404003115,-1.1045691271988707,0.12874103350510926,1.6183977095014268,0.1910332130012324,0.3973679469089941,0.24242651495393858,-0.8641958175940477
23350000,1.7616977421008515,-9.604091144335891,-1.8577538621479845,3.4180140399722303,-5.537217684997113,19.391670499583586,-0.6808849182373623,-0.7919569303184008,5.654581315746022,5.654581315746022,-1.0860713929786254,0.1267210544948135,1.6282718512685728,0.1908569608907454,0.43716236681781373,0.23698675270956446,-0.8463450623463055
23360000,1.6593069836837417,-8.302192365293418,-2.404781053911824,9.089754284295012,1.3594204772668574,6.887569044368858,-0.7139409880235797,-0.7394214172776515,5.830501674399137,5.830501674399137,-1.069478730756446,0.12108855585328068,1.6348432018145427,0.1857522977010749,0.4777871229547213,0.23692318489377165,-0.8252775009033101
23370000,0.3674448278617113,-7.649650483548541,0.11392097234377312,19.660730594021082,-0.3569789065476342,11.094922645082852,-0.6096661812390332,-0.7008295780891218,6.006430732154321,6.006430732154321,-1.0498836358804688,0.12086928141937806,1.6443827441863716,0.19265458452169712,0.507783101349261,0.2288134401153351,-0.807889189598106
23380000,-1.7742913584222675,-5.019367774455247,1.1293433935525605,20.304951702174495,-10.076872212344366,7.834276038996021,-0.47566947893752265,-0.5788720423143967,6.182368628024996,6.182368628024996,-1.0322647546337493,0.11701265075383138,1.6530218706629902,0.21265920519099016,0.5228668445061337,0.22112117405102066,-0.7952935003821126
23390000,-2.679278494680553,0.26064222114758756,0.40134317445175083,14.874112421992862,-12.251648492615743,-1.8189002010656177,-0.352039640527778,-0.43490677297626856,0.07511311904592333,0.07511311904592333,-1.015609945636043,0.1150611233948804,1.664488388080733,0.229952830633792,0.5197263575356242,0.22306128816695167,-0.7919910799292876
23400000,-2.3870469526296416,5.184336918358111,0.6718802062477437,9.233955449965865,-2.816495715896252,-3.1515078475241443,-0.22668312525896164,-0.3204164528809396,0.2510408016474486,0.2510408016474486,-0.9995245939963726,0.11083941354661803,1.6714867088895558,0.2364379535825218,0.5000425663692756,0.23222565009616367,-0.800078604489554
23410000,-2.7758215578843033,7.0095344734124465,0.9179362050522366,1.6584363501086379,-0.5255619275370303,-9.290278174502898,-0.09433482797019073,-0.1971084602302454,0.4269725440702956,0.4269725440702956,-0.9853539769616735,0.10722138977353188,1.6802819147716725,0.2434513520150062,0.4729088290039332,0.24308787427314887,-0.8111701202790671
23420000,-2.489589203657136,7.343012998510715,0.17789596904951008,0.5737043877370687,-5.0347044381489745,-17.805614668985,0.03407377246821088,-0.06921992227717097,0.6046453570309183,0.6046453570309183,-0.9709420998726949,0.10236716656328454,1.6843151988703835,0.2493920381759481,0.44463511933341876,0.2549052977661784,-0.8216608248666472
23430000,-1.4353832406379101,6.182724849801942,-0.27575279663956176,5.705399933381839,-6.004311045145782,-20.662687062376794,0.16447594024105233,0.04709954408456587,0.7788206405809461,0.7788206405809461,-0.9576218399865094,0.10122421090801623,1.6889895583635117,0.2511460292769724,0.422768921061395,0.26487403809734034,-0.8294780619793406
23440000,-1.1795526930206683,5.243524766026551,-0.5659939024950389,7.5034223134781275,-2.0169568181206556,-23.818876715675284,0.2824413056116215,0.14174739315463333,0.9547556264520409,0.9547556264520409,-0.9439722658146489,0.09876254720488789,1.6896875468500316,0.2513740727452008,0.40587476767119446,0.2750482088485409,-0.8345209591906928
23450000,-1.3535801951196849,5.835374538303537,-1.0444267810300374,9.211311672331433,0.2723394703380057,-22.081945306217854,0.4070152157015239,0.27189030722392077,1.1306907877526697,1.1306907877526697,-0.9333216560476123,0.09769197798077675,1.6904541035719864,0.24974839313392888,0.38701505755482735,0.2886506141220806,-0.839360416221661
23460000,-1.0263735186014924,7.258048424807298,-1.1230400691254865,10.48353790606585,-1.776359321774159,-16.642967692617887,0.5475558424811994,0.3853905681614656,1.3066080721020086,1.3066080721020086,-0.922173065275777,0.09588452441269507,1.6907849540751472,0.244700618417677,0.3621119167532874,0.30327455919295,-0.8467709896055655
23470000,-0.7774481354377082,8.218806450649861,-0.8846255366640219,6.207247561200806,-3.994410414571995,-20.01317528416644,0.6923301036303957,0.5109163592661068,1.4825372431061083,1.4825372431061083,-0.913591491872164,0.09379909341534043,1.6903020795931312,0.23828898028852658,0.33237734008101105,0.3167665016612813,-0.855805263537798
23480000,0.21752109255026988,7.682543147255269,-0.4385530396400852,2.0985443943043594,-3.65430111176464,-20.80097955708101,0.8181124542962364,0.6527820544286052,1.6584704682095008,1.6584704682095008,-0.9048145570931828,0.09155961407300495,1.686456512587179,0.2294106049139667,0.30549347245911074,0.3256332316831768,-0.8648742747136448
23490000,1.6979369398684212,7.091110571289952,-0.16116507304185268,-1.2688225925891488,0.7224988396269669,-17.317122294186277,0.9265644331872495,0.7454997930288464,1.834413128169004,1.834413128169004,-0.8964652239828924,0.08835013423061092,1.6805116093039838,0.21388891690792042,0.28354156984032647,0.3308989294183513,-0.8742777635890262
23500000,1.5167976672173284,6.717919574079792,-0.13568873315353794,-3.845080624481775,-2.008955307816301,-8.305019092430756,1.015185208950756,0.7823743136207852,2.010340157672161,2.010340157672161,-0.8884522556222844,0.08532663343794289,1.6715540965983753,0.19936922368293705,0.2574135756916827,0.33519621811862366,-0.8841004801812165
23510000,2.02103865379893,5.876484482365352,0.6951940518191031,-3.372905384642806,-5.494048924036564,0.8224382072019454,1.1080350017348848,0.8403875978185061,2.1862571945893734,2.1862571945893734,-0.879580688690972,0.08046619262168439,1.6607401992326523,0.18477088770647232,0.22832000966722285,0.333362608635105,-0.8958789334534658
23520000,2.058258959452336,6.061390429779891,1.5498915228024288,-4.05927548391596,8.983123264018358,-4.96059158706766,1.094527604447977,0.8795252708005294,2.362199977039964,2.362199977039964,-0.8714359070256184,0.07578484739823582,1.65036235659063,0.1654772049548365,0.20108263994680195,0.3295064410155382,-0.9075288270251439
23530000,1.2433151837887806,5.262833104036431,1.7278340611695222,-4.7460506978068535,18.196406415016586,-6.10602502193451,1.017007603776404,0.8090089967001348,2.5381151086674123,2.5381151086674123,-0.8612568815436226,0.06944054325551446,1.6330258906619262,0.14768549782440007,0.1828251959476669,0.3244681298745912,-0.9162337988498034
23540000,2.7726396498821315,1.8152749145521299,2.1299001427258255,-3.526381723256653,9.958249246772365,4.152134555912018,0.8951756429056964,0.7086226591482634,2.7140588958724408,2.7140588958724408,-0.851807186897829,0.06295359095797637,1.6206099239424385,0.13074446495668754,0.17665983457171786,0.3132130820898506,-0.9239019173808761
23550000,2.9118201498252074,-1.2058906994758973,2.456627023779732,-2.305679521952975,2.9723840491082747,10.414738700089142,0.8255204415621157,0.6169739832619665,2.889988244677923,2.889988244677923,-0.8396854272768768,0.05583883215739435,1.6129222397839305,0.11841230372400825,0.17628101130936485,0.3002546157495973,-0.9299197261589748
23560000,2.07654040060916,-2.605922323689681,2.5767823475358935,-1.1378438490980098,0.6150261458791387,12.065555948053493,0.7202293170154527,0.5190725800452588,3.065917504580355,3.065917504580355,-0.8277107110573738,0.048232840314252096,1.604767871145433,0.11073607459363628,0.18419978330451287,0.285290885376766,-0.934032693397348
23570000,2.219383960911295,-2.2605122793372607,2.370139500739786,0.6961379916810067,2.270356681972289,15.979487133089744,0.6381422591072996,0.45823114430259254,3.2418291382280273,3.2418291382280273,-0.8141651212721686,0.039458728275006016,1.600228701403381,0.10025093374289994,0.19195450482816118,0.27173401777860867,-0.9376906963075547
23580000,2.0977561820501487,-1.3890728245552557,1.7330035544007458,2.847180539577337,1.7657999071671366,20.309682640072005,0.548313929240538,0.39904863712218147,3.4177583974486794,3.4177583974486794,-0.8000197335044872,0.0292108660469996,1.5972821141977258,0.08896617316992393,0.19548903532190773,0.26168294220679666,-0.9409522277238115
23590000,1.6895746140455725,-0.2626483446467013,0.908307140867411,4.03875992130172,-1.9820213888153613,23.547408824695502,0.4814174133730148,0.31982889149793087,3.5936902444949084,3.5936902444949084,-0.7855739751140332,0.01905563387965875,1.593750499578695,0.08072498156287256,0.19175961024786692,0.25569610669593057,-0.9441034001897267
23600000,0.9722404231940959,1.0304529856138784,0.3057277074708,4.783987192763912,-2.9790833965814807,26.709863683811093,0.4016685583057099,0.24687961089539662,3.769634219242917,3.769634219242917,-0.7698329264151133,0.006302083012640847,1.592248848409483,0.07471259701749253,0.1809653160069884,0.2535777622664647,-0.9472950441828168
23610000,0.571954752673205,2.0697760093281365,-0.05054199294446562,5.5038446828769025,-1.263518828692353,27.321664680903893,0.336873166592484,0.2004084525675288,3.945546382042963,3.945546382042963,-0.754717532662556,-0.0031542939487568256,1.5920694454219355,0.06785629864049944,0.16501502914420876,0.2541517468683925,-0.9505642810747162
23620000,0.05018345274579568,2.08298702368479,-0.42052036878175963,6.201567606989718,-1.256145439268992,27.2701671838224,0.2570302809288848,0.15342777274141883,4.121492744070807,4.121492744070807,-0.737634037900614,-0.01476821657685884,1.594390741001501,0.06348715547916184,0.14891569239796731,0.2568110588948327,-0.9528072090806794
23630000,-0.09631913840704462,1.0859212378704057,-0.9185699170789239,5.184787163432185,0.9052030512971186,23.638936142512307,0.17331326635854774,0.08579245148528966,4.297406112017271,4.297406112017271,-0.7215259778337713,-0.024464334340532648,1.5971168332618622,0.05987668797926115,0.14244379605649612,0.26191870759886304,-0.9526400882869621
23640000,0.17174606741159654,-0.9123852398591235,-1.1730648301107582,7.345197762283979,-1.565331678404594,21.362588496179704,0.08414527048501462,0.015745145508670937,4.47335081839789,4.47335081839789,-0.7023030760048147,-0.03665758322801607,1.6015286145308127,0.0655225303595235,0.1490009714657475,0.2661614217406301,-0.950086104568715
23650000,0.5745766409140435,-3.9954366759615243,-1.5539196426705888,5.06771425975184,-1.6711254508963709,17.87200469751407,-0.005224654932318884,-0.06857274887909186,4.649262550510926,4.649262550510926,-0.6869857876863457,-0.04439735634421901,1.605149222934516,0.07172863014846095,0.16361841003488248,0.2708593107058478,-0.9458960055516862
23660000,0.6531409494480268,-6.683613534994083,-2.0120689554578632,4.299611931293125,-2.2250494379098122,19.192412675291678,-0.0971533383876702,-0.16429545244621155,4.825191387025612,4.825191387025612,-0.669552979759098,-0.052094166537792766,1.6081100544273472,0.07734515167583511,0.18934846461779117,0.2769560252414988,-0.9388611433761425
23670000,0.4291722643748416,-8.3073354831855,-2.2948270955092305,4.104388136532709,-2.509766119961182,22.868901787645402,-0.19667362499040547,-0.27847304592693717,5.0011206996511675,5.0011206996511675,-0.6543959464268463,-0.05840016455969883,1.6131866475172991,0.08488407189746787,0.22239599932562515,0.2837736141132826,-0.9288741840287886
23680000,0.15411419569195217,-9.21913604099653,-2.381179327987181,2.3272846676198027,-1.8358071786937358,25.462699324315945,-0.315832037127727,-0.3929198150534724,5.177049935478593,5.177049935478593,-0.6373874649632827,-0.06238490497787813,1.6168096934655218,0.09326100978355013,0.2593991111619698,0.2907561959590737,-0.916228857706382
23690000,0.032252431657983506,-9.14294743314678,-2.5208044192753363,3.9030751701430186,-0.7979436305860943,29.376863691984834,-0.4290294840958518,-0.5036829187664491,5.3529807050308165,5.3529807050308165,-0.6230806259557875,-0.06880842196120668,1.6243886553085694,0.10100658503522637,0.29593743047134663,0.2983058218689474,-0.9017939585429868
23700000,-0.2914915419565658,-8.526215729165628,-2.4686602495137073,0.43120933277626894,-2.5244107251774284,25.650889536446,-0.5484473177872168,-0.6820044246665752,5.528925889381483,5.528925889381483,-0.6085811890696211,-0.07317986335179001,1.629648622797689,0.11030616820395814,0.32874602168282047,0.30571294719976294,-0.8867345693037538
23710000,0.0947070162639632,-8.95412699606791,-2.5250863191497337,0.5129193318918477,0.22467900921896752,18.55328857435527,-0.6341663725452863,-0.7397311142541362,5.704855058518277,5.704855058518277,-0.5937281952804467,-0.07883905335828813,1.6380533321406856,0.11661024581329583,0.3649406689657349,0.31257047492175766,-0.8692065674587321
23720000,1.0194088421879877,-7.996398958116064,-2.477244879038219,4.579091742333328,1.4070676113463272,6.1176895944628065,-0.6697436104412472,-0.7022160416513239,5.880767462982888,5.880767462982888,-0.5774273486859735,-0.08074901420486696,1.6396339053172588,0.11645606931548261,0.4014639196283273,0.31795412987836025,-0.8509817133461461
23730000,-0.19798825421027755,-6.361854622622077,-2.0718302244507414,11.760703624399486,-7.938050120723543,3.5037081118883195,-0.570871070231349,-0.6304940189596622,6.056712018955082,6.056712018955082,-0.5631465862179202,-0.08576118694915222,1.6477088616604716,0.12943478642789974,0.43047347737257563,0.32031284766756113,-0.8338698345426728
23740000,1.9186874662265314,-4.364890815732046,-0.8834930177041344,19.857467975937723,-0.06982237647670096,5.864467196517149,-0.49827298102871953,-0.5043732430968692,6.232642992463084,6.232642992463084,-0.5490850574884671,-0.08539234449907523,1.6472424935052328,0.12932306367650329,0.4570574154812684,0.3154055422074649,-0.8215189639318874
23750000,-0.06031673515276441,0.09923586643465869,-0.4311239399073113,15.178844498257767,-1.9397806870783283,0.6603082666195605,-0.38439924851069995,-0.38449889053911157,0.12537362691499965,0.12537362691499965,-0.5351535560844656,-0.09062495965240594,1.657469676824789,0.13214144046980392,0.4613637840234236,0.31511893917370143,-0.818768680810517
23760000,-1.0237967615918302,5.2867554321911046,-0.7694204774212232,7.078917017801407,-2.1537217917498213,-5.32486682426025,-0.2588723640533961,-0.2677584652786003,0.30131554643372027,0.30131554643372027,-0.523295265800153,-0.0910442342349018,1.6600544915721756,0.12978178985508826,0.44354711392530677,0.3217913282837373,-0.8263612925300463
23770000,-2.158473857085481,8.007499948092784,-0.46001809493855367,3.330135100222799,2.8464750479448027,-10.769467990867188,-0.13841029386646295,-0.138730878354129,0.47723150525944646,0.47723150525944646,-0.5123264377213423,-0.09473246624937828,1.668816687628916,0.1250426976772296,0.41391650665506746,0.3330106238293722,-0.8379387648825174
23780000,-2.31904397730223,7.579487788838871,-0.6874118263567501,0.3930588491333225,-2.576011391166531,-17.201334901225636,-0.022758448879339945,-0.012402972656311831,0.6531565541792403,0.6531565541792403,-0.4997670928739488,-0.10064616569397569,1.6661862872168807,0.12391393087564356,0.384984916366161,0.3434355637714633,-0.8476343347472798
23790000,-1.9040440134778023,6.405726380523915,-0.9285607472735725,2.4877494618006506,-5.165381435706356,-22.704979284936865,0.09991108665749822,0.08360223024946889,0.8290985689424062,0.8290985689424062,-0.4941703228399428,-0.1060019162189263,1.6714052635053256,0.12325516470791895,0.3610812505941451,0.3528836926139297,-0.8543427850279709
23800000,-1.449953052397444,5.18475739613276,-0.8643350966532091,5.88945299668214,-0.5197442457167368,-26.052294582232435,0.2109103566679754,0.20372989290298968,1.0050325385611174,1.0050325385611174,-0.48058581053804816,-0.11199765784293661,1.6653134689500213,0.12135200516935654,0.3437167458718457,0.3610716385822049,-0.8583471100086534
23810000,-1.330556757410122,3.9298353465573777,-1.4467358749060584,8.749049102640152,0.8439500887975417,-22.58476831432482,0.3320839042597325,0.31295512740668785,1.1809483644650456,1.1809483644650456,-0.4683081520274345,-0.1183369695093961,1.6655343055110445,0.11977341860510347,0.3321831869755802,0.3708606665500137,-0.8589359839315577
23820000,-1.5957054435518,6.298457089879209,-1.2081151271863149,9.135137367229328,-1.1403549424500932,-18.92689076495163,0.47713911689540744,0.4251920886290295,1.3568732707752744,1.3568732707752744,-0.4648087783399052,-0.12698892581340523,1.651632885827445,0.11594677071077743,0.3094392410114453,0.3810692857686738,-0.8634754784750728
23830000,-0.8004965426781322,7.33131989731739,-0.8476597703567416,5.882724248008366,-3.0192444624782713,-18.954578558499954,0.6177703805015923,0.5527273930080256,1.5328157355580672,1.5328157355580672,-0.45271390140184087,-0.1329337277322957,1.647947704132345,0.10799598650588184,0.2830155528408448,0.38853025213688547,-0.8702202634524553
23840000,0.20635824794395036,8.485093293095355,0.350423975710023,0.7127932755160309,-1.7920836885940927,-16.992616101167958,0.7737885370012102,0.6878442562482783,1.7087336480767519,1.7087336480767519,-0.44968531003378753,-0.13737041520532797,1.628397896550483,0.09499870290921035,0.2527288428291224,0.3897034131058567,-0.8804740928962456
23850000,2.046748525251686,6.510789243423668,0.21061452980374934,1.521402035991948,-4.45667480679379,-10.975054277062961,0.8667220109407171,0.7902943261246462,1.8846740588203303,1.8846740588203303,-0.44244827105360307,-0.14599489603569477,1.6206675010541536,0.07947017078433599,0.23202573630349743,0.3873871090654976,-0.8886955481930832
23860000,2.7086801019056312,5.310301964878319,0.762609325272247,-5.23757046920443,-1.169826440658067,-7.971043041243098,0.9393781427293197,0.8710498529449794,2.060607730132226,2.060607730132226,-0.4301758964621556,-0.15216711519016807,1.5991171953844934,0.0593472075577888,0.21079078147445166,0.3823920561985064,-0.8976755932722918
23870000,3.1607521971186654,5.011720731991924,1.9247274283777853,-6.252801185394672,1.2575799337227707,-1.324531124511602,0.9139969162472846,0.9174358379394354,2.2365240682209375,2.2365240682209375,-0.4180620846448915,-0.15877472862049502,1.588126627800657,0.03372242961261936,0.18854221155618478,0.3725512086072483,-0.9080309626702183
23880000,2.495852675683637,4.46191233428527,0.8539478201237437,5.4342042173400955,8.809562805538024,7.894327919683196,0.8704394727008583,0.8648091990060166,2.4124486233700324,2.4124486233700324,-0.4092651877979889,-0.17456022458361034,1.5663278502682922,0.009123879678335093,0.17709294719022697,0.3678393335098902,-0.9128247737644364
23890000,-0.43052908307559173,2.3132488277489163,0.6064303190525723,0.7419273098518175,-15.751096636455511,15.89177035924426,0.835959232958272,0.7936722470716601,2.5883778762579297,2.5883778762579297,-0.39711794505788034,-0.18148020924880504,1.5551073367897206,0.013432581377151613,0.1612649834908818,0.36473257765777556,-0.9169423742266177
23900000,2.6209442848670097,0.06872344381175985,2.2179162911240238,-3.3979454368065105,3.1344709571545857,12.824496476545594,0.7411202749141357,0.7147423267616522,2.7643209219363527,2.7643209219363527,-0.382122248931857,-0.20070788406552154,1.5375747218267575,-0.0014810683175852947,0.15949177716342636,0.3533324102888966,-0.9218006223112075
23910000,0.23988868129290639,-2.2744370320577643,2.209495228388595,-3.1103721993809033,5.195411673446544,12.829288993062198,0.6507919088005831,0.62292599423393,2.940253860712282,2.940253860712282,-0.3614104594425933,-0.22155348951617812,1.5268619059879174,-0.002632895860004603,0.16542869781875225,0.34411258907163605,-0.9242364090641516
23920000,1.28579728774562,-2.2071949761023664,1.7755856551389957,0.05459481077356952,-2.3445034703848364,15.157947138281331,0.5594775226565305,0.5413713407127758,3.116183083296157,3.116183083296157,-0.3487035588572831,-0.2296158540718084,1.5170798039081865,-0.0004487899899455103,0.1709556094575002,0.33479254110106343,-0.9266541601944344
23930000,1.743143732739728,-2.1479483876654477,1.6680276859270764,6.356612499991234,0.33559003327785153,25.749499024341677,0.479581189607297,0.48353413641713083,3.2920996722967217,3.2920996722967217,-0.3284353287341707,-0.24696645118094268,1.5077263033662371,0.0005736614638738326,0.17744057936208849,0.3252254024392964,-0.9288395713557692
23940000,0.3530281683108711,-1.0634061601178681,0.1446096089577041,5.146253155830675,3.624987138582105,24.459410857759377,0.4075196221663262,0.4241535194007642,3.468037105574801,3.468037105574801,-0.3151524927564501,-0.2557241710135032,1.5046395197521412,-0.0030980680592270927,0.1765654035069862,0.3253782362856843,-0.9289478260969951
23950000,-0.24770668928794284,0.7605858145517824,-0.5034388936508419,3.562039575839597,-3.222989797715206,26.277220911615238,0.3471964013459617,0.3628039249407685,3.6439581317271674,3.6439581317271674,-0.2961048047824345,-0.2681716009110954,1.498650927509656,0.00015200741391759858,0.166208961751313,0.32771212303583713,-0.9300426454430147
23960000,0.2447952902101803,2.230775910039308,-0.6154915035293395,5.625043882500453,0.3499728537152909,27.35283733821572,0.27020432324288707,0.3229102947063284,3.8198952992753945,3.8198952992753945,-0.2823922736132256,-0.27709423490956075,1.4966628097339028,-0.002550831190716163,0.14911606843926403,0.33030720772286626,-0.9320166521687135
23970000,0.48329562372892876,3.04412274160564,-1.1790065494040431,6.972998053503606,0.2354490578254548,29.216365164481328,0.19325209655870712,0.2628138027356789,3.9958166540655427,3.9958166540655427,-0.26579938388305835,-0.2907254775547722,1.49425098363898,-0.0052376050190014066,0.13030678990547262,0.3348939175977083,-0.9331874259516442
23980000,0.3979732748689683,2.375647074584784,-1.746692886788355,6.855116323065511,1.8803498552521574,27.652303041842664,0.14180708790081978,0.1945493175053322,4.1717532435577525,4.1717532435577525,-0.25197299763856906,-0.300097930652625,1.4994684789796917,-0.0045864244903699326,0.11807079883975354,0.34189543065094286,-0.9322798751832752
23990000,0.8167017122548812,1.278646344187926,-1.705919259314716,4.166920749859358,0.701823573933091,21.179136173081723,0.0722128983735291,0.12699638932702162,4.347687511106464,4.347687511106464,-0.24139343213721048,-0.3144802909663137,1.5009580098479416,-0.005936839994294748,0.10827095920535364,0.3489375957608044,-0.9308516034193121
24000000,-0.3750897579389383,-1.532770302222737,-1.877453675258109,7.683063806482723,-0.10184691487883296,21.137492165670565,-0.01341286607204729,0.057654819640121,4.523604527497575,4.523604527497575,-0.2283017451843466,-0.32434009250896345,1.5062966257521142,0.003457128842093982,0.11882550379788787,0.3571177104689915,-0.9264639705766938
24010000,-0.7159417728842227,-4.606490411468611,-1.7948910418959443,5.571546549335138,1.5491348709808628,17.14604640424797,-0.10643213012121368,-0.041601172140674214,4.699540660057259,4.699540660057259,-0.21510735394370872,-0.34873474272938876,1.5098892396751322,0.014845202668377787,0.14628786680533407,0.36521820663524757,-0.9192361728769236
24020000,-0.5101169138417772,-7.001552195510765,-1.8241461337645595,5.082919977522515,0.9772613516113835,19.226525356383796,-0.2030413740695436,-0.1362431864279688,4.875462713431254,4.875462713431254,-0.20173966059642104,-0.3609142619836413,1.5139706575134053,0.03123155799390883,0.17241923345681306,0.3730878666175015,-0.9110991392281301
24030000,0.30434067029927936,-9.109096392749652,-2.019008804034041,2.992921633324551,-0.7673887699046622,22.58306096881904,-0.30988142000017593,-0.25157147239903227,5.051398882818994,5.051398882818994,-0.19160635058440084,-0.37732956796631134,1.519156475023001,0.04589503092265546,0.20735398172531724,0.3804364466020765,-0.9000922633241832
24040000,0.39004509867423326,-9.37871922064516,-2.382742810348541,2.4055639824726,1.707057393333277,26.617689958781785,-0.42266326755534833,-0.36051416570121786,5.2273213735393185,5.2273213735393185,-0.17893412563322414,-0.3888665503927691,1.525173551311423,0.05707544814167194,0.24395746876320087,0.3891145147261205,-0.8864632203783388
24050000,0.1151022124156664,-8.561801683238697,-2.7316179353737566,1.3979698556005373,0.14213783396912166,27.163815082238653,-0.5497329694188976,-0.45615001410471967,5.4032572125291765,5.4032572125291765,-0.17541280954489358,-0.40281480714246787,1.5330098877145222,0.06826663398332909,0.2759961465199762,0.3991278143726598,-0.8717010849969234
24060000,-0.061720944252051275,-8.454047027635566,-2.7839354718301523,-0.6472562845377773,4.060887033345632,22.53264929881689,-0.6512986561236054,-0.6361750195220385,5.579191835851752,5.579191835851752,-0.16466638102128334,-0.4141952054159358,1.5370324859811237,0.07796705202926016,0.3079269406820106,0.40957383901664485,-0.8551908607984838
24070000,-1.6494883810531604,-9.578064063658452,-2.443901533881006,0.061422107148665625,6.853808938277115,14.259514012346465,-0.7402915945478953,-0.7580184673820743,5.7551100040776575,5.7551100040776575,-0.164632829070461,-0.4253734569537999,1.5453751373113451,0.09521238580105772,0.3426130565488583,0.42065377107098223,-0.8346264433601904
24080000,-2.2273185888075107,-7.884682676061732,-3.025920222370883,4.285811086866617,9.689512257998414,1.1188352123790626,-0.7345190166130687,-0.7486086849441059,5.931043637662178,5.931043637662178,-0.1556245717474128,-0.43621032096861845,1.5494561078670872,0.11082323346883932,0.3757233721736951,0.4344892980991344,-0.8110297210110489
24090000,-2.3424714258646517,-8.212520253380033,-0.9876190830769196,9.08748865670806,-5.525626655063997,1.1242266537486314,-0.6460789232725683,-0.6795731100440366,6.1069687440117875,6.1069687440117875,-0.15657163997756524,-0.4450128883817329,1.556991722884845,0.14104894111664068,0.4052802876708541,0.4356196656231031,-0.7912576012637856
24100000,-0.7222751032658021,-5.120283493637669,-2.6360158280214847,11.563363408511199,-3.8621111417810505,-5.322205301016408,-0.5274356301985819,-0.5587054046390141,6.282890888245838,6.282890888245838,-0.14883892111953262,-0.4551110117402696,1.5590025429358705,0.15396238982239377,0.42959645580782313,0.441258211252124,-0.7726795316818676
24110000,-0.7314809159233059,0.16993956370868646,-2.9399841899021872,15.842715026413645,-1.764600817277131,-2.2860257759673632,-0.3899415447483526,-0.42821392491711513,0.17564502090365863,0.17564502090365863,-0.1490973498649482,-0.46163130604584235,1.5653783421730496,0.154163165971678,0.4338849436217111,0.4517354283112817,-0.7641417910076614
24120000,-0.16929420608802978,4.151508735569113,-2.019685702268551,9.380671379631604,-0.7369853598516339,-0.6808935105235537,-0.2664193393063457,-0.31634092439319045,0.3515713375062717,0.3515713375062717,-0.14209903972495413,-0.4707470638594219,1.5664320330951673,0.14506054091401716,0.4236600263298395,0.46034016933120864,-0.7665223741418424
24130000,-1.0441539079492126,6.557692584193071,-1.5625419690054778,0.347083376813752,0.18801100797015516,-11.559646425765669,-0.14613187055551496,-0.19613070159267443,0.5274931071060962,0.5274931071060962,-0.14295109571897424,-0.4742118638044617,1.5711137426666506,0.1329585337079347,0.40328816773906556,0.47126502485934435,-0.7730394287617062
24140000,-0.4523885817345607,6.17220690682358,-1.7165775882254497,2.5299888670134445,-0.5850624272125877,-16.00840223491009,-0.026596539247801212,-0.07740159296950769,0.7034222875776948,0.7034222875776948,-0.13708778197029453,-0.48175725049496454,1.5690413766168518,0.11939505772577398,0.38607324570644663,0.4808099515980965,-0.7781478391569208
24150000,-0.01899373509189778,5.031224941881228,-1.1477875366243908,4.55102553614356,-0.9563303121350447,-21.214176877373045,0.0818452252951481,0.0328387810247592,0.87936083821441,0.87936083821441,-0.13710916685730334,-0.48730986540948074,1.5693743850236679,0.10809757485750403,0.37378395720524044,0.486199922002336,-0.7824385621189947
24160000,-0.18993843313017075,3.9838410208352943,-1.0635437558905474,6.854384929480799,2.246115933817537,-23.425761488714468,0.19961455246162332,0.13864438842182275,1.0552890156102706,1.0552890156102706,-0.131759039412624,-0.49526344201553285,1.562411193905274,0.09915626126893835,0.36525834738124996,0.4912405316119804,-0.7844980023053362
24170000,-0.6720795827139433,4.260677574986432,-1.1323226759639136,11.07082888563405,2.8705409443006893,-18.481714325832545,0.33336464463441234,0.2477413060467508,1.2312188922208804,1.2312188922208804,-0.132198316332401,-0.5000935741891889,1.558009290631472,0.09130975649492223,0.35417165655272626,0.4973896830833939,-0.7866565128604331
24180000,-0.48627455673980624,5.473605887351634,-1.1828527412711853,12.239380811112706,0.8530696288783377,-11.809777040235344,0.45762812510742207,0.3615217826877155,1.4071566362039505,1.4071566362039505,-0.12785220064451464,-0.5073281938103748,1.5528904843788789,0.08044128200454954,0.33824205802282287,0.5034469769649241,-0.7909884017599935
24190000,-0.19518384687177928,6.709197060426823,-1.0291124468659556,10.401030458739946,0.6110239732856713,-12.834033986120588,0.5835116863281318,0.4766480748511706,1.5830858319230003,1.5830858319230003,-0.12981467164789967,-0.5109221894607158,1.5479312087541366,0.06540164743961674,0.3180882326734725,0.508558831954744,-0.7974399132145803
24200000,0.6450623803064511,7.016129418252644,-0.4572434712560499,3.4065616754818677,2.519910278616441,-16.73116979990592,0.7210679371779211,0.5882136084944883,1.7590066265187545,1.7590066265187545,-0.1271161029495403,-0.51706596053452,1.538578885928798,0.0448104955473006,0.29913991948901447,0.5102791042402155,-0.8050605963731641
24210000,0.27699924558574734,6.123278462686868,-0.37920618736150924,-2.004280481274401,7.334385823296141,-13.835230539328197,0.8579899464234029,0.6641846383829737,1.9349266239370024,1.9349266239370024,-0.11743260073334094,-0.5336072393884687,1.5289279957839006,0.023904924868330953,0.28133500525878247,0.5128248642798807,-0.8107341290209772
24220000,-0.9506039745950323,4.581057375693078,-0.33466544419550803,-5.876154618128387,-0.954506243761998,-5.03012050607081,0.9516247025638817,0.7150394063705421,2.110864063788739,2.110864063788739,-0.10844634524973402,-0.5472460132787812,1.5149314667788532,0.01464473603991062,0.2586034676342879,0.516484707391216,-0.8161821642653393
24230000,1.1409357216138993,2.8343163037523054,-0.2923431353741066,-2.560041535862561,-4.412114223716764,2.7390214145339407,0.9533973406383309,0.7287104240611354,2.286802666858165,2.286802666858165,-0.09774783508346248,-0.5647193256430861,1.5013949870426049,0.005345396883107766,0.24429431706219207,0.516390825480211,-0.8207510150728694
24240000,-0.42647311762446316,2.359994070267998,0.5447093901637269,-6.626742916464154,-5.732906365831634,2.048065256671897,0.9143436190443733,0.7254166350745069,2.4627243476137153,2.4627243476137153,-0.08791472848479484,-0.5796456352091174,1.4858877577318632,0.003643147231670427,0.22715022132155321,0.5149942817790716,-0.826541223513187
24250000,-0.33722292095251377,1.567383421594725,1.5784534186136892,-10.071424874709574,-2.899928127466151,4.485513514361209,0.8494245536197622,0.6799128343820272,2.6386434999537585,2.6386434999537585,-0.07911759169914268,-0.595228089536877,1.470458555157839,0.0007908888415280165,0.2134703130762595,0.5099018026692513,-0.833324637560064
24260000,0.865731028873542,-0.9449508563503197,1.8891785614059797,-7.3442610605538405,1.1341235477683957,9.237119075510552,0.7584012844129981,0.5943686080896287,2.8145726561785693,2.8145726561785693,-0.07046831352070272,-0.6094381104054297,1.4548103183251446,-0.001740028749359481,0.21335404350792006,0.5024023858760317,-0.8378954989047519
24270000,0.09264132957496257,-3.2636786390196733,1.5952174387276752,-1.3587449556370146,-1.8264922031797794,14.987949369363164,0.6594053623169464,0.4873223174093407,2.9905018429307404,2.9905018429307404,-0.06566256357984813,-0.6223923642501444,1.439591550763308,0.008529104326945133,0.22100963549724892,0.4961748702440102,-0.8395787595783334
24280000,-0.05503125595684938,-4.009614861963265,1.4503180292319475,1.5849808016378975,-1.063941777071555,18.78769512127577,0.56410983641272,0.42734879043521135,3.166436702448806,3.166436702448806,-0.060234021002884455,-0.634925622054766,1.4301230312426874,0.021123571977160256,0.2309956402297531,0.49043195636042236,-0.8400424424291079
24290000,0.2407617254555429,-2.9138575213461935,1.6097374561492375,1.0329561045880407,2.458826275671818,21.056644006844447,0.4757034587008338,0.35238624798302637,3.342371995725472,3.342371995725472,-0.053622401493361324,-0.6519518707908576,1.420799191038019,0.026952464076269587,0.2368733223618579,0.4841785452187077,-0.841864436939445
24300000,-0.0005183940937350917,-0.914894791063539,1.3217658068538987,4.241676890134106,1.3389463560054633,25.811437922069235,0.4128600435042661,0.3026865913599699,3.5182896134137707,3.5182896134137707,-0.0468751694817077,-0.6683502921843034,1.4143383144434003,0.030481009158734036,0.23377624695833246,0.4791988046679712,-0.8454514060805207
24310000,-0.4357622517882897,0.5761964547723978,1.0888648311902789,7.122897974256459,-1.7428965454258933,29.462283152068906,0.33097533268523016,0.22624536354400382,3.6942232289850665,3.6942232289850665,-0.03406387951771966,-0.6909249752263222,1.409127975483077,0.03462265387661284,0.22336076814170647,0.47522816370029464,-0.8503348937446547
24320000,-0.7449340644584416,2.0910039347253293,1.07327861679275,7.1767214705933275,-0.7455432573104556,30.27770427991613,0.25755305695340175,0.18879711233933824,3.870165732454751,3.870165732454751,-0.02133060738971826,-0.7133253431012785,1.4068624394300864,0.036762579335110845,0.2059457449091686,0.47296270621767694,-0.8558861731805748
24330000,-1.3782109615145395,2.629896721904471,0.6567078916224902,6.628705226495473,1.4664659187533773,28.72888146639596,0.21067627061983915,0.1358338305780277,4.046095023570018,4.046095023570018,-0.005816943963546969,-0.738965227891137,1.4065275792853018,0.036955248885654615,0.18405637407042963,0.47247818593934504,-0.8611166730213226
24340000,-1.8474181368652827,1.714726764244381,0.2289640511079409,6.547011663569517,0.563294347234936,25.35449030288717,0.13603204807068864,0.0667095644706336,4.222022351727645,4.222022351727645,0.010257544399209992,-0.7656266839619404,1.4072822068780608,0.04192960210884135,0.16523579559852236,0.47250373087630426,-0.864684488485766
24350000,-1.4791654195223392,0.012396729140971476,0.09207810592017825,7.172762366740207,-0.4173587233458496,22.24710597455883,0.05110051640080286,0.008409508037092108,4.397939015821663,4.397939015821663,0.022029349670071502,-0.7893918880141297,1.4098934165265986,0.05439347084146926,0.15718778568432504,0.47245076440471345,-0.8655192808799115
24360000,-0.9236241002978005,-2.7165707586354815,-0.07753718322886013,6.433069242378357,-0.6175537909471721,19.001426278715645,-0.01677351086552179,-0.08230028291413026,4.573882491167495,4.573882491167495,0.034288291377491176,-0.8149388972806281,1.4093191008627977,0.0713223436344223,0.16276529797407202,0.4716778336772898,-0.8636785294838607
24370000,-0.6280842724155062,-5.23244136568764,-0.3922913171306583,5.108642556503475,-1.1048983848658624,18.16177794749122,-0.09253620848305166,-0.18881598461212046,4.749811835697614,4.749811835697614,0.03731272773900261,-0.8316778653360718,1.409147663939123,0.0909294858992969,0.18087338759191027,0.4712600244026517,-0.8584466411228647
24380000,-0.3917915402630569,-7.233298816586076,-0.7096287697400196,4.272366632346198,-2.0921353632399637,21.58595670902538,-0.21105389951992398,-0.2849034267943373,4.925741010910627,4.925741010910627,0.038463476309642045,-0.8489234077928481,1.4096532035084908,0.11125331989497939,0.20656152956421475,0.4708457935409997,-0.8504465133217867
24390000,-0.0016663694968003955,-8.61600714421405,-0.8847889736679057,2.8113175300415247,-2.1078609207771692,24.41790535231539,-0.3374019184304382,-0.38373832784207357,5.101652832643396,5.101652832643396,0.036952788515051904,-0.8600421907725793,1.4107624846112974,0.12965767642421197,0.2351470316699389,0.4696712394863463,-0.8410134881441858
24400000,0.19972408267286532,-8.464674376378973,-1.1269016216122034,1.421108477306285,-1.7903873751676187,26.486353198794994,-0.4505573620201197,-0.4804050505375072,5.2775820427953875,5.2775820427953875,0.03116362674608264,-0.8694356298362623,1.4126242640223352,0.1448437518189906,0.26548610078469875,0.4691039378108503,-0.8297462945861761
24410000,0.1424323099541936,-8.096484001227873,-1.2925696605721766,0.35506023002848414,-0.7614563713274747,25.395827795411865,-0.5501410028404929,-0.6380419947052856,5.4535136590937725,5.4535136590937725,0.029706127400200885,-0.8792046962521521,1.416133061841188,0.1587365213298616,0.2944619956613121,0.46904311345424915,-0.8173698108129491
24420000,0.7142934438732976,-9.012382223859056,-1.0638964886009163,-0.43435049461442254,-0.20247834592887523,19.724746518634696,-0.7205738790037942,-0.8016386117517906,5.629457852269724,5.629457852269724,0.02323826186032872,-0.8861831912737976,1.4196982875005855,0.17264262702559158,0.3282445954883983,0.46574786387752154,-0.8034481539961904
24430000,1.7199851736329608,-9.390781482853352,-1.4513932554480449,3.273390866987165,-1.7497852314510818,12.975661191180153,-0.7705835755727743,-0.8262522193441947,5.805369591361028,5.805369591361028,0.022456281170011735,-0.8954477070437126,1.4242953360937196,0.18171703453416224,0.3680288221830601,0.4615400670905484,-0.786456910372534
24440000,1.5253479816823408,-8.587505714079184,-1.771758180020358,5.0452028241095395,-5.925982964563981,1.5543059794566692,-0.7214413230326677,-0.7782222565948305,5.981298929695498,5.981298929695498,0.016525079207436857,-0.9012068389760562,1.4279113442835456,0.19016581106155664,0.4074772036787354,0.4581718822996873,-0.7667319082022218
24450000,0.35564070960064326,-6.8973687335912315,-1.8944516532789237,4.270304899909153,-10.176456261583436,-9.968023202679186,-0.6028990134686834,-0.6549297094511373,6.157242864494862,6.157242864494862,0.01392520877164341,-0.9072979961211096,1.431938141234286,0.2055726143605989,0.4379090711402824,0.4552135526793277,-0.7474999445451943
24460000,1.1271836234821313,-3.061731283361776,-2.368069333650673,10.622128349150948,3.2548489711548356,-10.216621750519328,-0.4859297072405529,-0.49690446398327415,0.04998878217237035,0.04998878217237035,0.004067349784909052,-0.9066977624222139,1.4345229790921123,0.20497924188503278,0.4600213104636384,0.4568300747143705,-0.733259972419071
24470000,1.0480914186419699,1.1329843021576376,-1.7455561050918353,8.074588854222554,1.1383203652063876,-3.9508684005558754,-0.35734041777781467,-0.404809628416833,0.2259010917307549,0.2259010917307549,0.0020428493568276362,-0.9118545018214507,1.4366551029681254,0.19695554262234707,0.46532453066900303,0.4600385258227117,-0.7301000959778565
24480000,1.785793887387146,3.954993938533614,-1.0045366226784698,1.9760111448886661,1.832815958611659,-6.676007384839487,-0.25093901556000453,-0.3014850217488841,0.40183050718588476,0.40183050718588476,-0.007059677907621881,-0.9088544550477196,1.4367153760777958,0.1809059766177131,0.46150628633856144,0.4616455300184569,-0.7356414751140391
24490000,1.2108007210734373,4.7873028824832495,-0.13239864257862954,-1.478847926399877,2.3380589454221696,-20.393853869908153,-0.14120679107704906,-0.1791160027732828,0.5777769078657755,0.5777769078657755,-0.009091522997079451,-0.911919495828464,1.4368072084627317,0.16648422843239702,0.45328895080796006,0.4620146382225494,-0.7438780833085318
24500000,1.246959346140087,3.549652483192498,0.09760891682469988,2.673613797584322,-1.8083521622829029,-22.934523858239228,-0.03499687618985884,-0.08444984631270987,0.753688803535745,0.753688803535745,-0.01850124190213885,-0.9036579875463469,1.4338012082137463,0.1570380870145555,0.4490800621809484,0.4592954487255471,-0.7501425382941317
24510000,1.758065012303112,2.1564452523505184,0.3869109125805217,4.605154216556691,1.8176457541463849,-25.638332422254308,0.06051692161538535,0.017461005768024115,0.9296352824047247,0.9296352824047247,-0.021085575368481595,-0.9076172107100068,1.4301622108443208,0.1484615798986141,0.451346300275757,0.453680507295292,-0.7539361205179654
24520000,1.5687422585408888,1.0144023229597185,0.46570218876377634,9.277109710679879,3.095620634827292,-20.85571464524424,0.1796803846482634,0.11655697251604623,1.1055469894801107,1.1055469894801107,-0.032107477911397383,-0.9014806563060661,1.424328236836581,0.14317242957868348,0.45712960461466673,0.4473543945851841,-0.7552537491722229
24530000,1.0806258700572993,3.0562457662467875,0.5479045562496315,13.851997289883915,1.5802071051635587,-13.786015037212369,0.3085323995486241,0.23166822734942838,1.2814761580173766,1.2814761580173766,-0.0337550227738326,-0.906187491891199,1.4181106950257836,0.1361231351086424,0.4533721480864656,0.442914653272635,-0.7614136834494373
24540000,0.33233833269114427,5.118341987057313,0.09048536614790956,13.916582694536155,-0.5194308645162522,-7.708469608424741,0.4320117434887862,0.35002930719135544,1.4574227214014357,1.4574227214014357,-0.04198873872891449,-0.9022764350786842,1.4107391592563119,0.12716099087489866,0.4397948971225111,0.44278832947906743,-0.7709403518702668
24550000,0.1851077729532493,5.360345126243409,-0.0597508499310348,10.146937986583396,0.06379809276241977,-15.953907612985834,0.5919848053664244,0.46709211675148854,1.6333362693269535,1.6333362693269535,-0.045734245341307066,-0.9072322488158975,1.4037122346972144,0.11712699054846265,0.4256536936452843,0.44378948408165453,-0.7798404291838977
24560000,-0.054483987597339884,6.276920572751288,0.13179197255176764,4.817540482315416,-0.781575827113328,-15.479135937762377,0.7289041263917019,0.5898827608158717,1.8092812024527873,1.8092812024527873,-0.060937267340558,-0.9043583038501677,1.3954350400429414,0.10628040336468686,0.4072685556677126,0.4449106241516107,-0.7905006868700363
24570000,-0.08996098156952514,4.266545077868547,-0.7211735510756299,-1.1872017608943641,3.284104787225868,-17.393996949717106,0.8466664403965435,0.7086436181504755,1.9852103613628245,1.9852103613628245,-0.06530200457622173,-0.9095912839912058,1.3848020400288403,0.09573956345425998,0.39777188840567373,0.4492532543777196,-0.7942184675609099
24580000,-0.6691438991670611,4.572644808212801,-0.9981805950710376,-1.2997406242848133,0.33715032493271024,-9.277480061846141,0.983588781201107,0.8413738230695298,2.161139431751174,2.161139431751174,-0.0823249213735262,-0.908198705097709,1.3715332911595919,0.0867889816269259,0.38334763122503557,0.4558074012156924,-0.7985936884920343
24590000,-0.3511707788356078,3.312446044742829,-1.001073441566002,-0.5237243769134388,-1.420217412673767,6.231175623103599,0.98359320974882,0.840580602994761,2.3370686816678656,2.3370686816678656,-0.08624729641579118,-0.9148616152175245,1.3583512443161618,0.07900597957435401,0.3642972781787731,0.4624393754477666,-0.8044845382843067
24600000,-0.6321696946709441,1.687013591665869,-2.8032228547358296,8.84686760967225,0.6312362760946103,13.839086427971258,0.8916856350107633,0.8340331723212083,2.5129978944898497,2.5129978944898497,-0.10017987650085315,-0.9205221454638023,1.3461749984754805,0.07467148897546269,0.3511052996279404,0.47539760151876986,-0.8032100334144007
24610000,-3.1049299591250077,1.2315040538966167,-1.7011809427189666,2.454481158611896,-2.0260956161927552,12.023207261241293,0.812197341684418,0.732155699601271,2.6889270365605924,2.6889270365605924,-0.1036718023401768,-0.9279751463103216,1.3348596171199927,0.08244172092586277,0.33332446714383024,0.4884122520700238,-0.80221670032601
24620000,-2.6104368475603157,-0.8172068109784274,-1.5459548212989909,-2.5033143548015624,-3.418480557148073,15.65903701347123,0.7574012021592185,0.6684051590181329,2.8648388556230273,2.8648388556230273,-0.11465377160751136,-0.9396104182190504,1.3313448120416917,0.09203351579135328,0.32483114431465093,0.49941056080235924,-0.7978744584290127
24630000,-2.750062808057112,-2.836800442627588,-0.5844022268383297,-3.1363889827488163,-0.1123576982306459,12.26578297594385,0.6689671315544726,0.5989675203880395,3.040767884596285,3.040767884596285,-0.12070462894771644,-0.956143841804526,1.320103213845868,0.10700710104852884,0.3239410695042223,0.5062105705506327,-0.7920621958384667
24640000,-1.8355415224011276,-3.3598197633266644,-0.0351853169830985,1.050967106420164,2.554093962375289,14.766563895199099,0.5970049825471972,0.5206497798072204,3.216697037315278,3.216697037315278,-0.12451199507488839,-0.9642840436167482,1.3187528503547932,0.11892857836837396,0.32792601060475,0.5092866298964636,-0.7867322628600111
24650000,-1.9684333134173242,-2.94679776415223,-0.2147374181159855,2.876005961065277,-6.717771289956315,24.184754967823732,0.5142493561958764,0.4460586143873116,3.3926395056195204,3.3926395056195204,-0.1352682014554344,-0.9753401985654367,1.3079772689904074,0.13435891218792667,0.3285634756920865,0.5119253960676438,-0.782257063897667
24660000,-2.103655818793961,-1.767329738266188,-0.41928266254188856,3.5094585941536107,3.3691218934030656,24.06662299424673,0.42648356742153104,0.4123216520845915,3.5685568821660993,3.5685568821660993,-0.13846319591341516,-0.98322279461268,1.3089669319314774,0.1430601796062631,0.32530977424141583,0.5174994019043044,-0.7783968813033041
24670000,-2.746727207186535,0.010734316964889178,-0.39572179216757014,4.631028351105593,1.0125364668031824,25.62615745852512,0.36801943240212814,0.36896334937898395,3.744484637106048,3.744484637106048,-0.1424156618000702,-0.99138114224761,1.300544424144067,0.1505530447418171,0.312903060906383,0.5248487155571152,-0.7771481718259596
24680000,-2.3778226692513074,2.1322999188637284,-0.8104625208618373,7.694812625084176,-0.24959390309860469,31.279344063835577,0.30557290298249484,0.32330857909744265,3.920413872217928,3.920413872217928,-0.15361530198295975,-1.002172417429047,1.3081177608008667,0.15075063685846563,0.2931332773520443,0.5343818958399847,-0.7783207029201267
24690000,-1.7096096749263585,3.183766991560279,-1.0567857432271206,6.52803935684587,0.2982747151194033,29.397797696742128,0.2326415362578655,0.26518624347708014,4.096343202640476,4.096343202640476,-0.1572804802750622,-1.0107635236868189,1.3029616967796662,0.14462749442052483,0.271191578101108,0.5444797177961418,-0.7804356813558088
24700000,-1.4520281342391084,3.6706654501139515,-1.817576832462803,5.736080976943528,3.407271289673868,25.54670057382564,0.16539382169992903,0.1992441695006457,4.272287344900754,4.272287344900754,-0.160730045464059,-1.0267723882343918,1.3145407268831666,0.1333222785394283,0.249339195025679,0.557670378171265,-0.7804222480038098
24710000,-1.3301974425400434,3.616013235552068,-2.037430939109046,5.980802765389263,1.4574145444695306,23.87083574806778,0.10674524405814638,0.14848931904931284,4.448206493513972,4.448206493513972,-0.16421605398068906,-1.0356434713172582,1.3120178290026256,0.12216995014613855,0.22721912950082884,0.5708192538566061,-0.7794942911251904
24720000,-1.5483785609384615,0.9411168284622479,-1.9138481003976102,6.245902379289365,3.4858788473284643,20.491144201150792,0.040855863251982406,0.10015290947337324,4.6241455743917825,4.6241455743917825,-0.16339234808557138,-1.0527563673632325,1.3205482936637094,0.11736397480377413,0.21654668161373905,0.5823142355872885,-0.7747537435422491
24730000,-1.7380229935982767,-1.4372058961692489,-1.5560851120477661,6.896279898568229,0.8084576521933106,18.326065794309393,-0.04245716605897288,0.011975497197646297,4.800064388768256,4.800064388768256,-0.16675122897637448,-1.0618820789697192,1.3202226522313716,0.1237890319509779,0.21156295131920055,0.5903428090564274,-0.7690336540055421
24740000,-1.9385899123506738,-4.8250246429111865,-1.474685311805846,7.142072887772562,0.39286234417891297,17.772227963629778,-0.12135047396928998,-0.08220850532107254,4.975988625702378,4.975988625702378,-0.16670089161136215,-1.0782796526345007,1.330514789873331,0.14184936265077452,0.21854721665252266,0.5957275011050953,-0.7597529972537674
24750000,-1.2913486278619437,-7.184561162949777,-1.272619740063023,4.669432345663367,2.0029538188255356,17.89202644622478,-0.22711852367677832,-0.17809530087784145,5.151917764167258,5.151917764167258,-0.1694916279531872,-1.092288216312536,1.3319619779290512,0.16135874443745193,0.23856666049838057,0.5981725530552834,-0.7478227736994533
24760000,-0.28550267585083094,-8.928709413919586,-1.1174927248763171,3.141763114688443,3.005222556429366,21.776488198934942,-0.3380981993609404,-0.2911181525389174,5.327847097152649,5.327847097152649,-0.172686261771887,-1.1019965455939422,1.3436542362603332,0.18255615165073802,0.2677317807826495,0.5966722141799747,-0.7341493130685273
24770000,-0.16285530082847005,-8.70237937294463,-1.0121866652646414,0.8390004273186839,1.4272568919628708,24.379449574655023,-0.44739242925133593,-0.39548619833393667,5.50377618412336,5.50377618412336,-0.17847633215735254,-1.1115515661611894,1.3472275713684885,0.20364607043251717,0.2951379887813788,0.5937618824802021,-0.720325393477867
24780000,-0.05257461748853408,-7.897712675918013,-1.8196331848306788,0.08512357505062822,-1.8841976612083637,22.87173790484931,-0.5547258672759702,-0.5135792058200244,5.6797052514924715,5.6797052514924715,-0.18190118618871146,-1.1212099850741215,1.3538993071495635,0.22172205121882033,0.3198798847479447,0.5932811349524297,-0.7046514643754863
24790000,-1.0230667987667268,-8.092414203259136,-1.8024659790084665,2.0340631396507374,10.428030767176402,16.662632924057757,-0.5870726927020767,-0.5883209292861505,5.8556343984255435,5.8556343984255435,-0.1910419756964976,-1.1298075937271994,1.358661200116123,0.24026139404385222,0.34623830055444343,0.5945394412764723,-0.6847746742746376
24800000,-2.6572262668531916,-6.161103013333084,-2.307036382474097,9.077856911654143,8.330063032849212,6.50907286352167,-0.5846174048024653,-0.615941768317428,6.031576142367108,6.031576142367108,-0.19503724973430037,-1.139349714743564,1.3675550307514965,0.2589276500423424,0.36710768750816203,0.601161852392082,-0.6609030526820712
24810000,0.399589077018184,-6.730414854305637,-0.7422986183168704,7.45769640987573,-7.61284398010156,-0.2914995097598954,-0.5132422780659791,-0.5427906431392544,6.207510174138754,6.207510174138754,-0.20411526801324406,-1.1420237076469004,1.372723212762675,0.28239285295963873,0.3903513036330756,0.5905468219473115,-0.6474060452584645
24820000,3.148382561622243,-1.8925530846327596,-3.1640906069582826,12.996344115137635,-4.648938019131872,-4.745785237269158,-0.40868172113722034,-0.42894169549280986,0.10025386776497669,0.10025386776497669,-0.20853415035119613,-1.1506589778578795,1.3752734778376854,0.27694683601521,0.412514091920814,0.5885631346927597,-0.6377507432128504
24830000,2.9019154081632927,3.6225381491348303,-2.7887140134468704,15.487460114002024,-4.8002137081452325,-4.321208663817708,-0.28890351473479187,-0.30854880476902535,0.27617078118491634,0.27617078118491634,-0.22181764916460445,-1.152252756547629,1.3795642924362046,0.25690856052556615,0.41552970768903913,0.5928412854552418,-0.6402126707714552
24840000,2.405981080454139,6.558916069062447,-1.7881971315864218,3.725750053975372,-3.404387027169258,-6.804172743860666,-0.16799299456853004,-0.18136904222450437,0.4520945775906142,0.4520945775906142,-0.22735408787437342,-1.1601830391872456,1.3781533332986649,0.23185992797834984,0.40712887254079877,0.5980146600773955,-0.6502811094242624
24850000,2.1374711685508654,7.655443669446751,-0.9947246161326969,-1.4916227834222762,-0.623842054923879,-17.484678225899216,-0.05323857122683604,-0.06981439677328787,0.6280351100889874,0.6280351100889874,-0.24377617018733805,-1.1610117454159314,1.3796663206390567,0.20356946105747611,0.39541028402003364,0.6027466409420512,-0.6625003159614636
24860000,1.4343504937618747,6.497736087525608,-0.8280325432948169,-0.24731004961206812,-4.7617017822406,-27.330017828182523,0.04536606528665692,0.035515374486519195,0.8039705208209824,0.8039705208209824,-0.2506414156826582,-1.1682109935502463,1.3724504058877405,0.18213247311448202,0.3845105226535329,0.6061477809051854,-0.6719853331060351
24870000,2.054989157744313,2.550456702221476,-0.10182289911431773,3.5218453656569917,-1.0272189973456227,-32.26698514464163,0.14576004227615352,0.12421487634892729,0.979899681813194,0.979899681813194,-0.27135006413395935,-1.169639431473569,1.3681050181222854,0.17099090322931076,0.38863470770574254,0.6022362928214164,-0.6760448377053209
24880000,1.593468922595496,0.4914666540289649,-0.36671094669047144,8.074471201489619,2.7680118004559926,-29.72834606647948,0.26686856703630285,0.20550987693801834,1.1558167201373948,1.1558167201373948,-0.28012280857303207,-1.1763637656675339,1.3574898943434248,0.16629495270798147,0.3985471154014153,0.5985548841008498,-0.674713447493141
24890000,0.5740935779065959,2.3127427853210687,0.1182346493054814,17.635163992997796,4.650714947401535,-14.702014005702075,0.3915825435103556,0.3017886343552288,1.3317404246519544,1.3317404246519544,-0.2919755335147779,-1.173135007334022,1.3494361119148348,0.16058932146115448,0.39811257714644915,0.5967219733028905,-0.6779677959372136
24900000,0.45936113799769435,5.8576598783579605,0.027748627306812396,16.053561640830594,6.046080371810635,-14.652042140497134,0.5212280238891366,0.407570508927691,1.507669558960501,1.507669558960501,-0.2996236037148058,-1.1780814850611092,1.3392048007719928,0.14389880365747793,0.3855702757475425,0.598245688171169,-0.68755421120848
24910000,0.15732956076743856,6.281388268590037,-0.5672302952409543,13.252183576696897,-0.7069796674616856,-15.360247605891757,0.6566043152210896,0.5195071460170481,1.6835987554023717,1.6835987554023717,-0.30852384646645736,-1.1751918184588799,1.3299765218433939,0.12756474493149497,0.3702828505308824,0.601657070284836,-0.6961512883199706
24920000,0.32463108514049527,6.238589758935636,0.34071277563974844,4.0897486620295815,-5.199760018446068,-18.612795563524603,0.7868634350914698,0.6426889984415308,1.859527944474948,1.859527944474948,-0.31574048216401585,-1.1793408910133065,1.3168125006826354,0.1131988652932068,0.35462646367815037,0.600785060059672,-0.707448513861296
24930000,0.5301613653351476,4.638851537121063,-0.955314699360474,3.7048877584031907,4.948399930251954,-13.115013778468121,0.9133985548902442,0.7718253845210569,2.035457054121011,2.035457054121011,-0.3226261553310848,-1.1806125600396613,1.3037880077987234,0.09620599812971509,0.34712553591059875,0.604562479022621,-0.7104593423980489
24940000,-0.42321297357338594,5.306600914127876,-1.7034886244242398,-0.8592303185022079,4.160714193406451,-12.461604556648087,1.004880924263181,0.8816224641887235,2.2113861740259466,2.2113861740259466,-0.3293529070672522,-1.185347684838358,1.2903138373043082,0.07751870116695826,0.3349238994172354,0.6129777914502911,-0.7113895274441878
24950000,1.7315610554063963,4.85189937658208,-0.8287267227277417,-2.007002065269372,1.08804047595345,-0.10609349043109273,1.0203020668258875,0.9614512953142396,2.387315365234926,2.387315365234926,-0.33527547316085526,-1.189122397921178,1.2750327308686762,0.052235166957199895,0.3211482795472391,0.61585217678288,-0.7175384074936967
24960000,1.8718872884741242,3.343199113588674,-3.3248649975908386,0.9583318962572754,3.2495690660227483,5.156056460544319,0.992290601139524,1.0295545488350744,2.563244571840002,2.563244571840002,-0.3416515551325101,-1.194371895624989,1.2594634095033492,0.02353196057191876,0.31448806094037673,0.6275395135460579,-0.7118550872867178
24970000,1.1657453674352363,2.6690529842341255,-2.444261643169461,-5.7173058352713015,9.660903943542428,1.6288032485474273,0.9333012257241741,1.0022264367030251,2.7391836710128104,2.7391836710128104,-0.3422617074272487,-1.2078859545354217,1.2429351243911766,-0.00021992400331831592,0.30937665758923416,0.6362951301491591,-0.7066926791192982
24980000,-2.872953123067864,0.8947972881570585,-3.707173509640212,-0.9835718924030908,11.32968803595538,10.18489564902762,0.8518933448530823,0.9079070105897887,2.915111023242261,2.915111023242261,-0.3462838223362492,-1.2171226156351325,1.2289545884009054,-0.005908826536286291,0.29613725462843193,0.6557885312678065,-0.6944128559061336
24990000,-3.7943377574984476,-1.0398479386981003,-3.4807849395949177,-3.4619919172117406,-0.42166262371958185,9.978683254639424,0.7748765677752716,0.8313710161253357,3.091032155366335,3.091032155366335,-0.35259710141408585,-1.2309958394485063,1.213175541653276,0.003416829123437763,0.2823410155885387,0.6749154860959737,-0.6817337917567308
25000000,-3.7769737064657933,-2.1751670992006527,-3.5750964210893366,-4.083437360856752,-1.0247497140630955,9.41649900954322,0.7006666743373655,0.7499333524708003,3.266961343433465,3.266961343433465,-0.3588171389051318,-1.241065166670146,1.2025366942707112,0.01665755847284361,0.2708018337810332,0.693957230722008,-0.6669424671552977
25010000,-3.1438702910392395,-2.5231651586758,-3.4963922685039965,-0.3567340107940353,1.0197696674954315,15.572576107788857,0.620524049327387,0.6825299445431028,3.442899472693668,3.442899472693668,-0.3661286448683976,-1.2549853309385373,1.1882845477771005,0.029861579597674406,0.26200352162377666,0.7110305180918988,-0.6518420384285115
25020000,-2.1980350588751745,-1.86807861616752,-3.12771988431324,1.084968516674052,1.2031639262721756,18.995933034803272,0.5348595724954924,0.6207777443466254,3.618837418683299,3.618837418683299,-0.3728915736868659,-1.2657251229727136,1.1798589673743272,0.03858063392368904,0.253974217449475,0.7251469471940808,-0.6388822556090272
25030000,-1.97101891079575,-1.2298607299097328,-2.9964574172706957,1.2873112999073724,1.3088463115866997,21.3046168355606,0.45822574346063194,0.5493568229890811,3.7947665907852155,3.7947665907852155,-0.386813244485702,-1.272054688592149,1.1682631743773044,0.04434526678860433,0.2445194940203726,0.7383266580146686,-0.6269907977174459
25040000,-1.8168849765500894,0.4064788991618823,-3.2040419049417452,2.1072120070436857,-0.10958683922173787,24.605112577010853,0.38859367404612954,0.4967463776164637,3.970695755368112,3.970695755368112,-0.39751821701722845,-1.2789820612424947,1.1640883986335655,0.044153287108868504,0.23029251484838337,0.7518167998773291,-0.6162688895802719
25050000,-1.6138459810787718,1.8166097164661865,-3.366345854834528,3.3509414606898766,3.3553939460072115,26.102023620121905,0.3255978164784718,0.4573222235057839,4.146624907468706,4.146624907468706,-0.41407705599849165,-1.282261106086617,1.1568470835519729,0.03610796779558188,0.2128386450624876,0.765706709058567,-0.6058788340355991
25060000,-0.9782524446308213,2.6964391459032346,-3.399226091541872,3.991936315474925,3.121473799350314,27.285742013044054,0.2687539384361508,0.41785391640081465,4.322545865272943,4.322545865272943,-0.4271439744535982,-1.2871160698505832,1.155463738204183,0.02403553860015673,0.19466889052730488,0.7785353731235187,-0.5961618813212499
25070000,-0.484558391563067,2.8923519135978064,-3.508803086107813,3.6179043620999956,4.740603286195545,26.276490314434593,0.20482382489976214,0.37738866565152007,4.498465659401219,4.498465659401219,-0.44236732375401067,-1.2970786358922,1.152081153138396,0.007615674874857042,0.17856776793007348,0.7908595634348895,-0.5853176100855398
25080000,-0.6666990330881167,2.4927923364498272,-3.4171925549196454,5.0038387954604495,3.683742108131407,25.018604109453744,0.1459636033702514,0.3170786561529848,4.674394847309131,4.674394847309131,-0.45535147212948346,-1.3062232144154617,1.152976417847525,-0.0021558815708692387,0.16345397986510626,0.8020149484254253,-0.5744999313690754
25090000,-0.8825149983422595,1.5447064428598745,-3.138481791962549,4.892602901261304,2.9066466693569013,21.403790013068786,0.07343034403538401,0.25080352930166255,4.8503240419064895,4.8503240419064895,-0.47125648069525183,-1.3167180927231292,1.1525767802554954,-0.002061254342547293,0.1509898249464312,0.8116382273426832,-0.5643059559398682
25100000,-1.3514498749022879,-0.2672306598904815,-2.9027010968317315,5.5813804571155154,2.1894627808671903,19.850821832548505,0.010611605753856152,0.1726663976007196,5.026253209908518,5.026253209908518,-0.4854114515724094,-1.326506745934814,1.1530785793299485,0.007928066436512012,0.1432425228301371,0.8204862375466601,-0.5533724418620443
25110000,-1.4418674589441898,-2.684557219119392,-2.731548882659326,4.817713417766064,3.2072690686670953,17.472232507745506,-0.06591681596202721,0.10200202578425746,5.20218858513276,5.20218858513276,-0.49960796232517757,-1.3378287514064537,1.1531982472125575,0.022969077671931706,0.14797504860952845,0.8282339566153688,-0.5400039995862624
25120000,-1.0129085845494505,-5.478706226289738,-2.3924240665696983,3.6685504849271178,3.1974252619640238,16.59778394032846,-0.14178409385369148,0.02545031429994027,5.378128913611235,5.378128913611235,-0.5129801347331245,-1.3485703492860628,1.1545255714122862,0.0480084923064903,0.15842883152397594,0.8342891962621828,-0.5258868956425958
25130000,-0.4908772563544634,-8.012699340198331,-2.0784690126266896,3.935688093372744,0.9883314726321598,19.740810290678688,-0.24231168804823952,-0.0869516062787932,5.55405815534202,5.55405815534202,-0.5274465687449482,-1.35889944147667,1.1559767400157166,0.08334109305814763,0.1708006267392512,0.8380248614535486,-0.5114643093111316
25140000,-0.29330255926740256,-9.356572413012204,-2.058027078105679,3.286492995006616,0.9390801565093039,22.551761067459452,-0.3298321050925259,-0.1828784657405779,5.729987414948013,5.729987414948013,-0.5414998435546065,-1.3690387335903091,1.1569455080244846,0.11986558363444595,0.18728985206427465,0.839883393493629,-0.49512689131912635
25150000,-1.3211292088155746,-9.091703582189153,-1.9731164619846244,5.590307395857464,8.128773401880588,24.44686263129459,-0.39135257271632334,-0.2871162059833981,5.905916466045866,5.905916466045866,-0.5557098674468113,-1.3785527259321466,1.1591260847200844,0.15434206934632674,0.2045412433601553,0.8410079915064398,-0.4764944528710482
25160000,-2.6116481642329936,-5.047993056110922,-2.5185860881089464,9.836297492894808,8.392508367175216,21.785671916935325,-0.39864589007306117,-0.3383173293498004,6.0818456104140495,6.0818456104140495,-0.5699205180751808,-1.3880671640831903,1.1606051405974267,0.17883661772166273,0.20744366953248525,0.8454005011986668,-0.45856578667167913
25170000,-2.357519133600035,-1.018278484926193,-2.4012931263556103,8.205044616496039,0.3256841231528663,8.923315971288567,-0.29407919795617493,-0.2574480021531461,6.257771064085361,6.257771064085361,-0.5854806473994932,-1.3970196475149523,1.1629292432105853,0.19263419891033268,0.20006546562145314,0.8506819380759676,-0.4463251226484582
25180000,0.7721293662139803,2.9462569840095365,-2.138973925564446,10.110578115919111,-0.15238695543886654,1.7107612019708718,-0.1881270804194633,-0.13844588776812577,0.1505005455224122,0.1505005455224122,-0.6015197076604512,-1.4060212937125018,1.1652783108628169,0.18283686909053334,0.20102806739257473,0.8554011735093715,-0.440961707839091
25190000,2.864292841671903,8.786957156357223,-2.9768368502544678,10.719003474369632,0.03415407163939763,-2.349244520198211,-0.03685025986057068,0.014413587751606791,0.3264328782857646,0.3264328782857646,-0.6175528574946816,-1.4178831373360314,1.1670454153755052,0.14217242313611053,0.20209011921539916,0.8632935507380892,-0.44008048249057213
25200000,2.4482976899374322,10.282608084757129,-2.4847835942406555,-0.8344818495381744,1.46957836847839,-15.681702849492897,0.11208622348987783,0.15652077129426717,0.5023764972295552,0.5023764972295552,-0.6345843919440431,-1.4304139831648428,1.1663950461477957,0.09224987806943324,0.19734418545917712,0.8711398650538379,-0.4400688218626829
25210000,2.6186893172777417,8.489157319125722,-1.6487928880983014,-6.179262065932526,3.834013749801981,-23.69086362236974,0.25715831346807116,0.29472241610021,0.6783029835462671,0.6783029835462671,-0.6511849133942136,-1.4422946510985517,1.1626663916500148,0.04692324063239786,0.19682872687879432,0.8755092029029109,-0.4387941401114386
25220000,2.2245172019997086,6.970358207186451,-1.784569108084556,-2.7982149413183506,0.25168550845149384,-27.292360685692273,0.3631436498021105,0.4075539974911691,0.8542173803802129,0.8542173803802129,-0.6693833454112502,-1.4551325349325162,1.156997314773892,0.007503023230744324,0.20182927855728353,0.8767206653647823,-0.43654269193491124
25230000,1.9931327330658613,6.222620443838225,-2.110424379077646,2.6584778455402938,1.1517091143277638,-26.03133301157763,0.49505526710348124,0.49136852334329656,1.0301640526714877,1.0301640526714877,-0.6830277155403067,-1.4656297770060682,1.1505998748227875,-0.02919277752548004,0.20543774171183724,0.8772243308445924,-0.4329209967129632
25240000,1.3419729338245154,7.342410872807765,-2.1056970277693816,10.762375981481854,5.803262157929406,-15.73499018630706,0.6331286091871906,0.6103351900188463,1.2060931926693783,1.2060931926693783,-0.6973827427343158,-1.4767244583861072,1.1425434600057194,-0.06341445776326662,0.2020205947408204,0.8771779672738779,-0.43095835016440276
25250000,0.7708612429402867,9.639865199950181,-1.712168558090804,13.04233071195046,4.400414822633408,-9.2396397764082,0.7642715129901768,0.7352554239229996,1.3820210322882858,1.3820210322882858,-0.7085658342536012,-1.485779252176084,1.1314103044152555,-0.10455159230240357,0.1903990424614787,0.8747401926041974,-0.4331821379276341
25260000,1.1187596133747453,9.795862658639765,-2.191764738483431,9.227529000672536,-0.04180164922449256,-11.609248120143462,0.8959706191278084,0.8752119727203134,1.5579341420580803,1.5579341420580803,-0.7191426900323883,-1.4946929887206102,1.1197133653553903,-0.14704687141860137,0.17902392110722917,0.8711814504732363,-0.43286318118863165
25270000,1.8993573076428159,7.115848567422757,-2.4194505964235122,5.440501286335977,-0.6762931298152522,-9.54388837944525,0.9524904896823808,1.000195963298962,1.7338630670125994,1.7338630670125994,-0.728265669790628,-1.5033355219747848,1.103724592922614,-0.1830456114342902,0.17555389546125838,0.8677846395126305,-0.42734640907460375
25280000,3.136879522777231,5.777171942570465,-2.3542647004157398,-2.3007710269417023,2.8028042885999236,-4.8167068423386,0.9766838177783863,1.0798490806033123,1.9097922928590023,1.9097922928590023,-0.7351514694201877,-1.511508694897641,1.0871647003936935,-0.2225897567981696,0.17851773642924795,0.8625829618371856,-0.41777488184056455
25290000,1.0298774014679821,4.640648144097306,-3.099523639956205,-3.792946372636548,4.477048529591457,-1.7984442193214645,1.0027876909442492,1.080414373325645,2.0857374982826045,2.0857374982826045,-0.7427165907150413,-1.5185603004998283,1.0690980652409434,-0.25360002466753456,0.17268209289514203,0.8609129392816327,-0.4058285761986693
25300000,-1.2412148522430184,3.2032554834172595,-3.1453633258174523,-2.0192014371741056,4.7183904765735845,-2.4630288746150937,0.9868653690483578,1.111319744324248,2.2616507431249815,2.2616507431249815,-0.7463530786399406,-1.5235974579071982,1.0518917663342384,-0.27277049749186993,0.16135161212804078,0.8619213004142102,-0.3957948772457737
25310000,-3.3232121126212757,2.241361374044298,-3.428024359422953,-3.319082718541484,3.0845466455143127,1.5482458429489827,0.927984677159109,1.07209741291331,2.4375971971583326,2.4375971971583326,-0.7527368422801616,-1.528995992255705,1.0323268929435894,-0.2811223746401584,0.13931776579583036,0.8671830096863334,-0.3867226374569885
25320000,-3.965620141266197,0.38346202442005134,-4.169192333423757,-4.746950426152204,-5.681808049820725,5.171083451981625,0.8434299848199015,0.998775642880019,2.6135259543057927,2.6135259543057927,-0.753543882126931,-1.5303239039779069,1.0143513640068103,-0.27792595158995326,0.10855904230883004,0.8786140941125634,-0.3728396081327308
25330000,-3.2878105932370905,-1.465615195121663,-2.7241611239005294,-4.424673655101349,-2.567058253631792,5.857823212501802,0.7690674603287885,0.8978015681101391,2.789438014505741,2.789438014505741,-0.7593405528761393,-1.5361868246598591,0.9940427687162321,-0.2674414966573496,0.08602496120782585,0.8885068174607069,-0.36280902309715934
25340000,-1.809954027524726,-2.550281305978834,-1.6154187204004582,-3.231118235445108,-4.547804036887472,9.566200685934897,0.6673203134215793,0.8048839285804424,2.9653672644224898,2.9653672644224898,-0.7584612783461095,-1.5384327583593502,0.9765658315448216,-0.24985953539079603,0.07502786323533069,0.8971899188578323,-0.35635836150217176
25350000,-0.1432907308818527,-2.824170322210424,-0.6631791657027128,-1.5633637681970265,0.9769934067361765,11.967741533330049,0.5980661008649358,0.7271699573027623,3.141313898915449,3.141313898915449,-0.7631773978142139,-1.5429899933166569,0.9568171615491126,-0.2307445728102812,0.07621219806502808,0.9035213688847357,-0.3529841058083937
25360000,-1.0200370790475903,-2.6920359876506295,-1.0656288200089685,-0.47203859099766465,0.8046835339920743,14.370449364297322,0.4982617830432496,0.6695565379685889,3.317225681551143,3.317225681551143,-0.7591855351031874,-1.5416047581845962,0.9424460440629405,-0.21042911886931626,0.0733261522698801,0.9102586921557262,-0.34895841396952226
25370000,-1.6193885140446622,-2.3569917228330994,-1.52292988146853,0.32489633198442064,-0.11541649537500097,16.026718593104363,0.4301052706314939,0.590378459612621,3.4931547821663216,3.4931547821663216,-0.7618429045691532,-1.5432914778034592,0.9239007540205104,-0.19070570522345673,0.06625355269822301,0.9172453236213229,-0.3433697963492166
25380000,-1.439589614386684,-1.4981017239734777,-1.541444198465175,0.9694188655837483,1.871589631217332,20.324037677568974,0.3678530466959007,0.5374721326157164,3.66908392982716,3.66908392982716,-0.7514714559508768,-1.5330799736110505,0.9131512358283824,-0.17461948618090084,0.06017999278876524,0.9228520462713221,-0.3379800352190882
25390000,-0.9253019970478347,-1.1534355312957651,-1.5415480090702887,2.2859104534365056,3.0895739512924885,23.212683844359407,0.29655024741238223,0.4893995069078571,3.845013028796153,3.845013028796153,-0.7559053948062422,-1.5366485353136166,0.8967344794182763,-0.16088217537607943,0.05743667086435635,0.9275846979691534,-0.33227185041732726
25400000,-0.7095517513913616,-1.2092458318925536,-1.8606799893609391,1.0400597132518534,4.718727785104096,22.92346657763449,0.21970725922610215,0.4378720263488985,4.020959802081983,4.020959802081983,-0.7517913231405596,-1.5330533143060032,0.890705151603292,-0.14747518628223436,0.05699162291248242,0.932436256947601,-0.3249086811372836
25410000,-0.7971577691838749,-2.213429990645255,-2.1104663704563826,1.9038215554013307,2.9289062151059775,23.435158835013457,0.16502350129153492,0.3841157248388512,4.196889107586422,4.196889107586422,-0.7585894912070245,-1.536881596496627,0.8765857846705098,-0.12901963100259597,0.056129538866444534,0.9383342882053863,-0.3158040108369195
25420000,-0.5501200254772769,-3.246204469090134,-2.0138095283783843,2.291981623734538,4.442076487739958,21.311050373857153,0.09462181520062239,0.3248188698594644,4.372818112885987,4.372818112885987,-0.7641433762499998,-1.534493780239986,0.8736241311678379,-0.10641470112510797,0.06020360634863665,0.9439312219664102,-0.30666803772821205
25430000,-0.7868784569678697,-4.985068995130325,-1.9084053800287288,2.5927294519669335,2.173335144483552,20.972621214946496,0.02048456588097592,0.2437584393979732,4.548733864105678,4.548733864105678,-0.7716909886843953,-1.5399974441173805,0.8615844732565634,-0.0747861710934264,0.0638015961341745,0.9497671015168635,-0.29711754882566677
25440000,-0.8351830738328739,-6.895048768245658,-1.7322564017416875,1.7305560365679893,4.830013010890273,20.44770781145988,-0.0504523502301392,0.1627492952768255,4.724659080423258,4.724659080423258,-0.7807958347787194,-1.5457037950917614,0.8613242929639457,-0.03500295734146719,0.07393777626039309,0.9542669746248894,-0.28754571698997733
25450000,-0.5248090913537531,-8.589301937221467,-1.5522335288086488,1.7097746392241482,3.7221292659049685,22.412439848049015,-0.13745438524282114,0.0798164954000559,4.9005882489908785,4.9005882489908785,-0.7896581920913658,-1.551661232792825,0.8521370015191343,0.013508800945475448,0.08589619467547602,0.9568252721378425,-0.2773531226354445
25460000,-0.4524317504842134,-10.624113783703642,-1.562761625173246,3.91221268960514,3.597329166432839,26.899545491539293,-0.23217164542326757,-0.011456025527235647,5.0765174475095804,5.0765174475095804,-0.8059709690130561,-1.5598775866545522,0.8593606293843497,0.0701324002058011,0.09794430750766105,0.9565935684785645,-0.265362212482607
25470000,-0.21864991032899625,-11.505024963166537,-1.5877164289802517,2.995929735346689,2.954433144883107,29.308102394766795,-0.31103000198463404,-0.09373667835913413,5.252446456205824,5.252446456205824,-0.8161379787623393,-1.567036215802313,0.8533834002513085,0.11950094045298727,0.10671227875194783,0.954417041124014,-0.2518335291546788
25480000,-0.19915240668817966,-11.398519024497677,-1.6783442220048357,2.394926025057204,3.131109862217415,31.3096372813796,-0.4024985031749918,-0.18070358363847813,5.428375703668586,5.428375703668586,-0.840570180969095,-1.5831551866717979,0.865722094544404,0.16633200329024814,0.11747152709005988,0.9498593626185805,-0.23727894186043227
25490000,-0.48233048936135103,-11.383835464151455,-2.112644917874468,1.9120363870525552,3.835217019600526,31.236102201239085,-0.4945241049485599,-0.28001273152502343,5.604318115937154,5.604318115937154,-0.852193911853896,-1.5911009023174685,0.8629820604491614,0.21255676890064226,0.1279558508845122,0.9434866999557339,-0.21972657378109414
25500000,-0.8180382310404365,-11.894992953045364,-2.0816089214621387,2.6380391364275044,5.235349827670012,28.17400391498486,-0.5727026100861323,-0.3565168658560926,5.780251489223325,5.780251489223325,-0.8871284744552203,-1.6127323706750438,0.8758241585201754,0.2609465989841636,0.13820189329673466,0.9340845927616372,-0.2007313695791528
25510000,-1.8760347493977434,-12.05152734400284,-2.0139860387054074,7.8447737161833055,6.816444701315017,25.406311472352634,-0.5564793877451533,-0.4031546742136363,5.95618064208346,5.95618064208346,-0.8999342422028516,-1.6210608148148793,0.8760265837850161,0.3110768922034826,0.14432721341227467,0.922054960876067,-0.17948668956082853
25520000,-7.598570741504004,-7.8008840996271775,-2.9104052677243684,19.34599141003386,0.4321830700920261,22.82062108019079,-0.5112937080721581,-0.4332983761868344,6.132109750495168,6.132109750495168,-0.9467569572255842,-1.645610688519297,0.8905660934135002,0.35334571100379947,0.11420550437275834,0.916187922295298,-0.1506771459990148
25530000,-5.79204526528943,-8.024541459670028,-2.2062444629092797,17.314203059005898,3.8562679364935866,7.934992136390045,-0.41070333947461996,-0.3767348072866206,0.02485348313734903,0.02485348313734903,-0.993809366958907,-1.6667634560277724,0.8936524015475493,0.39796927489434086,0.10060898050080316,0.9032705361441653,-0.12490247322008462
25540000,-1.6832348081849453,-0.9209045755646621,-2.9559346402524667,31.672282558022264,7.802805743437535,18.677637110449727,-0.28017099185455274,-0.2685135299434733,0.2007826165163351,0.2007826165163351,-1.0067331447335317,-1.6749788471412743,0.9085062536104647,0.4060068581129082,0.10364326017979554,0.901754614440083,-0.10609015562532337
25550000,-2.0847137039350514,6.123479305033109,-3.710719741709095,24.882727720840286,2.652302677364352,16.869698022764258,-0.12450520487407173,-0.12371737745285123,0.37669895371828943,0.37669895371828943,-1.0210427494647687,-1.6835309528878468,0.9154477980131073,0.3832260366771536,0.09884853618305904,0.9140724297413128,-0.08853454068328588
25560000,0.6212422113132545,12.25295486232149,-3.858810973917777,3.6215051902409496,-2.4959168876115587,3.145575592308532,0.029257491140400337,0.03331939719434181,0.5526233944265755,0.5526233944265755,-1.0734238673872945,-1.701345481369786,0.9283683443673902,0.32576992302048596,0.09661301840829009,0.937015838046017,-0.0808776927229412
25570000,1.6136243332637725,10.084007852460555,-3.079434381397063,-4.374920542553239,14.60673611761671,-6.6420442431665,0.18901221600913473,0.1784009285710805,0.7285525650710838,0.7285525650710838,-1.0885539173892096,-1.7101483570018348,0.9349849846373468,0.27543298904770963,0.11223772764351496,0.952087793738345,-0.07119124982829862
25580000,2.8049693982172736,9.55884785089978,-2.856320312597696,-24.333346818536256,1.5055745000908547,-31.550543172934,0.3387966603542188,0.3135131359272072,0.9044817275392347,0.9044817275392347,-1.152832244684392,-1.73577140567979,0.9414822560125073,0.22504954197347665,0.12961042910411166,0.9634664945860462,-0.06546872638942158
25590000,1.8587255556822733,4.902909840556411,-2.2381638696282162,-8.645772208367799,-0.3430652105088719,-14.992741844276054,0.4588738012129201,0.43578075768614355,1.0804236207023337,1.0804236207023337,-1.212820548339816,-1.7555972093506678,0.9412695350688292,0.19801504367606437,0.14411031548508882,0.9677773943254274,-0.05855915369471034
25600000,-0.5009114376415531,8.173506489647684,-3.492906846047184,1.0963927339458996,7.896594348881329,-7.651676402695429,0.6054127272521233,0.5723221929395558,1.2563575981042163,1.2563575981042163,-1.2319165130744238,-1.7655170730171685,0.9395502748275517,0.15821862357300542,0.14965187081827633,0.9749258109071356,-0.04572579077848542
25610000,0.11525586487212765,9.820226130116476,-3.466525393807266,2.7064939244130666,-1.8663486416592825,-3.110908341817748,0.7503559009740861,0.7147379318797277,1.4322742145568554,1.4322742145568554,-1.2868490949806028,-1.7787128740302458,0.9360248932398412,0.11490721956038746,0.14828156399849,0.9815261646792445,-0.0376204295711193
25620000,3.2222207908430645,11.565958256138991,-2.6978957896497335,5.843191586076724,-8.35317247306785,-1.8931363757472761,0.864492305700462,0.8814329808824912,1.6081983543158458,1.6081983543158458,-1.3083144194783172,-1.7887689814593866,0.9310450246045567,0.060710551729660445,0.15771983421986835,0.9849496114158448,-0.03623459361044168
25630000,7.879771148285954,10.32579592604891,-0.3287132668871065,0.23371646987993125,-4.658248200879868,-1.3695154258935607,0.9342178718714307,0.9841944588036842,1.7841399689800141,1.7841399689800141,-1.3586673960172353,-1.7979944032970538,0.9248922224877707,0.009011267388105149,0.187482421999999,0.9811618072526062,-0.045723587893714925
25640000,7.9660272979723885,7.692677367133083,0.3680323063122695,-0.9677167697413304,-2.192931205393637,6.456509103801628,0.970435384789146,1.034226820239559,1.9600743303253125,1.9600743303253125,-1.3820053972691682,-1.8078450837965119,0.9148862635584352,-0.03141752664423664,0.2173188923463749,0.9740543899302724,-0.05480404644247071
25650000,5.872998428264936,5.902639507704878,1.0121967202745412,-0.8291502099411009,21.44052815687083,-2.7056851434881257,0.9701707490806543,0.9138779575022117,2.1359911679403467,2.1359911679403467,-1.4249512275225535,-1.8170135682896629,0.9072644155099008,-0.06104680419711123,0.2501494448455595,0.9640819614467855,-0.065149939015298
25660000,4.104650013937672,3.435168951410591,0.05923245293075672,-2.884650272377573,-7.820042342531326,6.294723758119402,0.9173725854397498,0.9785661998946464,2.3119279215504775,2.3119279215504775,-1.4493041028406521,-1.8268106985796968,0.8978021815194297,-0.07952725538543226,0.2632298310645729,0.9590615888014374,-0.06772252634271222
25670000,4.537732269773578,2.109519570750523,0.05058739155156784,-8.145467870658306,-7.4875905582906865,3.670396006934558,0.8443713069136903,1.0071406829867657,2.487849466258922,2.487849466258922,-1.4865576264674698,-1.8348543501510837,0.8887970473289344,-0.09545596345725933,0.278910784906148,0.9531952139494715,-0.06719983041127575
25680000,4.009244423622609,-0.0673825180683099,1.2898053499759299,-6.455216301878869,-0.39812677265310525,5.0182155928263255,0.7676196866840603,0.9125890815339189,2.6637856240925544,2.6637856240925544,-1.5114247666379181,-1.8444156301460848,0.8737592020631697,-0.1007163027742,0.2945088521036572,0.9478122090026652,-0.06908530128450018
25690000,2.3780478794346855,-1.7291540185062548,0.7192847828108211,-3.273833586004124,2.019296278043894,4.969155454403059,0.693925541502498,0.8249664684137612,2.8397201348509498,2.8397201348509498,-1.5458142024235701,-1.8525783544606855,0.8628655994978649,-0.09839098364555406,0.3024402276113702,0.9457541516047554,-0.06631898507978283
25700000,2.5071992877935876,-2.3386299889073907,0.5241517325775431,-1.4814005612227052,1.6247078916494686,8.313674829510125,0.6174670144808944,0.7402279955173792,3.015637129931463,3.015637129931463,-1.5711517184407555,-1.8620363800749862,0.8465296799320332,-0.0876127673758507,0.30925193408755447,0.9448101917610277,-0.06341092808295919
25710000,2.042856743082206,-2.978012612058282,-0.11891597233692731,-0.6505595191650758,0.300138200919367,11.976751667314923,0.5330472200199494,0.6726414399284639,3.191560898688806,3.191560898688806,-1.6043062618386816,-1.8674571504562654,0.8348480697039884,-0.07317414957247839,0.31355306418625084,0.9450165194931627,-0.05721710984300415
25720000,2.1701318601490165,-3.152896198463191,-0.7584674681893839,0.9966783106346278,0.5884760126451531,16.247487452063403,0.44978475078007935,0.5998907860903395,3.3674900654763746,3.3674900654763746,-1.6301579494082181,-1.876171345513248,0.820581708632921,-0.05801149159175896,0.31847087260295365,0.9449289280827878,-0.048169399198309426
25730000,1.3243864560150906,-3.1659141964280857,-1.505590633619866,0.531677875852575,3.769607219731503,17.40549632701464,0.3778560196450798,0.5304789287568947,3.5434191874007297,3.5434191874007297,-1.6634343773228153,-1.8809475563398321,0.8096866525980149,-0.043882311520169574,0.31892388902939595,0.9460828078406758,-0.03590566042165604
25740000,1.3523574292709784,-3.08924399131844,-1.7269188467052352,-0.09492516919568691,-0.49669719016821356,19.228652194497467,0.30709671984930553,0.47189107758896026,3.719359636063757,3.719359636063757,-1.6900140571871711,-1.889178448343359,0.7992200116131192,-0.03141349923182028,0.3192856722386459,0.9468698276754441,-0.022525119467016814
25750000,0.9375291362131783,-3.692294876827806,-2.3570925077172604,0.3821878168719937,-0.24916454886119113,20.646328139831205,0.23362631099528589,0.4082555861269616,3.8952951996208185,3.8952951996208185,-1.7230670106644805,-1.8939426644891628,0.7899638810778238,-0.016994991543015245,0.3174514008713099,0.9481074062668333,-0.005303256478219165
25760000,0.9231113786299897,-4.576637896506374,-2.726798982223408,1.2207874506534255,1.5906697399903988,21.24695105640356,0.15728205590691915,0.34716779305442297,4.071213850810636,4.071213850810636,-1.7502515395427622,-1.9018248719752455,0.7837643835689565,0.0014265738668290118,0.31536159384848855,0.9488547615715759,0.014821317596333589
25770000,0.9174191916403857,-5.875279185206889,-2.8151262990083334,2.170416831644567,-0.02799449973318249,22.893311099510445,0.07726211529962938,0.2780476945136101,4.247135969601459,4.247135969601459,-1.784367989073502,-1.9065018403102587,0.7768730581121457,0.025927377201365336,0.3128461490958176,0.9487197638059162,0.037227246358311164
25780000,0.8592233019751149,-7.666585240709487,-2.874846738803017,1.7151247594833374,2.822166456153486,22.404997361746325,0.0031345767359877647,0.20146440360673068,4.423064997789936,4.423064997789936,-1.8125510522287567,-1.9140167284245462,0.7755121032545071,0.05831676487638892,0.30920277299656457,0.9471392522875568,0.06261019790541304
25790000,0.8758949271322062,-8.8607836947291,-3.017533487858384,2.5239995603849845,3.085901371009444,24.682642632270355,-0.07546943019449953,0.12722160935888135,4.599004037997304,4.599004037997304,-1.8472554953926639,-1.9153463349650184,0.771753505243568,0.0957394497869632,0.30472509279930127,0.9433206085449313,0.09012660576859291
25800000,0.8960755567178968,-10.514724026414852,-3.105815858032117,4.628956922671279,1.2563438756276804,28.77591025878024,-0.16079811712459402,0.03862097331436901,4.774930670616357,4.774930670616357,-1.876360038738027,-1.9212453259637619,0.7737133709643524,0.14061291695357553,0.29886480894774353,0.9362260976216893,0.11995218918593759
25810000,0.762374067957147,-11.071336637266796,-3.384046125949663,3.337484054276095,0.8913284515801625,30.322415735732054,-0.24650445196984727,-0.049632177629372914,4.950852449143952,4.950852449143952,-1.914028102650675,-1.9209407430460865,0.7733256474354868,0.1858745048480933,0.2917694750405309,0.9259234940542651,0.15161439588769465
25820000,0.6303114483722803,-10.868282976941519,-3.836605787487878,3.3482392721917424,3.538154555252003,31.804965779707633,-0.3334938037854753,-0.13145593476075956,5.126791167682143,5.126791167682143,-1.945120350482928,-1.925553777740681,0.7763493222515427,0.22794783781148278,0.28418567642704445,0.9127848002760635,0.18466779073720516
25830000,0.010428519891304706,-10.814590648415571,-3.787596541401519,3.404825103353302,6.04505316024657,31.726810347465047,-0.4135597390433769,-0.22173444053208846,5.302718980440545,5.302718980440545,-1.9879382445558003,-1.9188474052621525,0.7787605440888934,0.2678715418163127,0.2734297234466718,0.8978497328240039,0.21759338383483315
25840000,-0.5725672853979874,-11.251847706083836,-3.6617103216606517,5.167701008060888,5.687786408836795,31.389720038919826,-0.5064792814409134,-0.30950942936197073,5.478649134550039,5.478649134550039,-2.0224147969639246,-1.9197100613898501,0.7856536425021192,0.308606551541523,0.25856758812597624,0.8804860524115685,0.250298042791104
25850000,-1.176723561869038,-11.994766433794096,-3.5643700924300847,7.515793737690157,3.886064377608073,30.201941612627177,-0.6125452860723299,-0.3993861817604928,5.654586947264704,5.654586947264704,-2.0624845603968525,-1.9123536058893231,0.7918443873299765,0.35132353879658496,0.23883916737748367,0.8598764607245359,0.28309026035121837
25860000,-2.937160202795529,-12.539612857710672,-3.4634157986504794,11.281863512336695,7.603020206910057,27.55502125633809,-0.667775218842844,-0.5140562453860483,5.830516099929355,5.830516099929355,-2.0968390889824176,-1.9116649061712279,0.7994011994074832,0.3926409342128731,0.209585859184775,0.837224491871146,0.31774520393126854
25870000,-6.7499113045401815,-11.421302377313271,-3.3166588478501113,16.300514348887596,3.852474091563338,25.049448828996738,-0.639528873134693,-0.58995437290349,6.006436767027196,6.006436767027196,-2.137609871741361,-1.9013393565692362,0.8078499177061849,0.42265887529272445,0.16415804158811856,0.8172525373874242,0.35568230578995585
25880000,-6.6982191750606255,-8.710876088207424,-3.5794656347468825,13.952678044934704,0.4904837182194975,11.415860530546304,-0.5563015404595295,-0.5591050701236531,6.182356764808787,6.182356764808787,-2.1734122389391906,-1.8977029575652158,0.8185844564571221,0.4443339836603159,0.12304910508804343,0.7979611566401033,0.3881806553592986
25890000,-4.887111404022015,-5.6823887547464995,-3.731008187104426,24.47820831034704,-5.958100092859252,12.879710019933961,-0.44190735382712104,-0.46198223616636147,0.07510046980414842,0.07510046980414842,-2.213130125346883,-1.879161382979358,0.8292561064900943,0.45637914405564917,0.09450914203205517,0.7819577269532852,0.4139181225815673
25900000,-3.563049318009139,-0.37190799302723354,-4.167229128678083,32.02422904955345,-6.031089569199171,17.692824106799993,-0.3093418701922574,-0.33159527935098765,0.2510374117277152,0.2510374117277152,-2.249298840950862,-1.8688146731942266,0.8429472297079348,0.44886013386610996,0.08288173934976878,0.7759048605505721,0.43546164570723367
25910000,-2.3891243321499482,6.420165134690081,-4.314737098006601,20.427816982315612,-7.162866542136145,12.913604943570967,-0.16119559212815124,-0.19165605844700886,0.4269687549087635,0.4269687549087635,-2.287822232159251,-1.846911905838841,0.8568240295119762,0.41612958529667526,0.09111160411323585,0.7836230616255461,0.4521833047839512
25920000,-0.8766305014833359,10.980275799989991,-3.1222712301816884,5.283710157752621,-5.195339718054377,1.112026895965533,-0.00626190426106978,-0.041043660771528094,0.6028878421543382,0.6028878421543382,-2.3240317558564514,-1.832123234610126,0.8684046891688206,0.3725594872998207,0.11539387762533848,0.7987530561953057,0.45812360411590025
25930000,-0.1571277052484336,12.443700562392184,-3.5295084333912987,-1.7114955531975788,-4.521014479158853,-6.929649320965511,0.13696067040434112,0.10086222153458596,0.7788235042221814,0.7788235042221814,-2.3586675632472707,-1.8036494633690752,0.8787591652321014,0.3236035317764602,0.14782204826899636,0.8118799886998216,0.46290418038308717
25940000,0.5007231223025407,9.830781094328975,-4.025732521150041,-13.115591967349049,-6.9560729012973335,-20.394280216741326,0.2999108559306637,0.23474119446276007,0.9547638171624513,0.9547638171624513,-2.3925628058631174,-1.7815231683115793,0.8850677586202687,0.28210070079750676,0.18144858103221329,0.8159168179914212,0.4709303060641841
25950000,0.3258042529626731,6.951160495783004,-3.5429020800249886,-10.527813235259206,-0.314301434071699,-23.834075353882834,0.41834933378655065,0.3611318810513111,1.1306929729555364,1.1306929729555364,-2.426926859640783,-1.7669917793895111,0.8889710967884172,0.25344739661486343,0.20962254808083147,0.8142336528376223,0.478378890704795
25960000,-0.14035892106859627,7.480696285639207,-4.092759938843239,2.148500831860317,5.242885920473293,-10.54636787726442,0.5578234728463218,0.4781860453016014,1.3066221432058924,1.3066221432058924,-2.4634656876153884,-1.742919134933018,0.893090510028874,0.22417319800470947,0.23534999105005394,0.8115888897163914,0.48546908562543506
25970000,1.1744150106762816,9.810095639840512,-3.506458453345873,4.340326512705742,-2.015672747623869,-1.9431095658871433,0.6598829680859926,0.5994885081776968,1.4825460395184464,1.4825460395184464,-2.501705624597754,-1.7210594249365907,0.8946169769377732,0.1861100760829286,0.2654049194589485,0.8121389838906123,0.48513249649195767
25980000,4.168875550471125,10.79986112642583,-2.0092344009779306,5.091939976349065,-6.477140745648995,-0.8987897961839484,0.7443629459374786,0.7322048451468088,1.6584673201541378,1.6584673201541378,-2.5414069530515553,-1.701100806247091,0.893915891327965,0.15134451002626884,0.3046263347482173,0.8122669071468558,0.47383552738989193
25990000,6.0427364553184955,9.06118392201391,-1.2652605540371433,0.892607711108459,-2.11493580517721,-0.7382739363439567,0.8032631512584135,0.8076642395961108,1.8344096088210122,1.8344096088210122,-2.5781671835839313,-1.6783878625693496,0.8924984030252989,0.12561499045942318,0.35065679074464823,0.8056355550236788,0.4606647824158387
26000000,6.031416055625428,6.774808086517367,-0.0440114754378976,-5.691291675589344,6.75787382446832,-0.5187398139630971,0.8670163762323777,0.842761892567236,2.0103368703115976,2.0103368703115976,-2.611657374015931,-1.6620379459102077,0.8875288278523024,0.10915043815000529,0.3952671430882767,0.795822060633208,0.4455528198272439
26010000,4.97501402294917,4.707582379695422,0.34591350000471754,-9.2366325370873,-2.384180320698465,-2.0707358673649607,0.8864275947436662,0.8644880682071931,2.1862502952394394,2.1862502952394394,-2.6439689567004447,-1.6449767181128272,0.8816821948712239,0.0996116229381406,0.4277165682337625,0.7871747055784106,0.43300351584196817
26020000,4.964396530435292,2.3505126030066212,0.6683586512362976,-9.460960082867834,-9.442359669838327,1.3538838203265675,0.9471719616062164,0.8312665378682391,2.3621794243756327,2.3621794243756327,-2.6761945695533322,-1.626721362266419,0.8730644743738294,0.0973594734830844,0.45032868817192584,0.77876121936175,0.4257419039167385
26030000,5.507772274313753,-0.20583072058174845,1.7321005738770199,-5.271952530240409,3.233972392004184,7.439251583757892,0.723369216110056,0.7334583161806815,2.538111842785078,2.538111842785078,-2.7074368330571352,-1.6078146840756486,0.8630502275290484,0.11082398879210781,0.46535837648373274,0.7707848226305704,0.4207735521001663
26040000,4.471060783988673,-2.683733765548019,1.6688523660417518,-2.356592227356232,6.113509814509358,8.970002223077628,0.6591728589494734,0.6552866837025347,2.714053253013766,2.714053253013766,-2.7382877878157874,-1.5865240875563096,0.8520890714312928,0.13250707493134903,0.4711353434468477,0.7640877201175279,0.4202895659113573
26050000,3.8464421627761127,-3.6745486991669822,1.326137133575154,-0.03841942891816117,4.739201149452934,11.956398855458099,0.571735335611153,0.5647628237761982,2.889966874656956,2.889966874656956,-2.7673585905176115,-1.5644193702392342,0.833664682761845,0.15504223345889717,0.4739537234059637,0.7573206658286206,0.42165766093194024
26060000,3.5092998232150974,-3.6761290538836744,0.9705573223193957,0.23741682396373134,0.450547061481827,15.86128107039427,0.474176060292891,0.4964826812664218,3.0658961401974594,3.0658961401974594,-2.7951557933354443,-1.53802846034827,0.8198445773667897,0.17865650732146315,0.47306568139360106,0.7505427618254542,0.42541306532677553
26070000,3.3142286122445164,-3.522448243972499,0.5817036453031946,0.9680535113044597,0.4287059164212875,19.45888742508759,0.4000915100977187,0.43493171381074136,3.241825298946118,3.241825298946118,-2.822480768980491,-1.5150248608906456,0.8082491017303306,0.20024666586857387,0.4726076685612623,0.7431009077057685,0.4293533572623727
26080000,2.9730276982229142,-3.047354186442829,0.12274895864692738,1.5779462119900103,3.6755043497551925,21.65715691453781,0.3416131867705483,0.3790888230927528,3.41775510389855,3.41775510389855,-2.8474155477438883,-1.4863918661770468,0.7943312372506568,0.21689098575612242,0.4725073803333379,0.7356238177494873,0.4342265245098842
26090000,1.957657543515487,-2.6712452966210223,-0.4620605984175108,1.8925564291285608,1.4156258110722222,23.54652960096394,0.2809490343332848,0.33824305179307285,3.5937011658946645,3.5937011658946645,-2.873057133291571,-1.4633728404146795,0.7840144482831093,0.22835699289514547,0.47020674467345325,0.7294091039479973,0.44127209308686194
26100000,1.1876648445637956,-2.801191178051191,-0.901480010863804,2.8884333138452933,-0.8076669965860698,25.35481359968742,0.20553378180584572,0.30080500757269524,3.769629726536529,3.769629726536529,-2.894946289008388,-1.4340202015106,0.7712372389945406,0.2376131129046019,0.4653167368263234,0.7237175935455737,0.45083609859647544
26110000,0.9881160882035823,-3.4318270512956137,-1.0394800382526783,3.121252062785072,0.858281300252999,24.449850406510674,0.15466297249751962,0.2351738848777091,3.945542526403507,3.945542526403507,-2.920784897509792,-1.4108083833204341,0.762663994789486,0.24835881040232183,0.4582366036214921,0.7172859489628153,0.46242619283243097
26120000,0.7931818869561716,-4.662613826678208,-1.3488211637314944,3.5392856255896725,1.9514250323715685,23.874262244089113,0.09258141912898575,0.17461270068586224,4.1214884912866765,4.1214884912866765,-2.942694314237749,-1.3805362101110525,0.7522926399617009,0.26232986519539714,0.4477202904432518,0.7087937873026939,0.47785034313378777
26130000,0.9288318518922704,-6.3912857160886345,-1.4954640657072185,3.165292147707931,1.5155783895891322,23.0456195753655,0.026242356389400784,0.10874598616081159,4.297403098330712,4.297403098330712,-2.966290892170531,-1.3576862225190787,0.7444753054771287,0.2820407222910321,0.43340104955859116,0.6967582583588527,0.49713628978359947
26140000,0.5528173361118999,-8.537241984348698,-1.6963550327371932,2.5412985591077657,0.9507149554328169,23.434881516582085,-0.05534759763834996,0.05362268921243672,4.473346662427197,4.473346662427197,-2.983501059133781,-1.327723646328231,0.7347552079567947,0.30720243674885883,0.4122214332375075,0.6809599429070726,0.5215301611519462
26150000,0.7370913659637862,-9.972489902141499,-1.7116341078816513,3.308194699934765,1.6088108015704323,25.938590366437076,-0.127885804070158,-0.028416516458201584,4.649258412880592,4.649258412880592,-3.0051488254169443,-1.3064921918450523,0.7276260848407072,0.3369292116937309,0.3869983128024338,0.6611198404338648,0.5473861240296579
26160000,0.7469785357214528,-10.940306010725386,-1.7403618913238115,3.666698708720112,0.834693567868313,28.902383579324948,-0.21545198675590493,-0.1099270441125907,4.825187478079705,4.825187478079705,-3.0178477111800595,-1.2799166376739537,0.7187424072940214,0.3687324017244652,0.35828614587993685,0.6377291124154449,0.5735582209042226
26170000,0.6581408581082879,-10.976887610789701,-2.0283000508378053,2.327887598013747,1.4836849501328653,30.768772406468706,-0.2976388155508314,-0.20300034447092377,5.001118978256422,5.001118978256422,-3.0425890141032492,-1.2692238731497083,0.7143141183636013,0.39834565027065116,0.32891755830268377,0.6116245731295856,0.5992072799079672
26180000,0.25943395541497843,-10.898743224014973,-2.124204670843841,1.5689570202829488,2.5743587586428522,30.75923822923844,-0.3830891583510678,-0.28714708391421345,5.177063631171258,5.177063631171258,-3.0629467040913116,-1.2687567746543045,0.7105560172050693,0.4249537905916312,0.2979797472621939,0.5841822518394708,0.6239819249939283
26190000,0.03729608945298544,-11.335807003567831,-2.41559719891913,3.569707031633667,1.7611114537855959,30.110402667931833,-0.4586256285396839,-0.3690052988883479,5.352975406616089,5.352975406616089,-3.081066466614482,-1.2524298939485112,0.7077361421345334,0.45046418436004687,0.26456277477851103,0.5536131083459384,0.6485376496995999
26200000,-0.27788792159330944,-11.73190081684343,-2.0901517061355817,5.952482051351864,3.220358504377908,28.995265355596434,-0.5622196890167205,-0.45362317325153056,5.528922133631035,5.528922133631035,-3.0831098116524687,-1.2359997231074624,0.7062812493328419,0.47506367695156176,0.22713910264450488,0.5219787262660428,0.6710145603612421
26210000,-1.0281637489701294,-12.898260963437497,-1.8074034054468493,9.508629563564694,3.231925849437432,28.574040791594335,-0.6566763380749192,-0.5618999746201581,5.704851306361583,5.704851306361583,-3.098261527569484,-1.2133233269189159,0.7037721909099734,0.49896257198381727,0.18198872404679428,0.48768600059658507,0.6928772047781783
26220000,-1.5688250709791884,-13.214762554931644,-1.74231926721448,9.069645566690216,2.0900396576965377,25.421514078711276,-0.8244288099465831,-0.6798458757405479,5.880762967195928,5.880762967195928,-3.091900680388386,-1.1768837978089173,0.7005886024338235,0.519603748213448,0.1336090602064469,0.4513050524550326,0.7130808604231683
26230000,-2.8204064641418,-12.436595174440091,-1.9136677946299732,10.593112105861014,2.4838364862728133,19.971487331935815,-0.7751211198518124,-0.7462016766509518,6.056707997276398,6.056707997276398,-3.102348669741486,-1.148938251422602,0.6994394857726876,0.532132494580922,0.08448450485285999,0.41561087510951633,0.7327789415243551
26240000,-5.318493560763692,-10.295865172404982,-2.262114953900045,11.628802765605405,2.1461484047776773,7.857804645904302,-0.6845699903672627,-0.7121312504350175,6.232621325044626,6.232621325044626,-3.081115709920399,-1.0948513111980298,0.6976965674505606,0.5304694393146875,0.036536438348001465,0.3848718151954694,0.7544143082512078
26250000,-3.9134901138939466,-9.912496145948623,-1.8727845908665246,15.805153617816208,-0.7583400815927123,4.415124272231366,-0.5852037148007403,-0.6035010955825036,0.12536486840646432,0.12536486840646432,-3.0885728906996377,-1.0642706969837812,0.6962601632773966,0.5335611423771359,-0.00911265305797064,0.35510604163348414,0.7675475008719976
26260000,-0.6929587756176265,-4.402031730728201,-2.668255569641974,18.680909370478105,6.121106854411269,3.7893629351345575,-0.4618854766867254,-0.46989034659083206,0.3013113260145843,0.3013113260145843,-3.0593270639143375,-1.002864760344758,0.6931598997211756,0.5398604648413187,-0.026153799784137448,0.3363246548995435,0.7712019085588869
26270000,-2.20904005871089,1.6109286275784414,-2.1662288359499344,20.76285724344143,0.11701734257352327,10.821796288045542,-0.3201395929328913,-0.3448943088892784,0.47722736520326237,0.47722736520326237,-3.0636200280316945,-0.970879682801732,0.6926643240898349,0.5268154985428289,-0.022942762398665724,0.33555364740539356,0.7806041313377261
26280000,-0.868782808021626,7.105811331218712,-2.497963332084917,12.151206115981545,-3.9224899921759673,9.183031776370335,-0.16815918251890435,-0.20483713337480183,0.6531524032203748,0.6531524032203748,-3.025850398639041,-0.9084012653685002,0.6920219304786026,0.5085816879226125,0.005751803893590034,0.34737943446938196,0.7878065193748327
26290000,-0.9231411523499237,9.811307729802815,-1.9427814297193007,5.231514564741016,-3.602914047123909,3.554536661971544,-0.014934918260186787,-0.055117399106643136,0.829081615526789,0.829081615526789,-3.027456750820298,-0.876349993783769,0.691017828376288,0.4858314033340759,0.04407937697520372,0.3666189373325944,0.7922218192205007
26300000,0.4242093063477638,10.748122327505927,-1.4651990571749995,-0.5724028967266244,-1.4373386536171602,-6.307946319856149,0.11747289067899692,0.08544789116635639,1.0050281916501405,1.0050281916501405,-2.9842107695812503,-0.8208120424613566,0.6899557367449076,0.47307033609082816,0.08975831521058733,0.3856657166772207,0.7870259569679475
26310000,0.5858620051711303,9.67544410597977,-2.391655585942164,-10.702360081921647,-2.3739900059046652,-17.463638853925925,0.2656432471890239,0.230272581424405,1.1809441055866756,1.1809441055866756,-2.9834989750322323,-0.7887535338338414,0.6859632717031132,0.45920358472842576,0.13931247709621067,0.3950755457622976,0.783351399206323
26320000,0.1433131575527548,6.837386844158296,-2.13995765814001,-11.302167401997124,-0.019183085413890157,-19.679249182528213,0.40392224813653227,0.35457795821568094,1.356885469043803,1.356885469043803,-2.937765476079984,-0.7404979295249825,0.6816526713303948,0.44868731212585533,0.17642601198297403,0.3986775316724456,0.7801344653151949
26330000,-0.7073389970126914,6.305782471134463,-2.359964857874042,-1.6742174315730989,-1.314514169495239,-6.156593373026695,0.5714558443000398,0.494063895620713,1.5328026016865834,1.5328026016865834,-2.9357974302886714,-0.7090347590981652,0.6732616625589671,0.4360207442559715,0.20905784608714081,0.40130830120161187,0.7779025484947009
26340000,0.2551108146522836,9.287012363895041,-2.150581869807803,0.7271632585519826,0.2186620121610914,-5.769684051212521,0.6678570254978238,0.6057746394187413,1.7087274649084208,1.7087274649084208,-2.8965930422563537,-0.6725319875415521,0.662887204336446,0.42231435016230345,0.2519440347244476,0.411082543223863,0.767584481129184
26350000,2.9050577382888636,7.888365875722685,-2.085540146994676,0.22932112108164923,1.7461213027549976,-1.891455992328244,0.6764969219825175,0.7088007346318488,1.884656626189738,1.884656626189738,-2.8930990719814704,-0.6411587477383965,0.6514462341149119,0.41961553508691046,0.29434604722148483,0.4143029861271941,0.7520879223102199
26360000,3.4480517018058237,6.620074372602623,-1.863114899312338,-3.4623196153927362,2.917087120508851,0.43377689348679405,0.8107223466978362,0.8072843482385942,2.0606009525763085,2.0606009525763085,-2.8529374518736175,-0.6078792914827669,0.6324876726082618,0.41291174884735815,0.33588954783368363,0.4119359179811733,0.7395883306251579
26370000,-0.34218412334964593,6.3747583491080135,-2.190428586322074,-5.475084476219755,13.101314628159944,-3.0448526648018372,0.8047899497576151,0.7454275712192844,2.2365193403874315,2.2365193403874315,-2.8148639080883577,-0.568020895336648,0.6201110399630567,0.39776744578778084,0.367251386329786,0.4146601685374578,0.731412621533702
26380000,-1.0412728730353555,1.836008898991921,-2.1995288813254033,-1.6641801487953432,-16.469405600282066,11.700096877616296,0.7457697987370048,0.702873532676472,2.41244409795236,2.41244409795236,-2.80810558704286,-0.535652579888799,0.6013660827949439,0.38301110251211823,0.37477087537200166,0.4125457367693278,0.7366514110478632
26390000,2.1116281730699624,0.28494728716481466,-0.8940200737714021,-2.5812969698604156,-5.100714007591358,7.71358064725052,0.6793714358242211,0.6545703994969517,2.588385386166479,2.588385386166479,-2.77181650661906,-0.4935287449998733,0.5864304905657567,0.3848879790747691,0.38056408227432903,0.40600988073292443,0.7363342988029787
26400000,1.6172487129973356,-2.3609396552760367,-0.15717132717824508,-2.249022157692272,6.138010464458864,7.491123223929065,0.6092640125926052,0.5854203540719713,2.76430656184489,2.76430656184489,-2.764320719093838,-0.4609112167056536,0.557902623110186,0.3915638941254003,0.37260347513887987,0.3988706004121984,0.7407743322082609
26410000,0.19071192083696198,-4.552874171734432,-0.3815428827176228,-0.19362485805936883,0.9298455345993387,10.71222615108557,0.5221250468251004,0.5149162473119587,2.940231712651908,2.940231712651908,-2.756682544078323,-0.4283224896968121,0.5422204957623993,0.3975282745301427,0.353858470794052,0.38936610404151184,0.7517642520231439
26420000,0.783461338549047,-5.034022469092096,-0.4394491329466634,-0.11212968761818203,-0.3788710536373164,13.262545415557442,0.43146539286173863,0.43284285219895585,3.1161608862298777,3.1161608862298777,-2.719207139864887,-0.40037487440153463,0.5172013901538923,0.4062103574493217,0.3345051856252874,0.3773285329004073,0.7620515760431918
26430000,0.26821683500992666,-5.573505199027452,-0.8693732649086634,3.1431834333236215,-1.4301206784015243,21.103200136560538,0.35392520335765837,0.36217060239505555,3.2920901521478214,3.2920901521478214,-2.678339978431357,-0.365357956761333,0.5005524851424155,0.4132703414677373,0.3123168122163893,0.3635039595107413,0.7742936814220726
26440000,0.09195418750050846,-5.9844510119069065,-0.9705961661300107,1.7065396940932422,3.0296524330776893,20.394198329285295,0.2786964379778252,0.2996359099114186,3.468032794120475,3.468032794120475,-2.666517207676735,-0.3328152972104436,0.47675743756311645,0.41963477442292657,0.2880464808306655,0.3484879817507069,0.7870781457716939
26450000,0.4476011621641759,-4.973526209829486,-1.3171535186803471,-0.862002788467491,-1.400632056688508,22.404860551835625,0.20684604796631118,0.23607157944137153,3.64395359755828,3.64395359755828,-2.623354937509281,-0.29899035619843595,0.45990912665743605,0.424265330042087,0.2697542151971701,0.3329721620926456,0.7977224657604843
26460000,0.20000181272565926,-6.063281835096294,-1.6406114560424652,4.0445155245610325,0.49397513266812526,26.507131371169557,0.125135784910784,0.17247977935291747,3.8198908681414565,3.8198908681414565,-2.6088014739395597,-0.26636247681466513,0.4374270918690613,0.4294059045365381,0.2462057212486527,0.3144475253383679,0.8100099170887753
26470000,0.34372794773770754,-7.328178939942381,-1.6475818205034354,1.9191597864854262,1.9558157479960345,23.770939454735533,0.05792821780337409,0.10782230152396285,3.9958247125639588,3.9958247125639588,-2.5690923643936965,-0.23275151788461912,0.4208619330074332,0.43625942514223387,0.2177091824782257,0.29251984968598876,0.8226254089067009
26480000,0.27857332602014334,-8.320699045845414,-1.7616089518569793,4.708430741188987,-0.3118546132811775,27.82087281758657,-0.007836789583861723,0.03964716812142599,4.171753949896711,4.171753949896711,-2.5524560478383878,-0.2000457611174179,0.4054930558222118,0.4435552471984696,0.18474734188835445,0.2677858385017698,0.8351155052121808
26490000,0.04540733827869525,-9.90132077738871,-1.8140464411190358,3.7537452978379964,1.7479527038740839,27.211170188950415,-0.0865030846513571,-0.03826784463013515,4.347683070686131,4.347683070686131,-2.5148409908479414,-0.1723835785848004,0.39023307132207824,0.45071852435102344,0.14470424068534884,0.2389907707038061,0.8478189111201243
26500000,0.4815302189389431,-10.778946869753316,-1.7112581074305142,3.872307011591693,2.4180110019265193,29.62481066011789,-0.16724134630705378,-0.09965994562257746,4.523599945229378,4.523599945229378,-2.4964047067509547,-0.1405250659429895,0.38093001072810534,0.45941201737297355,0.10106237744262628,0.20782192390911816,0.8576345620960315
26510000,0.33230143213869984,-11.222436418747511,-1.9837466541099458,4.337623848978003,0.4081403978822751,32.273656637575534,-0.23922146915432482,-0.17582280626972355,4.699523820360312,4.699523820360312,-2.456149403488227,-0.1206648942938946,0.36789029864756023,0.4662215023904407,0.05600655901442529,0.1739767802003077,0.8655823796769999
26520000,0.10051398503171415,-11.074754011903742,-2.01977659619966,5.300943772804734,2.631366054695536,33.99916644333221,-0.31377580924594195,-0.2627831578015834,4.875465186600323,4.875465186600323,-2.435363380507714,-0.09067811835411803,0.3608716822787346,0.4702763366136121,0.011424032292552785,0.14005872609967895,0.871259554869153
26530000,-0.08620554605634576,-10.956631800132307,-2.007714083506239,4.910247277286996,4.300290033228947,32.6425993781928,-0.3896439643573358,-0.3303485202298729,5.051399748293207,5.051399748293207,-2.391136195751092,-0.07794882968477189,0.3503238411880146,0.4718738462444855,-0.03251920067265533,0.1061357374610104,0.8746500900655386
26540000,-0.16033411520273871,-11.65969192649826,-1.9795527451281272,7.088009685369908,1.948254534535757,32.58049418896643,-0.4702572021194593,-0.4049572338950232,5.22731669052736,5.22731669052736,-2.3674814296122335,-0.05056799775978414,0.3500873058043776,0.4720245042301326,-0.07970431036026342,0.07065712077904104,0.8751272259503234
26550000,-0.8317791081821845,-12.596874031043175,-2.0061217647039116,7.9642313500786,2.22095834509477,29.978085386139124,-0.5624095941308818,-0.47121943104665365,5.403240529912537,5.403240529912537,-2.3175300633971547,-0.04477979632746107,0.34279805929160395,0.4677841891545674,-0.1307956745302694,0.03254703657944358,0.8735050854523242
26560000,-1.1495341120158427,-12.859679992649077,-1.9506350029449542,8.817196094107697,4.88840500643881,27.484411197960753,-0.6460040122658413,-0.560869771486243,5.579169841561978,5.579169841561978,-2.2901560567700407,-0.0207807462680972,0.3469916222651847,0.4602116454537535,-0.18253087411811003,-0.005959242685323832,0.8688223114130097
26570000,-1.257110874145557,-12.77541253414584,-1.8457622926506405,9.739591569641394,3.7340341835511532,26.942922982849094,-0.6969140474025335,-0.6733294832657895,5.755110142846107,5.755110142846107,-2.2358733430609754,-0.021760711880597083,0.34273872441896774,0.45023003461468813,-0.2332643148749521,-0.04361531664302784,0.8608010103914288
26580000,-2.016354042967664,-12.786833910456748,-1.782857351232221,11.939861272006207,3.1096092722396067,25.872892768926338,-0.7289276842080487,-0.7573659566364375,5.931045891491024,5.931045891491024,-2.2045523750240363,-0.0018938159610829286,0.3485342927906208,0.43500914918556643,-0.2832256557560298,-0.08137432472824242,0.8508398717276002
26590000,-3.9625564530181707,-10.943613725672774,-2.0273528575776636,15.876534447085449,0.2590378844191928,19.924006104521986,-0.7028777554695873,-0.7484708997063226,6.106964362711167,6.106964362711167,-2.139048831480825,-0.01887160227942053,0.3465132593634231,0.4108138999846875,-0.3240718887158978,-0.11766772693061425,0.8440163840604425
26600000,-5.069944428869676,-10.763080766418796,-1.7532046783264827,17.38040319751656,2.543278475211522,7.749701367032652,-0.6224787265245981,-0.6830804829067055,6.282886589133696,6.282886589133696,-2.1010701142218267,-0.006976722944890296,0.3491817233894153,0.38113528766378013,-0.36672784302713024,-0.15163880427435816,0.8350163200107882
26610000,-1.997459377086738,-6.865298805617224,-2.2392763232261297,20.928060394393263,3.5806539614827773,5.435316726173814,-0.5011112992445024,-0.5587899379698875,0.17563033190690902,0.17563033190690902,-2.0388521286126866,-0.022561443921408617,0.34744619939862936,0.3675184486955718,-0.3943552772353162,-0.17324255149440887,0.8242579229444899
26620000,-1.637580618069301,-1.2485149353389176,-2.296829159912845,24.948987044173506,1.0194169850689605,11.823238084661167,-0.36204790474941095,-0.4143971971145775,0.3515595152365947,0.3515595152365947,-1.998280644753702,-0.014154991460419292,0.35292922439714064,0.35915186610124983,-0.39671587108829104,-0.18469706594742152,0.8243260571721983
26630000,-0.8991758604377363,5.254957850500469,-2.5076591403453325,18.96415172882727,-4.623412709386557,14.3022761716982,-0.22171765345701552,-0.2807908231326971,0.5274986672659949,0.5274986672659949,-1.9447347075359835,-0.029410039751700243,0.3534163634601644,0.36014804479850304,-0.3704772790782277,-0.18475845021262327,0.8360049560795906
26640000,-0.7288871112724735,9.443736567287127,-2.057755586355419,10.208012158353126,-4.680576376364286,9.57254612696391,-0.07879265794489196,-0.13002470344918704,0.7034354784237209,0.7034354784237209,-1.904525388568568,-0.024460218145755414,0.3590162767505192,0.36417589460402,-0.32683587126416486,-0.17536267689772747,0.8542845911027656
26650000,0.2351627637344474,11.091936634761725,-1.542993484488825,3.6463395931880465,0.5707982945330509,0.7975362247814309,0.07368470204125008,0.02220221689593348,0.8793548669663593,0.8793548669663593,-1.8576467747061833,-0.038902631847086616,0.35915930726536144,0.37839894667085167,-0.2804147550872365,-0.1599396554594189,0.8675258548880704
26660000,0.6359045943628431,10.52222640547436,-2.009788318909622,-11.04064867197844,0.3263914529306222,-15.28099983565379,0.2271127922686044,0.1630826176123651,1.055276210255606,1.055276210255606,-1.8183516453882307,-0.03685198949921718,0.3611358133020515,0.3973172259489529,-0.23146353791921742,-0.1487521036260072,0.8754635710553498
26670000,0.45569767632827046,7.36020520042153,-1.8829288698649367,-14.38572329080715,1.1810691859533735,-19.657727878209915,0.3700676735706945,0.2904172905720749,1.2312146080343993,1.2312146080343993,-1.7774437652349024,-0.0525043921369574,0.35732395765047337,0.4130853942176048,-0.1940818638207536,-0.1437452569006583,0.8780831329313371
26680000,-0.27508753269004194,5.88297417436241,-1.9520456739664043,-4.793518845371902,0.7264577236594716,-8.433083240509983,0.5439998759261103,0.407717574208162,1.4071521867795624,1.4071521867795624,-1.7398493097021859,-0.05397453759007867,0.35795788871665685,0.42460212159832267,-0.16416423033749544,-0.14126830533543275,0.8790940846801074
26690000,-0.0018665503302066394,8.174712365984528,-1.9919731315024247,0.47138880576641434,0.08858665969826941,-4.189438143498902,0.6810604202869404,0.5357441363147789,1.5830724960095992,1.5830724960095992,-1.7020822515721026,-0.07260047544240522,0.35256585205871244,0.4378520835051916,-0.12703892780127346,-0.13165226199671076,0.8802353922130234
26700000,1.6079693405804298,8.34133354503005,-2.187031853831086,1.6750571446492009,0.9787744344109791,-1.6937657459221516,0.7385779013224615,0.6543412452628766,1.7589929255636818,1.7589929255636818,-1.665611994386683,-0.07845963520946331,0.35199647282647956,0.45469722508582444,-0.09250581043127526,-0.11937502674618322,0.8777486607936535
26710000,2.8200277037596018,7.856554019211306,-1.5314248562326562,1.546915545191788,-0.49813549549938474,1.8452454181917766,0.7941548173798276,0.7391497432772405,1.9349307453770663,1.9349307453770663,-1.6309003786922631,-0.10015429571797782,0.3457585161201511,0.46987997691241234,-0.05918941282823178,-0.10525292721968621,0.8744319539092379
26720000,1.3016077334719347,5.925395263123446,-1.2586530765782613,-4.706499313062549,10.128129212878004,-1.157952322415833,0.7946955171028343,0.773738155743296,2.1108606926894637,2.1108606926894637,-1.5960346898664588,-0.11060223620356216,0.33902348668736576,0.48066730528979884,-0.029782103896814172,-0.09730580707664516,0.8709785002065696
26730000,0.3612747335487118,2.4644925703321734,-0.9428912678609244,-7.227476125247346,-0.6163494465245196,2.547157729618427,0.7709871995277843,0.7475683285141689,2.286780503577681,2.286780503577681,-1.5720697856140637,-0.12556623097555517,0.3296116549767962,0.48346389853387034,-0.014568952378923038,-0.09707791702545773,0.8698426768485268
26740000,0.8371917926845152,0.3989324018174214,-0.7548279753818622,-7.374742649644243,-8.64349472458877,5.131945341179888,0.7530965758756064,0.7088127751253522,2.462709627931922,2.462709627931922,-1.5444681152928725,-0.1341655396674353,0.3180190717409909,0.48432260942065863,-0.008291910464849317,-0.10128993193573094,0.868966744998485
26750000,1.0101369679834813,-1.3916331598725176,-0.5799109104534838,-6.240144808047857,0.45586671219200076,6.156035567153858,0.6982231627956975,0.6433188622725797,2.6386462546301956,2.6386462546301956,-1.532603401996929,-0.13824635389643095,0.3047717793915437,0.4848831671182462,-0.009067512575752914,-0.10990815101163598,0.8675980018431756
26760000,0.3679085105121524,-3.2406020540952913,-0.3003878703493799,-3.4318250040957277,1.5776866667717209,9.828242067125124,0.6298143420181043,0.56151718454759,2.8145783801276636,2.8145783801276636,-1.5148984570405193,-0.14060253691768163,0.2907066705773362,0.4806111786733962,-0.01994092007587032,-0.12087304941151965,0.8683345902166152
26770000,-0.022659844753766537,-3.980140551284239,-0.2779784859119857,-0.5277782457962729,-0.8557170856560306,13.37392597355223,0.5358273165010052,0.48797534624900485,2.990497064884657,2.990497064884657,-1.503219519940782,-0.14407269505624334,0.2760776811271643,0.4734354370658647,-0.036080465547070936,-0.13218358660109578,0.8701060776534266
26780000,-0.05604831189858224,-4.345176466295243,-0.3938098369622237,1.5903755379267674,-1.4594425135735225,18.59910157337585,0.45664646679399706,0.4168011722371146,3.166426249723081,3.166426249723081,-1.487618279991843,-0.1465152357712095,0.2612350590469327,0.46556532086097585,-0.054079152178603394,-0.14438300449401983,0.8714803069057498
26790000,0.08071038453616443,-4.313820650380704,-0.6302319682769176,1.9230592733674736,0.38747225589489076,21.871994710531215,0.38553421824878753,0.36191174282220756,3.342355483411829,3.342355483411829,-1.4644875439079956,-0.15016555217902916,0.24645885156651753,0.4580424977233756,-0.07140219697993198,-0.15732294080950862,0.8719795231774761
26800000,0.06649288069005885,-3.753891830068988,-0.892792033218745,2.279044359441199,1.6968294530629804,22.477326259377882,0.32445688813896,0.3263193543907103,3.51828464226093,3.51828464226093,-1.4463800049996969,-0.15766262805018494,0.23141640834241978,0.45067439886209115,-0.08563002576640943,-0.16996898650691827,0.8721643357322908
26810000,-0.11151741619169281,-3.566232691651546,-1.0116143773474358,1.8247742564207354,1.1944435155642403,21.993465166001606,0.25743843428233687,0.2644738076679266,3.6942137849983325,3.6942137849983325,-1.428859464296937,-0.1730659359500361,0.21672602006711533,0.4425642220025334,-0.09838272745406264,-0.18276732113735056,0.8723840064250769
26820000,-0.2445594879760307,-4.0992705153779205,-1.1476342732826064,2.6799997859724707,0.24720938525096267,23.821557901853865,0.19391664247987875,0.19133850866463556,3.8701479076798293,3.8701479076798293,-1.4063975139357097,-0.18437733714739887,0.20282174714693874,0.4332209304618842,-0.11306991992945117,-0.197240508070266,0.8721416172807432
26830000,-0.0901336248615949,-5.061179308061935,-1.2167978629592446,2.4725265320725667,0.4516814502109547,23.818953033234898,0.12140578466611306,0.147219638044161,4.046089718140244,4.046089718140244,-1.3780732354424048,-0.19835494225014622,0.18937390351116817,0.42337501419297746,-0.1317174812897609,-0.21386175436005098,0.8704408380250889
26840000,-0.0014116087331651505,-6.7234558985876465,-1.210507611877862,1.8313704278650806,1.5586695281861283,22.137125953782096,0.05082641404162822,0.07941236064752276,4.222017846522924,4.222017846522924,-1.3497088037720053,-0.2129487110077543,0.17769531481104367,0.41165902910155855,-0.15737011789970107,-0.23372012376567136,0.8666870216510432
26850000,-0.10437439823058403,-8.54072319527688,-1.2496423587362173,2.934248055070941,1.6251286457699499,23.117266012080197,-0.01002631174459268,0.039779349899632395,4.397933540785793,4.397933540785793,-1.3183569529692685,-0.23120090599600207,0.16663341902589252,0.396969944311044,-0.19104450331387904,-0.25691974529738626,0.8601796937521637
26860000,0.10962987328107755,-9.447509287270442,-1.222211957372129,3.2238728518031086,0.33352858199442365,25.561538142254008,-0.08134576936437504,-0.04828111481902537,4.573877155698931,4.573877155698931,-1.2864525239780589,-0.2517519637915796,0.15755557014937355,0.381098158575606,-0.22777524094297538,-0.2809195321473256,0.8508624152010591
26870000,0.2316629776241124,-9.664707006538347,-1.3235746949076386,3.4672773456670414,0.04966391685396444,28.931396113875067,-0.16341150855399705,-0.1265912048367863,4.749806565790486,4.749806565790486,-1.2564118351177949,-0.2736086504118159,0.1496564138853358,0.3646991652703486,-0.26400773328979676,-0.3047722612271382,0.8392903576241012
26880000,0.20897626132995203,-9.74216888144477,-1.3794749611902157,2.231551400091871,3.22985217110446,29.273053035542166,-0.2591787560830027,-0.2119796070637826,4.925735700146781,4.925735700146781,-1.2258560567358812,-0.2999370222051848,0.14454017130868696,0.34785654016767814,-0.2996538678829753,-0.3284989711872397,0.8254040300690748
26890000,0.3066961939734161,-10.010047526932004,-1.3171010559515925,1.467555217883313,3.9232136590553046,28.07205926836556,-0.34356324087893514,-0.284369616762258,5.101647424365574,5.101647424365574,-1.1975939182684097,-0.3246390592296048,0.1476362497273025,0.3309972995853798,-0.3350880082870792,-0.35159994759090185,0.8090329358088333
26900000,0.40830537629493446,-10.38910771964863,-1.5066311523099054,2.3089560827952798,1.1377211965527736,27.22106886641291,-0.41422781232378175,-0.3619601026313547,5.277576519570054,5.277576519570054,-1.1693411802238047,-0.3561916750843763,0.14696159731859265,0.3137125448349846,-0.3713168810518392,-0.3745276023922945,0.7895804506859143
26910000,0.30869918934989654,-10.971715363607997,-1.6163050726115091,3.54477931783979,1.2529867113912603,25.42170247809651,-0.4922099308998426,-0.4519576279358872,5.453508944998639,5.453508944998639,-1.1445790029496055,-0.38189024168131447,0.14427884532552526,0.29338689677879387,-0.4089324759398887,-0.3979283500879128,0.7670406684892878
26920000,0.11131168441043775,-11.553882536387013,-1.589403645436318,5.373477170331488,4.76524843818715,22.87965522210632,-0.5899753717990154,-0.5485169412649629,5.629451994427818,5.629451994427818,-1.1216400890270453,-0.4161841538440484,0.14461022679738345,0.2702580521037087,-0.4471239644494793,-0.42106665912629127,0.7414469733300647
26930000,0.29874830539391267,-11.495895136660849,-1.5475080599821949,6.285153419390485,5.90877891983046,20.910186434484,-0.6446610871205856,-0.6525791497933725,5.805367009113915,5.805367009113915,-1.0985424121292207,-0.44554341807887665,0.14292114323873795,0.24713932011723,-0.4841255481348369,-0.44200886092466124,0.7135634358339983
26940000,0.8102560581619485,-10.253671113171634,-1.7032830427652965,6.078517817451876,5.6704074062885566,15.759697467773282,-0.7297633461125984,-0.7335702059900409,5.981311172864359,5.981311172864359,-1.0785960546467006,-0.4869048445791605,0.14468752355754522,0.228258359011073,-0.5163705729438876,-0.4591152820700589,0.6859101331143198
26950000,-0.03676889656747714,-8.355793320514321,-1.77893250040322,7.469468706410987,1.4657277421667447,7.398512232145957,-0.6647892886501265,-0.7033583138717716,6.157240228777589,6.157240228777589,-1.0577814113339208,-0.5167604100216161,0.1418722309926006,0.20951168885129856,-0.5404959806348397,-0.4743393013044119,0.6625489977279433
26960000,-0.7912374925089177,-6.953527543055719,-1.5997716578761774,12.065140025392925,-5.789264033310564,4.009868396002371,-0.5977732110968268,-0.6113635724110452,0.04998383036459586,0.04998383036459586,-1.0422476654726738,-0.5597837564830167,0.14093766243786177,0.18952698743906107,-0.5603425577862106,-0.4862975632813259,0.6431255079006943
26970000,1.831824762793844,-3.2413764611965505,-1.8889589945660195,17.482552991267234,-3.637788117556693,5.90465984907381,-0.4608877776427397,-0.5012195157251207,0.22591068216067356,0.22591068216067356,-1.0254550966341525,-0.5880090562932793,0.13739026631460471,0.18747471376262265,-0.573870495389536,-0.48747383913209347,0.6307893011004618
26980000,1.1214173250013104,1.6567908355666616,-1.7835788249466558,16.49675074536447,-2.9218082262435927,6.7917024557101735,-0.33776377007980857,-0.3663592067255748,0.4018246141921793,0.4018246141921793,-1.0183885650281141,-0.6281169216246373,0.13665520202262033,0.19509356748071127,-0.5697009764762471,-0.48596934367301925,0.6334138412915167
26990000,1.7535176949990163,5.7680827805715085,-1.6207014721917097,9.879829525295275,-0.34642170864154376,4.03417718568158,-0.2239419033434802,-0.24441099303497865,0.5777538122635235,0.5777538122635235,-1.0047484910552362,-0.6540647123570575,0.1328615943446212,0.21511871816669945,-0.5553598250189983,-0.4775088859546642,0.6459757469777944
27000000,1.956236651872134,8.019020842956682,-0.9747719300395432,3.992966675841784,2.6041016591574886,-2.8491173690631557,-0.09519118565397516,-0.12041287849971638,0.7536830112831865,0.7536830112831865,-1.004677070440327,-0.6887603393581567,0.13222682148368092,0.241889276613702,-0.5384785445532542,-0.4622235624589037,0.6617248772888238
27010000,2.3232407324692046,8.667407831000826,-0.3351756142592502,1.2011960640388886,1.7525819736410704,-10.22161290592457,0.016767351482235526,0.0074298438924072455,0.9296121649005329,0.9296121649005329,-0.9933376143360538,-0.7143055358279751,0.12686917200614778,0.2721731510657774,-0.5199781129526607,-0.44308048864236627,0.6776608432494514
27020000,1.6407291130365544,8.15756373446262,-0.5207505864056237,-4.0532089733579575,-0.07673714625260361,-19.722194519645132,0.12888085715463496,0.12240292239481969,1.105558852563803,1.105558852563803,-0.9986725741826858,-0.7476878184612437,0.12412763805230542,0.30090162301602263,-0.4997992056652789,-0.42698068169758063,0.6909026449071888
27030000,1.0679414471383921,6.255604095139433,-0.7130484886953518,-2.4393585408516216,1.1865652558490414,-20.644370367957436,0.2657467312687205,0.2110335708789301,1.2814706832367904,1.2814706832367904,-0.9882118622093073,-0.7753630208260373,0.1150577942207252,0.32355904394724244,-0.4842429131149374,-0.4150175580796587,0.6989841004368432
27040000,0.48913658166211976,5.9095093161741925,-0.8808072294797192,1.3088856290753677,2.1914946403522992,-17.262968575395757,0.36906912625220994,0.33554870204785425,1.4574172270327779,1.4574172270327779,-0.9950919470540832,-0.8143908133827804,0.10822863711375574,0.34295791064895154,-0.4684228394330505,-0.40458461840871573,0.7065912549471994
27050000,0.24556969224910144,7.15706152465947,-1.213461886660753,2.468425667201652,3.498323542193345,-14.41870845454472,0.5024668072977285,0.4323923446430974,1.6333306085873858,1.6333306085873858,-0.9861146582914255,-0.8417583947353866,0.09615497178052812,0.3642936292078451,-0.4467195601658717,-0.3932286547966561,0.7163120907332219
27060000,-0.32530442217864886,7.7881347760220345,-1.15264691087587,1.5308286385931322,2.8877100786828067,-13.652041224587446,0.6407576837408805,0.5484932586708366,1.8092755087542685,1.8092755087542685,-0.9964077311801557,-0.8788729806048041,0.08650685085363036,0.3845437392394356,-0.4209328846217606,-0.3812882056944682,0.7277093674359632
27070000,-1.2027140382117483,7.62111521344545,-1.5387581711298335,-0.2845386225460887,-0.5948923963045943,-13.308629963743735,0.7119365922034576,0.656520804758901,1.985190159520556,1.985190159520556,-0.9887953827137274,-0.9044108160015274,0.0721337831504672,0.40200537084022914,-0.392350412999321,-0.37249790358573903,0.7387138465326757
27080000,-0.9342171656392643,6.993518033142799,-2.1884901258176077,-3.732678553557495,-0.2973094226969684,-10.083161114242214,0.7809395457825106,0.752128348130189,2.161133729927002,2.161133729927002,-1.0021341313274694,-0.9336979619927002,0.06078370035154984,0.4209742245771007,-0.3625743690757022,-0.36776715244327246,0.7456995713521848
27090000,-2.09323953477422,5.307749834610213,-2.705305555130844,-5.2014505236226825,7.106879754899329,-2.9186262537935748,0.8390171768003193,0.7797818498262379,2.337048385681925,2.337048385681925,-0.9951239554431852,-0.9574039790351672,0.044068029521980856,0.43225042691933785,-0.3316218259939297,-0.37271535882734097,0.7511789362373712
27100000,-2.331750502612539,2.2281994916783474,-4.042220070664242,-3.012853995858839,0.3937103389985583,2.7086622348395415,0.8008018936452378,0.7968580194494839,2.512991578384998,2.512991578384998,-1.0082802983882846,-0.978333177253744,0.03243921290261914,0.4333376004752503,-0.3059908996349881,-0.3899840560772756,0.7526622943660984
27110000,-4.012902119195689,1.5735159264749718,-3.043106258837033,-8.581517178579615,0.47353391446066256,1.1878563371790205,0.7027669613369227,0.6918767357040259,2.688907801894146,2.688907801894146,-1.0025180378858245,-1.0008979871214216,0.01380073721887698,0.42813209854436884,-0.2810315963326303,-0.40789521431186126,0.7558740914995098
27120000,-4.387356827664214,-1.2138956140696393,-3.3747687903870207,-6.172339715784717,-0.03405534528850583,6.646901622924359,0.6393745318536278,0.5842129362010748,2.864832969936316,2.864832969936316,-1.0225799106628874,-1.016197538266913,-0.00015703648909032308,0.4127013636999346,-0.2647631630004346,-0.4326014786849796,0.7565936905352758
27130000,-4.398192632046702,-3.2678035221393644,-2.3968842430959802,-5.454997968325592,1.399002809515006,5.64136506980913,0.5480538113568184,0.5050269911604044,3.040775036343433,3.040775036343433,-1.034510685396079,-1.0380933959401404,-0.02036604083528548,0.3917444514873612,-0.2572832712100416,-0.4574709839686253,0.7556863780108152
27140000,-4.7009098041905695,-3.858749037213923,-2.322001233376753,-3.3750124046195573,-3.75217885613921,8.253819358517491,0.47616212486764203,0.46074492146464646,3.2166914544835947,3.2166914544835947,-1.0296251235531464,-1.0617940311232017,-0.035526437973896374,0.36524495193749806,-0.25291687654865636,-0.48175816689857853,0.7553398223763712
27150000,-3.8382524193722407,-4.145249968215412,-2.157929728092588,1.1549299380758042,1.4421823813459644,15.8661543160013,0.39931731608675763,0.40367501717061993,3.392633172990287,3.392633172990287,-1.0410834981327761,-1.086396427485257,-0.0565304721289106,0.3388453402848241,-0.2528053767975682,-0.5034308813848243,0.7535453698999155
27160000,-3.064199394084959,-3.137856651109287,-1.8544572885332116,0.36891577257210334,-0.48475476754664476,18.648917845746244,1.939230264897592,-1.6724660092414139,3.568567466390192,3.568567466390192,-1.0346199928989626,-1.1100081915990359,-0.06929869715077785,0.3173264481802907,-0.25067142963199546,-0.5209247913660394,0.7517347413760929
27170000,-3.7180520317597345,-2.557606827091142,-1.953240152153962,2.5233632747539456,-0.8483582125421791,22.40330853807359,0.8923313251798832,-0.4547347174144271,3.744483777959175,3.744483777959175,-1.0304621301251964,-1.1337941626642918,-0.08974167048268875,0.29426531988391635,-0.24472915271760304,-0.5380005759568574,0.7510465655296151
27180000,-3.202821649159484,-2.2778281045606876,-1.7683430180280049,2.6946210894764544,-1.1151176536778535,25.122785865636576,0.23646897115660992,0.25627881862248614,3.9204238216766782,3.9204238216766782,-1.0477303320970672,-1.1600588426145084,-0.10012935392245509,0.27331351605165194,-0.2390949010383749,-0.5529261432334631,0.7499373509633328
27190000,-2.8944359186105464,-2.905959230210257,-1.6655909704092895,3.9260904378982464,3.7224033371102463,24.057476941498944,0.1632568306929187,0.21318900609967456,4.09634181559349,4.09634181559349,-1.0615411378371742,-1.1949149061435278,-0.11867485204941067,0.25093126336522814,-0.23702624176390247,-0.5673632741745818,0.7476302407601696
27200000,-2.495272228323431,-3.6091895326557664,-1.675399570037639,3.4048232409729295,-0.025180686858219555,22.16437302947764,0.10237118117944397,0.1636632055271504,4.27226659065289,4.27226659065289,-1.0576318127509916,-1.219317926297165,-0.12169600786448243,0.22799493278356958,-0.2382280048473892,-0.5819019910052902,0.7434082332040232
27210000,-1.5860025792503514,-5.142864107408273,-1.4608077016692744,0.8602808711022558,2.1080722914851417,19.433879696519504,0.055297583349344606,0.09825255609847909,4.448195875596667,4.448195875596667,-1.0547698804300505,-1.2443861369415619,-0.13868813144134945,0.20424753219711192,-0.24670333593703467,-0.5961686404339336,0.7362087759542695
27220000,-2.0769200035513697,-7.027518957865813,-1.2670823014573873,3.8505971026581647,0.4779413107710723,22.40582660389683,-0.012343710617227248,0.03965249514144024,4.624140448401448,4.624140448401448,-1.0720280388673689,-1.2822778773334869,-0.13861001072827464,0.17181731589967833,-0.26133479811736954,-0.6110144397320219,0.7272168092728244
27230000,-1.8639770180357704,-8.04506948430018,-1.0142101131962047,1.7497313083773969,2.393935495369724,21.75260529289722,-0.08189757868035966,-0.03304041055477285,4.800071925258322,4.800071925258322,-1.0699979074647046,-1.30782332663931,-0.15401150649490597,0.13764494225209425,-0.27880577105639504,-0.6247827847048234,0.7162176232365083
27240000,-1.423744095317547,-9.042839933715063,-0.7075595760269519,3.0812313367760327,2.0931084749256863,25.551965811941443,-0.16187152201726304,-0.10042311543211992,4.975987280072644,4.975987280072644,-1.0943326575392556,-1.3477988974275694,-0.14945649526246532,0.10141937634488839,-0.30074564226323586,-0.6360456833399015,0.7033577023578867
27250000,-1.4121674219364477,-8.863927708734437,-0.5518006978085258,-0.15811960587348572,1.4797401978220648,25.556758536937867,-0.24667232450681223,-0.17641378006656985,5.151912650014111,5.151912650014111,-1.0931763674732513,-1.3738176615895104,-0.16276007296218498,0.06733453328260325,-0.32077869588801317,-0.6456014632957662,0.6897578121937912
27260000,-1.1575761704743572,-9.35089694580888,-1.193428012437866,1.2146697746849275,4.133038012158976,26.289633079895438,-0.32738745990555984,-0.24922841176901434,5.327841712967057,5.327841712967057,-1.1185741497382087,-1.4055453440274088,-0.15448021065822737,0.03436157653904631,-0.3423684060196649,-0.6558384706825179,0.671921912866459
27270000,-0.7272699552436193,-9.36639027397926,-0.784813664288615,2.083682651849838,5.642741163757817,25.721623567280783,-0.4113521837047152,-0.3300853217584295,5.503783670807337,5.503783670807337,-1.141895071488851,-1.435830145954754,-0.16475051883165942,0.0028953389925410605,-0.36487538831841765,-0.6625781884720826,0.6541006896286349
27280000,-0.437327306297669,-10.16321055202662,-0.7302068250719238,5.834943893740936,3.4316145212789557,26.740082194054345,-0.49068920161226126,-0.4155243117466257,5.67971765121311,5.67971765121311,-1.1440070306147725,-1.4624743615071207,-0.15764443117414573,-0.03178365040586836,-0.3903869875515062,-0.6666286106830812,0.6341877442335849
27290000,-0.2575036885174989,-11.226226212556787,-0.9464856967851359,5.606446142404571,2.635974865229706,23.10966449465468,-0.6580728727460909,-0.5062640703328779,5.855646805598752,5.855646805598752,-1.1672399465969137,-1.4859075253287954,-0.16484430566259545,-0.06853863513457388,-0.4190775951743706,-0.6689885675674346,0.61002518077603
27300000,-1.587036229626129,-10.480091721922443,-0.9585738486447092,6.2803460024041975,10.201114582810334,18.042303459023938,-0.6561609262263441,-0.5835100028215594,6.031575885294075,6.031575885294075,-1.1710997789822062,-1.5121278569476195,-0.15221461258850946,-0.10241427723946454,-0.4412094656007629,-0.6737109450444501,0.5839170196261806
27310000,-1.7611011051284091,-7.0331983754893335,-1.6681742662635153,11.818887648803027,-1.4765309588634263,17.89469877507149,-0.5502051689642751,-0.5727932921749249,6.207505083648158,6.207505083648158,-1.1952680548448549,-1.5350628102577637,-0.1566430625874208,-0.1298854203330402,-0.4513745220561996,-0.6790027246004561,0.5642216926072623
27320000,-1.8186789399542185,-7.704817075181347,-1.4152757183787796,10.670646885907123,3.9478773291137683,4.144496496787219,-0.4634371872258025,-0.5038625793968671,0.10024895518160548,0.10024895518160548,-1.200924641842068,-1.5609759960119658,-0.14246750255069732,-0.1618593332556379,-0.47089769843698104,-0.6785985235376927,0.5399638485095629
27330000,2.217423112199219,-1.9080071016566453,-1.510080674941101,12.62468630886788,5.849936972962856,1.4825867255657497,-0.35150284529420345,-0.4017443645569834,0.27617812171599354,0.27617812171599354,-1.2288785878978048,-1.583727322206432,-0.14533553833203608,-0.161823227911487,-0.48904280182096543,-0.6725838026295953,0.5313016180435747
27340000,2.594483622414747,3.713400019240764,-1.7540531061456879,16.512071541492457,0.7784989085333829,8.50920180022906,-0.2296429918928675,-0.2811564279865295,0.45210728049222126,0.45210728049222126,-1.2368238708506671,-1.6093434096181731,-0.13435576769449528,-0.14339697516279468,-0.48657037400682523,-0.6717280538013898,0.5398777643033805
27350000,2.6197683035492005,7.61185117048229,-1.6602673845337481,9.622470724619275,-1.5313178391212545,7.537442394888624,-0.09305347914566495,-0.15283913635875043,0.6280242108331962,0.6280242108331962,-1.2647342506946182,-1.6333840095008725,-0.13610854466647468,-0.11085168451823572,-0.4714650008011847,-0.6739213266705258,0.5579092242629143
27360000,3.5263626352486237,9.64477700367835,0.5056782367282653,-2.6486321486540567,4.123643908990992,-10.978037243005478,0.03753232777148077,-0.009988920655839865,0.8039479865539718,0.8039479865539718,-1.274561184929786,-1.6589787732563386,-0.1293348902936183,-0.06830573105100649,-0.46096845593693386,-0.667226467842906,0.5810776629217356
27370000,2.225303357900501,9.220423379705606,-0.9581779264150756,-5.170611642776492,-2.1191726954664456,-14.279433778616962,0.16653258740564533,0.1126791097590114,0.9798771768212831,0.9798771768212831,-1.3104831875442942,-1.6881487237202302,-0.1337347733532538,-0.028659210627020225,-0.44737833840243585,-0.665417651894511,0.5968673391313242
27380000,1.3248070184914813,6.753011007732983,-1.0084025272807164,-8.867356849037328,-0.6742727940883654,-20.653926040326397,0.2951304801932096,0.21201075311901868,1.155806358158948,1.155806358158948,-1.3238818315908585,-1.7147315265489576,-0.13103663428274104,0.002131332793789097,-0.43762458771269375,-0.6646797201073578,0.6055419451432095
27390000,0.6979629306595048,4.492697524023912,-0.7340956267511075,-3.340819187565659,2.861968314104806,-18.996768391183394,0.40579802261260384,0.3154206261406914,1.3317354980739609,1.3317354980739609,-1.3618982417031513,-1.740148659026025,-0.13980964219218833,0.022616251858125054,-0.4330747670175709,-0.6633326021248038,0.6098562209922134
27400000,0.31198371165986744,5.474275626677562,-1.777284081387346,3.549057479564967,0.9085068993854286,-9.295165952339499,0.5190046574042935,0.41213794726499636,1.5076646423004902,1.5076646423004902,-1.3781663772405113,-1.7660407846480874,-0.14314487844363066,0.043785383105815937,-0.42368962324777504,-0.6643067801900633,0.6142201927419404
27410000,-0.8020904130788643,7.660820466838003,-1.563731820543438,6.695824518293495,3.5108075935859957,-8.073921702396873,0.6445820618602799,0.5142343682880426,1.6835938512023247,1.6835938512023247,-1.409458682916841,-1.7830280593669434,-0.15472606274040632,0.06855044692176754,-0.40363660880068164,-0.6658711107125153,0.6236938256718537
27420000,-1.969456901829184,7.933753802350563,-1.772358629788727,5.06102193109719,-1.1410384127373143,-8.54976127526422,0.784910694254864,0.6354715347162732,1.8595340576101833,1.8595340576101833,-1.4261390005240278,-1.8064103879604223,-0.1602949388580214,0.08928017501275644,-0.37803789278643096,-0.6691424099681135,0.6335336116966107
27430000,-0.8470171703329746,7.465186263370808,-2.0580337791052017,-0.43608753967849484,-5.9944141294588835,-8.316056405304696,0.8412156338540127,0.7497755240639342,2.035459177041396,2.035459177041396,-1.4566119271973215,-1.8225845065795938,-0.1743241939334064,0.11332016139798884,-0.35314131562621365,-0.6721338940386876,0.6408477047652671
27440000,0.4426413284630697,5.152030981564863,-2.403905542174371,-4.968200115559436,3.7690279586924,-3.2213869411930505,0.850213963685174,0.8230195893286428,2.2113921315469227,2.2113921315469227,-1.4747152414505873,-1.8449613375011553,-0.1847438505681752,0.1414134776386213,-0.33777741681199314,-0.6764015685476179,0.6390536464963568
27450000,-1.6240570680047925,3.0330202269284143,-3.4997105640649604,-1.321289932854606,6.611708503699646,1.2590771726623107,0.8507823493890011,0.8772547655418521,2.387328287817077,2.387328287817077,-1.50232795352081,-1.8632939196361926,-0.20108916066785937,0.15814591307851603,-0.32297692017756113,-0.6878578320049963,0.6304977257362363
27460000,-2.481105835854284,2.7646212254984324,-3.9591175134285743,-7.141203999187128,-2.0025540642438675,-2.2122332600784222,0.7887818251759751,0.8475431938820155,2.5632573735262625,2.5632573735262625,-1.5208948914500777,-1.8857048029812813,-0.2113578670746869,0.17051090416828046,-0.3000930021011241,-0.7033787221877286,0.6213924644081296
27470000,-5.057806670154847,0.5620414103199542,-4.787125497597498,-4.5958064314759985,-0.43317563453408403,5.7791768757571935,0.7102136882607637,0.7461899325563719,2.7391865047002355,2.7391865047002355,-1.5457145954747884,-1.9048606846361327,-0.22854390942977557,0.16446163038147066,-0.2703610281232891,-0.7272339528260137,0.6090878955138069
27480000,-6.03077307981126,-1.8526933085858264,-4.501220520434299,-0.23277510060054907,2.269025909386057,9.880689121888336,0.6309418464850388,0.6645994594624295,2.9151156160879808,2.9151156160879808,-1.5643245241415102,-1.9270754228447982,-0.23930554384523062,0.14226411660546998,-0.24470656104635963,-0.7517177068303987,0.5956509962595348
27490000,-5.789836133595381,-3.302402831115941,-3.653555291961065,0.6537029198010698,-1.684283244256001,13.017337172770908,0.5405298226508073,0.589176442703609,3.091044789204666,3.091044789204666,-1.5885513396797033,-1.9444845786274365,-0.2559404642659162,0.11303502023014547,-0.2246786057383232,-0.7727871410246097,0.5827028771098216
27500000,-4.716124887709252,-3.9447274561629424,-3.275766798786576,0.7858128673760163,-1.0557405410389082,15.539613272550774,0.45136019143485484,0.5154625542102769,3.2669739829119138,3.2669739829119138,-1.6077643058304942,-1.965474656245257,-0.2643297288423615,0.08392888716587323,-0.21025207810265087,-0.7906052612836353,0.5689405297421251
27510000,-4.256769370274629,-3.3295421317657374,-3.080432080157543,0.24765508648836423,0.31805633346050316,17.54140959733902,0.3693692977778137,0.4562737270317238,3.4428939873370794,3.4428939873370794,-1.6336323104412254,-1.9789421721182874,-0.27872226144772005,0.05920513065614838,-0.19498290061759468,-0.8061307021880986,0.5555445184325563
27520000,-4.056826749944929,-2.4266632418657017,-2.8168665887449684,1.2302651794294677,1.1017434277862734,20.65697384319547,0.31749111205534447,0.4077234869933181,3.6188146909233936,3.6188146909233936,-1.654437174683589,-1.9974004413736008,-0.2851283358555693,0.03800828332625591,-0.177837284607183,-0.8193944398931549,0.5436193727915866
27530000,-3.529395725203608,-1.9563127051387508,-2.707499169593216,0.43842157965509065,0.8540635313934397,22.324622312939418,0.2650153610412479,0.3606750250053403,3.7947527848398934,3.7947527848398934,-1.6821074701368786,-2.010768901792714,-0.29657931975000495,0.021194086421738256,-0.16103898450265497,-0.8310808031693984,0.5319040841866223
27540000,-2.7107475791628217,-1.9145045622130301,-2.773300620022304,2.090138466054097,1.133998034238546,25.090335446243202,0.21633716850065024,0.32746887771001965,3.970682029368568,3.970682029368568,-1.7047651863009274,-2.0283285915551255,-0.3016173267221725,0.0055517764320876396,-0.14768475618796578,-0.8414472148963223,0.519735485714966
27550000,-1.8380346232250788,-2.532604173433043,-2.6177980093354325,3.328141804254915,2.921647449709817,23.773022359380516,0.17530001861533379,0.29195272708124065,4.146602284776755,4.146602284776755,-1.7369730260791727,-2.0449832179186287,-0.31008717030651045,-0.011637373652706236,-0.13976138658093998,-0.8500518504591266,0.5076841320018336
27560000,-1.0897326520162485,-3.6566294614753154,-2.481154847851442,2.625852256717723,2.7868527911136702,20.918628929562168,0.11698397198532029,0.23644735718717672,4.322540174418414,4.322540174418414,-1.7633430750350405,-2.063755159583798,-0.31037876300518386,-0.02965612393322559,-0.1372397986981809,-0.8574077252733471,0.49511387034512044
27570000,-0.5663118821099526,-5.016982801582545,-2.4058251234249117,2.653144200938668,1.3208216785583173,21.238778253985622,0.05806147950099552,0.18204833455724964,4.498470012302057,4.498470012302057,-1.796910757629789,-2.077475102814564,-0.31449050551593105,-0.05164139392223814,-0.13994640522061497,-0.8634591790388897,0.481857257113642
27580000,-0.4855719579080588,-6.534322782965164,-2.1842565355301833,1.6758838665735487,2.050451505979119,21.363747371834577,0.000934558073731241,0.1304661259240094,4.674397671964762,4.674397671964762,-1.8254544124729217,-2.0938265520360133,-0.30834451105476024,-0.07652397859358964,-0.14792942656111938,-0.8679667192548536,0.4678618810327173
27590000,-0.7389188249696224,-8.268401950058724,-1.8986175641336536,0.9993100083799251,2.2845837411063594,22.530617388968636,-0.058062775780619316,0.07429555272277606,4.850333416014003,4.850333416014003,-1.856011846684597,-2.1006468825173252,-0.30650880426065613,-0.1077115744617583,-0.15908526798926126,-0.8704775364535527,0.45316548055374617
27600000,-0.7621152749356084,-9.257266517678747,-1.7982681065646233,1.72119630585883,2.697929987654657,24.563641566684353,-0.13394934642536,-0.005310441796304959,5.026254031832828,5.026254031832828,-1.8836393918232697,-2.1112591389231916,-0.2983854688369383,-0.14286760716246077,-0.1725793450590183,-0.8708643892374649,0.4374933508531647
27610000,-0.3987359528693879,-9.418845233493872,-1.8070484473026467,1.7483581140457842,2.6585831363530454,26.335563010106643,-0.201901000731535,-0.08989201289806949,5.2021776394488555,5.2021776394488555,-1.9115966477500264,-2.113496113501265,-0.29299618476875033,-0.17754016320732768,-0.18809138379380527,-0.8692806084181853,0.4212509295170238
27620000,-0.18853288587859435,-9.2336245945756,-2.0045981747573496,2.308706319050996,2.4699084292104194,28.01688532056788,-0.27749766703614265,-0.15241507837303794,5.378106610794255,5.378106610794255,-1.938072102180604,-2.119209454450486,-0.2836789650102994,-0.21071890040028515,-0.20402330466041194,-0.8665317996968547,0.40384981897194117
27630000,-0.19194745486940915,-9.344388477266836,-2.113663637581616,2.8906103040080735,4.24097726702506,26.81588515121263,-0.34940120301592154,-0.21393156313932363,5.554041422200449,5.554041422200449,-1.9628593970490478,-2.131028943423035,-0.26850048880250726,-0.24356411744232445,-0.2208930392553641,-0.8624078606561182,0.38488370682792916
27640000,-0.2502878835060896,-9.902100694622806,-2.0178856392172517,4.720788498070042,4.943514535666426,25.663084205890044,-0.4080637683157608,-0.28670277740115535,5.72998238480745,5.72998238480745,-1.990727777781227,-2.1373678108321355,-0.2576842655735567,-0.2786444995412048,-0.2383043271338009,-0.855852498055449,0.3648078838470813
27650000,-0.5107008680177304,-10.290983757964412,-2.005618391297226,6.538274979485583,4.112604947010741,25.03689389740033,-0.48259210982421646,-0.36362757295983383,5.905911483294069,5.905911483294069,-2.021202941211808,-2.138386325576834,-0.2519981032469672,-0.31582958870026234,-0.2543585363848756,-0.8471688456195283,0.3433050434835509
27660000,-1.291599946916799,-9.976747645620895,-2.0604877945932043,8.413725887773941,7.307914976054953,23.156655109813826,-0.5141224050642008,-0.4073042284989878,6.081835782281935,6.081835782281935,-2.048494690076107,-2.1450866852552593,-0.2398885302220907,-0.35186377095738236,-0.26759329022385886,-0.8382786266377896,0.3191781036303741
27670000,-3.8398181134210723,-8.36507913141547,-2.318442702791329,12.435302184987638,4.595689384661443,21.75968279022303,-0.48309414283826646,-0.480340286927867,6.257756683403166,6.257756683403166,-2.074251760680235,-2.1506725807762814,-0.22668165978482152,-0.38544623241103754,-0.2661477049803868,-0.8340300073914482,0.29153138394421707
27680000,-4.879273472585087,-5.8275690593038245,-2.699104246928045,10.086872925152168,0.057661393441282176,11.014568124679995,-0.4170544786242426,-0.4443661857683177,0.15051139250992662,0.15051139250992662,-2.1002172976067475,-2.1556391036733036,-0.21299786163761042,-0.4138808346339025,-0.2586773069557516,-0.8321555971322914,0.26325988632958086
27690000,-1.5884148369666655,-1.979137620708522,-2.8207258306802863,12.946901686414652,1.2602387575333829,6.523049397337362,-0.3191845958303343,-0.37371950669677023,0.3264252107548913,0.3264252107548913,-2.122379064779057,-2.160951910416872,-0.19811137376234492,-0.42346388722265016,-0.25955453131688033,-0.832069929338215,0.2469198537628257
27700000,1.0058577937011512,2.6260172139339284,-3.011641008196137,19.335180870723498,1.1296506505579496,12.134892842361447,-0.2079987609018369,-0.2484236730055067,0.5023550114747053,0.5023550114747053,-2.1445028385414178,-2.1646320352769095,-0.1814005609252381,-0.4094519756917873,-0.26042095040065383,-0.8396979237071353,0.24379787758805122
27710000,1.3846505452550215,5.841116858320302,-2.889119395440371,11.762382749830662,2.772131780016269,4.565924261510304,-0.08130119342672044,-0.127018042935344,0.6782981265002235,0.6782981265002235,-2.1637061484857947,-2.1698414579390093,-0.15302188574322892,-0.37734883718087076,-0.26065457982800927,-0.8538988667208615,0.2460157932039263
27720000,2.037744754460331,8.172468232502899,-2.0476226559597728,1.211886160641045,5.201885065355291,-8.095629765230024,0.07076834569183711,-0.012166015283551795,0.8542128764264447,0.8542128764264447,-2.1820447652495636,-2.172486365156957,-0.13550845461647065,-0.33394760882794366,-0.26184437781109643,-0.8696810004670305,0.2521338410318687
27730000,2.2737930484380975,8.527919196661513,-1.8634798323133466,-7.132360403934643,3.8813634516183284,-16.697394321824678,0.17526538861699412,0.11156793017677323,1.0301447412818874,1.0301447412818874,-2.1989418014828686,-2.1775749946572125,-0.12324300817890815,-0.29356715025375224,-0.26595604876796025,-0.8818505566462315,0.25578370581089965
27740000,1.718694009043817,6.260196010298596,-2.360761443902451,-10.381796977137245,0.7988689506317681,-21.475189710667983,0.3053166618363131,0.19097674947881302,1.206088573721317,1.206088573721317,-2.21378000500274,-2.179230212651204,-0.11105501348179111,-0.2623854893272338,-0.27448373445760976,-0.8894827051499564,0.2542303124094926
27750000,0.5065214051083456,4.394511442564413,-2.8589275618079633,-5.194955314815365,3.8779740834410883,-20.519776293565624,0.4031128777137441,0.30365884826531364,1.3820003354323234,1.3820003354323234,-2.228754440435329,-2.184318243264955,-0.10443808313190264,-0.240553602932332,-0.2811973817565017,-0.8957659914040257,0.2463032384146122
27760000,-0.42786371449807303,4.683708997789621,-3.442594204392205,5.415517119718382,2.1955037787003286,-8.455973812807088,0.4940870704168077,0.4026690800710288,1.557929753907601,1.557929753907601,-2.2401948826253824,-2.185233260260411,-0.09614088280717378,-0.21968585414797348,-0.2807618603967678,-0.9037867814068342,0.23681291558548184
27770000,-0.1828579420729121,7.144016740031555,-3.2769362738739587,9.742794948233165,-4.070248164950511,-2.5531914317155233,0.6479525476292648,0.47699646622446956,1.733876323051092,1.733876323051092,-2.2536181489257685,-2.1902764292430414,-0.09399546094337977,-0.19010192004837856,-0.27422846142315255,-0.9132848960166838,0.2336037449340349
27780000,-0.0981335188533187,8.159569445747138,-2.880359801085975,7.895516918674369,-2.3845446379905852,-5.868141388525313,0.7364706408308148,0.5997724833422358,1.9098054645998985,1.9098054645998985,-2.2618886497670987,-2.190479937387745,-0.08935749783093469,-0.1563294404617572,-0.26820802461376825,-0.9216763057555348,0.23267648997379228
