timestamp_us,gyr_x,gyr_y,gyr_z,acc_x,acc_y,acc_z,flap_displacement_left_actual_rad,flap_displacement_right_actual_rad,flap_phase_left_actual_rad,flap_phase_right_actual_rad,gt_px,gt_py,gt_pz,gt_qx,gt_qy,gt_qz,gt_qw
0,-0.0007463613025779371,-0.00012174808192909856,0.0004836446140103786,3.7197474116357854,0.13771140501700227,9.081220816552902,0.011319734511219266,-0.004076368052090442,3.2833099365234375,3.2833099365234375,0.0,0.0,0.0,0.00453951081748195,-0.1970543393316467,-0.0005143994081732318,0.9803819233264939
10000,0.04903412453255158,-0.2132117265750092,0.004169846762300999,1.8073557486142031,0.0074238419811190415,7.3582616063291155,-0.01857361935251592,-0.015334526443629063,3.4592251520666286,3.4592251520666286,0.00024461502714244465,0.00013203757366742064,-0.0013401466388436103,0.007329362911080177,-0.1914632468986217,-0.0010017619945342374,0.9814719058634646
20000,0.03865926022078702,-4.016613272034661,0.11716829583461727,-5.27870957202399,-2.1182112376693514,1.990968154341288,-0.11883898714068152,-0.11544701466561097,3.6351335280199017,3.6351335280199017,0.000821377297532927,0.00035028662996205995,-0.0022440510557273415,0.0058067226552429105,-0.20448843943340334,-0.00028263097373780726,0.9788517151386257
30000,-0.23111801102189075,-13.372992867187579,0.33316534488743893,-4.838966126600909,-6.832399804655567,8.321811629000043,-0.270508604773074,-0.27497614893787525,3.811048205959646,3.811048205959646,0.0009450163189750754,0.002295759661772867,-0.004429217112062086,-0.00010011605714252497,-0.26365059164790755,0.00163197059907445,0.964616862890364
40000,0.5158051514799114,-9.643195542563554,-0.20767214181133192,8.807158914099297,-2.1573791744289332,29.367954598389712,-0.4132201292283306,-0.4081985697318274,3.986940610879229,3.986940610879229,0.0011427465138911935,0.00890450178988128,-0.004798186809731209,0.00047355283966963273,-0.3035849468439504,0.001884070117335938,0.952802396133247
50000,0.09690106112222525,-7.263729834700138,-0.533127302917468,1.1414631322791091,2.27221986794517,21.670534865379228,-0.5566190286557655,-0.5467910423377662,4.162854100036876,4.162854100036876,0.0013191278439555337,0.012938377297664061,-0.002742508850941683,0.0030575649803140058,-0.33173257953706553,-0.0009268800638878974,0.9433680553545487
60000,0.12658471787598666,-7.511641315598411,-0.14783559342007152,-4.0797471487137145,2.9623393053167,19.213649098874537,-0.7048188586861264,-0.7025442686943966,4.338761769067554,4.338761769067554,0.0017423258507854866,0.028704850577417784,-0.0014955846312004056,0.004992634656104426,-0.36104255753929526,-0.0019678488251802977,0.932533899016908
70000,-0.3823778784941638,-10.09665403008809,-0.13461995902292526,3.016826170353985,1.2613755178345254,16.95624548091904,-0.8379680430064766,-0.853134434853532,4.514676398820741,4.514676398820741,0.002020720296842346,0.03374556057817535,0.0006159154104983123,0.003794423852278896,-0.40195322453859794,-0.003723021478617552,0.9156447710448209
80000,0.07177467442578413,-11.687540905293398,-0.25847030029911233,7.579221967883166,-1.950464050042259,12.830546700428629,-1.0185630768776606,-1.0449208536080676,4.690585420646236,4.690585420646236,0.0029674749867999173,0.05596456857764864,0.0023623842828218583,0.0013646453122265869,-0.4499731976310883,-0.0035886381463523026,0.8930338072173303
90000,1.1729878494872958,-12.574460160514759,-0.7843766882322807,11.158973418028,-0.8571793146770619,8.127745129955189,-1.1280270430990342,-1.1220901737281495,4.86649981112381,4.86649981112381,0.0033070587537261387,0.06132185741735047,0.004573280186768058,0.003032398670969383,-0.5039087376845749,-0.0020079734787894397,0.8637492441015199
100000,1.4236652161125718,-12.62465686041367,-1.4545704517708584,10.181079724008107,1.9682054257218022,0.09419085748962562,-1.2214371689815817,-1.1802830731690925,5.0424098230459915,5.0424098230459915,0.004693450459795537,0.08761721563489527,0.006368758498378712,0.014671056847973414,-0.562148049278404,-0.006239592699415011,0.8268829410904508
110000,-0.8488381724004902,-12.053701789846643,-0.7669513401118462,11.615666166856286,1.5771990978557142,-2.368055877967604,-1.2445809196202267,-1.2155529820059872,5.21832317414059,5.21832317414059,0.005132943686172925,0.09316847108654808,0.0056407104034001815,0.013966039326565982,-0.6154717222738249,-0.013216150475635633,0.7879243886271233
120000,0.08373066481621859,-10.726383835789072,-0.13905168635567744,9.101589837308602,-0.30211678453721774,-3.34437955374852,-1.2513356774969655,-1.277208493933303,5.394232827944859,5.394232827944859,0.007353673570950195,0.12341495817332154,0.007083754160808319,0.013690790113883272,-0.6609953406351784,-0.013736826366012403,0.7501393347412414
130000,0.8963559107634383,-8.201049327970617,0.24289391071950225,5.631929813506361,-7.58757774893369,-1.9843981867848612,-1.128760858957158,-1.139763985374015,5.570132772639933,5.570132772639933,0.007821245939540367,0.12896154509472407,0.003045105076928893,0.0105405239368779,-0.6930278460792829,-0.0056737856911454896,0.7208114247636319
140000,-1.164271028878626,-6.762856350063308,0.3584480135118486,5.9793836793871105,-2.352146896930503,-5.707550796101009,-1.0683791729281518,-1.0206639103866626,5.746055265571601,5.746055265571601,0.010490114834054404,0.1618697696907868,0.003760680739902062,0.002955038577395491,-0.7215426457256724,-0.006925743155568631,0.6923290491001702
150000,0.24624851093552733,-4.354182474447893,1.2956470330881247,4.823853277357238,-1.0889662384740326,-4.685957957379159,-0.9409414924692859,-0.9332159694458332,5.9219564224035315,5.9219564224035315,0.010891950116332746,0.16739373685625036,-0.0019948960104180825,-0.0021797682839545173,-0.7409143698094547,-0.0003782594270633433,0.671595862211712
160000,-0.6041526986344037,-2.5866310950192872,1.5885856072455216,2.8743696572321515,-2.0281766582579994,-4.701483703431762,-0.8009326600353285,-0.8044063060294059,6.097862949247326,6.097862949247326,0.012804913454873432,0.20410300476284476,-0.0022036606311232904,-0.012137481000847229,-0.7539052573462899,0.005021694484046356,0.6568518303887777
170000,-0.2626213113754063,-2.3830970682077672,1.8921520195247044,4.1032869221451795,0.6435834450520076,-4.880285245930666,-0.6660686224634832,-0.6769990858264978,6.27377888797504,6.27377888797504,0.011224721678364954,0.23570594601905837,-0.009302958985543638,-0.01928480322764331,-0.7660057518209544,0.00927008829493982,0.6424775093376339
180000,-0.5144507131005469,-1.9503565760831807,1.7087939989242358,4.287368132617611,-1.750473854352374,-9.054788417966291,-0.5389328425895654,-0.5306276747850849,0.1665023976857416,0.1665023976857416,0.01147607792615625,0.2403070774262815,-0.01034168722739168,-0.02838247886132621,-0.7766331018171678,0.013957375847790814,0.6291586856389847
190000,-0.6378053890454342,-2.626950015357108,0.9838932332250587,2.3968616068209685,-0.9136189858989776,-15.122687878469506,-0.4237417388585758,-0.42649433846805485,0.3424147057078457,0.3424147057078457,0.011605382180240154,0.24566109902177868,-0.015257622121317385,-0.03443324900676468,-0.7895277473481959,0.015132252972984954,0.6125612642422661
200000,0.8152701789216888,-2.0352154859860248,0.6943621843946737,4.05685179172586,0.7894854508374155,-22.252514119690638,-0.302748675737501,-0.32495584830292046,0.5183255934863142,0.5183255934863142,0.007389557702209823,0.2778347368837124,-0.01681881797192522,-0.03448366963647932,-0.8002730065591345,0.020330676675062817,0.5982981322778301
210000,1.1759559293693733,-2.0243072216039097,0.5301789675663574,8.271093013577206,1.3467777118457107,-22.017035115971613,-0.17774754671582174,-0.21311145291696812,0.6942376609215959,0.6942376609215959,0.007482554325689866,0.2833750320811078,-0.018452026926105217,-0.032629309776686474,-0.8105466573866305,0.026095148668924924,0.5841818959526255
220000,0.7876495212930171,-0.8741204898221819,0.01559405279850298,13.019150828446564,-0.22948110621452245,-20.455237101806084,-0.06549270933531576,-0.09655795126799467,0.8701492150848038,0.8701492150848038,0.0007155459144026072,0.31430397234209395,-0.019107719234925477,-0.03023969259434669,-0.8171221598266751,0.02883285300160394,0.5749483485494822
230000,0.7778218830387132,1.8116100154107262,-0.44785621041744983,16.91192157873745,-2.5123661034211993,-18.5258768672542,0.053330831535848264,0.017929379049865347,1.0460618458704705,1.0460618458704705,-0.0073918416913626855,0.3435139526071779,-0.01921872440791799,-0.02694816408669622,-0.815683313281067,0.030647992879845418,0.5770573883242587
240000,0.9928487292355654,4.114215664114077,-0.7821455663022086,18.853850248505484,-2.2788715737198606,-17.35705752160132,0.20630429844095424,0.14602243096207954,1.2219724617898464,1.2219724617898464,-0.00798400825589414,0.35119865459681787,-0.017570847534276148,-0.021907205208690085,-0.8074438455752496,0.03194699163518559,0.5886713007511563
250000,0.7655045857349735,7.783648786536079,-1.4084227081250729,18.797349932259955,-0.6299612154657025,-17.83010337402357,0.3576027789968549,0.2929591481365606,1.3978841370070967,1.3978841370070967,-0.008403706416072562,0.35839054395232817,-0.014282262477552876,-0.015021668477649158,-0.7880191201006596,0.029307873326624954,0.6147692773659079
260000,-0.21321919025134897,10.743782173403151,-2.066152413098586,12.50720100579988,1.1081812480846036,-19.794664415253727,0.5171580579021527,0.4143960921401338,1.5737821991336691,1.5737821991336691,-0.01609354583918164,0.3873412343275947,-0.010461977507585816,-0.00868208243473298,-0.7587248250698784,0.020357213654709123,0.6510352103530928
270000,-0.8541221965009537,10.653583306950402,-1.715466417746883,5.3239720538819215,-2.6557461646722627,-25.540295644660773,0.6452494741781839,0.5425767992778829,1.749689784431796,1.749689784431796,-0.021394788497449455,0.4173115635074142,-0.005803902592716611,-0.006578922859220817,-0.7284917891119457,0.011524214763183577,0.6849259985170522
280000,-0.24004653283751304,9.425539405537469,-2.02924615150084,1.5378346629092126,-0.34104647600672056,-26.193021448503995,0.7687046906139556,0.6583257470348474,1.9256015084361895,1.9256015084361895,-0.022629163236877456,0.4279213265329599,-0.0024852080400296454,-0.0005953111229474122,-0.701216368810071,0.0034234514460675905,0.7129400603821348
290000,-1.6742026173360633,9.090520400118658,-2.006963025265505,0.9659531338997067,7.010674955726406,-19.665445725248574,0.9070014997721056,0.6866759411946134,2.101513653368622,2.101513653368622,-0.02298366792965674,0.45946535046099884,0.00027627198290067385,0.002203857307279324,-0.673610440573957,-0.011595661428881488,0.7389923260756877
300000,-3.7302667137498227,8.539714130918373,-1.9129333414420413,5.539600452847439,-4.624722228560959,-3.465151924164444,0.9794817516034252,0.6813312991956549,2.2774254318944784,2.2774254318944784,-0.023827694093998222,0.47201168061004145,0.001798644153116452,-0.009539413043827431,-0.6435231147488776,-0.026832894737407634,0.764896722533633
310000,-0.26452640950084794,6.886927470798553,-2.0684646848667283,3.596470507751759,-7.209253273753001,-1.7736423345198458,0.9663595296913612,0.6562775591680389,2.4533376285099333,2.4533376285099333,-0.020959870139867706,0.5033983430905759,0.0065101599420120185,-0.008401672994925292,-0.6187018435209889,-0.0310298834064492,0.7849678891842637
320000,-3.2455402255328507,6.419475653687296,-0.9210543894402594,-10.824042438175734,-1.5588688760117426,-2.686009642895675,0.8856020887702883,0.6109241070399274,2.6292490579014824,2.6292490579014824,-0.021152557135174402,0.5176617996369242,0.006481836782216029,-0.01834323190575445,-0.5926157644875202,-0.044463021831069566,0.804047959523419
330000,-2.727010352747427,4.096242412985834,-0.6531553793509576,-12.285946722102977,0.303380183168487,-3.531077152598031,0.7875274643576803,0.5282345879304959,2.8051607838227834,2.8051607838227834,-0.014024149211329093,0.5485499601699003,0.010137790186206322,-0.026243102534427253,-0.5753594577844422,-0.05579679695874153,0.8155731183385738
340000,-1.1688381598709798,0.9541129289916702,0.3462108770153997,-10.683107162908886,-4.125934913590567,3.185964285272083,0.6792845372325502,0.433255922655436,2.981072510803406,2.981072510803406,-0.012957311769287286,0.5644190386555874,0.006444765239400574,-0.03278055374209717,-0.5692089285523039,-0.05712347569636662,0.8195508156771406
350000,0.7545898082411828,-2.4995489212399593,0.7970335214675957,-1.8798736641896443,0.0431605256212568,11.930075491131184,0.5444144024610591,0.31516246133377807,3.1569743380857638,3.1569743380857638,-0.003935703665260942,0.5929115461862221,0.008237655676129486,-0.032343454631085816,-0.5761250961764391,-0.05137713231843491,0.8151037754623333
360000,2.0727441406504594,-3.169136397058716,1.2488189596842907,1.8357051639712398,-1.0667740271465593,24.48262510367059,0.4153015214901573,0.1971626809823513,3.332879761789746,3.332879761789746,-0.0017234231115376697,0.609779568869622,0.0034132610428055377,-0.028192265318876607,-0.58552352665357,-0.039700313575763445,0.8091917455173048
370000,0.2193769040614683,-1.9121450194162017,0.23019321392314154,2.6878383311667107,-0.7359084751985421,29.81961851558919,0.28876713166689344,0.0911761719796435,3.508792643926629,3.508792643926629,0.00804149132081583,0.6333129893584746,0.005422343524867354,-0.028329428245465096,-0.5894709808494811,-0.038029608073467586,0.806396400749293
380000,-0.7142443689153747,-1.2744373808918124,0.269763217428374,6.459050819528384,-4.949184667952941,32.14309039016556,0.1533036910286899,-0.019195420032181065,3.684706570685684,3.684706570685684,0.011258608029793962,0.6500491279474316,0.0015214432468060105,-0.03277134977838339,-0.5906190293810707,-0.03854705483824196,0.805362853209634
390000,-0.17340958717810917,-1.6315709658307491,0.3691807781233316,10.407039851536807,-3.5150488531431168,33.54052839416216,0.03746970228016083,-0.12454600949212608,3.8606178776489646,3.8606178776489646,0.023531611141881556,0.6705749909287148,0.006545265405746091,-0.03509716972590958,-0.5932347410665644,-0.037082571978693905,0.803408746233424
400000,-0.4935947891200262,-1.7384919907886318,0.12299031741799044,12.381760114159542,-0.830285826251159,31.286223696908397,-0.08912043455605523,-0.24219595234465813,4.0365267395686235,4.0365267395686235,0.02840219421002385,0.6871413253174145,0.005401257138532973,-0.03764740548968479,-0.5961923434215397,-0.03786503183612966,0.8010640435504999
410000,-0.5905732076173642,-3.5592684934265617,-0.11111427422502004,11.632540229677263,-1.6215431181196385,25.037741641550536,-0.22342546332794,-0.3684854126129625,4.2124380985904075,4.2124380985904075,0.045000869075755554,0.7062088264537301,0.012456770331338664,-0.0404144572316994,-0.6064913984208727,-0.03933052979971564,0.7930876147777338
420000,-0.06977032946281427,-6.285561577991483,-0.45446725127526244,11.753080706340617,-1.7859084531110923,22.35406134507045,-0.35217875939348053,-0.5016959030722622,4.3883495643124935,4.3883495643124935,0.05250252117771537,0.72275399229873,0.013467693429777196,-0.0405870910450618,-0.6275845223386203,-0.039925399293342455,0.7764639836159646
430000,-0.24541984695055635,-8.191023910131753,-0.89256741454345,12.273274282466828,0.7729305927813241,23.047360145317942,-0.48307036749445115,-0.6563504062632278,4.564261063166468,4.564261063166468,0.07125320302234961,0.7394076001873253,0.02040334741023167,-0.03993592776884287,-0.6556120452322817,-0.042792159687590536,0.752825875544178
440000,0.07105919447672925,-8.164030991121464,-0.8402991791789575,11.24431158659956,-0.708451673018956,25.55585937242477,-0.6362968251591539,-0.8014483718480213,4.7401729725325925,4.7401729725325925,0.08099617978822576,0.7552977280299233,0.022391071107727083,-0.03849319500462796,-0.6828441775120517,-0.04411677021973303,0.7282141263128619
450000,1.6456945130114913,-7.01043365584339,-0.975928574366048,8.126774211321022,-3.761723436998924,23.166891493368553,-0.7987550148697113,-0.9132026771497056,4.916084963342417,4.916084963342417,0.10103222114302245,0.7688267581409167,0.02862599092903273,-0.030968607497427914,-0.7056177592514873,-0.040171393525272714,0.7067749163070363
460000,3.37970110753846,-7.14303674780523,-1.6349323591649028,4.897449653879274,-0.5654190363962813,13.705247339959339,-0.9064236297184187,-0.9714531418687627,5.091996499750062,5.091996499750062,0.11283080498978408,0.7833634377971467,0.030255850887481034,-0.014362219800726854,-0.7286188074540328,-0.03287845685355382,0.6839790692276978
470000,2.7853043229412355,-6.733404505222454,-1.5401545531778695,5.959827957977383,3.2770055722936324,4.212241714565962,-0.9370120520581523,-0.9668062629968811,5.267899016452688,5.267899016452688,0.12971823128821208,0.7892550757307161,0.03000922261467568,0.002503755758812717,-0.7496617658784177,-0.0305246330332899,0.6611121045369958
480000,0.963278974645472,-5.529592368317563,-0.7381213239935871,1.1182923775636195,-2.2546026976743305,-4.046921382665715,-0.8976994156648515,-0.9102456125413323,5.44380293557656,5.44380293557656,0.14133358533935367,0.7996088720649093,0.02645357358790066,0.0068902731493054314,-0.7697361881737952,-0.028409064480396623,0.6376924413907951
490000,1.43568559486165,-3.1874627715349413,0.04827333908470495,3.191617409766464,1.7614683447662813,-5.978634308559887,-0.8405319762025525,-0.8377054007851322,5.61971540268739,5.61971540268739,0.14853838836190636,0.7949196440059175,0.022400689850396102,0.012416782811653678,-0.7832197439880169,-0.02460484964842727,0.6211338483014205
500000,0.9626511165421848,-1.632670896015992,0.36779038526180313,7.640873624931893,4.922472273216822,-5.0235653024724956,-0.7501416758659113,-0.7511105522810306,5.795627063568929,5.795627063568929,0.15559658501143106,0.7982645028825011,0.015234415772118398,0.01780983398527333,-0.7909669989655582,-0.024784719176552235,0.6110971559876344
510000,-4.015290327178777,-3.1492014190159936,2.6689226981104186,8.172004140046667,18.93315583448611,-25.729268154649848,-0.6076561550622099,-0.6424772826206147,5.971538854016405,5.971538854016405,0.15258006054414788,0.7865909285289197,0.009964111067102065,-0.0021521083932412454,-0.8032483377416507,-0.037314943720238726,0.5944704124848387
520000,-5.244629533791198,-0.7557076792080063,1.265207359348752,10.36157032229179,8.85401279528462,-24.166347485272723,-0.4754783094194729,-0.535839831148571,6.14744971332879,6.14744971332879,0.15316291786217148,0.7837001544745937,0.003168499943978692,-0.022171625483272523,-0.8081529964358624,-0.05500380517128316,0.5859792955317161
530000,-1.2891414595076727,0.8230904954321543,0.20393021199103792,7.661266437037054,-1.1858705889200278,-15.741638810508924,-0.35672132259589173,-0.43180098641534703,0.04017649373486343,0.04017649373486343,0.14778104632892708,0.7712818315875997,-0.001552289392297233,-0.0271559706050277,-0.8096965441390639,-0.058182696459994354,0.5833256667612015
540000,1.693897406782013,-0.46053080960023174,0.8679232311150288,6.623517336480063,-3.977712598489843,-15.50653719817779,-0.23819680544059155,-0.3173150549751426,0.2160877742483862,0.2160877742483862,0.1457873248661061,0.7656179588758818,-0.008821714208566101,-0.027406869713773718,-0.815491438791289,-0.046116520705882805,0.5762775748444402
550000,1.7616824212910893,-0.3262371956248466,1.1368998044894825,7.846465684440645,0.6857776694885763,-20.323756524890612,-0.11999796908107051,-0.18819316892864024,0.3920002827363849,0.3920002827363849,0.1366559353035809,0.7507677252377141,-0.01417068173465536,-0.027408718145687804,-0.8207294526076883,-0.034968834966881475,0.5695867873932416
560000,0.793339031561632,1.2169782287348545,0.7248160972368495,11.616627617049955,3.020375045395984,-21.716127728304482,0.009781191772918144,-0.06536337676915142,0.567910381776862,0.567910381776862,0.12451625505720265,0.7312278011040754,-0.01563237152182336,-0.026290438800559687,-0.820940797869693,-0.029550077921696706,0.5696418279195865
570000,0.9127093351628532,2.31750274137789,0.22494013967300203,15.362277285574216,1.246899812601881,-22.273780049693315,0.15745400241207175,0.04774401732771103,0.7438224430434648,0.7438224430434648,0.11697498837926407,0.7193265372365213,-0.016872096320944836,-0.024440142125028458,-0.8186053449765635,-0.025737921536952497,0.5732586920611563
580000,1.2563773051104044,3.8701939188120913,-0.17254280474850286,18.154753451301147,0.43942335448727143,-19.091120221168307,0.30468554975754675,0.17379481499081106,0.9197309497222754,0.9197309497222754,0.11005421055756662,0.7070986795519362,-0.015239581487535875,-0.019892845198631395,-0.8096831252677272,-0.022595199088107382,0.5860946752400656
590000,1.196657396363844,6.4427452045795155,-0.7049492301608095,15.56430431331039,-0.005957488716944961,-18.903941179706255,0.45099685686791735,0.3268386594617482,1.0956340663794375,1.0956340663794375,0.10362572877245647,0.6946117022392044,-0.011328230905505204,-0.013196580620028242,-0.795138397458244,-0.019972781487356994,0.6059553342839167
600000,0.5938875258720586,8.266872641648108,-1.3739004877442687,11.8897819959469,0.557095571248872,-22.290651115727083,0.6137081986561446,0.4535451071411246,1.2715404988546872,1.2715404988546872,0.10101804979136696,0.6893159117165502,-0.003525569287273357,-0.0058571977982668265,-0.7762202177485057,-0.021676247573189446,0.6300619073420964
610000,0.2342539783411614,8.175383746083915,-1.8305829500530113,7.642713810330044,0.28314090166464684,-25.472206783724864,0.7491232325784957,0.5907453684976386,1.4474584952070213,1.4474584952070213,0.09950937686914137,0.6817420090860362,0.003632097459037236,0.002892793136923532,-0.7549520664561007,-0.02653451236941251,0.6552365441234548
620000,0.12747920750169842,7.368338609661424,-2.2058661198701257,4.971723632437892,0.15105478039937276,-22.695006465442297,0.8754430785518963,0.7237427043456055,1.6233747438485864,1.6233747438485864,0.09798505583190013,0.6741090701625829,0.009144060699330256,0.01259408813101913,-0.7355679642428463,-0.03286400001031653,0.6765361161291427
630000,-0.22060018209808624,7.124532614576718,-2.4354548991977585,5.453137355645864,3.038573664807883,-16.168883203512213,1.0206239015438192,0.8424121427756074,1.7992754497063927,1.7992754497063927,0.10111112849466755,0.6708240485560599,0.014311793271017056,0.02293884071185115,-0.7160494913495533,-0.04207047344833414,0.6964029083717812
640000,-1.6288135973505566,7.854599416427959,-2.3501295876862263,2.99339956087146,6.493745300367418,-12.817699125979443,1.1292987840183815,0.8763450908852947,1.9751875750980687,1.9751875750980687,0.10451300673595958,0.6672021679518394,0.018385170100470957,0.029870438448208043,-0.6923438485580378,-0.05728803960372904,0.7186694878656797
650000,-1.7870680708394153,8.329086546900013,-2.3017745370504983,1.2101141221892424,-4.1276111924363645,-2.88023209143247,1.2186677138139155,0.9017701348814555,2.1511004255852946,2.1511004255852946,0.10907237102310643,0.6679867546498749,0.022238259377313906,0.035685463929588754,-0.6634380947756651,-0.07033266099668398,0.7440630073197372
660000,0.06499151223020272,8.108672720393681,-1.6292009986745313,-2.217216364239085,1.1848579481461197,-1.1373383615550647,1.2097667578047495,0.8838888070256955,2.3270121507296704,2.3270121507296704,0.11784743713015575,0.6701582643795168,0.024265629849413328,0.044903689747042584,-0.6325639131172357,-0.07475520504918474,0.7695831428682453
670000,-0.5240659415610939,7.574818718493489,-1.827379042258273,-5.594260083711739,3.852105351897899,-3.627915757702985,1.1968446490849196,0.8936111251038418,2.5029174212961554,2.5029174212961554,0.132667309726382,0.6736306186157552,0.024466233119715915,0.05049367239688581,-0.6020638460912513,-0.08307609249610673,0.7925073356968152
680000,-0.7716064358673721,5.594408932660343,-1.6949355300339077,-5.635509459309081,-15.050314673413846,3.64048005587849,1.1500456365748477,0.9193247560491026,2.678820915932512,2.678820915932512,0.14662285525165042,0.6765919588832345,0.022646613995876676,0.05200097904024647,-0.5776239898106974,-0.08852628177234176,0.8098206727477332
690000,0.5190772115084201,2.7622030621721048,0.9181843760564373,-6.298898974636255,-4.835416944211157,6.032340518130395,1.056860491132238,0.8068520969692685,2.8564882241647886,2.8564882241647886,0.15424921869619332,0.6781709110110421,0.021494855620747072,0.051711118901794764,-0.566125387284524,-0.08070738039985793,0.8187272591057811
700000,0.7376481785513624,0.16827133075665993,2.422782028773525,-3.741686072645616,0.8922053928222425,11.02431254735549,0.9083406880657642,0.6806606040931649,3.03896608387622,3.03896608387622,0.16814880519928738,0.6816532258363828,0.020820388206141308,0.04828533672566125,-0.5635888298965337,-0.06860257451810983,0.8217845483109505
710000,0.4523511472026397,-1.4695326988322415,2.354708627803126,-1.1523816372408187,3.948661803735307,13.360028906735495,0.7905216335629274,0.5638581217961286,3.206553106774484,3.206553106774484,0.18712755115491572,0.6871981542511252,0.017828866681473484,0.043304305030083305,-0.564028961143211,-0.06068097481728437,0.8223830539674293
720000,-1.2128839819419799,-1.892758043335871,1.168508185623198,-0.8048459893552169,-0.5542599975645391,14.495016292524486,0.660770217530951,0.46338710802922983,3.38246567447195,3.38246567447195,0.20973122119903564,0.6936118034730547,0.01297818790166004,0.03419184282528327,-0.5679456440255359,-0.060024025793639656,0.8201620447473504
730000,-1.6666177114815253,-1.1112511591856848,1.0841810994795957,0.4527074162205481,-4.099089919399636,19.024205478737628,0.5646612815241245,0.37265000283422306,3.5583768896561345,3.5583768896561345,0.22578844403335108,0.6964019885038679,0.010785226810595488,0.02279406838861128,-0.5684529232222051,-0.060156273117529566,0.8201968832731775
740000,-1.4726571955368926,0.16012868728462515,1.1665654774759784,3.36781763240933,0.03867575346021341,23.32155343122728,0.4289765326640446,0.2530159085327511,3.734288896833146,3.734288896833146,0.23861799368223435,0.698662025544164,0.011182405222361854,0.013206857456426949,-0.5634362772985301,-0.059769905238386115,0.8238887660163197
750000,-1.4769502936456262,1.47384192346072,0.7515932006825546,4.824729144956247,0.03957835665374411,26.926509080068996,0.3224751635541281,0.16164569596819262,3.910200161750886,3.910200161750886,0.25208562281300173,0.7010719095811043,0.012291992653572562,0.00585353407875059,-0.5521434198952043,-0.06040304516912272,0.831537643248647
760000,-1.59165327055707,1.703774037728156,0.312249245927565,7.1047608052719955,-3.727535503604519,29.674115542266232,0.19696149506782737,0.06319995899010288,4.086113267537559,4.086113267537559,0.2717709518383773,0.7045469540855791,0.011129261772704117,-0.0007418343460370457,-0.5390221666768418,-0.062183454299727776,0.8399927211137963
770000,-1.5728363508572945,1.3282776336263322,-0.09319070554682218,9.131967851631362,-5.42648723265076,30.402739097906622,0.07560145751526348,-0.05897509272874418,4.262026449805536,4.262026449805536,0.2853769131302127,0.7061320716851505,0.015869076569435484,-0.0077766880334311705,-0.5285960241165367,-0.0663937821911018,0.8462373379246397
780000,-1.3022395598902043,-1.088561470178112,-0.4317370441843469,11.106682601667226,-2.7503672406936794,26.524384394427674,-0.053913449197587275,-0.1607440151341965,4.437934373284776,4.437934373284776,0.30537937810700116,0.7077972895620702,0.01727456610051694,-0.013262918124712971,-0.5283143901186232,-0.07139076329339591,0.8459381532433625
790000,-1.0760509545327588,-4.897384001241942,-0.7582282553530467,13.724495357490389,-1.0297342162908796,22.96496516651122,-0.1831007466986435,-0.3004496590408319,4.613837089390962,4.613837089390962,0.3168890672632471,0.7076433318163369,0.02607454174076413,-0.01806022385474184,-0.5440526030404225,-0.07701436672426237,0.8353139414359837
800000,-0.6778746357942741,-7.882266871128208,-1.0894037381890078,14.508084318255111,-1.1335740366325964,22.89357498814202,-0.30531744376760084,-0.42781356866350634,4.789743875404991,4.789743875404991,0.33158156892784907,0.7050338227001988,0.02922520281603521,-0.021451879505332158,-0.5721187910053409,-0.08251924144284326,0.8157269645144591
810000,0.07163384531486887,-9.718794822744018,-1.5153664263662985,12.275506713993003,-0.3914611057879277,25.47811239597076,-0.4587661249377584,-0.577419491433226,4.965673175900051,4.965673175900051,0.34177646828658587,0.705010346924067,0.04131712775982119,-0.017181725411653987,-0.6063445815238631,-0.0860864881876788,0.7903417952506642
820000,1.3599337510207945,-8.788428878958781,-2.0020130703112193,9.657422491369825,-3.6440263785184874,30.568402222124075,-0.5753850755223544,-0.6796035345564697,5.141580512910615,5.141580512910615,0.3530226943286593,0.701827703811396,0.048091945700945,7.413184384236476e-05,-0.6350448836305465,-0.08500814364098636,0.767783567025141
830000,2.9835403539776584,-7.72339298092664,-2.762079837245102,9.379970254193275,-4.289523147500321,29.558577848478638,-0.6845664115904752,-0.7722446332737275,5.317486764308711,5.317486764308711,0.36475835012331653,0.6971248346093829,0.053558615915719636,0.016908481630469603,-0.6623086870356254,-0.08608114378781706,0.7440775114262489
840000,2.1334800239977207,-7.307415154635918,-2.5120196951084415,4.568115603649603,9.616020469578347,11.956806280298471,-0.814686770452787,-0.7656509179723209,5.493391213194521,5.493391213194521,0.37726218155936636,0.6900079895601307,0.0563098156890206,0.03185354790575108,-0.6869482720318913,-0.09076126942478846,0.7203123038034376
850000,2.7349027859869732,-5.7504447352034385,-1.0686407773515472,7.6079264177147365,-2.9910097872131645,4.450341162430376,-0.7280684043969148,-0.7404940869257041,5.669305570498288,5.669305570498288,0.38826213722422637,0.6882790029099042,0.06167874036859188,0.04206920829634722,-0.7060639997485293,-0.08564232984954916,0.7016902459849135
860000,0.16838771881127435,-1.7126015121818638,-1.032944317461805,-0.08521621451824062,-21.417799702649162,-6.124009119608396,-0.5826041141957681,-0.605184189670539,5.845213068658673,5.845213068658673,0.40130658942877845,0.6822861396526924,0.06274272235944214,0.041764873748317624,-0.7132665574211152,-0.08501470242490596,0.694463111876378
870000,-1.382254883334383,-1.446083467384095,-1.9552769377249617,9.76250560356368,-17.276677692144606,-4.369402371391163,-0.4692841296289044,-0.49156263369106623,6.021128379302475,6.021128379302475,0.4122215308541029,0.6817254156092183,0.06477701691256005,0.03944884020471412,-0.7186885400947003,-0.09286240589715651,0.6879732152591721
880000,-0.5421494429374109,2.8429399148345857,-1.0486220882771804,-1.5102145109781817,-3.1506357627820734,-17.340712601971916,-0.35126681131344095,-0.38142701009188795,6.197036411794059,6.197036411794059,0.4245727903888338,0.6812861987972338,0.06330635935742185,0.042226297190556795,-0.7138227882081163,-0.09629508003396553,0.6923880591269738
890000,0.026301926066103768,3.5452124009806245,-0.2573581195550039,-3.736741280261416,2.035629754867183,-15.097180107953271,-0.22794002434451924,-0.28021880835643465,0.08976663349582736,0.08976663349582736,0.4362642695808637,0.6827361400962959,0.05963736963290934,0.046235842409598604,-0.706709243423741,-0.09652855766690323,0.699361515734792
900000,0.3150179043391012,6.175167257593477,0.423297470895207,-3.7611953872549524,2.3022697389456552,-27.73218820492828,-0.11942561577163265,-0.16220489961583806,0.2656747763485754,0.2656747763485754,0.45208261410854916,0.6920475722922601,0.055127158534863545,0.04977020351484412,-0.6906049025912262,-0.092343345041069,0.7155840285987943
910000,-0.7495774982936969,4.044091709027506,0.15989629572847547,4.5763131247042415,-4.561423555392402,-31.248858837012257,0.012684695509501263,-0.04376713149581,0.4415893058615552,0.4415893058615552,0.4630967023728968,0.6937476871552217,0.04670959672610091,0.04787152223649753,-0.6814971571479761,-0.09173474960139051,0.7244685485744412
920000,0.8909113498019445,2.9645846317230387,0.7945782407852795,6.467808468629497,-2.815810853384634,-30.160681178976525,0.1591320325102664,0.07522138000374318,0.6174959417540613,0.6174959417540613,0.473864417829469,0.7023962863718708,0.04045678707079023,0.04938909766613324,-0.6770675541859916,-0.08373210838490719,0.729471848754798
930000,1.1260458209882203,2.807431339012669,0.6964844043895893,10.158764543505413,3.2565341257556613,-31.22866971858985,0.3101764034103647,0.19466439693914633,0.7933992726066634,0.7933992726066634,0.4834178748784542,0.7027432717668449,0.03151561355741539,0.05290203879707052,-0.6730675803368699,-0.07629453901213175,0.7337305703781947
940000,0.7431810081237648,5.1813003212966455,0.38733267787879033,16.372626647763077,1.3378647356919624,-23.73269856371358,0.44013244451910394,0.31855444171239955,0.9693078957978152,0.9693078957978152,0.48382479576478593,0.6993632133371601,0.025042359417297773,0.056307147084932466,-0.6597666864901202,-0.07021297147191305,0.7460613669277399
950000,0.03282283075490236,6.646849181183359,-0.11091772009952545,16.78343998091557,4.262072429249941,-22.749713962321024,0.587070154250459,0.44680873564972223,1.1452193130320651,1.1452193130320651,0.4926634865850858,0.6996372067754045,0.017565330466184158,0.05978259934557743,-0.640155520873206,-0.06840207681652437,0.7628552325298862
960000,-0.3696168057393602,9.042248617182207,-0.3808192967718117,14.293552530843144,-0.22213899166426992,-20.076261943926315,0.7342287828021798,0.5803112826346986,1.3211279029492289,1.3211279029492289,0.4905822750847251,0.6972387129838604,0.011755861692084413,0.06244550543063814,-0.6106917360519016,-0.06728637135329091,0.7865295332023674
970000,0.13910856802450305,7.509763164180477,-0.41732498589704964,8.636179593611617,1.3741370179007382,-24.735797777541713,0.8936300131219892,0.7273797601071943,1.497041781128491,1.497041781128491,0.49859805839045723,0.6973447545815343,0.0064159643504045905,0.06732598067311198,-0.5868892028762279,-0.06562149667671621,0.8041903350871716
980000,-0.027230830965002534,7.264912571092831,-1.1233834953941786,7.3531029531846785,2.354616777965301,-20.334761794472847,1.0252016321972988,0.8668247320829148,1.6729518454259562,1.6729518454259562,0.4930235615013031,0.6945068776469218,-0.00079110984391151,0.07382478723021156,-0.5632219012386559,-0.06755543858916525,0.820223904475207
990000,-0.656225441780152,6.499233684674091,-2.362736519417799,5.062250437932635,7.318901934097134,-12.698614435637475,1.1538581359408508,0.922748430091321,1.8488517557192061,1.8488517557192061,0.5002365708789632,0.6940446749569578,-0.006551197201300392,0.08320004128254864,-0.5407127866593913,-0.07801401801995289,0.8334394089950394
1000000,-3.872453858562633,6.999936803201349,-2.6332597755602367,1.3920876112641385,3.2904975750326746,-2.9196473999186234,1.2431631835496717,0.9482174623236461,2.0247727516347602,2.0247727516347602,0.49245127984877135,0.6832880310430957,-0.01567640526226768,0.0815181828343283,-0.5126592386685723,-0.09882621418703211,0.8489809598952192
1010000,-1.4264225724905475,5.915235951214106,-1.9456211974183648,-0.9173652871499159,-8.454674252604965,0.6296320052826052,1.2835762926096468,1.0256354450509952,2.200688177355655,2.200688177355655,0.49898244843846584,0.6823073653353386,-0.024091248077067026,0.07871981050342934,-0.48529776422514637,-0.10570018677427168,0.8643591510409677
1020000,1.107993152764276,6.641571239525724,-2.5074252884858024,1.0658146252184306,7.13735854245034,-3.579262040811007,1.214566188693922,0.9468661732885336,2.3765837123956572,2.3765837123956572,0.4943540716555592,0.6718278132428441,-0.03530589530452333,0.09905516486912276,-0.4589637890388124,-0.1138953799182283,0.8755387810355232
1030000,-1.4488559567089907,2.5965265619503173,-2.5041584635176934,4.121532508345604,-14.170064754933907,20.71289889214386,1.1937475413757879,0.9054830813900997,2.552493812419751,2.552493812419751,0.5003224257319624,0.6703494242180861,-0.038713008201631094,0.09580982779745505,-0.4421740167888772,-0.12550789648861893,0.8829215048311
1040000,0.546344449016678,1.8104431208759644,-1.2476873219372882,-4.068264797119317,-2.7361627002120414,5.2250720509509625,1.0818192137795608,0.8505898949614351,2.728404917987806,2.728404917987806,0.4978009308116213,0.6514890849946602,-0.050771717329360026,0.10062426292798685,-0.42974685573318533,-0.12883480352373863,0.8880281476950153
1050000,-0.003239799980954957,-1.3430114114732243,0.4973638449586845,-6.467448677372393,-1.770862698183635,3.938834049701747,0.9456610389044747,0.7448363246743412,2.9043208109253804,2.9043208109253804,0.5039766662349724,0.6332616226468714,-0.050868506489983194,0.09802756022429308,-0.4319416594267936,-0.1277644667687857,0.887408159371655
1060000,-0.26597448602721163,-2.7014770932732524,1.3211339383078913,-2.0179513767702866,1.3024665722040856,10.926972876942626,0.818735585368714,0.6286326779370517,3.080231677691142,3.080231677691142,0.5094249921113047,0.629092638078435,-0.06445926494562942,0.0920874139172453,-0.4394404878813752,-0.12461541901487697,0.8848067377412763
1070000,-1.2978226165745406,-2.8180406433987573,1.273654225815038,-0.3932637453360626,1.2194222668686818,12.933468127478937,0.7057023726047253,0.522411128159924,3.2561406226322447,3.2561406226322447,0.5148546872259049,0.6252524758859104,-0.06129492168627775,0.08126827409304345,-0.4466340556348635,-0.1238607162572797,0.8823672766718661
1080000,-1.627344838152533,-2.478480344158305,1.467586908443842,0.17872027077430683,-4.408660459559033,19.409571553009343,0.6100440394530968,0.4335432356661883,3.4320520450850367,3.4320520450850367,0.5255421460390071,0.604133876037678,-0.07447802630488876,0.06712458141904071,-0.4525712281301047,-0.1217896377281793,0.880818288967802
1090000,-1.5793907154350157,-1.5177348951607725,1.3016728690939192,4.943895209395285,-4.739524363875155,28.52645497806649,0.5140247384759274,0.34760173853199877,3.607963713651742,3.607963713651742,0.5316687677274905,0.598003166647873,-0.06222917834839205,0.05418552891739745,-0.4539997148483948,-0.1198389987980256,0.8812416250612569
1100000,-1.0243815953706776,-0.10289819124017019,1.494253561630241,5.738280287718207,-3.149438756836251,29.467553172376387,0.38622422805002354,0.2502486540486679,3.7838747951818696,3.7838747951818696,0.5429126028276419,0.5809032338661064,-0.07228771554037818,0.04457548167781731,-0.44931081888048285,-0.11541080530808494,0.884767291714765
1110000,-0.9438285313370934,0.8744752991460993,0.9460883579427405,8.947838111464316,-4.895699969736969,33.81098406951577,0.2807491341643452,0.17215796494971006,3.959775720108947,3.959775720108947,0.5575646420610323,0.5654618020869677,-0.05165339816186514,0.036781387671531225,-0.4401596700253459,-0.11277495247827865,0.8900496640624372
1120000,-1.3856457769353165,0.8988372156047625,0.33969236163074173,7.821787039644582,0.424899108619331,32.753340778867,0.1870542542942351,0.08896424638333543,4.135693991726669,4.135693991726669,0.5651640850721091,0.5580010644778804,-0.05676090584045867,0.02963494433901626,-0.4301822368120309,-0.11442440785509828,0.8949704286133879
1130000,-1.497282439165238,0.7530736649745206,0.32556722748922956,7.912797009605552,-0.23084657778056264,29.430985396350284,0.07510880658441883,-0.020813118366230645,4.3116119323190745,4.3116119323190745,0.5843248006997019,0.5468470730926622,-0.03345625073671435,0.021730877998983735,-0.42065647694200275,-0.11619221757805245,0.8994861121342731
1140000,-1.3553129765005105,-1.4414336779760302,0.24653715682014532,9.012572829182204,0.4037125218600537,24.90698111350794,-0.045634777076913866,-0.13209269906359147,4.487523300889073,4.487523300889073,0.5936449109550996,0.5392995190466818,-0.03424337078916767,0.01347001429867536,-0.42102923285963595,-0.11823020472617451,0.8992077415607735
1150000,-1.3873270309787615,-4.614040458427949,0.0063967881848987045,11.170774761383358,-1.1525044186555748,24.879295188235343,-0.16847090678389906,-0.2521066858299045,4.663422229823954,4.663422229823954,0.6121649890490456,0.5247963026595747,-0.016004107960219064,0.0029238343405433307,-0.4356830892440246,-0.12117715645040009,0.8919012241801935
1160000,-0.692521574553332,-7.194575426133764,-0.3032798020869557,11.333245687328423,-3.0490773138513356,24.764783794125627,-0.29293461521967157,-0.3760726349267541,4.839327954371914,4.839327954371914,0.6224444385768544,0.5160542012268088,-0.01409903690598993,-0.0057830360645528675,-0.4621449789679616,-0.12352667850363255,0.8781399288305017
1170000,0.2412500595557121,-9.141827112422062,-0.7078893492877472,10.258159905728725,-1.0217345904843733,25.305617322098936,-0.42481299494722163,-0.49888745128897927,5.015239553113954,5.015239553113954,0.6369304333407622,0.49906024090719053,0.0007889497802927286,-0.009452683170614389,-0.4971693154538508,-0.12564262878985857,0.858456317108098
1180000,0.649970579479716,-10.119652230652985,-0.9340916920451022,8.167648924731717,-1.131264590687273,27.37853750843465,-0.5762960899002988,-0.625874556718327,5.191150759974619,5.191150759974619,0.6470943405335244,0.4889723626769423,0.004708744141010839,-0.011116277344406789,-0.5359458599215975,-0.1275028292548066,0.8344947526155699
1190000,3.075138717689475,-9.56640119025201,-1.802295781009536,11.641853238024563,-3.6894949705506606,30.8384632761042,-0.6715176273796665,-0.7077402396155512,5.3670628113894665,5.3670628113894665,0.6601202306721107,0.47377193968177583,0.013096703539131383,-0.00025121108558583783,-0.5730913246144879,-0.12567566788758391,0.8097974419851004
1200000,0.7358614768124756,-7.862174108207898,-1.8743727188257637,7.285550053980393,13.605050284806344,10.51696614225141,-0.6932728784556634,-0.7385925582699611,5.542974542746467,5.542974542746467,0.6703769627689544,0.46337201657668387,0.017289468035867842,0.007581954194952237,-0.6035048094143866,-0.13445874830310636,0.7859041315510771
1210000,0.6036975884338446,-6.481748725476354,-0.226716837251516,14.108476141051131,5.414347571910354,7.234117173639715,-0.6549811141284636,-0.7223680173008817,5.718887073763799,5.718887073763799,0.6895933763479066,0.4594923589869706,0.024907808160854722,0.0061010540413473325,-0.6256518906805155,-0.13397542593300188,0.7684875236941402
1220000,2.769063429088634,-2.5573812578478687,-0.09049892415581436,17.767850877497832,0.00699461858155884,7.96989940430128,-0.5744016309471438,-0.6662528292021013,5.89479913687795,5.89479913687795,0.7023335427740542,0.45234500914399967,0.030093473768290774,0.012528778452266477,-0.6334927104326435,-0.12374527897455675,0.76368653351405
1230000,2.515125630746599,-0.8495657517349834,-0.7107092882662259,19.20695340442416,-3.1562010054068397,10.503617844972014,-0.4625039145729327,-0.5432322541973884,6.07071084246137,6.07071084246137,0.7223589305866381,0.4554965238898981,0.03837032084500822,0.02056887017376635,-0.6349171659966402,-0.11629653973138199,0.7634999860832198
1240000,0.6322937447007071,2.679263569758649,-0.5733046140459066,10.759033962690676,-4.678707924360139,-0.6320243072389197,-0.3294044700747809,-0.39159864098449565,6.24662269369313,6.24662269369313,0.7363131104142068,0.451501928518493,0.04487762055224506,0.022294134970215717,-0.627275763364701,-0.11257466342964917,0.7702954195598354
1250000,0.8660795345928659,6.261256876685057,-0.29052360239416886,3.064834103665157,-2.5929599797265865,-10.862660209734171,-0.1954628286011052,-0.26481858343896475,0.13934879271787182,0.13934879271787182,0.7539062725579374,0.45300085443084814,0.048224414378905726,0.02849101637073795,-0.6090372807869161,-0.10807013522130718,0.7852278003682052
1260000,1.0225689674359408,7.244742690359325,-0.32560579527708766,-1.4194236853942284,-0.46597318179055125,-22.842416181910863,-0.06832247403077175,-0.14014079428672785,0.31525176723149784,0.31525176723149784,0.7677281939559448,0.4493688035068637,0.05109770368568229,0.037518134889587815,-0.5871630671737561,-0.10432934687563421,0.8018399525354281
1270000,1.4500987802220362,5.775126840211169,-0.11003075215668867,1.0411040207084818,-1.6403281515699848,-27.79955475677262,0.05418943487118407,-0.0143790173893463,0.49115526493670103,0.49115526493670103,0.7820002055461082,0.45103611796477505,0.05295528350269984,0.0466538172530259,-0.5711385037483074,-0.09844723474059092,0.8135922644935835
1280000,1.7666924225904381,3.6998589351755022,0.4553309121230037,4.713551256144362,-0.3992934207719395,-28.38414754930249,0.1952121886788576,0.11458996506217345,0.6670674877379454,0.6670674877379454,0.7948530398566207,0.44830206952653556,0.05293136608253416,0.054563707534151185,-0.5635661652206404,-0.08986701253884782,0.8193533421521951
1290000,1.8268111429686535,3.513133968866774,0.5568352259991817,11.148310314818383,2.4732378761767477,-24.687025213180082,0.3516225008704399,0.2351837527999683,0.8429804383334201,0.8429804383334201,0.8042090937107145,0.44365751920258284,0.052800245581635034,0.061564499012140866,-0.5499156319072322,-0.0823097938241337,0.8288713459193063
1300000,1.5205054922866383,5.280805903001465,0.6298075420543248,15.120897141455913,4.957398375467266,-21.431861012038432,0.4965406968935466,0.35075685572603804,1.01889247552419,1.01889247552419,0.8124742815785881,0.43958783627096204,0.052888101345467946,0.06835355473785966,-0.5322214202415482,-0.0754788088390047,0.8404588632449614
1310000,0.5959202828508691,7.197303720060157,0.18859397121897378,15.71698396433802,4.805073741757577,-18.207368117652553,0.6414588929166533,0.46632995865210775,1.1948045127149598,1.1948045127149598,0.8207394694464618,0.4355181533393413,0.05297595710930086,0.07510569207176279,-0.5142397508276821,-0.06860705704592862,0.8515924409073872
1320000,-0.7689537654704164,7.112248005134885,-0.18431093976993806,7.561074972958277,6.178262412625448,-15.194774584025996,0.7916538994514387,0.5821484245124386,1.3707162597873186,1.3707162597873186,0.8308871650378351,0.43045653114214216,0.055519674119734665,0.07799693345861332,-0.49243196617882246,-0.06813107427272744,0.8641674570213552
1330000,-2.778345332532683,5.8774158018624485,-1.2343261074286813,8.62309720180463,-0.05376881410059884,-10.528874145629949,0.959464982726948,0.6987860087151297,1.5466265677990414,1.5466265677990414,0.8348767656622457,0.425575996401375,0.05458072841709096,0.07079856098961858,-0.4715423160678631,-0.0772492709513266,0.8755957732062458
1340000,-1.9093085930734945,6.008168247009617,-1.321695997746508,4.385105686121229,-2.1038422713609717,-13.113351225670781,1.0917894192269757,0.7932795568589944,1.722533021691735,1.722533021691735,0.8384165417311188,0.420066209524733,0.05007273666109353,0.06829546253562079,-0.4515953460912919,-0.08754206527637108,0.8852873883620389
1350000,-1.5230285841127313,5.397937676167666,-1.6385411884219678,-0.06293851954918753,0.4247795725807656,-6.888120005777555,1.1765130598064382,0.8580697140918272,1.8984370540786344,1.8984370540786344,0.8440068839158019,0.4139604281813383,0.045026920560459455,0.07111318197509761,-0.4311101830333386,-0.09648590785579488,0.8943027423750758
1360000,-1.7341884532050194,4.368573739474753,-1.5360693208854033,-1.1029030031542877,3.418901212232864,2.4997191485107537,1.2422894659821337,0.9246681294752028,2.0743443980559526,2.0743443980559526,0.8521615310602628,0.4081658413880242,0.03694327289245195,0.0730313347329364,-0.4083513887450213,-0.10593074734531623,0.9037113721891527
1370000,-0.2406778201388817,4.257526689749371,-1.824961728102892,-0.5754048594800589,4.539148134636311,2.4806784156422714,1.2384692733939273,0.9413100220482593,2.2502558344485912,2.2502558344485912,0.8596860265976729,0.39834573778979915,0.02810402172726164,0.08386280027991218,-0.3861394499676858,-0.11598725611690695,0.9112685182350676
1380000,-0.8068955959028782,2.6325384219905286,-2.1343239160709917,4.57346102000036,-2.3472719543352807,12.448446763887612,1.1523003167928616,0.8477828867800674,2.426167030203832,2.426167030203832,0.8677463189079468,0.389513366898733,0.025180103749637306,0.08584413572523128,-0.3703536961182374,-0.12673665018230137,0.9161914350362141
1390000,-1.043994654573269,0.4381098631530557,-1.2106903198383216,3.1306434470866686,-0.5813035611121925,16.815009200666566,1.0708051135741283,0.8254091001950634,2.6020801868577728,2.6020801868577728,0.8813574909863235,0.3772408208429572,0.021296659402754325,0.08238347855497444,-0.3622596374071785,-0.1342578705268739,0.9186706383510854
1400000,-1.8200103505583807,-1.3283970650898902,-0.905679940515232,-3.0049086410918626,-1.1643007474520224,11.200068511763762,0.9674273870368785,0.7293375206306028,2.7779919573553826,2.7779919573553826,0.8943202884147309,0.3659659461841335,0.024059936209942033,0.07376609241892075,-0.36152539343995194,-0.14282346374042973,0.9184004636935444
1410000,-1.9315658770760697,-2.5733552562671176,-0.48384920038847407,-3.487679650078324,-1.1903492640593052,10.504495604067943,0.8673086444937296,0.6368587851021765,2.9539029174502076,2.9539029174502076,0.9073136920563462,0.35499527156706245,0.02466155888298574,0.06322815272962308,-0.36643694922759934,-0.14996957203899572,0.9160978607144598
1420000,-1.4823609067290013,-3.2858137744905695,0.5417698436938069,-0.6010569172877205,0.1381998175915358,13.708266235227079,0.7627594021806567,0.5435129885133311,3.1298138237556934,3.1298138237556934,0.9207282609974409,0.34070067389141756,0.02372834974243801,0.05347636293103033,-0.37446329310971127,-0.1518893666807168,0.913152309864258
1430000,-1.6058163022578005,-3.403590956057934,0.7494311151874542,1.5999537991071886,-1.5666272345847498,18.925543908263304,0.6495249113547255,0.44846746476578375,3.3057258567401284,3.3057258567401284,0.9323330177369376,0.3265860867597784,0.028935947530844934,0.04034978219186536,-0.383487416181762,-0.15240774114579975,0.9099896577138336
1440000,-1.604006570706255,-2.2620267481962517,0.44695825812980444,3.668332968047721,-2.0230158215773177,24.267693731008162,0.5489459996743723,0.3526982575791616,3.4816377995315655,3.4816377995315655,0.9433868388186566,0.31553117749008264,0.0447410066828677,0.027715272467040246,-0.38753114227791724,-0.1538235756963618,0.9085096504698429
1450000,-1.485377700253861,-0.4963339232099388,0.3749809991290838,5.222803808916868,-2.3810661474761985,28.29833567342327,0.4487026900748552,0.27699445529417543,3.657549360663186,3.657549360663186,0.9564915761947588,0.3045971305815187,0.05573459641177055,0.018293992644652174,-0.38310816321137886,-0.15503235903479864,0.9104166259279464
1460000,-1.2865479821845411,1.0908732552461688,0.2858830940911191,5.850395957832551,-2.639804077410746,30.746309810159143,0.34649964411661416,0.18690480388810757,3.8334547985809166,3.8334547985809166,0.9698612946128066,0.29337133948015626,0.06691739708458863,0.011243597115329063,-0.3714716007800067,-0.15605511033359137,0.9151662329198003
1470000,-1.7876847410601215,1.6723056460606638,-0.1611278292108795,8.180353234269802,-3.9908430611104078,33.17587525091706,0.24763020753872525,0.098705169142146,4.009355266091308,4.009355266091308,0.9845755137929988,0.28215131294298723,0.08151477224409509,0.0026589551498314547,-0.3567047212125465,-0.15974809587661293,0.9204538107292443
1480000,-1.9090712237034937,1.088246640478915,-0.4757787862891699,10.55978924499044,-0.26940709161778775,33.029252891506815,0.1493497084747713,0.006372323261343062,4.185266929160029,4.185266929160029,1.0000977490269494,0.2703519232986191,0.09421975261276769,-0.0049320931797272064,-0.3442824710645179,-0.16556523924491928,0.9241392785334624
1490000,-1.6116134739115338,-0.3375163081621238,-0.4552434146042225,10.371452123450553,1.8849579366888887,28.38096859895541,0.02423872654163684,-0.11184039179271278,4.361178964687461,4.361178964687461,1.0141382256795903,0.26091173577218263,0.11162736104872814,-0.011918392004591511,-0.3385142584095054,-0.17083893637610842,0.9252459708657841
1500000,-1.3384282080897785,-3.0688574626097895,-0.4993456413710017,10.899057544985025,-1.072916786528516,24.988852522849704,-0.08038396117048124,-0.21219187287401833,4.537090448079816,4.537090448079816,1.0290636692161264,0.2512605115969531,0.1242111980879825,-0.02177877000035247,-0.34558916335933343,-0.17489308320743838,0.9216866196229953
1510000,-1.1469167934743836,-6.19262543220728,-0.6625185485942948,12.143011294845394,-0.40697806961599375,23.9009696844258,-0.2075659577647899,-0.3449705159816254,4.713003091902529,4.713003091902529,1.0414691463576915,0.24222923330594598,0.1434103884612953,-0.03205795396866189,-0.36897423496529874,-0.17866526273898284,0.9115421138979406
1520000,-0.8359549343780848,-8.509022174549875,-0.8131093659306511,11.71104810530757,-0.2509570641267863,25.03003319507562,-0.3343011238962497,-0.4638788781104243,4.888916311161985,4.888916311161985,1.0548527638144058,0.23299058697718755,0.15675608131075253,-0.042237109712388615,-0.4018063046323218,-0.1822591512936354,0.8964091263985354
1530000,-0.2064291916785974,-9.916707835741535,-0.9773151472944335,10.451656089151843,-1.544499832202666,27.923371527350263,-0.4829701378045376,-0.6406804010200988,5.064828035881401,5.064828035881401,1.0684378736309017,0.22256342844772803,0.1691905936877564,-0.051664611123724447,-0.43763720877381235,-0.1852895133055772,0.8783349234278933
1540000,0.5234652090977737,-10.063777677631434,-1.2901061665125628,8.204808123278891,-1.7914027013611051,29.21740145391726,-0.6493364588384772,-0.8062836393115218,5.24074523180915,5.24074523180915,1.0816024200845826,0.21152818605332468,0.18470092742266084,-0.05597642195666939,-0.4770373764704365,-0.1870934471153601,0.8569119112730456
1550000,2.761019282161603,-9.106289117772254,-1.531366121580608,4.951346352102904,0.41594276088131027,23.827332189930157,-0.7328850734536325,-0.862606714813498,5.4166466794587755,5.4166466794587755,1.094871847067177,0.20260983130904536,0.20372965890680175,-0.05335141001027302,-0.5124851022804706,-0.1866921526119508,0.8364560282188224
1560000,3.023207891000594,-8.180149074483479,-1.5412845342987544,5.846250441716039,-2.9048454222576976,13.421920695965046,-0.7474752315804569,-0.8384603086361796,5.5925451643373485,5.5925451643373485,1.109127020904456,0.1938438321869284,0.2179187655551353,-0.04982552531470902,-0.5447134757427335,-0.18396942888004175,0.8166761265085047
1570000,0.5269339098591277,-6.69883231688517,-1.1471916126668713,11.959853633359149,-9.141237479736889,7.907633122249352,-0.7190359986739222,-0.7620952890423682,5.7684561507674985,5.7684561507674985,1.1230753133601923,0.18772336211110346,0.2333234318366307,-0.04763691447257424,-0.5728274930728515,-0.1784788925462684,0.7985891762820623
1580000,1.4143985501552616,-4.7876860807140815,-0.7531456762791595,14.22371976926768,-10.551589952810657,6.762914784091735,-0.63033906010302,-0.6309945788878115,5.944368502990724,5.944368502990724,1.1399883634795833,0.1876428956784955,0.2461979402331307,-0.049860049620929485,-0.592183551883673,-0.17227115190299863,0.7855923030123512
1590000,-0.0659846601423079,-2.065032010757397,-1.5604682388748823,14.31665762177732,-3.5752785839703947,1.4770446818026663,-0.5045891413019539,-0.5362537797865752,6.120282665655022,6.120282665655022,1.1562588589149383,0.18850143431311983,0.2580143452723559,-0.05210022433836561,-0.6025224528960239,-0.17435985916784622,0.7770784386990928
1600000,0.7509429902000212,2.6944748798912905,-0.8888804046469565,9.707738874782537,1.7609254257969953,-3.183205581383701,-0.3621811976461865,-0.41390016289328924,0.013006832624693487,0.013006832624693487,1.171351949342481,0.18675560453860296,0.2690122017319708,-0.044346679290868815,-0.5978842133383409,-0.17558070961151617,0.780858024156109
1610000,0.997284547405016,5.913808289928627,0.14827981569375281,5.593445213533765,5.256827545252221,-7.4432525232506075,-0.229060391435306,-0.2919474507860508,0.18892161920079076,0.18892161920079076,1.1847464530094016,0.1847156801981118,0.279565227874792,-0.03328770667533255,-0.5807912122675959,-0.17443096279727777,0.794447818018684
1620000,0.0723885974237344,6.457336475563541,0.6298201475347482,0.12147508408980409,2.9091866850978345,-18.10383124936771,-0.11467862657770651,-0.15214713874729627,0.36482889409448305,0.36482889409448305,1.1988413715817532,0.19061623957716528,0.2901371241837012,-0.028330484815185002,-0.5612135672808484,-0.17260632984987298,0.8089769900471818
1630000,0.6920274803640499,5.375188970823873,0.579036479862928,2.741258811738536,-2.620415941751685,-23.60891683632223,0.029133446577809096,-0.03379121634241675,0.5407317650234376,0.5407317650234376,1.2112143221037135,0.18775014724716377,0.2959465274034588,-0.023706630260398258,-0.5463885977356032,-0.16753366193035207,0.8202621337514152
1640000,1.3731045648183626,4.9273767110272235,0.547888572435028,5.724770654139074,-0.6136524848303839,-26.232828888132826,0.16030415189677863,0.10120074459659174,0.7166548713995979,0.7166548713995979,1.2224740830994851,0.19120962601970903,0.3027950501633893,-0.016114496116847322,-0.5337681310430781,-0.1609592154186253,0.8300144795541222
1650000,1.166761906993432,4.71493038158136,0.5449189064040237,8.399343391302352,2.373193088494126,-24.13154428684826,0.3078849029991065,0.2213854206143769,0.892569486335077,0.892569486335077,1.233206386791599,0.18814621129803777,0.30377163678080754,-0.008935917510858591,-0.5215776756912601,-0.15530330669059386,0.8389027121959431
1660000,0.23108827634972612,6.236074154377692,-0.13628130435881072,10.625683390823639,3.5232840412652138,-20.54148404499399,0.468952558054436,0.34724866852018493,1.0684776548617378,1.0684776548617378,1.2393841101500602,0.1907231070127755,0.308651552987824,-0.0024652811078924074,-0.501990941366003,-0.155062604525248,0.8508552202656924
1670000,-0.1905648196758322,7.345928651702539,-0.18319420382778662,8.875642897436329,0.9156704658824937,-17.868992124358257,0.617181020744319,0.481793087451566,1.2443752649464983,1.2443752649464983,1.2497373816786792,0.18577245344060556,0.3087730052332661,0.002536050762206519,-0.477029837574526,-0.15550860312853307,0.8650162870508078
1680000,-0.34647837104655793,7.655768121290933,-0.416771985568186,7.172452448693474,-0.8090131754795011,-15.27495602807912,0.7731929255675963,0.6210967575589587,1.4202836513845085,1.4202836513845085,1.2548592901180826,0.18123058087474642,0.3106956036111093,0.007136264800659438,-0.45011431151885856,-0.15685535453038096,0.8790577785593774
1690000,-0.12997312449816995,7.072553060649609,-0.626176186080923,1.4058522141482983,3.249596335087357,-19.701755399313537,0.9306391975016655,0.7525051390961102,1.5961994778401376,1.5961994778401376,1.2653693359202427,0.17608044621785235,0.30508141007078626,0.01464069818190029,-0.4257275319938734,-0.15944163198412956,0.8905728967633079
1700000,-0.7091794985314521,7.736772100210417,-0.9466822966770322,-0.8658702999607035,0.6786362954557055,-13.79258085299079,1.0584989832646028,0.8688202825652116,1.7721068365346824,1.7721068365346824,1.2716402707011367,0.17067499692521987,0.30289670913316474,0.020314589223339192,-0.3970429523108457,-0.16416368635437434,0.9027704556350508
1710000,-2.575871506529493,6.622332498567096,-2.0936680326340373,-3.165183664895518,5.908578420167963,-6.799583307649416,1.1668089795064305,0.9458225657986921,1.948021538925424,1.948021538925424,1.2819037325607796,0.16517814887687926,0.2908233492528912,0.022548620545402114,-0.36699898171986645,-0.17969101692552905,0.9124222956308937
1720000,-4.321879037497838,6.531363404910534,-3.57308821255396,-3.2078709251503668,-10.387980429755201,5.338564344577486,1.259214261672993,0.9951821517823733,2.123930103811553,2.123930103811553,1.2875395382667085,0.1581209545599898,0.28606839158872893,0.010378349025286112,-0.32936745594103967,-0.20171291651699425,0.9223455253583902
1730000,-0.8984486395451912,5.773998523055188,-1.9041317514600797,4.097088147223208,-6.254851662860071,6.484816601494169,1.220574319558333,0.9168092644834728,2.299845673847919,2.299845673847919,1.2983497723204211,0.15201445018477538,0.2731463386093348,0.008534175315143104,-0.3005342895917074,-0.20935973934566873,0.9304702081057791
1740000,-2.8043295806030173,3.1699305450358275,-0.27643353378472113,-10.369153921494183,-5.985614132237809,3.781008791975621,1.1499201492027555,0.7414191744241553,2.4757545502913416,2.4757545502913416,1.3079845501551308,0.14168130061574796,0.26810475064812495,-0.0025201925791916422,-0.27700517109404327,-0.21468402208671353,0.9365749059617149
1750000,-0.28306991126971814,3.0548616255523697,0.034618148012897094,-10.698547399399002,-3.1552008668939724,2.232880849116055,1.062477504213244,0.7697997902218302,2.651669091479242,2.651669091479242,1.3191125468576415,0.13448238902014775,0.2588777236416955,-0.0009357446340481509,-0.256241768765576,-0.21517361095316137,0.942358529155038
1760000,-0.9537795574378825,-0.0175912809867808,0.8057996396397864,-5.309005405271398,0.8807283253856165,8.817202870189853,0.9470906241602259,0.7160921801076429,2.8275776788025198,2.8275776788025198,1.3312956000542462,0.11734703330360635,0.2525062885080953,-0.004948998719265321,-0.24875071378129263,-0.2133718462919159,0.9447597816455532
1770000,-1.2506948833326021,-1.5790659389118247,1.0008128252549002,-2.8883208124455138,-1.3790471889922669,12.19128774441558,0.8464358613809534,0.6168206169729252,3.003481202849599,3.003481202849599,1.3422902389160982,0.1088353348083983,0.24851689359610055,-0.014244928411724655,-0.24802510405709752,-0.21039711454429302,0.9455229685012662
1780000,-0.954714529751799,-1.8533944799389066,0.9645404286302329,-1.1578374562722724,-0.1049595554401592,13.908784648239644,0.7435295604970037,0.5161539150637768,3.179388278009732,3.179388278009732,1.3529183343813904,0.08287808645889355,0.2422502318232749,-0.021327397106234262,-0.24890975277370228,-0.2073155366434408,0.9458379065003948
1790000,-1.1984042188878854,-1.1970218979149696,1.4433580339252565,0.21713062569818872,-4.608671549538979,19.776184029223643,0.6370312135968166,0.42155621848128305,3.355299247148679,3.355299247148679,1.3640898021454073,0.07350438124660125,0.24229657553820652,-0.032399485387814654,-0.24659362866067874,-0.20145130670422462,0.9473960242040942
1800000,-1.7438555886744795,-0.5202584386235323,1.2930003485533335,4.2853913223716456,-2.0875952270066613,26.374350532232825,0.5280957914439214,0.3377421799640697,3.5312101540453753,3.5312101540453753,1.3770774352792343,0.044535296109965816,0.23815534754007986,-0.04363445028649485,-0.24020278999051323,-0.19730982669242844,0.9494564164402559
1810000,-2.2504615175877345,0.45726959694445735,1.0428032994121474,5.813494988209147,-7.49834439043067,28.927376798641287,0.4332706351719681,0.2466539609045792,3.7071222684209104,3.7071222684209104,1.3884020653792117,0.03481849920886254,0.2501806540246162,-0.0587805983440832,-0.2293281114463985,-0.19426787648855756,0.9519524414188801
1820000,-1.7305144272950115,0.9964671225942637,0.8877359836606036,8.449826229992476,-3.6970969296719494,33.45718644700598,0.3231133676206046,0.1489990978174931,3.8830310649960396,3.8830310649960396,1.4030457171278479,0.012692788804957444,0.2497464914370883,-0.06808661577509537,-0.21560401304794055,-0.19196594899274366,0.9550016736829489
1830000,-2.207988434200993,0.7250130861620442,0.5911396452296291,8.035575109931584,0.17123236345476672,31.118997229860987,0.21438344877485888,0.06281448528639566,4.058944514008331,4.058944514008331,1.414529438432653,0.002583367246297208,0.26771065348906553,-0.07539785897597129,-0.2034191198343867,-0.19234941382720663,0.9570462515197335
1840000,-1.8784492904787553,0.31381886149737176,0.15269513835268023,7.6469280072979045,-0.5598265387286827,27.055857589996304,0.10474068889669283,-0.03567328027560351,4.234854856446283,4.234854856446283,1.4307735229499867,-0.01781062545346279,0.2713232618630962,-0.08086524478109285,-0.1937083881825639,-0.19418514131885395,0.9582431859529104
1850000,-1.1929720389011098,-1.8893734829653166,0.019500256255611748,8.337629829522763,-3.078663519876868,24.64079355483484,-0.017092294613857834,-0.13461396131441067,4.410767545695798,4.410767545695798,1.4424179767912342,-0.02829545616208684,0.2899565506433602,-0.08982910859093662,-0.19433556048895095,-0.1938950310352752,0.957376173778642
1860000,-0.7342054504876181,-5.292243349068252,-0.3592978442692898,9.610079712663154,-0.9675528169927459,22.105531639435007,-0.13918801956999696,-0.265209787850597,4.5866788617409,4.5866788617409,1.4544933926960264,-0.05710303331259825,0.2968293359184491,-0.09038777116827625,-0.2195219924140115,-0.19556293580873405,0.9515226133979597
1870000,-0.7880102243507755,-8.122399177339144,-0.6724931429752015,11.63195970659849,-2.655258503165577,25.029925695065227,-0.2704529898024008,-0.38615607471545255,4.762590845965853,4.762590845965853,1.4661328777407208,-0.09155765606322819,0.31702675525666,-0.10167394310179996,-0.2506306901045122,-0.19546226701663635,0.9426776589293846
1880000,0.3847241661932526,-10.60212654179774,-0.9407871950563174,7.7837832955916415,-0.5160006200355562,24.516317978900883,-0.3887984273144836,-0.5194326858793827,4.93850257907544,4.93850257907544,1.477798481900709,-0.10486161744542022,0.32756767234994777,-0.10552520497541183,-0.29544029416673656,-0.19442617941036325,0.9293965377907639
1890000,0.43732221819539785,-11.482790376702495,-1.0221315568071585,6.497091599377015,-1.9281741495702576,28.22302871350121,-0.48409057266635036,-0.6898330758878414,5.11440138153899,5.11440138153899,1.4894648604543281,-0.11766628244983557,0.3437785039104662,-0.11138684327807723,-0.34324457636645933,-0.19246795588684135,0.91254162529514
1900000,4.378110326900503,-9.676243462623496,-2.2431166920380066,11.342734527816594,-14.371778426072705,34.89551342767805,-0.6168907557351331,-0.7447942796738343,5.290321381290795,5.290321381290795,1.5039910039449487,-0.13993078413498083,0.35777552705301796,-0.09917654850907882,-0.3865752881416284,-0.18813708374249705,0.8974006889594592
1910000,1.4407029321178386,-9.228810090287334,-2.378268578930539,8.278588187133721,16.24181837182237,14.608419841403641,-0.6326106710077881,-0.7145730158943325,5.466237533213345,5.466237533213345,1.515991907954718,-0.15384183536371898,0.370170078012978,-0.09048568568802058,-0.4296721067500777,-0.19407730488139413,0.8772275765709222
1920000,0.6122801398931103,-7.014093930941858,-0.23149099995233752,13.249213870616485,2.989605720339567,12.469676535656019,-0.6244204112231885,-0.7121618490873147,5.642135873083099,5.642135873083099,1.533982138208654,-0.162940666788434,0.38586061408240996,-0.0889646118650737,-0.45755645431513076,-0.19295865342422097,0.8634201451315425
1930000,1.5078192753710502,-5.0570536086931694,0.7658815833079039,6.6832815612990775,-1.9783482111887558,4.775490760605171,-0.5642713687138868,-0.6285400167343224,5.818043817822215,5.818043817822215,1.5548889486274433,-0.17093678631833398,0.391019522743421,-0.09491878387304874,-0.4787284451921419,-0.18066241318172313,0.8539148626738687
1940000,2.2485520830987196,-1.3455378063582923,-0.7351560440603052,13.763502276501807,-15.43919735714091,9.213019495288068,-0.470441226252856,-0.49750387974524346,5.993955340662865,5.993955340662865,1.5683658552516444,-0.1832894623629836,0.40621725332909947,-0.09127500264433826,-0.48505005510696203,-0.1740870823348171,0.8521085645017071
1950000,-0.2644451783000132,1.9501848586827313,-0.7181982399716048,12.119942210344595,-4.897428967030715,-0.9516250125484804,-0.339607157386558,-0.3820745542510231,6.169870002818058,6.169870002818058,1.5885629618605903,-0.19005711933031988,0.4067748283407331,-0.09276223505956996,-0.48101949592372395,-0.17664451021897573,0.8537049427627428
1960000,-0.044027938586033016,6.369028184015844,0.16276947989638788,6.884276022398989,-2.2378099980855573,-4.195036995035989,-0.19350705312598496,-0.2662842117793958,0.06259568606237309,0.06259568606237309,1.6026362794034583,-0.20174699713003574,0.4207501518149308,-0.09064181018648035,-0.4589683025681342,-0.17719940229057254,0.8658709668950146
1970000,0.463976925338703,8.366176773356298,0.544701584479163,2.889292440783985,4.470722252564035,-9.07255119259865,-0.056950417304630366,-0.13941985681491573,0.23850528977695262,0.23850528977695262,1.6249722014863892,-0.19688341079234883,0.42031937971834793,-0.08078657038973973,-0.4291160831893523,-0.17819981884266134,0.8818036866317441
1980000,0.21925701912764856,9.821842316916715,0.28150869619140234,1.6792300076269289,1.1662656439182204,-17.230780281778074,0.07607465151723165,-0.0027633033579026246,0.41441695804793,0.41441695804793,1.6400998242017466,-0.20554675787088927,0.4310029946375196,-0.0722996196366805,-0.3926206603013236,-0.1799558447061157,0.8990203980227881
1990000,0.6624040780183443,8.59394974614863,0.3605443140836672,0.9477976696097308,-3.317771313686941,-24.745359536421294,0.22578156255631915,0.13114652410767288,0.5903189374032891,0.5903189374032891,1.6601474049512643,-0.20113270894070545,0.42433597252030353,-0.06478740653682918,-0.36125906459668966,-0.1788630526633238,0.9128540346588351
2000000,0.9497912752573728,8.139229150935927,0.18891391873436872,4.875709617729456,-0.8366292895063447,-22.84577465089701,0.37442707196333563,0.26535309982060656,0.7662233938104208,0.7662233938104208,1.6754154303195399,-0.20855686434734855,0.42889300225422533,-0.05512890417945597,-0.3319805880694393,-0.1781258951791919,0.9246733793808781
2010000,0.8531285049035816,7.685866919057118,0.0711178703340434,3.7545726581117416,2.5205958731632396,-23.284318071852667,0.521124390917114,0.40230126832584046,0.9421459291785368,0.9421459291785368,1.6939710909539012,-0.20908988589420363,0.42134771436273155,-0.04466397265082977,-0.3046076867521984,-0.17824769923486547,0.9345838883888367
2020000,0.1714034699387505,8.649271954628784,-0.1405196452764618,3.9455556419481437,3.924454439937691,-20.993030310332877,0.6751469290727649,0.5376422383553537,1.1180535230876245,1.1180535230876245,1.7093139645472708,-0.21669166456842115,0.4210264326681028,-0.03530788677904571,-0.27177316681297986,-0.18056432081712018,0.9446106208271716
2030000,-0.5694953385738304,8.617797677987763,-0.7067273188810766,3.6790879649007846,1.1931011367552455,-17.46061666886599,0.8174381650234347,0.6718925716337083,1.2939585241826705,1.2939585241826705,1.7260233964317375,-0.22105953157208547,0.4089866842421648,-0.029818566230652467,-0.23824700341935012,-0.18584524025774854,0.952791039600598
2040000,-0.520880145135136,9.23841579338079,-0.29814785120762816,2.8201415387851774,-1.1086826028299077,-10.631618263305734,0.9542895831620608,0.7758536890053546,1.4698716788147976,1.4698716788147976,1.7411244116530362,-0.22911892574462311,0.40365526394395324,-0.02581194275074955,-0.20098915063723866,-0.18838199032217262,0.9609627103378208
2050000,-2.3566391339437938,8.408930871925598,-1.470707868552439,2.8859034327648407,1.2950486642805519,-3.2952746487047753,1.0894729906521399,0.8385564861074262,1.6457842131498808,1.6457842131498808,1.7554683531073478,-0.23863215316273234,0.39128570292288295,-0.026330410890903138,-0.16570431902782007,-0.19899595347492477,0.9655306305956577
2060000,-2.790162943106676,7.768178102896927,-1.6542347570139786,-3.430372951701514,-1.321465975218258,-0.21366654463366366,1.2013148267713878,0.9042092091558804,1.8216965986908988,1.8216965986908988,1.7698890028444498,-0.24814511160998431,0.38377233408504186,-0.031211699900625025,-0.1218697798723899,-0.21010173070511468,0.9695518806633734
2070000,-0.9311548584948339,6.377826085565618,-1.3891087053718707,4.030531450439586,-4.638813681411194,6.8764048581926875,1.2372890939934897,0.9558971654233568,1.9976083653015237,1.9976083653015237,1.7840760580770518,-0.26961894511710627,0.3690740687233826,-0.03341879890773814,-0.09159571319265893,-0.21774200302018684,0.9711240030629711
2080000,-3.3437821912419063,4.814382697086233,-1.9519467048103523,1.9957090150731498,-6.009064870136867,10.482395355727622,1.1854678726779546,0.8656488006426928,2.173518451483794,2.173518451483794,1.798422654312809,-0.2840860222036873,0.3601941832531492,-0.0503434417863297,-0.06299756413061652,-0.22872773790573203,0.9701445596895558
2090000,-0.7667267018655853,3.2029503242466015,0.5863962022781474,-3.6918062313757978,-4.274042794426012,7.4611961387493935,1.139593638191669,0.805173075593678,2.349429725864283,2.349429725864283,1.8111670265457744,-0.2966011879897221,0.3474897251257261,-0.05347963931079653,-0.03980260032146891,-0.22624812599468994,0.9717857102626728
2100000,-1.040004806713716,1.516680657517145,1.0564858160860942,-3.9430205606074376,3.8695789174529556,3.517175619580525,1.0808558123048544,0.7559203819001722,2.5253419357689637,2.5253419357689637,1.8248249075253904,-0.307945649990953,0.3384425536506449,-0.05224919352409532,-0.027483271615486055,-0.22171801643051525,0.9733220498619709
2110000,-1.423221826748027,-0.09210835577758954,0.9044490985191151,-4.855294304607535,-5.87419250919412,5.261060324832392,1.0002758396927303,0.7205497701764263,2.701250657572814,2.701250657572814,1.837556433142027,-0.31557710840256337,0.3290795584573865,-0.05579453045706892,-0.027078042005054936,-0.2133302323838851,0.9750097240352453
2120000,-0.18684165533643324,-1.6388948909877343,1.658056161301822,-3.395235213157253,-6.487191738519958,9.361886472823853,0.8819302708014946,0.6565521175033427,2.8771546165178705,2.8771546165178705,1.8495853434459648,-0.32193917635914915,0.3183742145233315,-0.06082255551339858,-0.03043875392268555,-0.2024966788765921,0.9769182125666428
2130000,-0.24278479797176947,-2.853229384517352,1.856753611578528,-0.7124569053621033,-0.8952523727477723,13.02290181303916,0.7708390698909965,0.563051475482238,3.0530672225223228,3.0530672225223228,1.8619535767236222,-0.32857672911832214,0.31054411687690764,-0.061442318962332675,-0.03995286884695506,-0.19255975714331044,0.9785445057023918
2140000,-0.3850785109763822,-3.181781293388304,1.6795423667454166,-1.135903364653715,0.04121668567479229,15.743108682706035,0.6707375398120939,0.42470888473607216,3.228981445268893,3.228981445268893,1.8754539059190234,-0.33740594753749653,0.3012556244813356,-0.0613232582804763,-0.04950896011832835,-0.18339091939937932,0.9798755490079943
2150000,-0.7692044082059221,-2.8623149146164484,1.3502513403641467,-0.6506487874800391,-1.7542733222035685,19.058457189600475,0.5588096089146006,0.3342709531698997,3.404883752013667,3.404883752013667,1.8892999840837748,-0.35243317747436365,0.29415146742164733,-0.06660577409511508,-0.05488643917434873,-0.17576916751249,0.9806407851012099
2160000,-1.0782289162847323,-2.367206495013359,1.263943914049557,0.9305212958811843,-0.17800542968817798,21.745556435774404,0.44454174355976206,0.24524371648371168,3.5807950108087354,3.5807950108087354,1.9032065943737173,-0.36552822573389376,0.28996070069034596,-0.06947223500367773,-0.06115615858752643,-0.16917004465799015,0.9812313839359322
2170000,-1.2076722170311642,-2.0984067127058585,1.1173446306395036,2.4941759544617383,-1.3342177689542687,25.29688090473565,0.32679163187763294,0.15831584931162843,3.7567072981790517,3.7567072981790517,1.9193882842011574,-0.37797257405553486,0.28709634130384604,-0.07291254960453056,-0.0648433857684968,-0.16333545873344296,0.9817334787775044
2180000,-1.483238647582596,-2.8247162245845843,0.7056156841880186,5.348173387560177,-3.3230553088825623,29.194062526192322,0.2097700019936874,0.06382899782641738,3.932618334807316,3.932618334807316,1.934880215498055,-0.38974452924700576,0.2871329575741124,-0.08144743597389993,-0.07909874966390817,-0.159539394322111,0.980641057999418
2190000,-1.297809884749495,-4.077286008383836,0.37145819648104295,7.6908553576039855,-2.6411207727749817,29.820424344297553,0.09388635661487257,-0.04246598262552177,4.108530489244025,4.108530489244025,1.954331657011393,-0.406694859866802,0.2888529863059874,-0.08825940136078016,-0.10484730156766284,-0.15726898787520763,0.9779998910419797
2200000,-0.5660561756719307,-6.4440814249125875,0.13356027678703317,7.977276133256405,-1.2190664861108427,27.378560883009865,-0.023996715504215074,-0.15378081863177392,4.284441701340597,4.284441701340597,1.9724715875119476,-0.42203934557155953,0.292446657898019,-0.08995160500121518,-0.14030771476050913,-0.15501273598709733,0.973752281444405
2210000,-0.23151217167692356,-9.321663021471961,-0.21183974058373448,8.588653325044618,-1.6014769577306573,26.83855809851523,-0.14493963907197938,-0.2727778627332906,4.460354160281462,4.460354160281462,1.9925635385211866,-0.43816588905572607,0.29772611683604744,-0.09069209679339486,-0.18581562904881532,-0.15305670948662747,0.9663442136534666
2220000,0.03430267814150147,-11.463466114326756,-0.5630943752956243,9.133973691520103,-3.783446782521367,28.771797066144785,-0.2687709473249391,-0.39637270987082224,4.6362653729096905,4.6362653729096905,2.01169206691737,-0.45339521825854534,0.302726839321539,-0.09581183083392238,-0.23641123639728986,-0.15049239441251025,0.9551344719992814
2230000,0.40244777553575994,-12.52447580653966,-0.6643176627178637,8.692145581792506,-2.7932308466825715,31.635352884509214,-0.39751399156565903,-0.5277861812907702,4.812177788912059,4.812177788912059,2.032325039915397,-0.46762951870632985,0.31008115510218315,-0.10121141814843718,-0.28984786534070234,-0.14689896543925535,0.9403005677689963
2240000,0.5623861453366835,-12.505213552861525,-0.8820882895928466,8.562685830411809,-0.3990452001762277,34.893097131895,-0.5358612182752257,-0.6685144101708642,4.988082649965058,4.988082649965058,2.0524197535900583,-0.4815941975755529,0.3182743994845885,-0.10361013865424715,-0.34312582195656294,-0.14415353051457275,0.9223607586594657
2250000,0.8166782139470807,-11.895679033019302,-0.654961986720258,6.751139583986265,2.2625709717304394,33.865264633905504,-0.6355392471333979,-0.8109883655773629,5.163983889357098,5.163983889357098,2.0729594526313417,-0.4904418078159578,0.3286799888503877,-0.10449929328885517,-0.39306673696849936,-0.14009187613402976,0.9027473091803233
2260000,2.166595010528846,-10.62702198245805,-0.5521023061824207,1.667598985583455,3.2764941626543997,20.236888896423775,-0.5921203862613286,-0.8725340724379759,5.339894717645663,5.339894717645663,2.0969581752603395,-0.4963325888142196,0.34029998462787026,-0.10603495241404325,-0.44152057324839983,-0.13335919636994834,0.8809264992089395
2270000,2.5692762270434484,-9.97985468722038,-0.9572821326460151,5.117854546952597,-0.2692760475886224,8.746999411227048,-0.6512693532162842,-0.8593044115310775,5.51580559537976,5.51580559537976,2.119842732178746,-0.5018968272355177,0.3499309271515146,-0.10874574442269183,-0.48964205308841485,-0.12582701873183885,0.8559162250327855
2280000,1.5236330369857407,-9.160018085396736,-0.9698163679536695,11.041323707361851,-1.7058009020700986,5.0458764059046155,-0.7104183201712397,-0.8460747506241791,5.691716473113857,5.691716473113857,2.143441778823607,-0.5057602312247701,0.3603877854097867,-0.1078263738720036,-0.525402566435982,-0.1196412847849774,0.8354708727748075
2290000,0.9496061682871609,-6.925996075551813,-0.8038168390411381,8.991514869576584,0.7489084602540136,-1.790435048356735,-0.7305224928337,-0.8100688130272652,5.8676282137572215,5.8676282137572215,2.1678053043333088,-0.5078038022230803,0.37172834444062997,-0.10322487855383576,-0.5488051878687584,-0.1151370391956053,0.8215235556094252
2300000,0.37557929958858105,-4.69197406570689,-0.6378173101286067,6.941706031791316,3.2036178225781256,-8.626746502618085,-0.6336171260856365,-0.7058068711850527,6.043540912743467,6.043540912743467,2.1921688298430104,-0.5098473732213903,0.38306890347147327,-0.09854248875421323,-0.5717777258593043,-0.110542563894051,0.8069324331621686
2310000,-0.19844756910999872,-2.4579520558619676,-0.47181778121607526,4.89189719400605,5.658327184902237,-15.463057956879435,-0.5353468927788456,-0.5888351511993642,6.219453611729712,6.219453611729712,2.2165323553527125,-0.5118909442197005,0.39440946250231657,-0.09378287393247683,-0.5943021774651656,-0.10586145944349548,0.7917089400920148
2320000,-0.03644209296283666,1.708520208472892,0.024456604667169483,7.430121108477822,6.08893157016695,-11.768453309310084,-0.42747464368445715,-0.4173545811582513,0.11217957273174761,0.11217957273174761,2.240606035293539,-0.5144601283978277,0.4050331156593649,-0.08487069426937377,-0.5991536570417764,-0.1039212853324531,0.7893112358015378
2330000,0.6644175534755039,6.4854967572858815,0.6381064475009887,10.32572984707213,3.598236787740136,-2.5102927146777803,-0.3015331504204944,-0.27728931518519245,0.28808657583973485,0.28808657583973485,2.2643014059648934,-0.5177153480356426,0.41472105626283395,-0.07057031389126843,-0.5810933186303567,-0.10558824401369288,0.8038665987379695
2340000,0.7922682266397761,8.65738006077334,0.8243580454440025,5.541755737117992,0.713391820531464,-4.387731470197624,-0.17559165715653166,-0.1372240492121336,0.463993578947715,0.463993578947715,2.2870091901227356,-0.5215309232970265,0.4222067147778086,-0.0550304441269825,-0.5639071502203225,-0.10054514245722937,0.8178453707626139
2350000,1.2976349519188115,10.14162472355908,0.7495956398996995,3.830145058704765,-0.7641384339507397,-9.575260216746406,-0.07705443469125842,0.004858792037689072,0.639905439449258,0.639905439449258,2.3082905140732097,-0.5261558706873938,0.42651141879243776,-0.03772811446786381,-0.5481112017853449,-0.08583552188572414,0.8311335410382198
2360000,1.5235627747390599,10.73966078947401,0.3302828275080277,4.768181933833043,-0.39080323763441593,-16.523135379411464,0.01179912949070473,0.14765456995656437,0.8158180238436472,0.8158180238436472,2.329571838023684,-0.5307808180777612,0.430816122807067,-0.020390251300770625,-0.5317990252262151,-0.0710450587583573,0.8436389239753939
2370000,2.026444956557979,9.177977845933858,0.21889873459836318,-0.11063184567098136,-2.313790111841615,-19.834747654130677,0.10065269367266785,0.2904503478754397,0.9917306082380293,0.9917306082380293,2.350853161974158,-0.5354057654681287,0.43512082682169617,-0.0030331839627980623,-0.5149859838565793,-0.056187683191883865,0.8553497416167538
2380000,4.7586226185559735,5.747704494408179,0.3900213026189604,-2.0567647063353385,-6.152434874617459,-17.323048688800714,0.18950625785463102,0.433246125794315,1.1676431926324184,1.1676431926324184,2.372134485924632,-0.5400307128584959,0.43942553083632535,0.014326740121875224,-0.4976879127200913,-0.04127738832326858,0.8662549643511483
2390000,6.147749322769005,5.901069410654526,0.3304637166255888,3.703589401205517,-2.885034387793792,-8.6453332750653,0.2300403261560675,0.5829315503119639,1.3518448925672217,1.3518448925672217,2.3948700231243225,-0.5390384906094824,0.4435855710280395,0.0367378686410212,-0.4800990811855314,-0.025833221993300386,0.8760638366545949
2400000,5.035870018524948,6.958048125067593,0.4509992994005208,2.261984238717087,3.5805975057057133,-12.722469087057839,0.32248840312867055,0.7563124480744503,1.5194582511543118,1.5194582511543118,2.418299184858608,-0.5325364858925942,0.44373880901106594,0.060449605262262486,-0.45650562204988,-0.010979539943512395,0.8875967056964089
2410000,1.2057108286690021,8.462699085658782,0.14001907341852288,0.7717996353502202,-1.5463422208954163,-12.34547688278033,0.47726711813454026,0.9329999746178924,1.695373236680382,1.695373236680382,2.4376764313133124,-0.5360619013180473,0.436471277010669,0.06556079225924573,-0.4251712220452845,-0.00455985840134586,0.9027238903198581
2420000,0.03740397303375567,5.985263851465913,-1.352625181926279,-7.382600344971882,-7.115514890442185,-11.229867392967295,0.6074421903149114,1.0896705378226523,1.8712812172591669,1.8712812172591669,2.4568745161888526,-0.5405300160179326,0.4245006176127176,0.06633660379067305,-0.4005907842278535,-0.007262629891819476,0.9138236880253691
2430000,2.1388245576199614,6.285459851511932,-0.6661992470054462,-5.515057697015029,-8.859700914618587,-0.25596492875575105,0.6324512673885763,1.249995928423861,2.0471935313974825,2.0471935313974825,2.4749759186025386,-0.5526952496727952,0.4075367730486209,0.07523044943452574,-0.36957189861245243,-0.00286958022437173,0.9261472651491244
2440000,4.567340992083997,6.916261192008628,-0.25375853755317873,-4.495045713267344,3.820907130826062,-3.52533462118062,0.6820789678559345,1.4092613478923413,2.2231034850270177,2.2231034850270177,2.491264349729422,-0.5728114866958894,0.39749534276555454,0.10189440666061594,-0.3354204863894477,0.004976615331579549,0.936528622360998
2450000,2.432293850104818,6.048398951137714,-1.5856418196460689,-4.375835446687657,3.5568359858417256,-4.952354445688446,0.678459015469928,1.425453347250987,2.3990069297926198,2.3990069297926198,2.5104084906489517,-0.5804032801121696,0.37663884428545025,0.11954646320463548,-0.305666304516138,0.0033150994124672554,0.9445982021656594
2460000,-4.357733841234047,4.882979782492721,-3.1162008282305638,-4.9184438696248876,-2.111922821888282,2.2350150185311866,0.5655096566690997,1.391342508955563,2.574911870801351,2.574911870801351,2.529552628317613,-0.5879950533188812,0.36609507693010596,0.10166810694922616,-0.27651983059384866,-0.015076948075139636,0.9554962401571498
2470000,-7.030392684119485,1.0844357211442455,-4.121921020136009,-4.960750221598401,3.022980254970082,5.789693790361532,0.5144654674453552,1.270563682121384,2.7508260149296717,2.7508260149296717,2.5486962993619047,-0.5955866614056294,0.3481426117723972,0.07662378324654837,-0.2635626295104288,-0.045505509055912934,0.9605169362442791
2480000,-4.463561438534769,-1.6552824462963798,-2.809664061254516,-7.027090770540298,-6.48408019093472,11.679888386145942,0.40783999213326266,1.1500002620237408,2.926736111824326,2.926736111824326,2.5678394390368795,-0.6031780378434662,0.33716900781052905,0.055349544454063065,-0.263868919653337,-0.06530089802038332,0.9607525247884806
2490000,-2.921049606443662,-3.0251546077190334,-2.5631456934128662,-5.578378796381319,1.561482443650307,10.288572355701072,0.3296547775506313,1.053966747925226,3.1026497420446475,3.1026497420446475,2.5876159925133004,-0.6390243415208919,0.3205548417940294,0.044509527614677385,-0.2701273971359396,-0.08314160545777433,0.958194951306875
2500000,-1.7175609001390897,-3.7576499630809432,-3.56128990087759,-0.9834430163678048,2.554281387133107,11.024582505191026,0.2097341211369416,0.9302117487025199,3.2785591251061064,3.2785591251061064,2.609011587018978,-0.7474357542408544,0.3087418050174419,0.041312813350894186,-0.2800959369796221,-0.10439973608929012,0.9533835600874542
2510000,-0.9608257265415063,-3.506362659086205,-4.572763828558507,0.9137109443929777,1.2725513244071123,15.732745951945642,0.0895329120743798,0.8336138282837295,3.454471369766921,3.454471369766921,2.629334183030641,-0.7682796798572039,0.2904006205441898,0.041140091105024736,-0.2887382466768288,-0.12880613182133943,0.9478115309570173
2520000,-0.054544845864543307,-3.224210484224199,-4.9788825523042854,2.607682354252465,5.688313265016204,20.27851037259663,-0.012300155241314368,0.7121139127413934,3.6303809019271327,3.6303809019271327,2.6529090111079494,-0.8110846563178719,0.28085835749619753,0.04852762159338945,-0.2965967748361619,-0.15445697656547108,0.9411792950811919
2530000,0.009119593826563648,-2.3803137020706355,-5.379190684444816,3.801242984019435,10.15145906778204,23.893590155008674,-0.10840149650582423,0.6225001637841877,3.806295781438102,3.806295781438102,2.673888086851339,-0.8219401762361899,0.26969310602333346,0.05887726060796111,-0.30075487412398005,-0.18217880962011312,0.9342862811790452
2540000,-0.2855342608216578,-2.145015626221014,-5.855233189096558,5.571223597822616,10.04366906893822,25.919939397912707,-0.2142660082896962,0.5010251119909083,3.9822043710953565,3.9822043710953565,2.7006514852383163,-0.8124509625685851,0.2641939131620296,0.06570793922245063,-0.3071457481331052,-0.21253747963170228,0.9252955073265501
2550000,-0.481225559938841,-2.8100562107698597,-5.866242145547179,9.557097131691494,6.581687007160707,28.739963043441268,-0.3003238123267876,0.37348258338776297,4.158113771175259,4.158113771175259,2.7220369977969874,-0.8124671183970712,0.26338301303602457,0.05774647423874012,-0.33602831862593546,-0.2435584355482536,0.9079810583198906
2560000,-0.8667309469154413,-5.1371156647736225,-5.266849249203887,10.546853938520318,6.781237949810045,25.817101163751925,-0.38502757927758896,0.24646626131874522,4.3340231712551684,4.3340231712551684,2.743422510355659,-0.8124832742255576,0.2625721129100195,0.04966029548505697,-0.36418517626813957,-0.27405338375426863,0.8887056629119208
2570000,-0.8322462083700447,-7.306270080703505,-4.685559684322643,8.858398629646432,10.224833929207735,21.23264324561715,-0.46973134622839025,0.11944993924972742,4.509932571335071,4.509932571335071,2.76480802291433,-0.8124994300540439,0.2617612127840144,0.041466866500956434,-0.39155551132347927,-0.30395646499156703,0.8675109497433626
2580000,-3.792424803626522,-7.8487414990324,-5.08123233862267,11.04684361006927,10.43451977370218,21.902673490045736,-0.5544351131791915,-0.00756638281929032,4.685841971414973,4.685841971414973,2.7861935354730014,-0.81251558588253,0.26095031265800933,0.033183882451919694,-0.4180802126909712,-0.3332030982438347,0.844442692562615
2590000,-6.657470899572364,-8.313178405923939,-5.4599867594840354,12.182719025829286,9.483720958043538,22.20430528345556,-0.6409429797184241,-0.13029597204495702,4.86175229733724,4.86175229733724,2.8083421885378512,-0.807514770953658,0.26052837906878534,0.021812444478892034,-0.4423948023597375,-0.36331278503097236,0.81964313963089
2600000,-8.114369698997494,-8.412476692162677,-5.5921712515374296,4.897592542115719,-0.2378578325122896,20.150595276454958,-0.6777154304685387,-0.2635750301824882,5.037658685547257,5.037658685547257,2.8366062359368467,-0.7626123491267208,0.2639300868922879,-0.015771402501447606,-0.4555396451717714,-0.40526533561184014,0.7924612938758185
2610000,-4.4135798107121635,-11.363004592046819,-4.888278047701716,6.987585180797806,6.27734504728396,26.144703036225458,-0.7418905929122817,-0.4091612483023972,5.213572059046811,5.213572059046811,2.858154774074512,-0.7658145587788762,0.2706598937638613,-0.043956425416520846,-0.4861927786812154,-0.43489458106505674,0.756671076481115
2620000,-8.148961956727558,-8.155511529889651,-5.867505168139289,5.98596846538196,15.259513313456823,15.518995057735994,-0.7754114934033157,-0.566024636638369,5.389481603031143,5.389481603031143,2.889534659716943,-0.7138267445607699,0.27568839275584656,-0.07304653863885,-0.4968486816430561,-0.4777862549470392,0.7207814407475563
2630000,-10.92914220850589,-7.5629086785029935,-4.796307723636598,5.635427314710681,0.936352214551986,10.026685927272784,-0.7433606145199956,-0.6861951116467768,5.565395179419163,5.565395179419163,2.9112802704605962,-0.7159206854655807,0.2815166997161752,-0.11908231772816531,-0.4938651746290723,-0.5195008552194011,0.6870483624312012
2640000,-7.294854576425339,-4.681798006960037,-5.90444118785672,11.666426919843824,-2.46147390062533,4.462770236295434,-0.6797080477182879,-0.6712654225974676,5.741305382964306,5.741305382964306,2.9419535674487403,-0.6676337390207857,0.28688428600707666,-0.14827934253656258,-0.49319457280892737,-0.5508798571266101,0.6567371871159041
2650000,-3.653496312417032,-3.864633830946578,-4.150353641429647,13.312497603984195,-20.852519141919355,6.1690219955256325,-0.5893581438830797,-0.5575386592644249,5.91721858600372,5.91721858600372,2.9637591436998734,-0.6686690894030515,0.29045766513145765,-0.16609719156449668,-0.49614299949145263,-0.5680638726122167,0.6352615867836042
2660000,0.5329074325565848,-0.5666345209181172,-5.512956578824998,21.293223813417036,-8.384899911684029,-0.028673269345574768,-0.5272058160231105,-0.43412873130873963,6.0931139973076895,6.0931139973076895,2.988305543214607,-0.6278152572107115,0.2956817607243491,-0.15903931431631754,-0.5046040068458456,-0.5796170057166993,0.6197785245238182
2670000,-1.2381084938039404,2.2458733021695365,-4.869517161125466,16.734513175740428,-4.069089547163213,-0.34974242550795986,-0.42136697873163004,-0.317381362577151,6.269037587825409,6.269037587825409,3.0101723946663914,-0.6277751101499344,0.2950946645041657,-0.15057597718457244,-0.4992407284923104,-0.5954285274207753,0.6111877279878134
2680000,-2.7639736514527633,6.373075566123107,-3.1910650799374154,7.074504969246461,-1.7119317220202173,-10.265229419302889,-0.3004459805036261,-0.18299569631851556,0.16175295857680538,0.16175295857680538,3.0280899406742257,-0.5985796093260592,0.30015178564460704,-0.1361412895948349,-0.4787676790233175,-0.6129118936669447,0.6136660894914115
2690000,-5.820239731547233,7.990587478912594,-3.6930958038675543,3.417873842956232,-1.077523777744553,-20.576806445739155,-0.1718164728608945,-0.05887765031337725,0.3376621298865601,0.3376621298865601,3.0497225543276194,-0.5968105150181088,0.297619414522302,-0.1233682300010327,-0.44470460913301973,-0.6399974802327861,0.6143462506908829
2700000,-5.91651550952201,8.359408493073474,-4.14405956918911,1.4432968762229983,-3.344567986223865,-23.79922113375532,-0.03536719284285503,0.06836793875402414,0.5135742976983693,0.5135742976983693,3.064386519129123,-0.5686896578778583,0.29865592103473565,-0.10857059760330709,-0.40861469627518937,-0.6673120437986537,0.613140352223909
2710000,-5.565121303181249,7.517199153481414,-4.626782442448514,1.8551893075432786,-8.370293442927858,-31.70635446148448,0.09775803255417426,0.1826185448379627,0.6894869581290664,0.6894869581290664,3.0789287618838346,-0.552141942165964,0.291290722693614,-0.09511376231020992,-0.3751859452227276,-0.693259261765895,0.6079313075523679
2720000,-3.530532515811213,4.942669299739519,-3.324174920748886,11.197486264073806,-2.60978120232047,-27.307483414823174,0.24432964357618758,0.3034385699744038,0.8653976278151347,0.8653976278151347,3.099575852933776,-0.5479857636667381,0.2861573044188123,-0.08647687666379043,-0.3557034081064418,-0.709179438565569,0.6025457320235221
2730000,-3.723196959093917,5.805770560459336,-2.4803823470672577,15.215577236907475,-1.8495675605028683,-25.059649434496496,0.4056005894702277,0.4292169662957488,1.0413090242986698,1.0413090242986698,3.1166518767434175,-0.5400732603905497,0.2737732260282303,-0.07106337200301985,-0.330049779051626,-0.7219829747420411,0.6039517569228247
2740000,-2.583265112338621,8.32378115337936,-2.274714052211019,14.713170078933349,-3.1355318323551815,-20.601958314259615,0.5671283201095896,0.5509472180889633,1.2172210993757275,1.2172210993757275,3.133478957453178,-0.5318809926377303,0.2609156274207893,-0.055126066453526,-0.3036120060835629,-0.7338650780022012,0.6051635430593114
2750000,-0.3618393823169514,10.127001665495712,-1.3334648504404814,8.014519600015388,-9.199933090105327,-18.009107896744617,0.6536213430804414,0.6937498402948095,1.3931324870349329,1.3931324870349329,3.1536997430902445,-0.5275025767928646,0.24369022122042813,-0.024014793419515228,-0.27583842719093815,-0.738191250361619,0.6151504935147148
2760000,3.74536910507041,10.065861365769114,0.2828471076391579,9.73603326602218,-5.037018745098552,-11.230871870668572,0.7671080962771486,0.8464034840724045,1.569043803162181,1.569043803162181,3.16485993893095,-0.5166425917670977,0.2291675933901315,0.01796002697903277,-0.26304687350472183,-0.7302769356269282,0.6302216888219944
2770000,4.723291698833238,9.912721143321455,0.9336578918158982,4.237376673173768,3.2976394344523796,-13.483661387049697,0.8862584143365378,0.9900831961506202,1.7449562519824866,1.7449562519824866,3.174370082316781,-0.5161153753959627,0.204120972843238,0.06723575895504118,-0.2560560981279048,-0.7175433621607886,0.6442407552679694
2780000,8.447396276961458,8.233802899541327,2.146795976743767,-1.5275437459194583,-8.37693572941251,-5.755402034861803,0.9368994327840189,1.098520222013811,1.9208672824806143,1.9208672824806143,3.192514176935657,-0.5125753616860903,0.18499441454641946,0.11818380237659165,-0.25724921461642103,-0.6962209626269349,0.6596452089069316
2790000,7.882968291590388,7.638535084322448,3.0745208488358347,-4.150543167394916,10.738509682608527,-2.3802260645793494,0.9085518207399892,1.1303679263088544,2.096773377937332,2.096773377937332,3.208079298604199,-0.5138938971443733,0.16340705407367587,0.15926506594639994,-0.2618430478773949,-0.6779470025786588,0.6681771611945273
2800000,4.918992538023012,5.110944724474075,-0.13317391098035108,4.926158488877106,9.198162125481272,9.322357097680074,0.8634531021837144,1.1379516489838226,2.2726780366173642,2.2726780366173642,3.2230565257809087,-0.5160604824147551,0.1412815084951002,0.19852914546125616,-0.2663821465812434,-0.659252811692181,0.6745461145549251
2810000,1.1890477371560788,4.304511991274267,-0.3593386214021126,-1.695829273100549,7.903416680305999,7.045787521982889,0.8433219938920209,1.140595957902792,2.448586688330593,2.448586688330593,3.2366166459576786,-0.5229609892661277,0.12014453169009942,0.224065650053079,-0.2544859178118152,-0.6535450047490252,0.6766907926589263
2820000,2.5102822410228978,3.001391674410928,1.2770749131938244,-5.2983680435427,-4.245878913536751,11.695245130910966,0.8075009006696495,1.10031737873696,2.624497237183334,2.624497237183334,3.254254448421472,-0.5219987879655968,0.10049632090185012,0.24010578340981786,-0.2491042700431062,-0.6442666114466126,0.6820680382443883
2830000,2.806216608632575,0.4331618874573089,2.2274697414254705,-7.254902892820603,6.606757781384071,9.73033451380854,0.7010075006517539,0.9896402911396102,2.800408704805214,2.800408704805214,3.2643470428699493,-0.5214907154586653,0.08446839257028493,0.252737098751378,-0.25486537328517267,-0.6343385594209764,0.6846767065167809
2840000,2.3571869201713813,-1.6957007476977528,1.490269974236568,-3.8714485021832212,2.5224117302076263,12.378060221066965,0.5933098969668534,0.8680442968858546,2.976320949593976,2.976320949593976,3.2748247365673597,-0.5230691523978964,0.07143532764539737,0.25118561330168926,-0.25635731403229467,-0.6372770900460922,0.681956469076133
2850000,2.2107024095056245,-1.6450325438579905,0.16470866835050663,-2.433728423245665,3.31870387146229,13.45657721901671,0.49791066768449177,0.7557934986746413,3.1522331959994148,3.1522331959994148,3.28586030257725,-0.525032353613658,0.0589492195381705,0.24627160548401275,-0.2562947089855284,-0.6432989232811486,0.6781075237627622
2860000,1.4308355648779094,-1.4248741938867353,-0.8240348938756062,1.9297647232048496,9.508204044037605,16.98158694306129,0.40251143840212994,0.6435427004634281,3.3281454424048604,3.3281454424048604,3.2968958685871397,-0.5269955548294195,0.046463111430943636,0.24133907108498248,-0.2562128233368949,-0.6492723622654205,0.6742075656085857
2870000,-1.3807528004972878,0.9695049830552805,-2.6327949141491875,5.688868483954099,9.40993868739523,20.727863613766186,0.30711220911976816,0.5312919022522148,3.504057688810299,3.504057688810299,3.30793143459703,-0.5289587560451813,0.03397700332371677,0.23638838117051847,-0.2561116632465081,-0.6551969576275601,0.6702568880006219
2880000,-2.313663586762901,3.6734842380624486,-3.533875489944326,6.248430103899113,-1.3718838666280733,25.109152686666576,0.2531622123698357,0.48013042777912135,3.6799687119141,3.6799687119141,3.3229431191342287,-0.5282850681864099,0.02026770888275424,0.2395442842258703,-0.23370659471989808,-0.6649683269703157,0.6676952056181354
2890000,-1.1361267785222342,5.010966978995839,-3.5929464248523053,-0.7542831961509774,-1.19184346788069,24.22920571491725,0.21965042384930208,0.4682050567018748,3.8558798142338304,3.8558798142338304,3.3332407946882854,-0.5418644576646469,0.01915187121320703,0.2526375207651244,-0.20421687981830033,-0.6736584789245674,0.6638177482351367
2900000,-0.3196565956785656,3.898496660666366,-3.7039040680062687,0.658361893914888,5.918784975103818,25.55012493378066,0.14320097608462892,0.40289200030423455,4.0317918952163865,4.0317918952163865,3.346997875085889,-0.5467418579657716,0.011424710090242322,0.2629593029100577,-0.18256919836612281,-0.6824456750579835,0.6571063790708936
2910000,0.31130363252894855,1.4554751108349484,-3.6655312052664897,4.934110053572626,4.313142669120682,23.24473056583845,0.0560668847370257,0.3257593825159177,4.207694285147127,4.207694285147127,3.358405691251889,-0.5657755837205013,0.009390744111711667,0.26581388485731966,-0.1730133797500572,-0.6930575137935675,0.6473643731460677
2920000,0.5593311411090094,-1.0725673735520493,-3.401519047613152,4.323230079676752,3.8312276615157677,18.549970685209082,-0.04313081019009691,0.22463460320160886,4.383597084103798,4.383597084103798,3.3721435974351697,-0.5745795930105441,0.0030284657020523617,0.26016778545445424,-0.17355147291285528,-0.7056230128517316,0.6358370651319005
2930000,-0.3316604970408105,-4.750128681121866,-3.102477695623926,5.445834363069298,3.5282615952130754,18.819263498028334,-0.15549259688858222,0.1070905004599049,4.559508826819467,4.559508826819467,3.3871194760538477,-0.5963011706643121,-0.0012482515393109819,0.23814158366321417,-0.18323378971617074,-0.7222548622614556,0.6229461279888594
2940000,-1.183898140846425,-8.467581414397527,-3.0718720717618493,6.883970984418607,1.1262746442694809,21.090322915967647,-0.27583626705908376,-0.007431280333962668,4.73542100335294,4.73542100335294,3.4036635490644396,-0.6161163528055179,-0.00535848196314646,0.1999272406641199,-0.2018055191989164,-0.743061670541883,0.6059397533029114
2950000,-0.8518184727195948,-10.089414567056892,-3.2390685026922004,6.370340830839863,0.463775344014861,25.13865773234312,-0.3950784609035351,-0.1388247059515246,4.911333723786221,4.911333723786221,3.421040892154861,-0.630786979118526,-0.010539702628167821,0.15652783170999035,-0.22273103089174678,-0.7633617457316121,0.5858060864583555
2960000,-0.5682345851444479,-11.804215510622651,-3.7281596620526716,3.893624329031697,4.5230173522700206,26.026908892412973,-0.5264627232637665,-0.2704139336491969,5.087245227022464,5.087245227022464,3.4372740170262004,-0.6387610966272105,-0.015995319681560767,0.10819024193551155,-0.24713997935014925,-0.7835953059111875,0.5596383642234471
2970000,-0.7248801778045572,-12.994192025555938,-3.850070785834118,6.018938985226969,7.305123663870176,29.605667855509918,-0.5946041656889861,-0.402611048500269,5.26315569956563,5.26315569956563,3.4536437626084715,-0.65645386508829,-0.01952468392783971,0.05452922658181888,-0.2734856135154652,-0.8013345852499447,0.529240082694761
2980000,-2.936506024484433,-12.202999983023822,-3.4403443215842535,9.169896083204314,14.599492971433024,27.23698961322727,-0.5543398369874151,-0.4987537135429816,5.43906115419319,5.43906115419319,3.469740675773209,-0.6692530298228837,-0.02202030974639032,0.000699332434445664,-0.2948875257069301,-0.8151482025573951,0.4985722274495833
2990000,-6.6796879342766236,-9.201874739257669,-3.182097057929866,12.290197725844344,6.7040844248350675,18.439849099772502,-0.5948558129211154,-0.5440775794584606,5.614963186887302,5.614963186887302,3.4762686507026466,-0.6954024996224338,-0.02295102059535008,-0.05277158514563616,-0.291085544062627,-0.8304707910117008,0.47201973593842594
3000000,-7.118657060852959,-8.029749461394635,-2.470421868507062,14.854835236593887,-12.225116243239315,11.437305072459313,-0.5817282771613339,-0.5533963190186137,5.790881203964375,5.790881203964375,3.4856195392700053,-0.7152364604582094,-0.021550991743227797,-0.10562255627614614,-0.2773548104390223,-0.8424739431363832,0.4496174372377707
3010000,-3.5457166088381675,-4.766956793910087,-3.5520168806512107,12.036112269990065,-6.467204105575168,0.8634151823777597,-0.4789325288756885,-0.4967237954656332,5.966801687946528,5.966801687946528,3.4933668281068453,-0.7341795747442911,-0.01946467209849266,-0.13375710696578633,-0.27657377496660834,-0.8506946786634737,0.4265378611923126
3020000,-2.460242959872418,-0.35251113054784206,-4.424447359383862,12.569704386666086,-0.5916682902687405,3.31838797329857,-0.35608560350020324,-0.4074464288636951,6.142704380766197,6.142704380766197,3.496248200127717,-0.7609417246300721,-0.01749759517203188,-0.1404463377899893,-0.2707222396821049,-0.861256572961028,0.40647436656486835
3030000,-2.1727278649692745,4.3333264268401255,-3.7262639059709657,6.667073165932992,-4.04584423684631,1.273734587202572,-0.234530017697901,-0.3136050911606421,0.03542399673624175,0.03542399673624175,3.4896994137199524,-0.7998567860774332,-0.017207623984452993,-0.1278184258780597,-0.25321968037625153,-0.8731612791716621,0.3963983148696662
3040000,-1.3567130946028119,9.384369315063404,-2.5379626090790235,1.5523974601164119,-2.442051759997756,-9.178210223711549,-0.11182352805459345,-0.19470898201275155,0.21133458500673186,0.21133458500673186,3.4814482269241447,-0.8384534254944668,-0.01801529708576879,-0.09212748292078977,-0.233159308891731,-0.8838142240782564,0.3949957985659591
3050000,-0.9880231161687228,11.170096087463497,-2.634159099426471,1.4027549075851455,-2.7921968019720835,-14.000548729789957,0.020957375784722693,-0.058204747840154905,0.38724664252382013,0.38724664252382013,3.4775236044348303,-0.869475333857931,-0.018685963403395588,-0.04743886422605731,-0.2123751117438264,-0.892258366610723,0.3956278216782836
3060000,-1.5585296026181406,9.766104322386028,-3.2100465705554013,-3.988956066908791,0.9002622541162107,-20.691859988285557,0.16911457498217142,0.06632956967510953,0.5631588293814147,0.5631588293814147,3.48119846861887,-0.8913162875493946,-0.018342273831309867,-0.0041677293069635295,-0.1914519588920554,-0.89998326721149,0.3916106436349124
3070000,-2.7537527730378413,7.86176951145153,-3.499664176263029,-2.551407293734009,0.8251983745090884,-21.467726094396628,0.34042598232566645,0.17084652786994275,0.7390714207929747,0.7390714207929747,3.4778844891833285,-0.9230603712406126,-0.023424085932359538,0.02846658833307188,-0.16969571125301208,-0.9077808656856091,0.38252701711917814
3080000,-2.2006816147796893,7.776487039231941,-3.6567824260745274,3.499925400089277,-2.8794410593053255,-17.740492334969876,0.4766399855705075,0.29994731288682164,0.9149836726195915,0.9149836726195915,3.4745689496745333,-0.954806670846792,-0.03276500227139525,0.05810845965548907,-0.15066466400375758,-0.9136712938209165,0.37299910560846355
3090000,-0.5630751569812008,8.920615050930088,-3.17951164626523,4.306249344101694,-1.9360203595862961,-15.598853091697485,0.6306367030974452,0.43432987902380993,1.09089398280787,1.09089398280787,3.4728104186793303,-0.9861586944998314,-0.04473604701658991,0.09577037899380221,-0.13704099665351546,-0.915613767238948,0.3656490516685313
3100000,1.2891213121910992,9.555719611609229,-2.4256199115670594,2.77917199566224,-2.1247609858683245,-13.506279925809887,0.7779058042720737,0.5541161239328676,1.2668055012553765,1.2668055012553765,3.4700178319594928,-1.019029655295462,-0.059066321811201264,0.14282903459798574,-0.1305512728783322,-0.9125640341778406,0.36025423738065854
3110000,2.6986619687110296,9.89776040688046,-1.6425678943040931,1.1803893795349925,-2.1233251769369432,-10.843322064041603,0.9300867200668668,0.6748390912456155,1.442717564553753,1.442717564553753,3.4693191761254023,-1.0462489032764717,-0.07526851086433878,0.19798834939618082,-0.12829611090130638,-0.9041259055369067,0.3562261477882329
3120000,3.0703927188159224,9.335215840052081,-1.1911658639520808,-1.8595124223049406,-2.902347157203199,-4.529105257230414,1.0837114936383827,0.7677239443049537,1.6186291089063403,1.6186291089063403,3.4668933200252146,-1.0754830073292951,-0.09380075235415805,0.2507364294006612,-0.12279104068206964,-0.8934435762208729,0.3518695488519559
3130000,3.544981993806694,8.366902374761437,-0.6240373299735332,-4.548388738371719,-4.769445836658634,-0.10260049015728218,1.1665388007572723,0.8209633579697566,1.7945411306613508,1.7945411306613508,3.4660834539437526,-1.1007163544567464,-0.11294091302286699,0.2972015993417945,-0.11646668191660087,-0.8817461429174862,0.34731896119007494
3140000,5.934961633397547,7.55484802245651,0.3312522112356722,-1.3455610860459983,-3.2524466148354083,1.5603949539527895,1.1700555755339406,0.8478927990795657,1.9742254391892118,1.9742254391892118,3.4628060434421313,-1.1281473533832145,-0.13429266508743726,0.3380913172878251,-0.1263373871730594,-0.8671100468636912,0.34329767317142557
3150000,5.271408768818581,6.402586753754946,0.27850983006007896,-1.0320200716100083,-0.02515153757421341,4.320562549342889,1.1176158903654745,0.8283206793775922,2.155247550827518,2.155247550827518,3.4605372975532926,-1.1604046798279897,-0.1557415728981624,0.3699210268575007,-0.13655207322392302,-0.8537390864976274,0.3400610788860396
3160000,2.065514197433705,4.732260952439549,1.0647957080758614,-2.9046236088306236,-0.9494912842417118,8.872894918357906,1.0971357073079435,0.8070407334603587,2.322259929911624,2.322259929911624,3.4504785785077305,-1.207303663429406,-0.17977371613496723,0.3890905546886841,-0.13385320412919643,-0.8447936723835238,0.34207530033189987
3170000,4.233328659352184,2.084297792153591,3.050440270305336,-4.099164216194379,-4.0238869091481755,8.144967493789178,1.0121984150774765,0.6610502035040148,2.4981762758241075,2.4981762758241075,3.4455973976212197,-1.249331429241265,-0.20324935594811858,0.40051078840889076,-0.14936974784996304,-0.8350134350316106,0.3464568517319832
3180000,4.2247234105136915,0.19271390374395514,3.198140873336157,-7.115086204478557,-4.505034261799775,3.8506217538855494,0.9559127993875235,0.7129116205776815,2.681662264264695,2.681662264264695,3.444144015669053,-1.2839785044991965,-0.22496096524527745,0.4066652066426868,-0.16845163463129836,-0.8264933367607935,0.35093620614908655
3190000,4.64932495118238,-1.5977164044182066,3.870870620890005,-2.5318515174625253,1.6036704183272372,6.407543540999426,0.8643721168049561,0.6182135172020283,2.8499944614922583,2.8499944614922583,3.4432749916375838,-1.3217369645822195,-0.2464993136619589,0.40111611046573137,-0.19457769218696624,-0.8213687891143376,0.3558071105204113
3200000,3.854680031467593,-2.8712245998881563,3.2727271680814014,-0.37385290173174285,1.644224882255572,10.962274054863324,0.7723625923583016,0.5220704053443781,3.025907140403447,3.025907140403447,3.4386125005779284,-1.3710339356858845,-0.2687668881117928,0.38784203258595046,-0.2204788308220322,-0.8194879505137508,0.3597320417779333
3210000,2.8959040035636883,-4.025913515212343,2.5026941351964602,1.5292750448438455,-0.1762208800529461,15.182681055349567,0.671235235228928,0.4102682490262602,3.2018165267834675,3.2018165267834675,3.4393102320603637,-1.406229655340414,-0.28801552686988957,0.3690036828171586,-0.2423053346921304,-0.8215261372280259,0.36085899281895034
3220000,2.2799094033858474,-4.940078997520383,1.9806695243322172,1.9275809516509224,0.6298264981127634,17.74671647064722,0.5417751764891494,0.3357543713842996,3.3777184826829227,3.3777184826829227,3.437383145140712,-1.451530599791064,-0.3113053554843505,0.345677159941361,-0.261102892852998,-0.826313912017401,0.35991373861686576
3230000,1.1141840205605074,-4.964825650591503,1.2914488442592915,1.4620940048943432,-0.35903175691613526,19.258946359105956,0.4258980598207546,0.23845620499330514,3.5536269475463484,3.5536269475463484,3.438337924828034,-1.4825883036967276,-0.3314509261789552,0.3211692026874272,-0.272246649221047,-0.8334356766133213,0.3579344607342662
3240000,0.06873945830880641,-5.11156936542194,0.7610647669660672,0.9771994710229481,-0.0006405939577189551,20.23649815229541,0.3191671578580351,0.13733598980796666,3.7295362955548015,3.7295362955548015,3.4368009686422933,-1.5194996890226689,-0.3533811746308663,0.294558666727784,-0.2795953903496537,-0.8420384310767137,0.3550111127002107
3250000,-0.5799714401755228,-5.808231102149264,0.5047786205214708,1.5809008146199643,0.8337962300515441,21.83623853464578,0.19503183894064582,0.043646019544030606,3.9054502940548517,3.9054502940548517,3.4363830765449497,-1.5506137128123085,-0.36999613981574764,0.2638134644869776,-0.28477604083982344,-0.8521471858341644,0.35092767943536135
3260000,-0.7729531579761512,-7.357404932263171,0.02887580642576122,3.7035010411681064,-3.1244719757645867,25.70416767645793,0.0744506334747892,-0.05024831329755745,4.081359772906545,4.081359772906545,3.4313698334841747,-1.587940513588896,-0.39109064580211544,0.22663941573711088,-0.2906049701508064,-0.8642215298399485,0.34249740717133775
3270000,-0.5951253085687278,-9.740217085843808,-0.5050242182984455,3.9968544295356097,-3.27732619053489,25.44162722106568,-0.04232789001359126,-0.16022752177230398,4.2572758532564094,4.2572758532564094,3.429579920704682,-1.6204944170778894,-0.40612010963346495,0.1798198783471278,-0.29978427254048046,-0.877776658557225,0.32757035729856876
3280000,-0.2592554497810619,-12.663267796857403,-0.8820581961881938,6.907296462428921,-1.6055916027918582,28.177573451512522,-0.16627378040456875,-0.2930772292803904,4.4331848499055155,4.4331848499055155,3.4206653272903096,-1.6619404933990487,-0.42427969261479914,0.1203375392074168,-0.3139325254124597,-0.890792424478644,0.305702637602488
3290000,0.30663576756934496,-14.47549725480428,-1.1303604563039613,8.671388090021225,-2.4068164604862385,32.836341762076074,-0.28121041768918187,-0.404393655982622,4.609097608175169,4.609097608175169,3.418026555389908,-1.6917427287229856,-0.43215793924621804,0.05384215707601021,-0.33121956808824415,-0.899935114102899,0.2784087107858546
3300000,0.6783182215920514,-15.723090176474233,-1.2668402987434544,8.541559361310787,-2.65713425267831,36.3096424328617,-0.3865109848258428,-0.5108414428649244,4.785007441333612,4.785007441333612,3.4063974051566395,-1.7246583594940073,-0.44646429563162304,-0.016830795793081898,-0.34933086047642214,-0.9037034328423041,0.24699145673648143
3310000,0.5764367223933509,-15.736837696569381,-1.519127917978842,8.86614347101699,-1.8731888651246333,40.0601926029181,-0.5144772208465053,-0.6676902634177866,4.960922069933559,4.960922069933559,3.4029897089194776,-1.7551717538121916,-0.4462092961390535,-0.08610284225305212,-0.3645831491836077,-0.9023187356409588,0.2132752381281309
3320000,0.6502060656322091,-15.812949591288813,-1.7234245449521328,8.712321799601701,-1.9004410584978395,39.36299391050197,-0.6640388650583304,-0.8337784681666305,5.136830871867616,5.136830871867616,3.3887500120028826,-1.7905845483599423,-0.45631248100338034,-0.15370804813939057,-0.378130153665744,-0.8954650831360025,0.17757732881798774
3330000,1.4517090678624747,-16.022728342131643,-1.5315573009283083,9.545568766672421,4.286856072353,34.70202746628194,-0.7467867408241919,-0.8680321733636837,5.312745611277073,5.312745611277073,3.3834944441801054,-1.8185314509106756,-0.4490252421262142,-0.220196914258351,-0.393238267726333,-0.8812528407879301,0.1423742053529936
3340000,4.011346350868194,-16.154929252994556,-1.7694198938649799,12.285321559679153,2.8646111696963334,26.1124376158211,-0.8435628766657206,-0.9204026911211619,5.488639158331303,5.488639158331303,3.3620912854919225,-1.8430712057733105,-0.456761644650523,-0.2844212788905553,-0.4176132738228706,-0.8560919019305256,0.10867541161725806
3350000,3.5797626494736523,-15.588598831403786,-1.7917847865040126,19.13710951012877,7.006186819980597,14.271335632697058,-0.8078481609154717,-0.8833276910254867,5.664552192205015,5.664552192205015,3.3541668249830368,-1.869696957400207,-0.44885420817897037,-0.3477369388161395,-0.43758158146573883,-0.8256691759624651,0.07662762432822304
3360000,1.6538634840829411,-13.827402049410674,-0.805035504463806,22.08605036582578,-0.18653002015382852,2.875394130438807,-0.7882878263382388,-0.8007906880577943,5.8404608225435055,5.8404608225435055,3.321180668004727,-1.8880975568451248,-0.45432688105819524,-0.40712365512449455,-0.4470992486732385,-0.7948781460148314,0.05021278982412357
3370000,4.168861797972752,-9.884490794844437,-0.8474985273096176,30.27417285643419,-4.41130310025999,9.289298411019383,-0.6504393664517101,-0.7518874583292582,6.016374711056947,6.016374711056947,3.311055864211426,-1.9136770992010623,-0.4419816620011667,-0.44649156647083976,-0.4627518714709239,-0.7649153095933274,0.03755736506089533
3380000,2.21456994334725,-4.6902204413335555,-1.1515537846203066,33.09184070975231,-1.6752761645360246,14.040590536326905,-0.48471541024694176,-0.5214704464097084,6.192283517082103,6.192283517082103,3.2687868558102946,-1.9271484478713496,-0.44632334955969805,-0.46338380784076405,-0.47004319853887766,-0.7505725948238372,0.03123488494851936
3390000,1.4671230411840483,1.9350591780614526,-0.2829184646897275,28.79485370035637,-3.2585713923441006,22.26667511101754,-0.3303437641895363,-0.37272520648508944,0.08501321308943233,0.08501321308943233,3.255582754086502,-1.9520630912671826,-0.43470704072489447,-0.455319008246852,-0.4718891356742061,-0.7538804380830295,0.04085987564216733
3400000,1.8341281285181543,7.969596299887902,-0.20975813254190975,17.205099001726477,6.885205755731889,15.923259254425654,-0.17459511159744484,-0.22757953892918875,0.2609219170239854,0.2609219170239854,3.1981500561345744,-1.963376704224535,-0.43681434538353825,-0.4227346346614092,-0.4734865252601813,-0.7700007200759263,0.06484466159430248
3410000,0.747597464836035,10.686375995094199,0.2797840493804408,6.249799379549375,-0.16041447308832357,8.411451050824823,-0.022107631147680655,-0.06955070232667906,0.43683555097518934,0.43683555097518934,3.182490072233687,-1.9875270509126852,-0.4225023789523832,-0.38055304939209855,-0.4688389891543604,-0.791532400865793,0.09405231111847338
3420000,2.125569336914167,11.772338454087386,0.5551030627605025,-4.714131516772866,6.710826676297086,-7.062100645921414,0.1549402003935298,0.08507508063475028,0.6127452361834216,0.6127452361834216,3.1170647936063247,-1.9962990338601694,-0.42499635908171296,-0.33284379438619194,-0.47597378110358196,-0.8045643415262042,0.12385551495620861
3430000,-1.0523198731194603,9.439155135226956,0.3733622114159911,-18.81660268235194,6.776815087130778,-18.325868753679575,0.31003971250915635,0.22775309266156146,0.7886593964843129,0.7886593964843129,3.0989886344029527,-2.018834138961391,-0.4106221899692584,-0.29448749575446315,-0.47021057755286855,-0.8196887462925341,0.1424411696211341
3440000,0.18009163119967322,7.005141140759775,0.6087040225887043,-13.48824438491351,2.4036220436854725,-13.776275583426758,0.46320026896493577,0.3676447947132685,0.9645532430821362,0.9645532430821362,3.0279285795279653,-2.0149471535232406,-0.41757744031093613,-0.2652243471566849,-0.4700919665723525,-0.8267821335828798,0.15843261099783
3450000,-0.7534443274449203,6.939166246206934,0.3016056311999685,-5.717229688602608,3.136327844003732,-4.762798405800409,0.6344984430311916,0.5015300081189934,1.1404653653074348,1.1404653653074348,3.0075606224914178,-2.0360862731197953,-0.4095905346093877,-0.2346809111137724,-0.46617169856411955,-0.8356531975512868,0.17115066707133691
3460000,-1.3168790472916887,10.034968928676381,-0.20267755328556294,-2.017985097051995,3.809585948802758,-3.760997136746468,0.8071996375606892,0.5901643530977335,1.316390285112277,1.316390285112277,2.9342788365015475,-2.0264767185524755,-0.42011321881794317,-0.1914458423649053,-0.45818378738011895,-0.8472920221402964,0.18844716936215636
3470000,-3.733004422434038,10.108785467995247,-1.726590241117682,2.050342905736738,5.208150510940025,0.6705970113339959,0.95577832007059,0.6863311194662062,1.4922995649160669,1.4922995649160669,2.8882104724681574,-2.041691439725947,-0.42514524443689555,-0.1472056978069781,-0.4379595110161469,-0.8645297355803829,0.19776320573092335
3480000,-4.729753818874452,10.002860027324054,-1.57191747716074,-1.102052803920091,7.791180813111186,-1.7554467260065723,1.0961471067345683,0.7939220191341256,1.6682052799024376,1.6682052799024376,2.842396991335463,-2.056961434597321,-0.4301628197621281,-0.10256264089793941,-0.416397304545966,-0.8795116522720169,0.20628485881576805
3490000,-5.986784248762491,7.7139973532825135,-5.239158908578588,-4.880810747948072,3.0332500659883928,4.4768610539016915,1.1890220102213027,0.8715020707437745,1.844113525886442,1.844113525886442,2.817719341551748,-2.07681281339959,-0.433987401022715,-0.05775177938256365,-0.3823907548263577,-0.9016982549291017,0.19334502750080965
3500000,-5.303760519277636,8.442275351438939,-4.082543732215277,-5.652144837638697,-14.495322986039964,2.7027922432126394,1.213382660236642,0.9135600552393939,2.020023734545731,2.020023734545731,2.753045564031121,-2.0849710482721564,-0.4476137423370487,-0.016081131423017887,-0.3464823139217753,-0.9185613980124058,0.18956888308227873
3510000,-5.280837792003427,5.9632187274943735,-2.9740389393440316,-0.706119747434376,6.087899327168749,9.483425809654227,1.1872881839000906,0.8771587684847171,2.195935520286781,2.195935520286781,2.7252684743324975,-2.1039165209457287,-0.4539770477768192,0.017104470375193997,-0.31276473893056933,-0.9317196948136344,0.1838044217946483
3520000,-3.8424260813331053,3.1688528132278524,-2.728471601514054,-2.045379388010164,-5.495114492406831,9.2843464557752,1.1637962065220215,0.8818810670585774,2.371846339727881,2.371846339727881,2.6732656739531464,-2.1142312373770222,-0.4682797289139572,0.03301984222193446,-0.28558618020822746,-0.9414129573898419,0.17632886137052084
3530000,-2.9874114265638654,1.6222225269343822,-3.6379142822439934,-5.603431900951479,-0.32258011465702296,3.00478509462738,1.091605193357935,0.8389385481910684,2.5477472927447167,2.5477472927447167,2.6310838120391558,-2.1064574153043685,-0.47672932028346554,0.0496224902555789,-0.26629758050309177,-0.9492284593181488,0.159964180676575
3540000,-4.497506153454332,-0.45347899685822285,-3.3889140323072957,-5.015658372551409,-3.0224814976645176,4.790955693702882,0.9793530976308835,0.7392222803944948,2.7236652808953323,2.7236652808953323,2.600644292810973,-2.1219393774032356,-0.4921142996061736,0.0522330823664053,-0.23860583888445602,-0.9590838706757944,0.14316804031027866
3550000,-4.149526224385905,-1.5601520562927003,-2.7601542746419567,-5.868903608011086,1.0426043244734455,5.353894888611093,0.8803808822579695,0.6366644448821941,2.899581613070609,2.899581613070609,2.5707854720171808,-2.1386465615596943,-0.5025148779824994,0.05197447786723552,-0.21606457792632122,-0.9666403908788765,0.12736210793435243
3560000,-3.0737647129648575,-2.6322724947843246,-1.5770476373791649,-3.850859638456495,-4.789035514065539,8.84723119433855,0.7806539649289693,0.541384055319524,3.0754931339646845,3.0754931339646845,2.5440655989387326,-2.108164070285927,-0.518602497759609,0.04097227150790988,-0.19582278830699362,-0.9727594972063516,0.11710537623014054
3570000,-2.610615168778543,-3.0884236761242887,-1.093677332584046,-1.322080572163409,-4.5502366728849495,13.407062362527933,0.6665238795204713,0.4584329776445258,3.2513919345908704,3.2513919345908704,2.5146925830878746,-2.1175700596838025,-0.5288621954463867,0.02528824687482434,-0.17746597204076056,-0.9777216311854886,0.1092096389958934
3580000,-2.931529233239466,-3.2659157544949236,-0.9222489841135609,1.6678216478512635,-1.8801860908621926,17.826640924219458,0.5478033105937015,0.3741658468596062,3.4272986108715173,3.4272986108715173,2.485553925709026,-2.088509844066314,-0.544314785749721,0.006048676868985638,-0.15779872450770635,-0.9821108443834252,0.10257321968404373
3590000,-2.6669723942939325,-3.4973244854339387,-0.7732807553397345,2.7903955073142477,-3.5450045642807693,21.716350252636815,0.434308992290346,0.28507461718657523,3.603211228972498,3.603211228972498,2.440705689792559,-2.0741862680454917,-0.5463733785419529,-0.014320438914962933,-0.13933185382515018,-0.9854230222921307,0.09655582155195427
3600000,-2.0122495997827543,-4.276874810200099,-0.5120899651217996,2.009810168111147,-0.19759343451733757,23.219728609332186,0.3348660213472608,0.19001346918905207,3.7791227386063753,3.7791227386063753,2.408080642424003,-2.080862800578551,-0.5584566432089261,-0.03748220787957509,-0.12403055510113319,-0.9873553370226689,0.09132876845019364
3610000,-1.632507889524509,-5.101207262285603,-0.3583184407360437,2.032326694566378,1.0154056315736621,24.000062772075776,0.2286955770270161,0.1081772994919853,3.955034456405585,3.955034456405585,2.3595734749891597,-2.074051280682947,-0.5578299959108133,-0.06331786881881049,-0.11067694052217378,-0.9880605523780372,0.08647431502650467
3620000,-1.092838639175347,-6.735443945164204,-0.37985159211963715,3.6715649699227138,-0.5016035410446836,25.063851067906906,0.1114802617490571,0.006855777712032912,4.1309456788003445,4.1309456788003445,2.3248606851986957,-2.0796624882875654,-0.5664717581033779,-0.09751015810143036,-0.10056784530372528,-0.986810679310921,0.08113298192423772
3630000,-0.5314165187017795,-9.214813825788225,-0.345958048272527,5.1637746326003136,-2.3495358862533893,27.082750212035094,0.0030083016416298704,-0.09312362201854758,4.3068574577581415,4.3068574577581415,2.278129351982153,-2.0680160661404994,-0.5631439098959523,-0.1429699405669539,-0.09403120220520218,-0.9823669628379564,0.07531851983845195
3640000,-0.4312913421107025,-11.939939250306502,-0.14741460142001594,7.623192382416504,0.27511532391509785,30.05774916780304,-0.10593567095749591,-0.19877415447457203,4.482770694681747,4.482770694681747,2.2424101428710537,-2.07104523960944,-0.5677529293197456,-0.1993615670879415,-0.0890942937422698,-0.9733891419190022,0.06950360267637233
3650000,-0.257684588491737,-13.967930795172922,0.02615840743622481,9.460422173315193,-0.4498989512520506,34.616059495219886,-0.22385717554588494,-0.31631345161886865,4.658684416408576,4.658684416408576,2.190509321204003,-2.0559778108849796,-0.5589135919251521,-0.2626736499657818,-0.08669098700651306,-0.9588548898839869,0.06391030066474411
3660000,0.3378980965023559,-15.148467513717062,0.11187299558365747,11.18261351079491,-1.1062521551612088,39.71514767207553,-0.3497012621822049,-0.4260661044446655,4.834594722930078,4.834594722930078,2.1520423447465613,-2.056368904285752,-0.5576920175584176,-0.32914164010046976,-0.0887614317926929,-0.9382498751917895,0.05894370772759048
3670000,0.6081481125309292,-15.40630130741807,0.36329488697134227,11.453690959418893,0.0035917766044019192,43.42166674504069,-0.4727680974611421,-0.5519180698997017,5.010504327893344,5.010504327893344,2.095649279921454,-2.0437661510829646,-0.5448220172242753,-0.39485364672238804,-0.0929178756837672,-0.9123706655691542,0.055105668105432395
3680000,0.9460305499556276,-15.634963458384815,-0.20432680669051997,10.774600568232088,-1.0943502141924306,42.17280314080431,-0.5934233834422951,-0.6849724981624102,5.186416517894088,5.186416517894088,2.054122053411483,-2.043178619080733,-0.5380276266053106,-0.45956009372703094,-0.09983620132161777,-0.8811504462838706,0.049103402865864884
3690000,1.9879332368294644,-15.5332455999697,-0.05744447579553855,12.412489798100378,-0.6353228210459269,38.19365238971569,-0.6894126509037888,-0.7817090198866152,5.362319196065272,5.362319196065272,2.0001540967288673,-2.0323427144786863,-0.5236334459718532,-0.5215596933298775,-0.11066523441849883,-0.844751421307409,0.04608392760882342
3700000,3.241993308995043,-13.596906521923454,-0.39827753669533184,14.319485663672541,3.6598402503018876,23.901617705761492,-0.7451871382941806,-0.7924630498772071,5.538222772469794,5.538222772469794,1.9577025382804192,-2.0309311009263484,-0.5136990044155595,-0.5723351920054337,-0.12803190219063,-0.8087053353520564,0.04512139832352649
3710000,2.8411381107416602,-12.65337811500456,0.1293016198812082,19.731787004923977,5.023769274408952,9.343102637582938,-0.705200993376168,-0.7432574049743489,5.714134428055701,5.714134428055701,1.9051426079187501,-2.0233995532009827,-0.4985629654081383,-0.6216600789236844,-0.1457881690366406,-0.7684203289483262,0.042599930756850285
3720000,1.9072609353696253,-10.86080696874446,0.006388855080372918,39.152248643809685,-2.4083592899321173,23.35453863800148,-0.5819909026583734,-0.6524848871972322,5.890046027769529,5.890046027769529,1.8617355112621041,-2.0221058520090835,-0.4855404784981364,-0.6602139418368298,-0.15457384437789096,-0.7338607802881509,0.04090027864674105
3730000,2.8952099224788244,-5.483018756994181,-0.3954101402960529,39.773999154717615,1.6664557891373901,22.784227886433673,-0.4432883694758647,-0.5067261326541309,6.065957513208062,6.065957513208062,1.8212354969747948,-2.0172731938942494,-0.46686637510898316,-0.6757246907392751,-0.1658300390216252,-0.7167889231203275,0.04593669748032364
3740000,2.016726882660834,2.3480559378742782,-0.014834003575965338,33.8419702189443,3.8097536010753936,22.059376882789522,-0.2894489257362754,-0.35602836372790675,6.241870980123494,6.241870980123494,1.7820932545806993,-2.0163223403143533,-0.4483310325679832,-0.6630878720804485,-0.17116698621870638,-0.7266002778434438,0.05539289635376004
3750000,1.050390475582579,8.206764481718599,0.04203169338330584,20.828072200101456,7.358290569577454,20.256448781360824,-0.1293571093493318,-0.2153898420000627,0.13459860422792502,0.13459860422792502,1.7380135851573304,-2.0102233232504196,-0.42743368160107637,-0.6285723867016226,-0.17215845044819578,-0.7556090131138578,0.06567527629636456
3760000,0.37449550751207344,9.565895019226579,1.9483948276689813,7.042083519497918,9.933180307858928,7.158558144401281,0.0208623428729771,-0.08122068088968695,0.3105086396067165,0.3105086396067165,1.6968028570724552,-2.0079863492474823,-0.4070837215536223,-0.5908097245233107,-0.1676445334247632,-0.7852092494918299,0.079281866362747
3770000,1.048014548039505,11.933903250974002,1.74961973097311,-7.178335427379672,1.2497199929654135,-11.579370251049088,0.17655817975612473,0.05199312074367852,0.4864198904709198,0.4864198904709198,1.6563141922460627,-2.002742485177215,-0.3896433503528163,-0.5460704377512298,-0.16381199712726147,-0.8157597087678563,0.09751309738871332
3780000,0.853440190407859,9.767830630123049,0.7749908326854557,-15.359938865979679,0.4870582596192696,-24.587063623796276,0.32722797265113257,0.19626773728407573,0.6623315624291095,0.6623315624291095,1.6148896264991262,-1.9942539971576982,-0.3731425755949046,-0.5102337805762199,-0.1622903692217622,-0.8373859226438006,0.1100370018437102
3790000,0.44228874962901654,7.007971799350039,0.7180888237121055,-9.690885848407662,4.268295322344667,-22.166176978178168,0.4708171655177858,0.33977723118778186,0.8382350003026531,0.8382350003026531,1.5704120219068662,-1.980955146103104,-0.3611519032857488,-0.4857301829685106,-0.16206038942518552,-0.8508008100087863,0.11807032320243668
3800000,-0.3958499396086469,8.166066065672227,0.1742556823632794,1.6258750209080683,3.2394732095772527,-11.005126068483937,0.6522308397554549,0.4737927544228397,1.0141381882686673,1.0141381882686673,1.5285588387710238,-1.9746175260034682,-0.3537233557779983,-0.45659332543276937,-0.1582269075325314,-0.8667929562647936,0.12311276080356907
3810000,-1.2560060520919574,10.145215768593118,-0.25616413368737984,4.897863663861366,1.7284960508375442,-7.285820357994418,0.8183397529799277,0.6178566553453041,1.190050629215925,1.190050629215925,1.4903936962809523,-1.9621086249120734,-0.34594826397577516,-0.41889903746795804,-0.14966867486975646,-0.8866715781818052,0.12623944160101683
3820000,-1.7764673013430208,11.205030092404044,-0.47602091591791307,4.162489260787061,-2.4173805798537407,-8.32583730112782,0.9776405288269027,0.7538517699788205,1.3659610166825402,1.3659610166825402,1.452717173623078,-1.9474623530007977,-0.3406239580484587,-0.37683491484778076,-0.1363602857173243,-0.9077315831200398,0.1241961852761271
3830000,-3.2434816077585222,10.596617127305795,-1.5052265485697085,3.5525311535416604,5.673542849699655,-6.310946963076096,1.1251936029194656,0.8759238848861636,1.5418728181509849,1.5418728181509849,1.4148947337884825,-1.9361939045844667,-0.3375227619704132,-0.33314310759335153,-0.12069264340099448,-0.9275495449879171,0.11874677799684998
3840000,-4.98906249881357,9.230292323669044,-3.0788959919668937,-1.3641695323011296,4.378087172148955,-1.6634129102169297,1.2368141702544646,0.9649397055693579,1.7177852126178053,1.7177852126178053,1.3763602920242208,-1.929780513478875,-0.33816562209324474,-0.28882934409442507,-0.09750331140673321,-0.9466928459429232,0.10413150193478674
3850000,-4.975784000467019,8.275165899950627,-3.5004497142238415,-2.702774898931899,-1.4069366675546253,-0.6133421858008956,1.2836030638715261,0.9943132948901933,1.893697237017328,1.893697237017328,1.3418923895239405,-1.9159990293336264,-0.33742961408780153,-0.24792002827706466,-0.07067902205918879,-0.9624366549161101,0.08518110526252223
3860000,-3.693286435400813,7.640394134029599,-3.697830511243863,0.3794883773776043,-3.3715143757440087,0.7103755175791933,1.3015442669338302,1.00610726178259,2.069608459454834,2.069608459454834,1.3066870096869472,-1.9039685479730553,-0.33900341372227216,-0.2116609620684178,-0.047906132360867014,-0.9738706401890957,0.06693740207220471
3870000,-4.000715601038086,5.9965083463420585,-3.8151694862903938,-0.9125285332809328,-3.506650093201811,4.976661827207182,1.2669803953090486,0.9859049277293735,2.2455209066955675,2.2455209066955675,1.274718994540407,-1.895314948354395,-0.3404758096165169,-0.17972864192816765,-0.025245220749387183,-0.9822814402348676,0.0467275750503441
3880000,-3.908915193679481,3.9834103573831134,-2.9096803993122675,-5.181791849743387,-6.003737812895361,4.480804491453416,1.2211390168424552,0.9557910897737236,2.421431903110239,2.421431903110239,1.2422196738279705,-1.887032535267672,-0.3440516792481978,-0.15525499023190983,-0.0030887447847803054,-0.9874092875851433,0.030153713773661286
3890000,-2.7943936970027607,2.3340086627169874,-1.8812242576687963,-5.752789978658784,-5.659854575066128,2.487516721653201,1.153347370197603,0.9063857389189939,2.597344058638164,2.597344058638164,1.2110505150074002,-1.880149126414024,-0.34795324054965143,-0.13833768633793486,0.013907020077616693,-0.9900956033474253,0.01949296189207628
3900000,-2.3319053870784305,1.1148438623147046,-1.1050452254203504,-4.951511593515394,-2.4708763585088347,3.647186153359891,1.0757569415663055,0.8418674389637799,2.789986454908636,2.789986454908636,1.1808096690061411,-1.8713915253657132,-0.3495388674807423,-0.13095108891970636,0.023780412394577514,-0.9910061192981274,0.013898770116547944
3910000,-1.954848237600066,0.12540394974442365,-0.17123870407549582,-4.509183846000252,-0.547137275982768,5.042909145200909,0.9755404703468502,0.7424523293384209,3.011130707370903,3.011130707370903,1.1454339674203535,-1.8629254876062284,-0.3532053757530348,-0.13008921723839914,0.029587702092467635,-0.9909929496895947,0.011590388634745654
3920000,-1.9508095132966083,-0.762569822529794,0.14342721149317098,-2.04380997504883,1.845213278244631,6.426350640268392,0.8753239991273947,0.6430372197130617,3.232274959833184,3.232274959833184,1.1100582658345661,-1.8544594498467437,-0.35687188402532727,-0.12922216849604032,0.03539381431121412,-0.9909403422928178,0.009281545899114277
3930000,-2.5614861984803583,-0.3427750646667308,-0.19350672185840567,0.18792305265244133,-1.5279752397947668,8.150867634649597,0.7866238402784422,0.5649300944153958,3.422261073916239,3.422261073916239,1.0804346533266276,-1.8473699898269516,-0.35994221805254495,-0.1265718276201809,0.04885619451964191,-0.9907294037157597,0.006920500195894804
3940000,-2.851429116555406,0.9951795247175628,-0.07293910687581505,-0.11024575712487328,-1.073409582455787,9.583750711404553,0.7578037919081013,0.5946692250078017,3.476886695966492,3.476886695966492,1.064262853207722,-1.8449539112594469,-0.36532463420078953,-0.11809524261136999,0.06414374185841737,-0.9909166015235411,0.004835584555989462
3950000,-2.628249770530747,1.358669650849302,0.08094659104845464,-1.9965128383726054,-0.7934605554592469,12.138154753899517,0.7473206579042474,0.5258875266252727,3.6527965994618867,3.6527965994618867,1.043785925629298,-1.8350926573122974,-0.3721978833015047,-0.10598820098818644,0.0758586192194251,-0.9914637707158859,0.003400367516519658
3960000,-2.1680933205469204,-0.0933346951837599,0.0578586271314361,-2.4350465041419995,-3.663114997925985,15.305838100572629,0.6752063752382942,0.45705603405942624,3.828708045947174,3.828708045947174,1.028190076618761,-1.8237297017893015,-0.3758431431737977,-0.0999606780562432,0.08755765479796118,-0.9911261169659782,0.003246566918965925
3970000,-1.509733217064408,-2.4480156669505155,0.15817550509371886,-1.7886422335137495,-0.479977370838364,15.766202802897531,0.563922786258898,0.3578233146516859,4.0046204084643975,4.0046204084643975,1.004021757725716,-1.8132165235429354,-0.38006067445559827,-0.10510961806759801,0.09192855037398592,-0.9901915836571934,0.0046623460060968855
3980000,-1.2245151390215874,-4.260586296002515,0.12034228456327842,-1.5812434954686916,-0.8915883693762734,15.673478306949296,0.4322402637729699,0.2547655308613284,4.1837499394047555,4.1837499394047555,0.9841843999166237,-1.8005498388183145,-0.37944881628274124,-0.1190866244331032,0.09510205437577163,-0.9882943838217918,0.0069416165942709634
3990000,-0.9787001351108505,-5.746001422535495,0.18811069750015993,0.054983465599760584,-0.05931410526783497,17.55364098114092,0.3169389779861641,0.14116039718758253,4.356444188112754,4.356444188112754,0.9600392968433904,-1.7902553416344693,-0.3781433751013621,-0.14161044473516932,0.09522525816643938,-0.9852807408667086,0.010024660901620524
4000000,-1.0309626166272796,-7.9008907738019785,0.15765518381397006,3.2015063632250103,-0.2492792725204112,21.54742275841019,0.18635607433648782,0.047576457658257604,4.5323519163601205,4.5323519163601205,0.9409329868125991,-1.7775958012517195,-0.37437330597900487,-0.1758196958203439,0.09405010012559889,-0.979827408522141,0.013426195916646224
4010000,-0.8926977372002501,-9.527985760913987,0.04261996833643959,4.5373765729959885,-2.365941797433635,25.817830178821612,0.05701703817091344,-0.09041494096338983,4.7082499406525145,4.7082499406525145,0.9144232218937175,-1.7712011122505733,-0.3680723100629827,-0.2166610392236371,0.09367188799021069,-0.9715897360085414,0.017232421934714734
4020000,-0.3240150857590991,-10.657319201533282,-0.05285144360497953,3.5282635138881955,-2.195206048571972,27.904149732112003,-0.08424625725928966,-0.20536635921595148,4.884162566764353,4.884162566764353,0.8916943405796444,-1.7652031372112513,-0.36269431112312794,-0.26165023783897357,0.09199090922847877,-0.9605220129597929,0.02177816056956643
4030000,-0.08990422132534413,-12.198069649194231,-0.010761323868901726,4.254334631403658,-0.33144285800351886,29.99173508354312,-0.19688393403787624,-0.3421063154474945,5.0600753335499675,5.0600753335499675,0.8649431111209376,-1.759683560412714,-0.35533503448175474,-0.3144567454690814,0.0878637002501756,-0.9447992576204809,0.027409637121439612
4040000,0.087701909806195,-12.510863669475636,0.1397237267822418,4.423279650452631,-0.6620714046786781,31.99816616338836,-0.31920018210858886,-0.44419391154523963,5.235985883169185,5.235985883169185,0.842058058691232,-1.7554453066430606,-0.3474769147664179,-0.3676172456866203,0.0837576261423558,-0.9255729134628417,0.034014740932241
4050000,0.41239957418393913,-12.927768947790163,0.21142402494136647,5.537474340637642,-0.8861506143586779,32.865715523899674,-0.45909548855488586,-0.5921885029781963,5.411896411362797,5.411896411362797,0.8152482033296808,-1.7503902771218378,-0.3384187110340868,-0.41994044665385694,0.07876996900567756,-0.9032187296408588,0.040512216342196206
4060000,1.855295653914442,-11.340897364459368,-0.18789507087599874,8.157400599634085,-1.0736431450516117,28.468534360905906,-0.5154501693335073,-0.6442915932443956,5.587804190485151,5.587804190485151,0.7924694098864841,-1.7472501801483626,-0.3288217029850364,-0.4654337726194277,0.06606772412048492,-0.8813081983166867,0.04798248341407486
4070000,3.4949708253738963,-8.316307876039374,0.05949318739174986,9.368581840460584,3.8650206358941745,14.773591201370337,-0.5822498440006784,-0.6053956507815997,5.763723188634451,5.763723188634451,0.7657328238570574,-1.7419879151196627,-0.3204359975011185,-0.49769108812846385,0.04700250222362928,-0.8641019285526732,0.058499595330004275
4080000,1.3219964961976463,-7.901161797437638,0.5952139530765318,11.125507952644522,-7.945568229834058,10.027871677146285,-0.5505933817861264,-0.5564015586893346,5.939631538217817,5.939631538217817,0.7432992770553803,-1.738416994739382,-0.3104539126429212,-0.5278280170314948,0.04594863584693451,-0.8452475174673763,0.06959124596990074
4090000,1.3763962213891872,-2.7604581762559377,0.07440998713414475,16.06696059129253,-7.1256442044711,6.6346935994695,-0.42015124984754565,-0.4554311278331792,6.115532155318498,6.115532155318498,0.7174880816879031,-1.7337567747133797,-0.30401790759065134,-0.5383443786313329,0.04356603298957341,-0.8380890792673348,0.0767725600616961
4100000,1.2536799469695834,3.8944645653296677,0.04912562625175873,11.574394445265265,-1.128144206092791,-5.465358734870915,-0.2575649964729731,-0.3152680009850072,0.008271834144437662,0.008271834144437662,0.6977062865897442,-1.7318880971549104,-0.29244879817171376,-0.5262320152595845,0.03866923348355962,-0.8458535002270088,0.07820749741136222
4110000,-0.19277459274785685,8.52569783259326,0.8156255004239071,7.7027469150942265,0.6988172016326498,2.0250674202867596,-0.13013177448839533,-0.19218150659948446,0.18418590085947528,0.18418590085947528,0.672542830221929,-1.7275235259641257,-0.2850239986207164,-0.4916665004712529,0.04071463638995182,-0.8664596741482482,0.07651146170932302
4120000,-0.03042294255910923,10.964064220254315,1.1818432798574992,-4.793230911853833,-1.9547330565052727,-8.499353301696164,0.019945062951786906,-0.05135816870706343,0.3600775151338098,0.3600775151338098,0.6548109931551881,-1.7265902867485,-0.27446473541831923,-0.4473514554496348,0.05094553242465855,-0.8892749095079789,0.08044478449618424
4130000,-0.39494665377122595,12.33629398531637,0.25845831136406133,-5.15818142093857,-2.692177680568925,-18.782051207986957,0.1658784764568532,0.07984261130713352,0.5359918605750096,0.5359918605750096,0.6301836455778661,-1.721550076668418,-0.27020968949561425,-0.39807581639425504,0.06090143836411928,-0.9119824427359199,0.07819644076716896
4140000,0.1113081019673109,10.837705458957904,0.6060641864187848,-3.331517880861625,-1.2860385335653268,-30.124298581554285,0.325737156839381,0.21415868578378744,0.7119022850495469,0.7119022850495469,0.6142424979627198,-1.7181216149132372,-0.26415594154633093,-0.3551671169138077,0.06756313798051684,-0.9291028425132902,0.07784246580808944
4150000,0.11759952334159973,8.98670573081763,0.4637323347894827,0.29061847347152503,0.026735943238139458,-32.41475790160307,0.4631540012668527,0.33491479089993526,0.8878162295466154,0.8878162295466154,0.5898629542350392,-1.713188835751252,-0.2643824147405666,-0.32039189418750647,0.07257699044076776,-0.9413699547910271,0.0768389407412798
4160000,-0.0540758312527417,8.228379675096102,-0.12760009496540434,5.683463634270364,4.404401446367185,-24.64868271735219,0.6017550003011561,0.4607936068827354,1.0637291249744578,1.0637291249744578,0.5745894524913293,-1.710141233234463,-0.2648598512810222,-0.28914782435028386,0.07507392333564782,-0.9516033053958387,0.07217056788057777
4170000,-0.0448944202345854,10.637596921495842,0.7542004205718978,8.92086580120887,3.4983999789205096,-19.045520749795884,0.7427358337289958,0.6011765465378338,1.2396409519799079,1.2396409519799079,0.5507847976891809,-1.7065018213393426,-0.2710767487488637,-0.24567944532552835,0.07942300249152338,-0.963503064819887,0.0706784330786757
4180000,0.11340343082787777,10.612128547675244,0.27007239366081015,7.772099453992509,1.9434402892046765,-17.08742136780505,0.8914824312288565,0.7271410766671565,1.415548687853203,1.415548687853203,0.5377085388739946,-1.7096599017576843,-0.2753474975193995,-0.20197909880177897,0.08281607647841535,-0.9735743866441062,0.06707350292399228
4190000,-0.4907954463544208,10.037877087951827,0.007746041071956153,4.785952603232285,2.360142579422745,-18.610638539330555,1.034508271576398,0.8490971864664162,1.591462210517264,1.591462210517264,0.5144457535421552,-1.7062279850491797,-0.28157563362136656,-0.16064868533741591,0.08824207168218873,-0.9811216877897726,0.061689305662678474
4200000,-3.014859262252208,9.184632249095253,-1.1875110885189664,1.858867476830239,4.631527520261201,-6.667390182514288,1.1862611806003176,0.9000948876638412,1.7673717047832156,1.7673717047832156,0.5034532396878345,-1.7099078887340613,-0.29047474264604106,-0.12129685511780323,0.10086686343850296,-0.98629719984482,0.048278177025199515
4210000,-4.470362549920962,8.342829341987057,-2.022216909108559,-2.7830548521136764,-5.4679037508794055,-1.1823491349529165,1.2430643653780182,0.9177225153221609,1.9432714895142453,1.9432714895142453,0.4803423881059765,-1.7071432049968696,-0.3006817506076507,-0.07940778347598995,0.13067000292780612,-0.9877061432624272,0.03250121259182424
4220000,-1.866117307872778,7.395354279747471,-0.96541229732192,-2.3023771162538353,-4.802373675509835,-0.3857567689831713,1.2394460002829046,1.0120264225357483,2.1191940484233953,2.1191940484233953,0.46861185678047235,-1.7145861919950187,-0.31181159334096076,-0.040981322400636976,0.14709400596311958,-0.9880049228189359,0.023025140815320158
4230000,-0.6057488437557733,7.252545258732722,-0.9121390690432122,3.7414826023358834,-5.301684411257237,0.6117529322266858,1.2006565479727282,0.9243468024874402,2.2950948939006253,2.2950948939006253,0.4459444941335339,-1.7109183685438345,-0.3237758182792776,-0.010952089715369547,0.15626808791508745,-0.9875731850762003,0.012630936175843044
4240000,-1.6906742318506105,4.179339255942642,-0.5033442730189644,-0.6844432736132254,-13.339090782615912,13.428121505275278,1.173571248752476,0.9214338047935429,2.47101714287588,2.47101714287588,0.4358731577491534,-1.707764566062421,-0.33604759041474586,0.009980495481357259,0.17199796140783633,-0.985021739447293,0.007018817402130669
4250000,0.9288707741454977,3.46407212889023,1.6380001840178824,-5.215250110392691,-4.261608472633136,2.713997999930131,1.1270761783953822,0.8689085631817731,2.6469194995614487,2.6469194995614487,0.41379155499871356,-1.7065509527144385,-0.3515945359607313,0.034526541275631,0.1711540158312031,-0.9845522331137817,0.01308132573787166
4260000,0.6443816383535412,0.49117331965620475,2.077082845597715,-4.100376721424407,3.9370795752134415,3.4610812352569544,1.027761561541753,0.7640745514425148,2.822825052916272,2.822825052916272,0.40711408069321214,-1.7344130001158549,-0.36416701109971705,0.04367220554719121,0.16205972107091818,-0.9855257356021799,0.02384134507200357
4270000,-0.4405643840771206,-1.140740522309504,0.9792471923463039,-2.0139135993981316,-2.519863850524143,8.201451758592992,0.9069385591939054,0.6446394692105725,2.998738716208436,2.998738716208436,0.3855018526839563,-1.734511716101375,-0.37862797543040083,0.04608443717081398,0.16355803411906183,-0.9849728202407675,0.030879402725860677
4280000,-0.8072077360858608,-2.344177898462402,1.0780892894712935,1.5523029955500043,1.2901734117615238,9.515724793675105,0.8042188701661357,0.5249381240202886,3.1746491465981563,3.1746491465981563,0.3799825045300397,-1.772895942771449,-0.3915504401307575,0.03168269173536888,0.16043499000877154,-0.9858043603763355,0.03803398596375699
4290000,-1.4962292332622171,-2.730934440558347,0.9583679883536649,1.2475471252864494,-3.150472834186704,12.827167641115897,0.6838357682476709,0.4380668976777266,3.350561996635264,3.350561996635264,0.35878432850072767,-1.774362703908169,-0.40247304849387827,0.011800998363381051,0.1637076353790475,-0.9854489654700159,0.044168801322922335
4300000,-0.8241556892118179,-2.9298351163632823,0.7260104499528173,3.474727892343318,-2.1360158795836828,19.234432846242175,0.5546955772104181,0.35614967501919725,3.5264721077024745,3.5264721077024745,0.35228390822717676,-1.8257252296785365,-0.41459201720805566,-0.007391353757319863,0.16145981096519132,-0.9856130740725669,0.04942636492747347
4310000,-1.1226814151912519,-2.422499924588986,0.43045367386941413,5.3533737909722365,-2.0418355249719458,22.473224377334,0.45113299890967734,0.24281589165851125,3.7023850288059776,3.7023850288059776,0.33148798660909834,-1.8285573334243637,-0.4177043640486387,-0.024465823805873935,0.1607609706308168,-0.9852876171797055,0.05258940216123357
4320000,-1.0416527067308738,-3.0212705104845057,0.27997178672871237,5.845050365921807,-4.717137101208502,25.49559160128258,1.6982483539103956,-1.3892810609263866,3.8782958574666964,3.8782958574666964,0.32008826709346677,-1.8711961752306925,-0.4272835011119784,-0.045401604128457146,0.1601557264139777,-0.9845024644359878,0.05517005672319693
4330000,-1.2425034680823568,-4.152522255779925,-0.04939543704616276,4.011623795624401,-2.098864168750883,23.35299126120008,0.8237375989785186,-0.6379442454896934,4.054195272961692,4.054195272961692,0.2998749831126924,-1.8764964124987786,-0.42513113123585894,-0.06872821353171543,0.1579024757574023,-0.9833942835638041,0.057261888446458326
4340000,-1.0398937523647502,-5.422583435586743,-0.31308248686515006,5.054049520232294,-1.7195701193302655,22.556932867644505,0.08892979688674638,-0.04948738005520136,4.230101420759482,4.230101420759482,0.2870427776070651,-1.887936389385029,-0.43152749307633204,-0.09844383827790446,0.15406101535407526,-0.9813876101707135,0.05875689624717182
4350000,-0.19858661989252083,-8.118590242571075,-0.8255747680473144,4.309284751836366,-3.1851181885321274,21.251874725268753,-0.027300575697315546,-0.18158236281975224,4.406014044504701,4.406014044504701,0.2673697708530042,-1.8933453381367702,-0.4281447850306107,-0.13930540653979168,0.144543487795095,-0.9777997734120445,0.06007318004040605
4360000,0.02466184813775396,-11.547089772910725,-1.3625410964321398,8.255012523279891,-1.8470919141590585,25.12691174470009,-0.14989700110575632,-0.30473350322548776,4.581927953744767,4.581927953744767,0.2505139949651893,-1.8913525541346523,-0.4315905879507729,-0.19782159631476753,0.13225451099751873,-0.9693919153266757,0.06045390683457592
4370000,0.20819729534510828,-13.07320815188679,-1.4209807775500356,7.708951099408108,-0.6024545614621322,28.149208185035477,-0.2764035762727059,-0.4232633588251102,4.757838935188872,4.757838935188872,0.23091817255408242,-1.895715659477644,-0.4249109541743417,-0.25855017280276815,0.119254857278806,-0.956631419875949,0.06153384162553201
4380000,0.7764433736178864,-13.300676306030299,-1.4288366292681438,7.597285074100411,-0.673160853829552,35.05637926708775,-0.4066370275666694,-0.5921321435340652,4.933749200180856,4.933749200180856,0.21160170849205145,-1.8816792788311503,-0.42430202765975344,-0.31701194698027163,0.10524401859335242,-0.9404404527438472,0.06323667341857316
4390000,0.2957437438538352,-12.009613899813326,-0.9849142966406661,6.565951636494081,-4.614510160216779,39.56637268147206,-0.5444895944403702,-0.720646229781983,5.109662370894355,5.109662370894355,0.18639885196893446,-1.8655641905546263,-0.4165316752465554,-0.3673782227531875,0.09693975964905158,-0.9226722439223228,0.06566471458278962
4400000,2.096976544662775,-10.749926571000048,-1.1498212687871996,1.660505232180478,-7.831235981057143,33.68437530095003,-0.6593106252316366,-0.7951370806093793,5.285573183553353,5.285573183553353,0.16578822849210995,-1.866578070203119,-0.4117105422632872,-0.4105584351247397,0.08175462151240727,-0.9054299502441203,0.07038862415346477
4410000,1.911691245249001,-10.914217662178821,-1.4753518619982968,7.6889017695035005,2.746455692697991,21.13163178026186,-0.6886848482091295,-0.878477596052459,5.461484659926583,5.461484659926583,0.13799196877628342,-1.8531181592903092,-0.4029616204505484,-0.4549984153740952,0.06268886654570582,-0.8854381520641501,0.07103398403229282
4420000,0.39896780137052307,-10.097387662812254,-1.5241140176836439,13.951703004434354,-3.2756481162228335,10.937322194049102,-0.6275234401814402,-0.8381346623811321,5.63738434533299,5.63738434533299,0.11651119183428477,-1.8529886778088382,-0.39623766735523186,-0.5011864023583472,0.05839927410405,-0.8604849721958312,0.07047927000442546
4430000,0.6179900330373442,-9.759463418871238,0.3614943160928294,24.498007667244725,6.666793585466492,16.079952735855937,-0.5910105178548357,-0.7003664248767327,5.813301921425918,5.813301921425918,0.08752314772403379,-1.844407919228841,-0.38496622061159597,-0.5416739868654585,0.048516298281145565,-0.8359551911560116,0.0735824648519617
4440000,0.46924958325690164,-4.097670838869754,0.09542801537403886,21.979756918384403,-3.81459854885765,8.658290956849036,-0.5078099928812375,-0.5443271280437728,5.989219177196674,5.989219177196674,0.06521270224248313,-1.8441367920845781,-0.37511251849743843,-0.5610641076180385,0.04815054031599978,-0.822694911381796,0.0778567620476887
4450000,-0.42865337439762285,0.07801498560787275,-0.11373239611617213,24.477772160492588,0.8526446612317963,10.142961472408645,-0.3715399388134217,-0.40946127584123576,6.165119404213797,6.165119404213797,0.03574035381811107,-1.835167545408436,-0.3605147421981806,-0.5607252517241693,0.045080113250402544,-0.8235525731363773,0.07291182859214226
4460000,-1.7320763381295092,5.043347047038628,0.4052136317706791,15.089976481664477,-0.7729566608979845,10.478987406399947,-0.2330577594197489,-0.2857724007009573,0.057851357068166465,0.057851357068166465,0.012665677569874287,-1.8339992847804352,-0.34769888161576723,-0.5360615990871197,0.05331719413992293,-0.8397743386080814,0.06763356421604266
4470000,-1.9834799024716299,8.877198986228303,0.5630415019160864,2.003888798919023,4.461972055288107,-4.48490653447628,-0.08116114568487957,-0.1481128390842936,0.23375783964296915,0.23375783964296915,-0.016412185798305626,-1.8274155988783223,-0.3335264219135748,-0.5021466962267291,0.06290966921494834,-0.8604163424264817,0.059789519761261185
4480000,-0.867092689816314,11.628773545349151,0.09175170809864067,1.2464505175652227,-0.4617536107879999,-8.373203253141618,0.06416070341591414,-0.005335524201464297,0.40966309411296464,0.40966309411296464,-0.040053579450122265,-1.8261131588697506,-0.3222857539640884,-0.45804618401017466,0.07119454306609363,-0.8844202866676661,0.054090543369528184
4490000,-0.4012976614930437,11.40080517050055,0.13586107117895224,-2.2028260474558485,-3.7512116546869336,-21.20531582305166,0.21356450173236532,0.1365527445816093,0.5855756904344176,0.5855756904344176,-0.0695602271201496,-1.8194608203806872,-0.3111061832930265,-0.4137544652540741,0.07894817771632483,-0.905563563450263,0.05028976306216383
4500000,-0.581892838700447,9.986011841584569,-0.5455179622899572,-0.6596343465127529,-2.101501717730447,-23.579433291497676,0.36728414873581683,0.2719267296781588,0.761482087511574,0.761482087511574,-0.09391770260176703,-1.817577034058377,-0.30416095949170713,-0.37561349201081107,0.08506655861746142,-0.921870739971544,0.04280799001056209
4510000,-1.0143751812683544,8.28454734541367,-1.0113124782584522,0.5317169095914567,0.38111574404784115,-20.577327490105006,0.5153334669443697,0.40296760379759666,0.9373916822504711,0.9373916822504711,-0.12406034749847449,-1.8154576473520168,-0.29515259025231977,-0.3452870664820894,0.09089089208915914,-0.9335216594807542,0.03244994199885532
4520000,-0.5150639099238142,9.705305793185305,-0.7305762044581181,-0.583646873050939,-0.48443434494825244,-20.930879600201372,0.667422664498671,0.5367364559774459,1.113311020826579,1.113311020826579,-0.14926108584861802,-1.8146866255247374,-0.2922085935727545,-0.30724226690204093,0.09569241372811423,-0.9465097454370738,0.02375822334326291
4530000,0.7635990430689987,9.874421718505825,-0.25517496096347225,-0.19536787126596294,-1.6503304208283607,-15.819228740681417,0.811103996928909,0.6681500069365292,1.2892227938338934,1.2892227938338934,-0.17835488596342625,-1.8115038968956023,-0.2926788802279052,-0.26718650537229227,0.09612138427741923,-0.9586436486609103,0.01934956623885561
4540000,1.4229640815422997,10.296826836564877,-0.0038286560953818523,-0.0029382023273089378,-0.10834719859964155,-12.155250409698684,0.9696789832675938,0.7788015453472883,1.4651345086429401,1.4651345086429401,-0.2037548499350395,-1.8101197358225232,-0.2957365118152584,-0.22478164558350755,0.09269055808691343,-0.9698547909561337,0.016228268846104617
4550000,0.4947281409161837,10.227264320316294,0.18034696793390936,-0.3340184560277803,3.127400799335207,-7.585797678185836,1.1123749745669504,0.8502622479533659,1.641041235654491,1.641041235654491,-0.23312120570928818,-1.8108067689904535,-0.3008146523154211,-0.1802050055187885,0.0875511743281407,-0.979655461166712,0.011667273287877554
4560000,-1.5975762413072476,9.730629656918179,-0.08193937369516444,-3.1489242204971513,3.426831710997607,-5.3791081103683425,1.202246945427984,0.8989251018700674,1.8169444882227097,1.8169444882227097,-0.25916730509085967,-1.8109564319126217,-0.307609708332024,-0.1303369984000785,0.09112007499065629,-0.9872615078555482,0.00491058942944818
4570000,-0.1647636647503247,8.23583408242876,0.2737407842801982,-3.7312504981260575,-5.362846024079037,-0.9913119742983153,1.2609603039914974,0.9733147187518905,1.9928522056408227,1.9928522056408227,-0.2882292476015004,-1.8154517336355185,-0.3135370000555128,-0.08604191395174757,0.09577328377680722,-0.9916730286256433,0.002978498710983441
4580000,1.2424843926026332,8.393676996071058,1.841786618571592,-6.74709330889487,3.6620538221548435,-5.518202071233157,1.204282506223664,0.9926181740394043,2.1687642421801243,2.1687642421801243,-0.31463554660588455,-1.8176360370171203,-0.3219328775028566,-0.039171003833471656,0.08878948198660096,-0.9952384289260793,0.009084598834210632
4590000,1.160487512169974,7.109463042343061,1.4615241799700258,-10.951193591072126,-7.9325213964727626,-1.9554880656697573,1.1933380040306842,0.9183267619993299,2.3446761013569315,2.3446761013569315,-0.3419090627163872,-1.8233227924083542,-0.3285810364324177,0.0014542343379880113,0.08598370101866494,-0.9962008689129904,0.0137301543555059
4600000,2.52573992738914,4.3011547274348585,3.4011579741589593,-9.365731714558503,-6.006240511444849,0.5737656199699465,1.2729552433436406,0.8866437035810805,2.5205880572495474,2.5205880572495474,-0.3677584603576027,-1.8265821531986068,-0.33800470193164334,0.03111959389527823,0.0756203462199976,-0.9962157967993269,0.02944860473507952
4610000,3.2610607427151317,1.5732956169067869,4.496129294128194,-6.136407011811505,-0.3850352471985414,2.0466870287968555,1.1183591508281876,0.8043345611411641,2.696499962162555,2.696499962162555,-0.39229364538324624,-1.8480420703004352,-0.3467958609325902,0.04889460460351421,0.059273759513688386,-0.9957288868367608,0.0511851833307725
4620000,1.6528020365266596,-0.16339285314322505,3.1968688278454187,-4.000130617125003,0.24268069552389132,3.4859127586970478,0.9835850857116087,0.7084833827523677,2.872412276024157,2.872412276024157,-0.4167155621113304,-1.8616436620071424,-0.3552446657618822,0.05700151686686339,0.048920895584653845,-0.9949100313476584,0.06716846413216222
4630000,0.7994516754654635,-1.294082586936896,2.413744810950029,-1.2702378293658925,0.7417844653094734,5.883026118122446,0.8795424933208018,0.59163704074887,3.0483244920542134,3.0483244920542134,-0.43961115973309445,-1.9050052233337649,-0.36701880401888654,0.051795172195413984,0.038622563194630984,-0.9947322491567115,0.07958209746641666
4640000,0.5505101664882527,-1.8771391981750598,2.0144733408781903,0.882315467947916,0.9964563229892415,9.713352801932988,0.7715550076556815,0.4856218483884242,3.2242286065226224,3.2242286065226224,-0.46293045085086676,-1.9354969415261976,-0.3769815523920248,0.03784130575271711,0.0288252132410089,-0.9948129895178571,0.08991250495389341
4650000,0.23990322186495688,-2.329566072322791,1.3486660353365654,1.463058419125151,0.032872089349411465,13.039206097217136,0.6598438579160971,0.3959272405787093,3.40013129352338,3.40013129352338,-0.4865718408754561,-1.9650143258954706,-0.3849134516893231,0.020347620317715344,0.026361705545560166,-0.9948428021392396,0.09580623079884311
4660000,-0.08065369764003685,-2.383398626848675,0.6649977807043124,1.4058319517170421,-1.8325195171473294,15.945614138563597,0.5528008333771233,0.29804827127984473,3.576042901416791,3.576042901416791,-0.5098644893951201,-2.0111910130323523,-0.3929773151243382,0.0014394244853434927,0.027783000787500525,-0.9946561068287766,0.09942465525519478
4670000,-0.5679677996383732,-2.3638686655012435,0.18142045053242944,0.03210625493026742,-1.698320083672615,15.881821686927541,0.44426554884890584,0.20291267002177518,3.751954426460564,3.751954426460564,-0.5335973186255056,-2.0363038775460116,-0.39916945442298973,-0.011205830659574723,0.029319832243456787,-0.9943813451523225,0.10109657367835152
4680000,-0.8480048176208658,-3.047952781842514,-0.09910900498074542,-0.4821564382824483,-0.9374526429771208,15.682702597216306,0.3300619677396661,0.11819765485340543,3.927865751783564,3.927865751783564,-0.5576654793205073,-2.045370235889337,-0.40393570662410155,-0.019078305970123804,0.03094877537062745,-0.9941913211819919,0.1013005845529739
4690000,-0.8178489936252652,-4.335172906444026,-0.4690008920593997,1.4526637469271408,-2.189688521847624,18.375805984617028,0.19801897429496518,0.011262362760141762,4.1037769037629275,4.1037769037629275,-0.581734297301879,-2.0544368759502665,-0.4115184196100575,-0.039809605148405786,0.03501181819421395,-0.9935936456833303,0.099804985759089
4700000,-0.5486262634038772,-6.6125442362737274,-1.0769198307252974,2.954670451587778,-4.340652120374349,19.76358648696251,0.06685211079181083,-0.10537797150585593,4.279688435547662,4.279688435547662,-0.6058036691381561,-2.0635036284766506,-0.4149425383017126,-0.07758657293543944,0.04034850956697979,-0.9915767193218246,0.09554020711106273
4710000,0.17331367244351686,-10.057491090661214,-1.796061290383369,5.150831675382407,-3.013843743247085,21.593568414720316,-0.052036670297835826,-0.23023546342858756,4.45560037585475,4.45560037585475,-0.6302290595317255,-2.118169734761537,-0.4176593616233895,-0.1321402951888315,0.034874792217511295,-0.9866621071122144,0.08843402989844636
4720000,0.5512426417711029,-12.901579046628438,-2.206517442159639,7.221982862115931,-1.9134489670966057,26.11005787159831,-0.17134089099456953,-0.3541343826381412,4.631511197782011,4.631511197782011,-0.6574003758544255,-2.177043960880257,-0.4204517765824593,-0.19557044776658203,0.022472041849569014,-0.9771575279144693,0.08006480459960753
4730000,0.6830044169753731,-14.14822377554873,-2.2305452457685124,6.625522372589495,-2.4309377110646917,31.124064242384964,-0.29181109426574287,-0.4753429491205301,4.807423222750309,4.807423222750309,-0.6869320383398809,-2.198574170088708,-0.4187033501180448,-0.25702922810123,0.012491548962887613,-0.9636459495911472,0.07187781954657321
4740000,0.4281423999169014,-13.850500097284852,-2.215993121121562,6.444313332913423,-3.664162118562202,37.39093262675662,-0.41526562443010606,-0.5976398619611679,4.983335588744374,4.983335588744374,-0.7140748058841241,-2.216340796195039,-0.4107014993455222,-0.3155912960092954,0.004778461440539184,-0.9468006063994144,0.062832411310849
4750000,0.3167624086784053,-12.61935531138897,-2.231861349962036,5.064667956212142,-6.068574793455765,39.41191123124322,-0.5436454797722104,-0.7211248076198397,5.159247896432909,5.159247896432909,-0.7453558728045883,-2.2245840342889798,-0.4021764323439159,-0.36855465639170576,-0.0025192777907579998,-0.9280447596252177,0.05379630678379897
4760000,1.7592787152041292,-12.381326596586266,-2.2428948627945853,5.202754964521638,-5.137542036947714,33.56877112691857,-0.645178196176547,-0.8050411963004471,5.335158413981368,5.335158413981368,-0.7779838196714838,-2.2317319055905585,-0.39232602988791715,-0.41921709057372636,-0.016656866492898933,-0.9065024048934461,0.04725430871292674
4770000,1.9135411568757192,-12.58686327298628,-2.3670254560733612,11.630850362196718,3.801745921943706,21.28210884854568,-0.7321628406488038,-0.7907716150701993,5.5110701479686455,5.5110701479686455,-0.8087215462345975,-2.232096350995707,-0.37926944108856925,-0.4716115719554797,-0.03572888227106167,-0.8802591851413317,0.03807544016371943
4780000,1.3920439773619866,-11.969100724236585,-1.3328755249565092,19.59077063362881,8.094980795620744,12.212351828918559,-0.7334999548020323,-0.7575898394848026,5.686976711296261,5.686976711296261,-0.8412462706052457,-2.2283437160023016,-0.367189469010294,-0.5246061999081787,-0.0520520284553503,-0.8491904294770093,0.030895563374633703
4790000,0.41018541214722165,-10.13645204220774,-0.10636016143367896,29.589515068343328,-2.9046665622038406,17.442831339625442,-0.595894224525037,-0.6570164410935899,5.86287637975375,5.86287637975375,-0.8707583660384216,-2.226032691763023,-0.3507639305811068,-0.5680417595402396,-0.05493901610751352,-0.8206441143963601,0.02921474686148775
4800000,-1.843442584484298,-5.534406134326787,-0.5299828151456982,31.23056359891491,-5.2821631574145504,15.963038129043191,-0.47798542010712036,-0.5086520820388777,6.04166453461449,6.04166453461449,-0.9020093371396196,-2.2172046276902266,-0.33665747248763767,-0.5908530647461325,-0.04596614855957976,-0.8051487159059622,0.022700536154052025
4810000,-1.9094985822342494,0.506642984376785,-0.3297445425748099,22.70165016990794,-0.9802806714767867,9.627287884991038,-0.3241638727615922,-0.40569380381834175,6.222561581715773,6.222561581715773,-0.9309117431369331,-2.214169994143807,-0.31835919413722963,-0.5899912222405049,-0.037307293399219045,-0.8063627045711302,0.017254339022750264
4820000,-2.400891828116188,5.852272522579131,-0.13023241388678747,18.34054582256176,-0.656215530895511,13.770710135117533,-0.1922178385409062,-0.2832095065788954,0.10999212287568128,0.10999212287568128,-0.9615450273371771,-2.2028510501438716,-0.3021178498710214,-0.5618665420395073,-0.026865315496147017,-0.8267191694747587,0.010938856559277682
4830000,-1.8099614811082212,9.752929452506473,0.20490295807437972,10.423246874601109,2.2855069317932903,7.4356032623670005,-0.04330503092180135,-0.1275135462124395,0.2833388783574122,0.2833388783574122,-0.9898778418221055,-2.199802470555752,-0.28306449293289576,-0.5201855604560258,-0.019453014273498326,-0.8538010044312196,0.0072393204768002655
4840000,-1.3557229464134903,11.607939594562438,0.599279164530965,3.2053871111276364,-2.1900737054461565,-5.367499458003287,0.1186886835464693,0.010336408479769243,0.45925108691342587,0.45925108691342587,-1.0197533904378737,-2.1872221908859073,-0.26556114058373165,-0.47573118191792146,-0.010849793390297532,-0.8794875959623493,0.00798079461788892
4850000,0.34069045335839576,11.16082963370771,0.20293983211204084,-5.4611025231170816,-4.338195290255585,-19.95394578449038,0.27426744876413495,0.1310271546759631,0.6351626113557103,0.6351626113557103,-1.0492993581676522,-2.1834706251727694,-0.24661660090777676,-0.43228281627444476,-0.009522418525551623,-0.9016179177904828,0.011225890539867929
4860000,-0.4379001180501078,8.60084776666506,-0.5684793157218169,-6.970142305584303,0.44733841051096634,-23.836913498923806,0.4244130365844308,0.2895796735713575,0.8110747367230999,0.8110747367230999,-1.0827560064166788,-2.163283639134589,-0.2367225269228116,-0.3999107767653264,-0.008674678098814764,-0.9164782381083283,0.007984964664271784
4870000,-0.5849779387858332,7.868337329859704,-0.6150442341738613,-4.325848627363727,0.7484205509575317,-19.95974120085549,0.5808073573481046,0.420356166884108,0.9869794263732246,0.9869794263732246,-1.1127430275455805,-2.1541710495349675,-0.2273285028370674,-0.37022781143375977,-0.007327943936702785,-0.9289026999377223,0.004176473038215304
4880000,0.23130272588095055,9.504092950034606,-0.6514258798148321,2.893696104964868,-1.3393736199081747,-9.813085903824872,0.7366987366873057,0.5679313396899478,1.1628967130598795,1.1628967130598795,-1.1418716958465327,-2.1494256324701695,-0.21796335210998605,-0.33294014733130733,-0.008544621215126487,-0.9429063277930366,0.0023462206094135994
4890000,1.4969061410927185,10.285346518354913,-0.16960438370537548,-1.5447747749949214,-0.6993231861613601,-12.038687961699715,0.8715788191404082,0.6858733757683698,1.338795568356602,1.338795568356602,-1.1694236341930104,-2.146643880868043,-0.21108336507073036,-0.291465565141539,-0.01519750998362019,-0.9564490894238336,0.004690348317627411
4900000,1.9911994359162135,10.551549696284752,0.2307199069242719,1.4340947622821822,1.114279031236445,-6.6386236902779,1.037309458587401,0.8374529158062951,1.5147044499229594,1.5147044499229594,-1.1974903949396924,-2.1323600097731235,-0.20839673301910797,-0.24731102099064425,-0.02548262974949027,-0.968556717075142,0.009261764747541439
4910000,0.849959683374961,9.554814908838484,0.36788631581286935,-0.7186666993497615,4.611415914217573,-4.90811610240495,1.169134273901814,0.9061246859351143,1.6906183359977973,1.6906183359977973,-1.2248207448688433,-2.131441325078789,-0.20398467465946674,-0.20218944848793266,-0.03483508724514951,-0.9786567156400103,0.011703698111125304
4920000,1.248906635865047,8.972433571479412,0.6975632080652903,-3.717025422491279,1.314182931753305,-1.674763974176657,1.2445875733382736,0.953560279432802,1.8665280598165452,1.8665280598165452,-1.2522955551359474,-2.1219341386948933,-0.2042618405712967,-0.1523960020997176,-0.042788297937135115,-0.98724770517329,0.016928931854629122
4930000,2.3691464907130055,7.91110451863987,0.6001765139433773,-3.861009127601033,1.704297593681048,-0.2711070955344253,1.2743221425649842,0.9688332924820371,2.042444067956751,2.042444067956751,-1.280541885704544,-2.122450160490388,-0.20246963546192254,-0.10681853894129285,-0.05451502524717257,-0.992514985425157,0.023063292636744278
4940000,1.6464132409022396,7.749457723296379,1.533167866730043,-6.710862326191463,2.403791620819316,-3.744703263287646,1.3014076824926846,0.9622763208227378,2.2183525505630826,2.2183525505630826,-1.3118532230431317,-2.1167968631264626,-0.20636121661027507,-0.06721971471273545,-0.06819696326593538,-0.9946949018065556,0.03758638683472821
4950000,1.1170652403905375,5.490814044590017,0.45846240305806896,-10.085175794204316,-11.602617776092682,1.7792948499694994,1.203948517225963,0.9165006164125251,2.3942661209122633,2.3942661209122633,-1.3433642550933598,-2.1170601763453063,-0.2103368222758232,-0.04257852731578127,-0.07977266557500173,-0.9942207563027421,0.05786603991532255
4960000,2.144009528079647,3.3443476583237586,3.7107655008448694,-4.133149675052628,1.2794795206330598,4.8733106600053135,1.0984368601896544,0.8688285143688674,2.570179697878629,2.570179697878629,-1.374100786148442,-2.1177777190869715,-0.21411606899036903,-0.02016191687021282,-0.08869813301133175,-0.9928321692097956,0.0775269120408822
4970000,1.4734619876733859,2.2049703225728092,3.253296904720959,-1.7450110019897762,-2.7186945546158316,3.8297883268153377,1.0888136473762182,0.8913708510467022,2.746078965847971,2.746078965847971,-1.401753582676684,-2.1194313401906983,-0.2178161152715365,-0.006628158243256753,-0.08783805844725125,-0.9916045828294907,0.09466200039124091
4980000,1.3930185133703874,1.4712702338151717,3.027109215913803,-1.8086067521200038,-1.1248397780616135,3.017152579529367,1.0410027101535309,0.8435948862325603,2.921989196337165,2.921989196337165,-1.4289091981856168,-2.118596579000819,-0.22488400984168383,0.005292057238656325,-0.08865797925964197,-0.9899619602502222,0.10994123021558982
4990000,2.000836788034004,0.30922919640103963,2.8188025409443074,-1.8958554086504533,1.694616918932251,6.251941375308686,0.9534395444986514,0.7462425552752889,3.097901062766411,3.097901062766411,-1.4558288946730118,-2.1203217257015887,-0.2344032959804286,0.01363612040521002,-0.09893372462077255,-0.9873313993997321,0.12329996801428052
5000000,1.1331955014334982,-0.953184241710727,1.7417531329120675,-0.8421628032293984,4.395585682978297,7.126404371347779,0.8498188466716231,0.6579102033310427,3.273806838668193,3.273806838668193,-1.4794000271091061,-2.1199686614151108,-0.24130595827799736,0.01221247185276157,-0.11160880620230916,-0.9850146004564262,0.13092198744675432
5010000,-0.7206564164590544,-2.3252279829403135,-0.2500487973310347,-0.8856506462739004,1.4711960091057072,9.937451978119359,0.7403412006988972,0.5509269462489734,3.4497207488563646,3.4497207488563646,-1.5056194805288825,-2.1220847132035465,-0.2467081491205825,0.006804155376941616,-0.1098113918086529,-0.9856882524978957,0.1277256066194154
5020000,-0.9555490804266414,-2.7880272246148534,-0.12411066900286218,0.8982549875417877,-3.107270674453106,15.882634575697615,0.614412230117521,0.46030610519421283,3.6256355400885525,3.6256355400885525,-1.5253226075800947,-2.1242059243647384,-0.2528794024690696,-0.008628149793377862,-0.10132579809762618,-0.986835089612247,0.12575827440375745
5030000,-0.929464507365189,-2.713912833545467,-0.00894011963608681,-0.27555295563724946,4.603867379068997,13.408993173681296,0.49947812704992733,0.3801926647954723,3.8015464584531315,3.8015464584531315,-1.550945119566077,-2.125655157379758,-0.2540622425570299,-0.019180800262632785,-0.10395876212821517,-0.9866548374187853,0.12384225642390588
5040000,-1.475812057605792,-2.9691342618541,-0.7035263373213294,-0.8935926485598846,0.5910477843956925,15.415642761842417,0.3999646365025018,0.28749109722332855,3.9774530864633277,3.9774530864633277,-1.5669981305752758,-2.1229114021910176,-0.258532097950984,-0.03006061642307385,-0.09221855185899262,-0.9882117229137375,0.11844698699906904
5050000,-0.941474827250804,-3.2350330616212792,-0.8905615822148103,0.2973581195034252,-2.9876596550903334,19.66033845721237,0.291436065190671,0.18112487245124176,4.153366478640223,4.153366478640223,-1.5926818319237066,-2.1244430340541607,-0.25199152871282005,-0.04548186911126888,-0.08183282818758313,-0.9892126705881341,0.11266357069105676
5060000,-0.22056785277920243,-4.067429997473262,-0.9214516203173646,1.5136547353070469,-0.21731712904312467,21.851733940059084,0.17373885951082993,0.0703453459822673,4.3292823674179886,4.3292823674179886,-1.6107320418380457,-2.1230978422464473,-0.25478845714627874,-0.06389127498848518,-0.07565361241271844,-0.9893499035807226,0.10668272678398723
5070000,-0.41465869446801845,-7.092959469544049,-1.256024888526162,5.895161682311029,-3.7149272457196205,25.407309916150982,0.04985574401435898,-0.04220555717804584,4.505193938739751,4.505193938739751,-1.636638557780813,-2.1250267841279467,-0.24519900360378077,-0.10171031141801685,-0.07047656379076793,-0.9874295330445124,0.0983411601466661
5080000,-0.1026800883802722,-10.43380306901689,-1.5633120593883756,6.259381397413027,-2.5340397832742303,24.73340334511414,-0.06591167359739229,-0.15179223270594092,4.6810844487173995,4.6810844487173995,-1.6592044255706173,-2.1294179066562315,-0.2451692254870176,-0.1543040697801305,-0.06818817389224638,-0.9817559189339691,0.08772652180867181
5090000,0.000772723896953572,-12.631998960654323,-1.6810508215453877,6.915317213105244,-2.187383352106805,27.15839031030643,-0.19611251438778357,-0.27112288651607247,4.856997028334959,4.856997028334959,-1.6851374097654161,-2.131540352697195,-0.23173887236982124,-0.2134100597423353,-0.0675021403411398,-0.9716502679876156,0.07612728925774925
5100000,0.5768460752192092,-13.899092803284365,-2.1566347514982454,5.453792374249479,-2.165956945164286,31.141378938827334,-0.33772812771129435,-0.38411154468469144,5.032907142148517,5.032907142148517,-1.709367776743456,-2.138950112394324,-0.22848419974293863,-0.27378479140923384,-0.07336053008850953,-0.9569744359657222,0.06212929684314149
5110000,1.1066872388392006,-13.556021369830077,-2.4664736362814446,6.667276603724273,1.6283535412326888,36.60087716004453,-0.45972236163003327,-0.49004267196641116,5.208819636342639,5.208819636342639,-1.7354030571127954,-2.1411290703134847,-0.21356563490608466,-0.3303638221219103,-0.08450709574192529,-0.9388947020780923,0.04685119221490622
5120000,0.38212679082663065,-12.297521030342697,-1.6809344311057166,5.397018109829565,3.0723528394814488,38.87255366659372,-0.5830017591820132,-0.6460437238592108,5.3847296465024215,5.3847296465024215,-1.7650880435152707,-2.147125699217731,-0.20608493453756427,-0.3807298119857618,-0.09088709451531674,-0.919572152561766,0.034225758556540635
5130000,1.1396481675602808,-11.290648867100888,-1.9555359301716646,8.206734961923486,-2.2771934037269785,36.97370685091932,-0.6414104234782632,-0.7053898524253538,5.5606427546303365,5.5606427546303365,-1.791192334544183,-2.149374237930949,-0.1855720819950292,-0.42586460543271043,-0.09938071381490272,-0.899024556645155,0.022752101227462476
5140000,-1.053772102425975,-10.845304645419832,-2.7194492726137067,9.64375696819185,14.492690426112556,12.047234934267893,-0.5917419518346448,-0.6472038730957916,5.73655327051101,5.73655327051101,-1.8228215201948912,-2.15686888372716,-0.17467850415294361,-0.4701624566817407,-0.10799802793925184,-0.8759471334696247,-0.0005564661449190719
5150000,-0.8339036374420479,-9.83704296312454,-0.6061920219367566,17.453243137021623,5.787593670193395,3.853605772130277,-0.5299089616026288,-0.5671645877865489,5.912465965299688,5.912465965299688,-1.8492227531520011,-2.1594015608863137,-0.15453807077789036,-0.5169276941395662,-0.10809675422136068,-0.8491070234113505,-0.010868005883062557
5160000,2.7110638887567884,-4.1245494695360385,-1.1005579884102012,22.669171134012863,6.794171535890971,5.783902464855755,-0.4417900924623403,-0.4583140746420003,6.088376636534875,6.088376636534875,-1.8807707209447682,-2.1685810392668765,-0.14138851746039538,-0.5379374494597171,-0.1248517479772179,-0.8336076203211513,-0.011561870018079606
5170000,0.6896044748840825,-0.7026610197344897,-1.050601404813289,33.622644179983055,1.959401501510518,25.54597479073832,-0.31002038714909863,-0.332590865713152,6.264288776838939,6.264288776838939,-1.9075196759777835,-2.1715849685127764,-0.12028421468006162,-0.5366481049831477,-0.12715655727873335,-0.8340670479546937,-0.01312177103745799
5180000,-0.1906156532498375,7.667463737169098,-1.2099682476848046,10.812601070121213,-1.3249240976327175,5.861762701646101,-0.16662507274483893,-0.18909015923110792,0.15701405433861026,0.15701405433861026,-1.9386686831583348,-2.1816661064340086,-0.10307993378043948,-0.5030643592952236,-0.12375935522528153,-0.8552862618531136,-0.009761285081177008
5190000,-1.2445724422630848,11.756353871707239,-0.19401771328393236,0.7858512640710081,0.3765932014493531,-6.672600633703857,-0.02120350264661311,-0.04534073126276192,0.3329272121255613,0.3329272121255613,-1.9731955263559076,-2.192074771857177,-0.08353024214824073,-0.45802487319247004,-0.12085211771224924,-0.8806630675335163,-0.006367312144355126
5200000,-0.1356384035736758,12.319403645399584,-1.0040429374766457,-0.8382187682068907,-4.961515979086024,-9.008801880508377,0.12306977862872874,0.0873151862442662,0.5088260682692649,0.5088260682692649,-2.000869521776023,-2.1959949238211576,-0.06838660405780522,-0.4087139690924356,-0.120527714363522,-0.9046675307967332,-0.00161872207455258
5210000,0.9153994308542908,10.74951944237261,-1.4699058093560935,-8.529474849280234,-5.47497142790556,-22.482682318799377,0.27019613294829115,0.23344974014836126,0.6847325408484366,0.6847325408484366,-2.027969899768872,-2.1993885883834703,-0.055611570266086596,-0.36462466013928585,-0.12784776482241933,-0.9223357050974313,0.0008083010862120254
5220000,0.34514616294202816,7.948120686549779,-1.1406843867805647,-7.4954517842470745,1.0266407514472284,-29.006899905360736,0.4220614472632162,0.37235031766863014,0.8606440719190047,0.8606440719190047,-2.0578673844981057,-2.2053165166404023,-0.046559119027399745,-0.33312136482170424,-0.13496760000834843,-0.9331738592208277,0.0006720968816541538
5230000,-0.17451034758458103,8.128279796859031,-1.4080830157932163,3.0852099452661177,0.7249625464015821,-17.158959704519905,0.5839792264631111,0.5069883473702874,1.0365682393901707,1.0365682393901707,-2.085435401049467,-2.209135681365466,-0.03625593815894067,-0.3010509376768221,-0.1387522009166728,-0.9434595072201821,-0.0005638266901439628
5240000,-0.3165195513370662,10.531400396442079,-1.5190563795684122,0.6933466249218412,-3.34429968853073,-14.528539939788864,0.7058982726895645,0.6428301290639582,1.212472531390837,1.212472531390837,-2.1104974116097646,-2.2141564864299292,-0.03156733992989902,-0.25745465490465397,-0.13970850322765727,-0.9561373449738639,0.00011108619988439098
5250000,1.7197848015854937,10.57744951849946,-1.0559182118152508,5.885414952102374,-4.889396998591396,-7.7819890101717295,0.7663975079795836,0.7333893902845194,1.3883775614026135,1.3883775614026135,-2.137273163168679,-2.217589871905948,-0.030899638504373137,-0.22052997970548308,-0.15184242795514924,-0.9634875079793022,0.0014923443365208542
5260000,2.5782008596277053,10.207694170407644,-0.6797380270517549,5.000618447703154,-1.8533212953257867,-9.88835466567584,0.8058655226982343,0.7992180602448653,1.5642871194116523,1.5642871194116523,-2.1643698353785843,-2.220737497766528,-0.03073814933048333,-0.18465539029218542,-0.1656131417884592,-0.96874457062314,0.0029378548610333143
5270000,5.672828945865809,9.61824615328157,0.6343650483786462,0.1633859513149129,1.1172309835351857,-4.065155135855075,0.845333537416885,0.8650467302052112,1.7401966774206912,1.7401966774206912,-2.1914665075884896,-2.2238851236271078,-0.030576660156593525,-0.1485026461673018,-0.1791343851047368,-0.9725423697912907,0.004378939962760883
5280000,4.0519131021137405,7.58171767649242,-0.6504247360426354,-4.244609540818234,5.048933798724291,-1.6613832739114995,0.8848015521355357,0.930875400165557,1.9161062354297442,1.9161062354297442,-2.218563179798395,-2.2270327494876874,-0.03041517098270372,-0.11212620583377204,-0.19238579024761962,-0.9748751846882193,0.005813428870462017
5290000,1.625659705386574,7.368758240326578,-1.167412583621417,0.6932795324480272,8.058910592723635,-3.198190238894542,0.9242695668541866,0.9967040701259028,2.092015793438783,2.092015793438783,-2.2456598520083,-2.230180375348267,-0.030253681808813913,-0.0755808647581867,-0.20534739603011068,-0.9757395012900253,0.007239160749038624
5300000,-0.9825125208835301,6.033634161162226,-2.8049563181023687,-0.06219171896835359,8.684021919807986,-1.9138193191692825,0.9637375815728373,1.0625327400862485,2.267925351447822,2.267925351447822,-2.2727565242182055,-2.2333280012088466,-0.030092192634924107,-0.03892167282991321,-0.21799967780301122,-0.9751340176377747,0.008653987954499079
5310000,-1.3158429611734275,4.871176277985083,-2.906687395330001,-2.9997710810193414,-3.840496462741091,3.0809107177200246,1.003205596291488,1.1283614100465944,2.443834909456875,2.443834909456875,-2.299853196428111,-2.2364756270694266,-0.0299307034610343,-0.0022038514369741575,-0.230323576865777,-0.9730596457986994,0.010055779269050815
5320000,-0.3092498150326627,3.994840953820371,-1.487268140812573,-1.8633306045810458,-1.42742171281328,1.4095864776517013,0.9880774673155106,1.1267479415803445,2.6197459961721776,2.6197459961721776,-2.320960206348751,-2.2362336652553645,-0.032953719182233415,0.003240952753251195,-0.23363846693341006,-0.9723005962960704,0.005840670900096518
5330000,0.9504583828339911,2.778058282081022,-0.36960673748504436,-5.149022518212615,-2.7489368145342934,1.7968736932789213,0.9097544492517923,1.0470703797680998,2.795658399344582,2.795658399344582,-2.3403432117341034,-2.2350160783990844,-0.03689333096789147,-0.0003187869449315009,-0.2344107372875371,-0.9721375954533781,1.1194702437711259e-05
5340000,0.9788712897695857,1.1328501537222317,-0.10501299426420437,-4.696851850923753,2.6241937496717274,5.011244541509374,0.8314314311880738,0.9673928179558553,2.971570802516972,2.971570802516972,-2.3597262171194555,-2.2337984915428044,-0.04083294275354953,-0.0038785115716611467,-0.2351719252856334,-0.9719286343655694,-0.005818282024478753
5350000,-0.561260433684054,-1.10346372532008,-0.47058811412490786,-2.5005793365732476,5.115027428709206,4.7785548014724935,0.7531084131243555,0.8877152561436106,3.147483205689362,3.147483205689362,-2.379109222504808,-2.2325809046865244,-0.044772554539207594,-0.0074380528320202735,-0.23592199494062566,-0.9716737229118043,-0.011647483677507267
5360000,-2.3409229538843093,-2.672215716044007,-1.4946361742066003,2.0991939192616154,2.3579853014300816,8.889026842517326,0.6776090169533633,0.84161934926268,3.3233944784632783,3.3233944784632783,-2.402986423481225,-2.2340751542779893,-0.04848900067680365,-0.02098565353571908,-0.22193224767347508,-0.9745939920706791,-0.021730863029696908
5370000,-0.7390649643107754,-1.0940976809429959,-1.824757456153717,-1.6470112575096478,-4.882740608245331,8.36636588958385,0.6109362761614564,0.8475792202715967,3.4993043009342486,3.4993043009342486,-2.4132473636926375,-2.229251885781501,-0.053667412120709065,-0.023475119586254232,-0.21231686316525464,-0.97639535327887,-0.03197784344680791
5380000,0.2980723836031818,-1.166902363958777,-1.8500188564894193,-1.029833465126995,-0.5578526081217784,10.795094195033732,0.5351721893167858,0.765013386468987,3.675215812899914,3.675215812899914,-2.4316827392499976,-2.228347007261537,-0.05825597851323392,-0.025962603271251442,-0.2068405913493307,-0.9771108436920517,-0.042394718315445015
5390000,0.018120406323548534,-2.3993545974298685,-1.978867885814657,-1.4252343954355295,3.541615054006863,12.105595111911342,0.42671827741957946,0.6633522326898382,3.851127728368688,3.851127728368688,-2.447783056877668,-2.2229453917785578,-0.06266588733300821,-0.030485684653899992,-0.20254358949751194,-0.9772198949150036,-0.05556972527335056
5400000,-0.11840402024480388,-3.860513782833089,-2.069445335624745,-2.329992046750102,0.07143394543689835,14.335792298439372,0.29066049151422996,0.5569868627809631,4.0270395744406,4.0270395744406,-2.4679388227283816,-2.2211212281819543,-0.06646440663204056,-0.042905874602975035,-0.19580153422739824,-0.977171559001907,-0.07040304962523615
5410000,-0.20107052421905064,-4.674753684513196,-2.1262577668957507,0.18998265929786554,0.3701366575223727,18.783278749480726,0.17413962673689157,0.4486188312753008,4.202951233338304,4.202951233338304,-2.4882931236319363,-2.2195240724817986,-0.0678900758379064,-0.062315826597663035,-0.186510964451386,-0.9767455024859324,-0.0854319686555769
5420000,-0.4701225751259474,-6.075919393345167,-2.2893906770405725,3.5255056882243876,2.8213626391994877,22.41709184917249,0.06689454155332125,0.3411224128738977,4.378863066473805,4.378863066473805,-2.510159123219836,-2.2192379712183707,-0.06899353437480149,-0.09080483907326077,-0.1749858626268299,-0.975075052080776,-0.1017991743153916
5430000,-0.045391303309432064,-8.091652646982416,-2.27270104628335,4.702727160313238,2.444016756778873,23.47243946912658,-0.052804160166218236,0.22069781953423234,4.5547738143381125,4.5547738143381125,-2.5335005663191077,-2.219386747170936,-0.06609722655170852,-0.14093703299423688,-0.16310551380425153,-0.9687972536785717,-0.12233243789890635
5440000,0.5178100314842226,-9.893884354834709,-2.2143632865285303,4.834659887488721,1.8504357629725403,25.55933526571911,-0.17395740804556034,0.11068122547775444,4.730681735857722,4.730681735857722,-2.5566904469117584,-2.2189302923991625,-0.06075235488903659,-0.20047673462099663,-0.15100885441629142,-0.9571615427425993,-0.14438554587696503
5450000,0.32385888760243015,-12.185620830209425,-2.355086373082881,4.206911486167774,1.776774572267953,27.075014620759546,-0.2951106559249025,0.0006646314212765335,4.906589657377346,4.906589657377346,-2.579880327504409,-2.2184738376273887,-0.055407483226364664,-0.25915177315912535,-0.13826088861755464,-0.9413975609754439,-0.16581591400300205
5460000,0.2746014969575355,-13.476990654940595,-2.5859386546263807,6.122173640296902,2.2826182827145276,31.52312054149691,-0.4162639038042445,-0.10935196263520137,5.082497578896955,5.082497578896955,-2.60307020809706,-2.2180173828556153,-0.05006261156369273,-0.31670908113850565,-0.12491659882533829,-0.9215732989755641,-0.18653111235825715
5470000,0.007269478883751173,-13.715812480395865,-2.7665851683908187,6.3829966424737155,5.777410358066339,34.73210458598774,-0.5458037579228902,-0.23661474578478528,5.258406054704729,5.258406054704729,-2.6282584389617196,-2.212087068721243,-0.04369836042736009,-0.37205645504256624,-0.11304081377686147,-0.8975202577072457,-0.2079739303060434
5480000,-0.7196361389895682,-13.428226359877685,-2.775002213187282,7.511233615330313,9.278862260840596,36.29691679374177,-0.6239355577931804,-0.35147592317371135,5.434317061119351,5.434317061119351,-2.6531562688919506,-2.2082265923563793,-0.03327874339652684,-0.4234057224848519,-0.10043019892297379,-0.8704596715992777,-0.2300898290465055
5490000,-5.073732198739745,-11.368217804080542,-3.005797582535429,5.176634371140367,8.39946036666019,27.021757271083178,-0.5826847688971798,-0.4250819841959866,5.61022889351532,5.61022889351532,-2.6835964134162427,-2.2062033083258954,-0.0216599075938345,-0.4590886364810968,-0.07217037309357924,-0.846036768517303,-0.2612486314189231
5500000,-7.601326405378266,-9.045700759786204,-3.674591898585782,11.660116228251253,3.0937420300874594,20.372434712580073,-0.5334288140415011,-0.458894546569683,5.786140092818094,5.786140092818094,-2.7129179125018728,-2.204581218043775,-0.009944399623759998,-0.48099718780048456,-0.03462696760097053,-0.8241330356101272,-0.29706466982598845
5510000,-6.672587784769063,-7.349358836976872,-3.324195589379772,19.82233689859366,-4.201654676578638,15.045074478822333,-0.4694489906205772,-0.41951509183790137,5.962052562165574,5.962052562165574,-2.747176980557813,-2.201195419470532,0.002905033643610248,-0.4984979136360484,0.0014706803148999588,-0.8036227925226662,-0.3250970232684235
5520000,-2.5773026225953117,-3.291900890420499,-4.148346797109764,19.026339478831968,-3.3957410508899892,4.298319356401792,-0.3804658810515557,-0.34490583736760366,6.137963516215656,6.137963516215656,-2.780598662378104,-2.1981093400850957,0.017032598304167895,-0.5101550380006985,0.011568023243253503,-0.7879857990809656,-0.3445089236688675
5530000,-0.19109378302074914,3.99794612839341,-5.226336094231487,18.06459104648464,-2.9613440052908575,5.360241152791782,-0.24259927823318053,-0.20141940941325678,0.030690410942057156,0.030690410942057156,-2.8168184083236247,-2.19030129970745,0.03176721929326353,-0.49554614471101527,-0.003185991238852832,-0.7893559680921665,-0.362410021328266
5540000,-0.20517798540941212,9.002372496709922,-4.0676305165652815,8.134957708682267,-8.375746211879624,5.02130476745882,-0.10747708613082035,-0.0684338551325492,0.20659555573301702,0.20659555573301702,-2.853104752946632,-2.1824470943125296,0.04653767370028202,-0.4575736567666114,-0.023620902512926922,-0.8054807786825338,-0.37585784117227805
5550000,0.6305746436291169,10.738028767500419,-3.522633393650915,1.144092779597416,-0.025080719704553927,-4.608361557236671,0.02677975118025243,0.040965689478258176,0.3824964327381366,0.3824964327381366,-2.8885803658328286,-2.1737373490335443,0.0605344534956481,-0.4165376112106688,-0.05392454873994969,-0.8213835553428869,-0.3858984536149133
5560000,0.5136857754556782,12.31806551415701,-3.816058868365867,-4.407512172228188,6.032537757109789,-20.189643335274287,0.18100623090140375,0.16786115341262955,0.5584077078099057,0.5584077078099057,-2.9250266790881825,-2.164204907482353,0.07170256870944278,-0.370705082777347,-0.09155093163190375,-0.8348397615296741,-0.39653340475860005
5570000,0.3479265492953673,10.41993597275365,-3.4762396754023492,-8.828638403156342,1.2304979218782401,-28.948219749421956,0.31559897216377036,0.3229352522309672,0.7343195175022288,0.7343195175022288,-2.9610176989852484,-2.1542595150638584,0.07990389649461943,-0.33171112500878014,-0.12366646694782865,-0.8430768934607723,-0.4048403218684928
5580000,-0.5560281887315229,8.012919239980983,-3.6216131268746827,0.3227185142305101,2.4721712681033874,-22.70837089596992,0.4766184603958353,0.44038022687193673,0.910230851669553,0.910230851669553,-2.998902024372738,-2.1425383648137593,0.0835461896571377,-0.30104909876866326,-0.14651726498666215,-0.8461399565293548,-0.4146677045007309
5590000,-0.6072812552796556,9.268690944153494,-4.072903924330926,5.368505986326745,1.0424076808217775,-16.738654979827217,0.6191994020812339,0.5699501890658827,1.0861427425833625,1.0861427425833625,-3.034281314973631,-2.132643513178364,0.08436123950827126,-0.2646947150114904,-0.17012257554062368,-0.8493266869807754,-0.4238386437297463
5600000,1.1414410669920974,10.61310078694468,-3.5611406573719178,6.509059926061808,-4.069305403926945,-9.553471441159626,0.7526744046559812,0.713457983849269,1.2620544868947263,1.2620544868947263,-3.072101715945476,-2.1202833496501436,0.08366769471764735,-0.2252258060791809,-0.19922247163997595,-0.8534600095940481,-0.4256638992131816
5610000,3.2371820741834063,11.316753769718305,-2.1197423224167053,5.496424944799232,-4.748277186839947,-8.410779297746089,0.8964585565835846,0.8611034642182354,1.4379665489947087,1.4379665489947087,-3.105321162729478,-2.111385151785101,0.08039387296377459,-0.18759524741234002,-0.23667401827687146,-0.8571934002350452,-0.4171485428650852
5620000,5.129418937522257,10.409134164455237,-0.7789891618636714,2.7993387160480028,0.41024662123358985,-7.181560015545863,1.0111918836302487,0.966585248820757,1.6138781536869544,1.6138781536869544,-3.140548488465366,-2.099900005308691,0.07629048849240144,-0.1583278581576809,-0.2837978810296094,-0.8563454207488922,-0.401327263485435
5630000,5.867505445419722,8.911042180329465,-0.37583206569211797,-0.07268246100849392,2.8986149795050533,-0.27779564890104,1.053559454890099,1.0183883997384513,1.7897898869067745,1.7897898869067745,-3.1687116391822374,-2.094264611470343,0.06946000383412995,-0.12927701570874073,-0.3229305135547087,-0.8528148771862699,-0.38949983552564144
5640000,5.483627728453865,7.575690079521764,-0.07553704142928364,1.5925149457920214,2.9280708172919203,1.31932670520147,1.0808514279113686,1.030274842253349,1.9656991384645295,1.9656991384645295,-3.1948178926978077,-2.0862681063349093,0.06421749547553693,-0.09857751467049129,-0.3458666062252223,-0.8499610348064931,-0.3850000046887163
5650000,2.9928451230640416,6.928369456099702,-0.3501553538228378,2.109745504714681,2.8669036537668253,0.8006218687972434,1.1081434009326376,1.0421612847682469,2.1416083900222844,2.1416083900222844,-3.220924146213378,-2.078271601199476,0.0589749871169439,-0.067730451313664,-0.36828496542980477,-0.8458348716402159,-0.37992386095189473
5660000,1.7780116976026001,5.481422501583193,-0.7777114354646516,-2.28913171545392,-2.03892389385147,4.462985983630284,1.1354353739539071,1.0540477272831448,2.3175176415800394,2.3175176415800394,-3.244777758505348,-2.0695246582211704,0.05149183908952943,-0.04296746770224449,-0.38918057051199456,-0.8413910109017162,-0.3724962376038225
5670000,3.2161480198179238,4.042519907353718,0.756842623143607,-4.3112419653929885,-9.066918068854172,4.05689034113666,1.1280944190965534,1.094795728955214,2.493429170485925,2.493429170485925,-3.2645616959288595,-2.0594219565017577,0.03996069848613864,-0.02933658179795679,-0.40795870443038534,-0.8378714410401016,-0.36149759160646844
5680000,3.7265521548515808,3.3898508676148458,2.8201034194955654,-4.008059017882969,-1.4839705073202256,2.155975024623102,1.075401513570906,1.0770426311830905,2.669332905198189,2.669332905198189,-3.287065138439094,-2.050914612272331,0.026075242583999424,-0.020613051780201917,-0.42522914222078456,-0.8351409119579586,-0.3482742251107768
5690000,3.523253499300922,1.1627425773467428,3.4356647441665045,-4.564479346596182,0.2774793252477887,5.2899191277959785,0.9732990242818267,0.9362894088503332,2.845244204068763,2.845244204068763,-3.306653915802744,-2.0409764524403076,0.01080280990653688,-0.023938613959549618,-0.43828469152556526,-0.8341325555682189,-0.33400052646256123
5700000,2.8479708514260675,-1.1698509906662027,2.452149070155652,-4.619518728813251,2.350464740081332,5.278581171718084,0.8345623341153725,0.8256855302116892,3.0211562827478105,3.0211562827478105,-3.3159947338334095,-2.025366539259948,0.0017259199126630556,-0.03310832630121959,-0.44513016443312675,-0.8321006316057766,-0.3291982902788792
5710000,1.6787646500579574,-2.8907130589844594,1.4292009316071352,-3.8047408966100256,3.4596894974822296,6.747677997985878,0.7448839996966243,0.7078743496671749,3.1970674178477907,3.1970674178477907,-3.335322784866142,-2.0145771047398986,-0.008752035972548802,-0.04652913951470082,-0.4433485460578134,-0.8312396699634957,-0.332141110017148
5720000,1.104485159214816,-3.5291722067778406,0.7569158592975742,-2.306186942017114,3.0534134892974816,10.141231602865611,0.6196178962317317,0.575582723458312,3.372980074125806,3.372980074125806,-3.3438428666741418,-1.9967590196713871,-0.01843880721581684,-0.06262127077688896,-0.43695429822271753,-0.831136132588327,-0.33817487608794805
5730000,0.8557237138491309,-2.934438460279911,-0.031522699347549726,0.8128792855215227,0.6487158460855503,13.722468568625576,0.5115854622072354,0.502296769576985,3.548893831227815,3.548893831227815,-3.365127044249692,-1.985962908854837,-0.029813095780051965,-0.07583956950145058,-0.4303992837533352,-0.83057057526391,-0.3451917376592729
5740000,-0.27520804020231066,-2.4974911524123544,-1.0315135666701578,3.0052830003772155,1.701330366220221,18.101245506169384,0.40552972577002,0.4042360136963007,3.7248034229035056,3.7248034229035056,-3.379149699754897,-1.9681425532359702,-0.038918963416839494,-0.08382317125617181,-0.42006637368303684,-0.8308288226624729,-0.35530463702945264
5750000,-1.328899057294558,-2.654021780023579,-1.5181383154147363,3.972006831183127,0.19427269682229034,21.761000534646733,0.2929556830163909,0.3279761984845099,3.900718337896137,3.900718337896137,-3.4012943559677926,-1.9568458330901444,-0.0484927222959082,-0.08940881159506744,-0.40514386943789155,-0.832084747649641,-0.3681025430432176
5760000,-1.6488159895256629,-3.026193671953112,-1.7421647392020456,4.3822684802727565,-1.071127907423356,22.566867582112042,0.19293517681203093,0.234913418770667,4.076628107469091,4.076628107469091,-3.418193215393163,-1.937574815792512,-0.05651013326475339,-0.09542856977462875,-0.3880421396626096,-0.8330386713367449,-0.3825745129701446
5770000,-1.4807407470020941,-4.529884290617058,-1.9110608161651133,3.360399304920469,0.811048215876873,21.349137631716193,0.08438243877383272,0.13788394279358263,4.252531317845467,4.252531317845467,-3.4402226943453513,-1.9254922155380627,-0.06422680161866874,-0.10756117868994235,-0.36842179667142794,-0.8321074264197905,-0.40036633658845544
5780000,-1.0801983790417424,-7.167242438677562,-2.20086884960721,2.0305313039388704,0.9974170842560192,18.521095615981878,-0.03533869067032267,0.025443798052202926,4.428436305008404,4.428436305008404,-3.4568899047793913,-1.903648411860253,-0.07146985820045305,-0.1303758385514358,-0.34480169670963845,-0.8274403419227208,-0.423622958805322
5790000,-0.6325334944936813,-10.459086965528455,-2.4547946702811707,5.014839453706026,-1.4781200472942664,19.928000164937405,-0.15151561338804131,-0.10212200654533907,4.604349533635016,4.604349533635016,-3.479670663516987,-1.8914142996655614,-0.07916506943054669,-0.16748635551247848,-0.3153112360931018,-0.8175121930673341,-0.45188600254580324
5800000,0.01505614694104166,-13.134949190843207,-2.771089334030554,4.580727677724465,0.35975589779725786,22.787539468862324,-0.26903842243970055,-0.23214309918793777,4.780258741421747,4.780258741421747,-3.4998087346059252,-1.869458162421909,-0.08496410787364608,-0.21510950756017683,-0.2814810461995527,-0.8005831921437505,-0.48328342910195715
5810000,0.37511687738668165,-14.989846377792274,-2.98892454725602,8.945099510875702,0.6400023776585951,34.742731795678395,-0.4043884601190948,-0.3487138883690352,4.956172735059454,4.956172735059454,-3.525580740926389,-1.858385160995161,-0.08910557894968602,-0.2693727401507011,-0.24346549625520472,-0.7766312588261453,-0.5147880795152767
5820000,0.27979577840273234,-14.319012825046759,-2.9827181691163105,5.045874095175738,2.0287192552392037,38.1963214422623,-0.5233574701053435,-0.4620934178733331,5.132080322925432,5.132080322925432,-3.560770910162545,-1.8429590267486962,-0.09183983389019304,-0.3176513270644937,-0.2064985024994212,-0.7494456172359878,-0.5429431551142642
5830000,-0.24848550786249657,-13.059065341409227,-2.9409959609696172,1.9335845115581536,1.86782523666307,38.35844768267017,-0.6809212752345729,-0.6408403279115492,5.307995555447079,5.307995555447079,-3.58692670396952,-1.8329442566651992,-0.09275331652907656,-0.3574528513708707,-0.1711686624808818,-0.7213152910784211,-0.568007921500918
5840000,-1.2546938045575602,-13.488510499250804,-2.824681514309139,-2.3067633879057508,4.301728026424693,28.90620053948635,-0.8224492252617535,-0.7549716109202661,5.4839035654752735,5.4839035654752735,-3.6233698206897405,-1.8243098745040864,-0.0921199463987859,-0.3938192693549913,-0.13166817191034805,-0.69022598204238,-0.5925858328580934
5850000,-3.040757089329335,-13.55921991274473,-2.5307199855274245,10.00889398926264,1.888304527723682,22.77760456692594,-0.7407080711125565,-0.7558168521012814,5.6598191963844044,5.6598191963844044,-3.6492364183970274,-1.8130509181396537,-0.09088249251483274,-0.4253019310261894,-0.08158639941111988,-0.6587742970039244,-0.6152059431633516
5860000,-3.700311797919003,-12.642974795123225,-3.2520043735143878,23.38454506336025,1.0730108974516595,15.80073074719905,-0.6818464395102138,-0.7271393080239502,5.835714393300634,5.835714393300634,-3.6819297050486712,-1.7950246975776727,-0.08804695018382458,-0.4530637967357085,-0.030498201441872087,-0.6245618703690885,-0.6353939926355154
5870000,-2.8801813535395935,-12.858911539371032,-1.1830205991180789,33.073614110888016,5.134267364611694,18.676054506101348,-0.5668014331119552,-0.6142700324072712,6.011624790734388,6.011624790734388,-3.7069724109369697,-1.781822304252766,-0.08440391709332595,-0.4832111740755936,0.023242198072755883,-0.5931219776666921,-0.6435628027519811
5880000,-1.6916161633794526,-6.195465381131359,-3.031810274715478,26.367141125012513,6.806983613963895,1.9190143402124238,-0.42522204468528935,-0.47308441583812666,6.187533868530082,6.187533868530082,-3.7302446767587707,-1.7469314951898554,-0.07793022436099012,-0.49979220715566985,0.04564143110699949,-0.5683038766787861,-0.65203934941446
5890000,-4.917341800897778,-0.9360064511012383,-2.2274113438059064,27.21359961119886,-1.478439618018959,16.463643887701295,-0.2887607955369608,-0.3662157608020366,0.08026170105765829,0.08026170105765829,-3.754992792744812,-1.7334282661366558,-0.07058598542105168,-0.4844801890438829,0.06284791298704893,-0.5606400707012134,-0.66858940866672
5900000,-1.8650429863873155,6.287830528225834,-2.0614312459135373,9.991937922287653,-1.9457642846495287,12.376608316910097,-0.15851141076283698,-0.2229670931170368,0.2561705153624203,0.2561705153624203,-3.7747530263210827,-1.7013980777405089,-0.061538632099803474,-0.4573244799390727,0.045108823094256366,-0.5707139297347322,-0.6805182764145625
5910000,-3.08290052153711,11.989948596206714,-1.3759280598117043,2.0980275429707738,4.978989780586555,-1.3183603698461617,-0.030865264377702376,-0.05503560477293333,0.43207774679108724,0.43207774679108724,-3.7940224947399055,-1.6680362960289625,-0.05255941857209238,-0.4179889356196206,0.007929142867100782,-0.5885764925655612,-0.6919538212859235
5920000,0.4380690928719603,12.461308254051092,-1.6094866243325172,-1.5671426813218394,-5.225720462976862,-1.153550914438689,0.15921270741584176,0.06300558665545772,0.6079927814788917,0.6079927814788917,-3.8039261929441768,-1.6094201471170853,-0.04508248348726914,-0.37905479626889743,-0.036999173955570654,-0.6100137385775344,-0.6948609654447497
5930000,-2.6686009537676147,5.558726436145784,-2.2848077492412098,-24.179243154900316,-2.747468291714433,-22.76597517871787,0.3304197689943785,0.12996674764491245,0.7839093211455932,0.7839093211455932,-3.8270425569017332,-1.591483630148708,-0.04133425395698803,-0.3530487423308779,-0.05828718545377689,-0.6105286017949015,-0.7065507879415499
5940000,-0.8350944283557674,5.932362628050177,-2.3282085166832727,-11.625217957994685,-0.27517574302941633,-17.42145288501051,0.4697206584169378,0.2339407775587376,0.95981923998837,0.95981923998837,-3.825590238271305,-1.52621740193237,-0.03946354527241822,-0.33416699679025286,-0.0869175657652918,-0.610012122884286,-0.7132061167375292
5950000,-0.6404150638730414,8.095934376031176,-2.113535055307726,-6.959106142673908,1.3107238456342232,-7.848211812517164,0.634596932939513,0.36350985476011266,1.1357325797589297,1.1357325797589297,-3.847784622151218,-1.5065054163767981,-0.038144623961572866,-0.30772988736881834,-0.12428045086786621,-0.6129851284547625,-0.717011797842513
5960000,0.9952649612333092,9.562655126570064,-1.4384981443675204,-3.501453665876187,-7.372873502994766,-2.531057940651689,0.7951298803733142,0.510933679637363,1.3116383428668357,1.3116383428668357,-3.8433900799730125,-1.4478457782495848,-0.040044955933011675,-0.2762410009443839,-0.16294067370725648,-0.6219596914690265,-0.7143580253884068
5970000,3.0163838356135626,10.458440169981868,-0.9218399349797163,-1.89061399542161,2.408286373620117,-6.063141940918502,0.9540220211061033,0.6564962367025517,1.487542473214937,1.487542473214937,-3.863635216197539,-1.4252780978317685,-0.04773735242031113,-0.25781853654976417,-0.216235488642391,-0.6273532607723897,-0.7022817823788216
5980000,2.4622328612457673,9.291430980638932,-1.2887613002707492,-1.5394859816228,-2.162496488587539,-0.3591833903536199,1.060055634262256,0.7424944482022059,1.6634623288289632,1.6634623288289632,-3.8624456792493076,-1.3722976739952668,-0.05244971484847057,-0.23028764661801304,-0.2579978679848723,-0.6313499912456376,-0.6941195059098476
5990000,3.4848639200143676,7.5121731152497695,-0.09228580063716417,-6.014754599403761,6.150004367003486,1.4536818331470491,1.1365705637258865,0.7614052735800257,1.8393669703705129,1.8393669703705129,-3.8808888167743385,-1.3471880785941326,-0.05975638035021013,-0.2171994044457073,-0.3013584907256014,-0.6318812109831451,-0.6802452601690746
6000000,3.29114704193598,6.014327060245138,-0.9337154913810364,-4.150244503739751,2.7439184415864717,1.8940542049884521,1.1797539561172972,0.80425549719127,2.015271893480694,2.015271893480694,-3.8793861246666768,-1.2959534297512345,-0.065663944998126,-0.2033913775234192,-0.33856298721199624,-0.6270876118035048,-0.671392715451838
6010000,2.818177529120152,5.13238206361652,-1.68482503985436,-13.888158740014523,-19.62303487305861,-0.6972165305413132,1.1453470944608353,0.8076464365722912,2.1911850861974855,2.1911850861974855,-3.8822834701570015,-1.2468834299751035,-0.07462039753332345,-0.18829043854658176,-0.36678335473086576,-0.620543444394017,-0.6670401150335095
6020000,3.5510719852560695,3.433346128143127,1.2028171849824443,-10.252711748968634,-3.1288389927249844,3.0233772420993654,1.0803423732473125,0.7958919352483615,2.3670969019996093,2.3670969019996093,-3.8983285732542603,-1.2182032395112135,-0.08327100799927684,-0.18532214876441105,-0.3900895162091694,-0.6191738309997874,-0.6558274449320374
6030000,1.6648396241617482,1.2546610374433425,1.198808456127574,-9.643423230165869,0.3369091401208338,1.4790672627708426,1.027969020628966,0.7302601935656221,2.5430102650361803,2.5430102650361803,-3.9040007104899983,-1.1683860848941996,-0.09560594523594579,-0.18327023707157117,-0.4019840308684185,-0.6181639714853918,-0.6501493393735904
6040000,1.694189135427634,-1.9579424205506184,2.7823442361753785,-5.2935078303952645,0.09755595732716406,3.8540656847510073,0.9438670686379698,0.6397452989233053,2.7189208723469065,2.7189208723469065,-3.9191751066668505,-1.1375284169819389,-0.10569732755499395,-0.1943109730684744,-0.39832644200963546,-0.6207469687322474,-0.646724432931719
6050000,1.493086554581302,-2.922662363886454,2.676744332144468,-2.8019546347177076,1.3615814594169917,4.386612175450571,0.8317444457932367,0.5430871083916684,2.8948308308247945,2.8948308308247945,-3.92518455720334,-1.09891927986454,-0.11843474699734041,-0.20803538510358546,-0.3887917482798943,-0.6235088387618951,-0.6455997080235241
6060000,1.1796176903671602,-4.020718167900236,2.439211994028433,-1.2915575344148051,-0.09003714594999651,8.731900520041217,0.7158780558899811,0.4277641242969228,3.070742761585116,3.070742761585116,-3.939496316926469,-1.0684307010671499,-0.12955822495065714,-0.22572044882079986,-0.37290784152116624,-0.6260485396777872,-0.6465703725685794
6070000,0.48733235235901445,-4.841608611482015,1.9148409697021962,1.6845028357302598,2.2696062604712295,14.835572647992773,0.6093210732945746,0.3453608569206619,3.2466551314155296,3.2466551314155296,-3.9472026765605577,-1.0291076734432445,-0.1460472319447349,-0.244152727916657,-0.351486679074032,-0.6277109306600835,-0.6502503728674173
6080000,-0.7589480678924385,-5.072634860542552,1.1633870369642907,4.101633546931971,0.4188047238875962,18.161957511751524,0.4923475576718564,0.2593859600971872,3.4225585197271826,3.4225585197271826,-3.961060408189957,-0.9976291844243105,-0.1578254165759415,-0.2578421401624607,-0.32597413947803144,-0.6285198139748164,-0.6574352702654925
6090000,-1.2692227810005874,-5.758825873592603,1.0375913713277283,3.9769279054821562,-2.6210406253386194,20.478148980071584,0.3724117070521773,0.16350049914661505,3.598464072186381,3.598464072186381,-3.9659432821535603,-0.9548472738581012,-0.1734547053934014,-0.27099875532197876,-0.29675516138701197,-0.628215059023624,-0.6662145963727091
6100000,-1.625928451517204,-6.9605538324544725,0.6006742196908802,3.010661898226199,-0.32785180380149004,20.005597007940633,0.26997665342949945,0.06438975350349803,3.774374012561317,3.774374012561317,-3.9784045714719705,-0.9216251384320261,-0.1848556009831837,-0.2853355498006855,-0.26269278055212936,-0.6246325688517712,-0.6777981122689624
6110000,-1.5694018095241742,-8.236531135603396,0.25371301580066097,2.6077483629031404,-1.6285864291002539,20.54461702590464,0.138747756483049,-0.053912567005318004,3.950283634188814,3.950283634188814,-3.9770825133875674,-0.8884552529281139,-0.19520049545426746,-0.3024207250845729,-0.22482311402472704,-0.6170046614691623,-0.6908701181588839
6120000,-1.0596368962851526,-10.434408520592587,0.1584599193341963,1.9468671874451862,-1.9988781099912731,21.04823115217971,0.01883317833740446,-0.15473721708941374,4.12619526199358,4.12619526199358,-3.9868453931356314,-0.8570485572153662,-0.20481910464416045,-0.326695533347253,-0.18095697769015764,-0.6038070797596861,-0.704231219947169
6130000,-0.7912190891494831,-13.392168463467025,-0.022441637316535035,5.347907473300839,-0.40138334384414104,26.64967657706426,-0.09591927417679716,-0.2728592196121033,4.302106981686045,4.302106981686045,-3.9801837012778156,-0.8302960343885591,-0.21654007850264145,-0.3594941822792854,-0.12689778509551738,-0.5831176322763515,-0.7173804513461609
6140000,-0.4290719691625538,-15.043938651341048,0.006449264266925221,7.514595981544649,-0.21805235477594262,32.37198396638286,-0.2186927032240462,-0.3884130242105444,4.4780185094235705,4.4780185094235705,-3.986837353767788,-0.800845445625261,-0.22493804013188698,-0.39621816457352144,-0.06780831712816668,-0.5567833304116363,-0.7269150714945746
6150000,0.5611840926976844,-15.639067479105893,-0.11950917668451398,8.046462947369024,-0.2645130023498657,37.797103228469204,-0.3397535575967521,-0.49548304769289386,4.653930791739278,4.653930791739278,-3.9723446492204877,-0.7638481013087429,-0.23048177842046869,-0.4355633954884621,-0.010218117116969466,-0.525595085739118,-0.730705087186366
6160000,1.2996582499679068,-15.063144214949862,0.07629945310390188,8.250029234031656,-1.3660365179318288,42.10229727391929,-0.4542572164414287,-0.6314995544487375,4.829843032137084,4.829843032137084,-3.9743529915197335,-0.7308559774151436,-0.23462186110250471,-0.4736373573644415,0.04297067115477365,-0.4936264907038819,-0.7281167920084711
6170000,2.1732701034300668,-14.922512961946232,-0.19136316042565968,7.088634815142812,-3.565716354088319,40.688813836788604,-0.5795146922097518,-0.7480909172349136,5.00575493937523,5.00575493937523,-3.956288786738712,-0.6831379342727363,-0.23634129209562366,-0.5124669412138118,0.092086085005335,-0.45876011461427946,-0.7200256553418378
6180000,3.7388678280948966,-15.333348160351202,-0.7322870998276957,10.001599981886452,-6.4430959388370495,38.3590416499909,-0.6938062903075604,-0.8363824570355461,5.181657233553004,5.181657233553004,-3.9545137236496055,-0.6450490366324565,-0.2379626323469351,-0.5556977009544636,0.13738629653748197,-0.41952000281462415,-0.7045055272430845
6190000,7.198681371726223,-15.493880901425518,-1.3740703240930736,13.752706344080135,1.9563378493947494,26.637191496903295,-0.7704091185295067,-0.8896069499502312,5.357560481918547,5.357560481918547,-3.931956873017036,-0.5916635250407479,-0.23736778066608974,-0.6085883713403193,0.17339846887623406,-0.37788554673339425,-0.6758370209086797
6200000,6.868857698048826,-14.184575473403205,-1.2483670076737057,17.463682440241204,8.054036681109595,12.963291881392852,-0.8039334760775265,-0.8235901705719979,5.5334812234266835,5.5334812234266835,-3.925560243324723,-0.54941634385777,-0.2370962288388147,-0.6539542279425322,0.20618531724924227,-0.338849074448454,-0.6442148612476601
6210000,5.3146789745564185,-12.785984281720395,-0.29143659605140604,26.143357069080437,7.326174392010116,12.194069925110906,-0.759011068186488,-0.7521538768582666,5.709392419196455,5.709392419196455,-3.8994158851634086,-0.495622937644437,-0.23748645533784393,-0.6880562897071661,0.23961988488628463,-0.3045715659256799,-0.6135120326375605
6220000,6.633753215159846,-8.928642858464322,-0.6742295673944387,24.937883695358018,8.18965296118466,1.9533851612830107,-0.656093276487726,-0.6878518458209089,5.885297674385761,5.885297674385761,-3.8883271139631717,-0.4512335024582732,-0.23606219493273642,-0.7200486864748451,0.2588240587944986,-0.28397030006189367,-0.5778415564648759
6230000,6.233348905214088,-4.0810325710512965,-0.3358048423094335,31.721998131958827,5.382956029815703,13.663887281563403,-0.518347945310527,-0.5458013030339678,6.061210484313328,6.061210484313328,-3.856127918785924,-0.40313598006179074,-0.23371330515030384,-0.741575566773708,0.26313551598699125,-0.27991703140126745,-0.5499743944239729
6240000,4.103550964398989,0.9550863204466469,0.37892670567285053,26.414758559083204,6.160674177309412,20.813778801698568,-0.3481065305116244,-0.42832884197879545,6.23711982508636,6.23711982508636,-3.83852758091142,-0.360222827071621,-0.22998591018217454,-0.7481526336043337,0.25661820530284457,-0.29268639852642203,-0.5373540784768265
6250000,3.252229591109866,7.3508384743896515,0.6774548463331609,12.91034316886656,11.567879060530188,7.26516739827229,-0.210151199693069,-0.30944062391580335,0.12984636032875585,0.12984636032875585,-3.8004005110591947,-0.3156313903636331,-0.22365205869236265,-0.7426815147228562,0.2321513210826256,-0.3260226513835213,-0.5368790949491467
6260000,3.418941055249851,12.039914277222945,1.7230641402614582,6.4873935230895325,4.471513875230478,-2.7934070626581824,-0.06569731411158848,-0.16139130370123486,0.30575788911662016,0.30575788911662016,-3.7756286524398104,-0.2737978398682147,-0.21778121158474756,-0.7295455990627555,0.20189379536608548,-0.3791393054516234,-0.5322175319758857
6270000,3.861786564895835,12.96867226949641,2.159626879476476,-0.9700990144949612,1.8861652285076278,-10.877707868039483,0.07363138646733026,-0.018473740245585308,0.48166802750726845,0.48166802750726845,-3.756348461838809,-0.23513711886873423,-0.21678977861754373,-0.7165056418995355,0.17813961100734538,-0.4234695565459607,-0.5249375951435122
6280000,3.0115129702198375,12.185438250309506,2.0140340230177047,-8.799732127780432,5.9660213762224386,-21.19519729307205,0.2325629932988568,0.10187649193347567,0.6575760018626511,0.6575760018626511,-3.727613291190161,-0.195799495851535,-0.21828765939998604,-0.7046203076399151,0.15755351369926854,-0.45776574034269124,-0.5187847717030192
6290000,1.979021019063593,10.20187393759308,2.0441463204684878,-12.891827120766736,6.105760740044871,-31.974565561211545,0.39149460013038334,0.2222267241125366,0.8334839762180195,0.8334839762180195,-3.6988781205415138,-0.15646187283433577,-0.21978554018242838,-0.691481359411229,0.13668710757308464,-0.49124749753202585,-0.5117089606198285
6300000,-0.822814925010735,8.582111485148523,1.7530366885893647,-6.531417120390146,7.841311120884449,-27.400950364959705,0.5488573786127117,0.34088025689254803,1.0093919505734021,1.0093919505734021,-3.6701429498928664,-0.11712424981713643,-0.22128342096487072,-0.6720434384343301,0.1219859479925516,-0.5195081103008566,-0.5134085786986368
6310000,-3.2386634716657756,8.424733067282551,-0.14351217250056644,-2.021277558613829,5.412829753089773,-17.387995373648526,0.6750368278409377,0.42580878971775626,1.1853002140286293,1.1853002140286293,-3.609522366031878,-0.07784354648679126,-0.22348117430616182,-0.6471630597273098,0.10754687570853742,-0.5402427983857397,-0.527021216311131
6320000,-4.11327111825044,11.71629309080402,-0.5198500893142686,1.5678297727446224,2.6324980118725643,-13.906699271157304,1.0161779579962773,0.03242066627836366,1.3650915225176732,1.3650915225176732,-3.5622562656738648,-0.03920462840878347,-0.2312956040253003,-0.6099126015686548,0.08626531809585353,-0.5698007124994672,-0.5439596137367885
6330000,-5.1992264211633525,12.903814037627432,-0.36464617564512497,4.98699472347882,5.794775396998177,-18.05595379748469,1.7340493448163383,-1.1992394501246169,1.5447727101961988,1.5447727101961988,-3.5152400058186593,-0.0018899822230912244,-0.23939617462112636,-0.5642297024079963,0.0653377821174079,-0.6009905783276791,-0.5623043143262587
6340000,-6.297508342730994,11.375387326808967,-1.325060177888985,2.6280149258901067,5.709870338695541,-18.930185640266767,2.0658417750325926,-1.5894281242648156,1.7130353739394195,1.7130353739394195,-3.4696960008321716,0.03546384192152091,-0.25016280661600415,-0.5184168485597348,0.048231553937765265,-0.6225539483313653,-0.5842467541639996
6350000,-7.751202914349115,10.476372438887841,-3.426816337970062,0.24981919530328603,4.035224967446579,-13.375969009024319,1.5342667003516608,-0.09787968965555867,1.8889478561362125,1.8889478561362125,-3.43017423660098,0.06989388242361,-0.26194564718817337,-0.46984802015868904,0.03201063693094862,-0.6330284952857144,-0.6144046559333185
6360000,-9.04601263054395,9.952368105332214,-5.360215029428728,-3.4722666960919075,4.737240844668452,-5.3880540030459345,1.1912557465537232,0.933709271362853,2.0648576291011835,2.0648576291011835,-3.3827733490492267,0.10209488221744378,-0.2730094455771107,-0.4162905302568179,0.014515094748580305,-0.6341686260379749,-0.6513997698741107
6370000,-8.760029280142579,8.951843731310133,-5.112005356698786,-4.681136416978786,5.480640407549164,1.8680962757256911,1.2642466253290092,0.9505559631351573,2.2407696239498307,2.2407696239498307,-3.3445681939209733,0.13542531197374896,-0.28731244031410313,-0.3583288350534054,-0.004215152261475095,-0.632041798335629,-0.6870995878454199
6380000,-7.588711182559785,7.781003251820892,-5.220842909122301,-2.992588553365638,5.236179778131878,1.5508439173353548,1.2327056879837468,0.9470945650292305,2.4166816426229474,2.4166816426229474,-3.3120916695315503,0.17042794365469327,-0.3024826431565296,-0.3042448032124115,-0.024652904700662597,-0.6245045045294988,-0.7189029543898303
6390000,-8.217847812206305,5.692693119372672,-6.717644013432664,-1.7448406130112846,3.50163600925189,4.520771284161974,1.1908478833306457,0.900445917872906,2.59259337802132,2.59259337802132,-3.2747312830352633,0.207336288108886,-0.31624597619522804,-0.25306279699066137,-0.033676474354328065,-0.6080818583761647,-0.7517057731374129
6400000,-9.875387006038236,2.4798916429302937,-6.994555233858816,-3.0503660153367176,-1.550332378983305,6.424723399300712,1.0849207852167708,0.8083069061885325,2.768504761419493,2.768504761419493,-3.2346665372961603,0.24426576021095664,-0.3302586172361414,-0.19998925263974124,-0.022876276615653265,-0.5859417685862869,-0.7849542780460377
6410000,-10.041787708209215,0.17525904085823013,-5.509292488130387,-7.518266423390586,-5.018522428851442,3.1417335521302667,0.9479632265195982,0.69654518111364,2.9444167915053185,2.9444167915053185,-3.1988458454915065,0.2767972719146536,-0.3456006805588727,-0.15239719926095302,-0.0019043268097291809,-0.5649477533493743,-0.810928790450995
6420000,-8.618583436288965,-1.6239528969003845,-3.7611792243008346,-5.604015054794541,-4.4019466061801165,8.786997669945285,0.833418135739567,0.5917079013623234,3.120322985620362,3.120322985620362,-3.160217271057645,0.3077720858189875,-0.36097184188738424,-0.11485627837019463,0.024362983076058907,-0.5481549937683992,-0.8280945496628693
6430000,-6.340054996830161,-2.1165965049639874,-2.3891083800868462,-1.5483980803968553,-4.508890121359654,14.076394331283295,0.7266674994999348,0.49245307319814086,3.2962225600307136,3.2962225600307136,-3.125191759092918,0.3401872306084831,-0.37729411763854764,-0.08697116005623055,0.04949921950717016,-0.5365410201248064,-0.8379197922892659
6440000,-5.513124257985613,-2.4838761126153157,-1.9119955004781581,1.7466076037678369,-2.2827304005819715,16.916365653581966,0.6233428535264302,0.40124513670834644,3.4721344016382574,3.4721344016382574,-3.0873574822469925,0.37077010363187307,-0.3906969457028742,-0.0639511846863404,0.07595802246051257,-0.5263951621635933,-0.8444221444584848
6450000,-5.320599772814229,-2.204118717529129,-1.6249013207537746,4.259453307633056,-2.9707051021300734,21.35198307723846,0.5186501545975181,0.32573878651971616,3.648046662849808,3.648046662849808,-3.0635671177857238,0.40256665797823354,-0.4037659840402227,-0.041336323833507244,0.10271643859508589,-0.5172008820488693,-0.8486718383345503
6460000,-4.204501824045251,-1.8585026997752365,-1.0147491715898695,3.60651914285766,-2.3897039170312704,23.481733671419523,0.4413592143726946,0.24482582792043409,3.8239594956558847,3.8239594956558847,-3.043971488099944,0.4319780975497791,-0.4127622978906771,-0.024513995892322546,0.11975678878316504,-0.5107049785195201,-0.8510216216178719
6470000,-2.790059874340026,-1.8103657737123942,-0.8729537838420778,2.0652933073289126,1.18485018863831,23.74202050102201,0.35979889727955894,0.16642594466589844,3.9998775485100424,3.9998775485100424,-3.0319579984054865,0.4624511618167603,-0.41977445551250037,-0.019133841553704886,0.1268509555118086,-0.505218234315574,-0.8534033436237479
6480000,-1.834011748754317,-2.643669288189496,-0.8529179948666752,2.2879898622962425,-0.0051670246177485295,25.032434095669146,0.2535979992006505,0.10642902241185621,4.175782262902246,4.175782262902246,-3.040029670140831,0.4873274751130133,-0.4253713030236836,-0.02048387603644388,0.1378337577297682,-0.500729905965101,-0.8543136586317676
6490000,-1.455941969879895,-4.5930301444491315,-0.5822028425586889,5.2560503743957625,-3.144995549541951,27.031232444536048,0.14416710304989966,0.02651421563944685,4.351693942716437,4.351693942716437,-3.0310079874128775,0.5157384631196277,-0.42745132761065946,-0.025800028939741038,0.15837010331809614,-0.49743429257630456,-0.852532928074239
6500000,-1.2557746595342467,-6.60848488851813,-0.1627003674365308,5.840463412124171,0.7049065787960087,25.524308419668806,0.03808588359265168,-0.07346463953336954,4.527605791150236,4.527605791150236,-3.0170111073565926,0.5457978012155799,-0.42793337453829355,-0.035410215995936564,0.18246516499285456,-0.49430332795926113,-0.8491859632233983
6510000,-1.210691746590336,-9.313726647258015,0.08971932576223451,6.022030227317389,0.6110880679385028,26.426248501799837,-0.04326864762323379,-0.17093719799566498,4.703514484866943,4.703514484866943,-2.9919431554223825,0.5755177203258628,-0.42625052570967087,-0.05683828735608059,0.21944199043317555,-0.49171001686160754,-0.8407353217529947
6520000,-0.887672133821055,-12.381688228832216,0.30177512923864963,7.663327156035025,-0.38450168756678305,29.741792495846553,-0.15513438548834751,-0.28466025368014874,4.879413988358721,4.879413988358721,-2.9656311879747705,0.6006963053554096,-0.42489962236818146,-0.08484169971710993,0.26808337082988226,-0.4883561215700887,-0.8261001699543588
6530000,-0.21280668046282333,-14.563437081670468,0.5042318914039218,9.975388288533308,-0.2398347707731766,33.78876647700699,-0.28701122005244345,-0.3827027460991397,5.055338522335475,5.055338522335475,-2.9356332385742534,0.631749240507113,-0.4196728767024251,-0.11521662398559873,0.3183892815294544,-0.4835240696313407,-0.807191345996515
6540000,0.3851823374687277,-15.561502940798368,0.46928887271793707,12.444707807302906,-1.7124616118890665,40.2379871463555,-0.398764296289331,-0.49263595855326997,5.231236027994612,5.231236027994612,-2.8970032547924744,0.6603101641705083,-0.4141508567385031,-0.15156318353642959,0.3737307883854046,-0.4768957710991786,-0.7809765186718782
6550000,0.8705311729363371,-15.627721243023947,0.2809208239443776,13.44666567184739,-4.18489468734385,44.32702230018075,-0.48360226709099774,-0.5522842445923796,5.4071530024846055,5.4071530024846055,-2.8737768467549154,0.6915333798099761,-0.40455323027448226,-0.1888531364537885,0.42685960691295805,-0.46809726575122473,-0.7503401352945936
6560000,2.4994643344339638,-14.656085461248521,-0.06004787096309053,16.505569525893602,-2.2692458029602482,41.160118659789404,-0.6537885531904902,-0.6353495747322583,5.583059624162743,5.583059624162743,-2.8544223754226263,0.72063112397046,-0.39351988717267417,-0.23039524099345993,0.4706078821272131,-0.4595637502135983,-0.7171104612937383
6570000,2.6571893015782986,-11.36783471561803,0.5142482368484722,15.95804585166949,14.361405285630306,20.782355915939604,-0.545447391026379,-0.5833694839067419,5.758975229958153,5.758975229958153,-2.8269019883950137,0.7520267399179081,-0.3784961420855233,-0.26725619212314744,0.5003135439102784,-0.45231597955997677,-0.6882374155670933
6580000,-0.9544060417939858,-8.960199764853595,1.358970407179262,21.98809048991856,-1.5372896329243495,14.3480629191008,-0.4712443399856031,-0.5281109567158778,5.934885124890457,5.934885124890457,-2.7936705441054315,0.7817637210361388,-0.36405145079595336,-0.2825932798139798,0.5303574307522908,-0.44130403202038054,-0.6664178757899294
6590000,1.6549047679961653,-7.8107907821387395,0.42577800216268175,35.86944596340794,-9.180559255093886,30.928784868498273,-0.38780221476493654,-0.37470659671768103,6.110799560317119,6.110799560317119,-2.76586315110002,0.8129198286477779,-0.3440592474543686,-0.3011137870919576,0.5499631896350806,-0.43823678381843745,-0.6440648248259021
6600000,2.8380547866583634,1.892259860281378,0.41789158641574703,27.680982758918688,3.0299617896600086,19.572157733109883,-0.2464143805060103,-0.3018304959250308,0.003520907977780041,0.003520907977780041,-2.731905862049004,0.841863384794598,-0.3246501869877667,-0.30445941131440774,0.5339260020885126,-0.450883597341277,-0.6472491582106936
6610000,0.879543904066892,9.024970853140536,0.9139611746349079,11.782430692684603,4.84726934333934,10.90160603751105,-0.0869891861748022,-0.15634973764101814,0.17942250581908326,0.17942250581908326,-2.7048897072525655,0.8725005738446008,-0.3006005123263525,-0.2843696327627173,0.49948519724535606,-0.4694838918654904,-0.6702487038211993
6620000,0.895905875205771,11.84320318738239,1.582951487127587,-2.9921186577776857,-5.894111598231232,3.618195304149801,0.07985736011727979,-0.002210641374133181,0.35534405184566964,0.35534405184566964,-2.674775360045531,0.8994158715733992,-0.2809211022158133,-0.25140004232130303,0.45808498217602,-0.49530494689884624,-0.6939950845670115
6630000,1.326387190936195,11.137629948854821,-1.2813494787720972,-17.478721640451415,-8.018763291748321,-15.09205289154114,0.2454727979091954,0.14337245051364178,0.5312465831037869,0.5312465831037869,-2.6487421793977246,0.9293130707335726,-0.2622001290745247,-0.22920213164552908,0.41667558776349173,-0.5081479620739598,-0.7180762397205298
6640000,0.1166014326829291,7.104625052675446,0.2750884864272978,-20.00692207768942,-0.10405050375572801,-24.00196171766611,0.40610528058164336,0.2982882078373546,0.7071505403949558,0.7071505403949558,-2.6238805567616046,0.9529369607607605,-0.24856584540365556,-0.21180132230200616,0.393775198442639,-0.5166230276102912,-0.7301930842628943
6650000,-0.26191377067319005,5.315478921016438,1.1831006507046622,-8.938067721766037,5.662206710464816,-17.341058965376632,0.5527797863607593,0.428880766211685,0.8830655622095591,0.8830655622095591,-2.5981425553242334,0.9822064181977419,-0.2387450364021292,-0.1988385212370907,0.3790669887726673,-0.5236870017405834,-0.7365618675325434
6660000,-0.7540283625038267,8.84204268993575,0.3869176810349702,4.362185332018577,0.5538578285489052,-3.4961732589843333,0.705967589654075,0.551030954813748,1.0589741208253614,1.0589741208253614,-2.5748787616986335,1.002997562071402,-0.23051457987242374,-0.17631402693231987,0.35385303634499155,-0.5297101874877859,-0.7504055635774526
6670000,-1.182374743750214,10.377655354873133,-0.6001994055483464,2.3174586661631453,-1.3658615792331732,-6.585318048146045,0.8712766237234167,0.692555453395953,1.2348888858162397,1.2348888858162397,-2.5493479165480757,1.0319279667559653,-0.2247785449922909,-0.14764903240094857,0.324082257038639,-0.5326100035945648,-0.7677871045900699
6680000,-1.2842345029227935,11.745478514978448,-0.11510959855219793,9.287616759848847,-1.519903644163109,-3.7793038528797243,1.063580006636541,0.8362361956399983,1.4107980550623935,1.4107980550623935,-2.5271080841365774,1.0519302596322802,-0.21886050801037996,-0.11441763883804557,0.2879959385643446,-0.5365724432853292,-0.7848929585618546
6690000,-4.1692906576475455,9.586801248971062,-0.8003524441860571,7.221670945583342,6.64332671433181,0.007557320287998192,1.099847598700236,0.9573289141548061,1.586712345277995,1.586712345277995,-2.5021820701850066,1.0803334330532777,-0.21706531378460797,-0.0795822848625588,0.2616678024169657,-0.5303529174416718,-0.8024477578480967
6700000,-4.953010237776684,9.330895634247218,-2.184711192951061,-3.7958713892254554,-4.382661632908412,-0.5192213627654676,1.2042952478025715,0.956975096088477,1.7626218772648556,1.7626218772648556,-2.484854034970561,1.097731391887145,-0.21310112439611126,-0.030630945085915188,0.23587241234233305,-0.519855982364466,-0.8204728562840017
6710000,-2.858018310378514,7.633011366492726,-1.3578515184640612,-1.0126742502030217,-2.4118447698667205,1.1961544432416633,1.3044594155448723,0.9852001055180475,1.9385347704290936,1.9385347704290936,-2.4611976725379217,1.125828255277537,-0.21832446965863422,0.006697600369251015,0.21097811836390112,-0.513219727534835,-0.8318947571598173
6720000,-1.5755939901276286,6.334164477091898,-0.6022410329018392,1.389444836841134,-5.733966985792512,3.830462207851406,1.340212309916513,1.0432861895020897,2.1144446540341946,2.1144446540341946,-2.4576990174567093,1.143521182794034,-0.2159273518476356,0.03501896356750479,0.19211890477609406,-0.5092865007769946,-0.8381475161000099
6730000,-1.7242614519136579,4.636917779071307,0.10080999229886813,-2.4872562257099937,-1.608098101072533,7.921772448840493,1.2993520714734377,0.9642979174159757,2.2903460389025767,2.2903460389025767,-2.4349326852275825,1.1712394837045081,-0.224535986214755,0.057454575355362816,0.17037918497240082,-0.5083681067121724,-0.8421589951884126
6740000,-0.8861867191585245,3.2915950866392234,0.09715565563202459,-3.4744196076675147,-2.9369379874641837,4.095920869195955,1.2377877032953837,0.9364048643087286,2.466265735043187,2.466265735043187,-2.437215518781857,1.1876293587524493,-0.22274478534048886,0.07584692601939944,0.15411594599176864,-0.5083216755573009,-0.8438628995062458
6750000,-0.16248195951194971,1.8231021227953095,0.3201526604691468,-4.016129555414473,-2.319820013233908,1.7359352084987714,1.166374473183823,0.7964864886058316,2.642171689800243,2.642171689800243,-2.4150181579748597,1.2151081871365563,-0.23480693054033247,0.08769609305664458,0.14213958065027296,-0.5100693415565223,-0.8437624083112857
6760000,-1.0300268841814493,0.4252685390351679,-0.31162760483441077,-3.8118617252563345,0.1551609427298385,3.170171180281469,1.0702187898391178,0.7218622561405686,2.8180777120777876,2.8180777120777876,-2.408776906663781,1.2361681416921488,-0.23664202469587095,0.09517551436612384,0.13586197704506406,-0.5091111178143732,-0.8445643932681213
6770000,-1.5381974744069393,-0.20494716188629922,-0.07911062669810989,-3.893791537940805,0.9985579136959105,3.0159498977669443,0.9612309122614832,0.6860668925103861,2.993989752586778,2.993989752586778,-2.402535655352702,1.2572280962477418,-0.2384771188514094,0.09317999501408931,0.13750131401737306,-0.5104059421018295,-0.8437396822716199
6780000,-1.1632877483386295,-1.3898626500953064,-0.06076869011320713,-1.3731486628603362,-5.239169194956477,7.350080821397441,0.8615459693085865,0.5926766011147543,3.1699030901528786,3.1699030901528786,-2.396294404041624,1.2782880508033343,-0.24031221300694788,0.09118363459693019,0.13913940986963483,-0.5116961593420628,-0.8429073554771044
6790000,-0.6922105251813978,-1.7594615170818284,-0.05636416465718044,-0.47234990919203074,-2.1074291032971844,10.590588683728988,0.7618610263556898,0.49928630971912225,3.3458164277189653,3.3458164277189653,-2.390053152730545,1.299348005358927,-0.24214730716248636,0.08918645113427749,0.140776249816001,-0.5129817578892607,-0.8420674203973575
6800000,-0.15012476123582472,-1.0449587558297677,-0.1422780991768983,-0.8007678259111588,-1.752778522147131,12.130953696182276,0.6652700678209749,0.432511323367961,3.5217242249494873,3.5217242249494873,-2.371055894056265,1.325560921103245,-0.24148688736474358,0.0864209776913182,0.13803162123893112,-0.5138426980560888,-0.8422852057394028
6810000,-0.21582417245167895,1.7762588021841401,-0.42990228705796685,-1.0279900182751747,-2.677770162939781,12.286654802607673,0.5886364693519178,0.38970263177309183,3.6976345000171804,3.6976345000171804,-2.3516981248052975,1.3519195629779008,-0.25150126003682194,0.09341038292402232,0.12370344961783926,-0.5122624200902943,-0.8447243159030461
6820000,-0.10468305652393503,-0.40233808420606554,-0.27339329151331465,2.0788573826375467,-0.6062371134720514,19.753637711891795,0.5033668811075518,0.3154750776133058,3.8735451976740976,3.8735451976740976,-2.367346583407465,1.363076790384227,-0.25059023585445744,0.08651949834640749,0.12178967770387274,-0.511482388461501,-0.8462076678359699
6830000,-0.08901511540614707,-2.283928500946932,-0.5583878825562608,2.2163524293938113,-2.846338342858773,20.332160845927113,0.3884210663477918,0.21293974397430268,4.0494460346466,4.0494460346466,-2.352100214853812,1.3876498528938528,-0.25811178257975864,0.07454023895871512,0.12747127758232935,-0.5102476120003461,-0.8472556878625547
6840000,0.3267306918646166,-5.036300312982356,-0.8177511157658054,2.798291507158451,-5.894457613282255,18.419113909129052,0.25765487007292365,0.09671487180455908,4.225364423099741,4.225364423099741,-2.36579130768352,1.4027002697073863,-0.25544790616858765,0.06490802473333462,0.15209666565084254,-0.5085428724258831,-0.8450075144801641
6850000,0.5400726281581548,-8.263256144813676,-1.061815681874281,2.7930968220961523,-2.0912774805085323,17.63783227538478,0.1320606282802675,-0.02096573764024341,4.401269385902275,4.401269385902275,-2.352788456424944,1.426739114894683,-0.2557197547037795,0.03635557346057362,0.18152265149372254,-0.5068819304329936,-0.8419017210301707
6860000,0.33696576980348764,-11.03978934478753,-1.4468380389850417,4.940247714397015,-5.076374003404038,21.957575214603605,-0.0035029849535388987,-0.13536963536161553,4.577175394295232,4.577175394295232,-2.3601740842650463,1.4431948018925678,-0.250816450970516,0.007194835625650507,0.22032190626743015,-0.503582484298664,-0.8353509283328722
6870000,0.4097446105322232,-12.629958711996217,-1.4474391935415327,7.207557156109413,-0.6364545468047244,27.198722856367883,-0.13746430331677853,-0.26205492657760426,4.753086652553968,4.753086652553968,-2.3483288620169196,1.466719714043782,-0.24744823957704734,-0.031083782435313862,0.2654255345540426,-0.4976737388048559,-0.8251690334593337
6880000,0.3522460708968217,-11.809501739376934,-1.261666457860126,3.1868295258769366,-1.1939417889667596,31.88386209572061,-0.2638347239473143,-0.3854577192858494,4.928998348776524,4.928998348776524,-2.347629841153527,1.4848002516807148,-0.23927534334098924,-0.06311346884646009,0.3060528395605976,-0.4912751269665168,-0.8130172809178751
6890000,0.06785814665173426,-11.06360206592546,-1.2823581382703282,0.9123781572116226,-3.8633041495917912,34.28831376733642,-0.38831286057445374,-0.5079836213375791,5.104910525668664,5.104910525668664,-2.342682737010781,1.507938145507894,-0.233944112535806,-0.09012446365586947,0.34414573571173007,-0.48344932123422063,-0.7998237602374322
6900000,-0.3212582141701124,-10.386283023600443,-1.3981835801956493,-2.838659177436357,-1.9883087313833931,30.89847737005855,-0.5358286093257666,-0.6505286825995034,5.280821733474788,5.280821733474788,-2.3302622376247526,1.5321369658153268,-0.22309873076777645,-0.11408847386764462,0.37997593501545973,-0.4734686864371896,-0.7864028941345023
6910000,3.071359998823892,-10.349339826000486,-1.6425044320576683,3.014050388970407,-5.92961121175542,26.727794688439868,-0.6063509977019435,-0.6868693437131205,5.45673635089711,5.45673635089711,-2.3236107970593425,1.5533529642964954,-0.21435905736880262,-0.15058829103863947,0.4072868621535372,-0.4684541661932901,-0.7694096910588903
6920000,0.5346289677843464,-10.057308588111976,-2.3282571137809702,12.90709395897098,4.396006416597939,15.091581671947878,-0.6148955304152813,-0.6486892197510792,5.632648526851561,5.632648526851561,-2.311797925422427,1.5768064389956096,-0.20152691267126296,-0.18492292173763517,0.43859764219726144,-0.45053405232182525,-0.7552845086280365
6930000,-0.5501736536445213,-10.13717732477377,0.1553534259552943,17.891427817135114,1.1747886938771008,9.989433364329267,-0.5501980193134514,-0.5986217134030177,5.808557756941617,5.808557756941617,-2.3009401688411835,1.5974217525163406,-0.19167961729510127,-0.21060382508990602,0.4784801572820687,-0.4366817472712448,-0.7321282807984948
6940000,-0.011709102319230868,-4.249010332909883,-0.28500904630080565,16.642167110810085,1.2642433778193234,-1.08575269213199,-0.431961374141802,-0.5042915526371964,5.984460691242425,5.984460691242425,-2.2884185921528837,1.6204779409034034,-0.17748518679651618,-0.22458852579381391,0.4968990357558849,-0.42824854110877975,-0.7205931788359055
6950000,-2.546185874608138,0.46860386393358233,-0.11357055654282941,25.60752802189527,-1.2642685161479583,10.639186612221192,-0.3035587384455672,-0.37906355632632593,6.1603739024269615,6.1603739024269615,-2.281547663544336,1.639971600667387,-0.16847500977056562,-0.21526490133813464,0.4971684945161899,-0.42170741475565354,-0.7270814030440413
6960000,-2.6670133295765184,5.686667756223974,0.2784290843052979,11.801768087403362,-1.0327290743081354,5.527569306619783,-0.16351932375356748,-0.25639250724632684,0.05310038136487094,0.05310038136487094,-2.2705189191926056,1.6623969700627281,-0.153119582213116,-0.19532055964323203,0.4841024578245781,-0.4202149632218906,-0.7422358614303693
6970000,-2.6403128346380007,9.809391519411399,0.3268129471314835,-1.2313100791856626,1.4483558444880587,-9.807818069047492,-0.02036176614811419,-0.1244586215391564,0.22900559962862133,0.22900559962862133,-2.264247547056495,1.6828709366480763,-0.14244011502546644,-0.16769409335426316,0.4568442998060013,-0.4230135409858362,-0.764350391464203
6980000,-1.8561721915660112,11.090264960432108,0.11825363806260106,-4.285499582228168,-1.6957189088541706,-18.471182633051644,0.11837184133081442,-0.005912287277917434,0.40491909485923827,0.40491909485923827,-2.259986321276612,1.7023645521199358,-0.13395086873995368,-0.1378029371966707,0.4251741534164494,-0.42587482188555975,-0.7866815911475995
6990000,-1.0602109547052154,10.763804506945668,-0.18080944969413726,-2.194366515961905,-5.797407577132374,-25.005884265030982,0.25710544880974306,0.11263404698332156,0.5808325900898552,0.5808325900898552,-2.2660732411763638,1.719827991895928,-0.1352765125891099,-0.11100706581501489,0.3921175756288959,-0.42869431851789536,-0.8063140948120252
7000000,-1.7249444126760463,7.763629501076913,-0.5740712164663666,-4.095492758651198,-3.864212175171539,-31.520581614155198,0.3896190112415308,0.2284904400118992,0.7567456632450416,0.7567456632450416,-2.2607578516026092,1.741091979830213,-0.13103191472995174,-0.08898784319083139,0.3714438974833955,-0.42616865248940267,-0.8200554093608282
7010000,-1.2260939731812044,7.0371869602756885,-1.5682680818516668,7.145162262149651,0.8235928962442355,-21.009680446454993,0.5164346353518356,0.3368654877893184,0.9326495146344485,0.9326495146344485,-2.266148425081564,1.7588570806173052,-0.13634961981089883,-0.07449110648385183,0.3509508310647042,-0.4186549701641201,-0.8342736992058929
7020000,-0.6649290085649232,9.478754126686393,-1.4006916297657306,7.709639969684604,-0.6058372966053531,-18.566973454705057,0.6597439007631863,0.4586138698122253,1.1085608268848546,1.1085608268848546,-2.2627766289281923,1.7794036349343174,-0.13733263694054312,-0.056307362724298746,0.3189438642046291,-0.41346498351996586,-0.8509706221674682
7030000,0.6884382043230128,9.82109662347963,-0.8508292173018813,4.728462552195786,-2.972968755713856,-17.54461861604388,0.7951471684248208,0.5943466233982158,1.2844723699964788,1.2844723699964788,-2.272873597298833,1.7954765764521574,-0.14912163402056214,-0.0409036709001212,0.28277935456976694,-0.41247271200036056,-0.8650023053096844
7040000,2.2024043499551795,10.204736581473956,-0.12493405271248464,3.9956122202331805,0.01468667414908839,-15.605894850723686,0.9442372436825206,0.7072054223035313,1.4603842849694644,1.4603842849694644,-2.273257733757248,1.8147287353702515,-0.15607356761388277,-0.0316409749773716,0.24112531182764038,-0.4155636234217184,-0.8764498317571389
7050000,3.077366391846586,9.758331455283072,0.37744804666728765,2.3001175586191818,4.049393389952244,-13.215742934451482,1.0918125734860589,0.800057623911865,1.6362962409190231,1.6362962409190231,-2.284591704430386,1.8299898658520335,-0.16768446612951549,-0.029570646668342013,0.19746128025602025,-0.42043925688502104,-0.8850793472481667
7060000,1.8311189658561953,9.724618157410235,0.4483759613957828,-2.0694422425541905,3.548804867559022,-9.463094777228132,1.2060281938041908,0.8888853817240349,1.8122083511273814,1.8122083511273814,-2.287388860440713,1.8482191318731709,-0.17724140340474412,-0.0210411303481035,0.1490117640829657,-0.4244369977709954,-0.892863931358917
7070000,2.0670636575078762,9.157535773863222,1.07351011102509,-2.185321841379827,-3.10506711161613,-0.8369181836428445,1.2682031910628806,0.9278783325010356,1.9881199041783333,1.9881199041783333,-2.296333946409383,1.8628340567602706,-0.1915143749079886,-0.006394632638464389,0.10275094147015022,-0.4316217709582252,-0.8961606996154776
7080000,4.235286947700564,8.284803786288316,0.575063846400806,4.2387457163177835,-6.434407704433028,4.871811937111339,1.2688653970919683,0.9661033013632586,2.1640262948755833,2.1640262948755833,-2.2993446062412812,1.880055258746017,-0.20905471780657156,-0.0028824608672167896,0.061725926807789544,-0.43634435090667834,-0.8976553953555328
7090000,2.475938066404643,6.692031078478758,1.0205538520391144,2.447246930297668,-7.921489386037526,11.434135727529885,1.2284305389221288,0.9470648841275365,2.3399283641486477,2.3399283641486477,-2.306591377829869,1.8951101252542992,-0.22002097486860966,0.006598272062665663,0.030457478822411885,-0.44187714405514716,-0.8965341010531815
7100000,2.7423300454368036,5.010168283323535,3.323498419235856,-5.282823492889012,-8.837395445323418,8.956250236833666,1.1735995212165091,0.9013647822714452,2.5158387905094344,2.5158387905094344,-2.309834409023829,1.9120160166523004,-0.23099877663819227,0.013348059886707571,0.0009796011748167618,-0.45695163028078234,-0.8893908461764908
7110000,4.0068958277372575,2.5523697535747694,4.190164301647228,-6.94992048990665,-4.018865006007998,4.008918648474653,1.0951700482781823,0.8119603459795889,2.691752120903118,2.691752120903118,-2.3160419680769855,1.931633829269801,-0.24114154573016278,0.0069995410299846916,-0.02460040094143214,-0.4751405915295376,-0.8795380861451376
7120000,2.525193750930875,0.3925910658576224,3.397170038952833,-4.542981779369452,3.195910569210524,2.7722987646701602,1.0097491961530471,0.7169943485923171,2.86766213824194,2.86766213824194,-2.3196594744555705,1.9514966068508972,-0.2504305995909511,-0.004138819581138355,-0.039019642535271744,-0.48958237789441084,-0.8710737241612496
7130000,1.7218045320131536,-0.7598679398561056,3.018381918121098,-1.6629019986185227,2.521630498044119,5.2639524061397935,0.9109009755896963,0.6113470352694579,3.0435748799971805,3.0435748799971805,-2.3310370154881936,1.9682396742158708,-0.25999798166191374,-0.013050805382689386,-0.03934836943009497,-0.502266826681676,-0.863718366782353
7140000,1.6477111443042307,-1.2967028440629245,2.675044783100332,-0.3297608487426977,-1.0714224497199574,8.877443500402032,0.8074181735939328,0.5132385931935679,3.219484830315281,3.219484830315281,-2.339998311963869,1.98558749953495,-0.2710143277973015,-0.017893128199357143,-0.03266038390795756,-0.5133084662845907,-0.8573957975910469
7150000,1.1473469008410706,-1.4387408465510994,1.7861738618268101,-0.09476910179583108,1.044928860203007,11.46666772573366,0.6957707775751478,0.42841113970768546,3.3953974699280423,3.3953974699280423,-2.354157196655899,2.0024919773174905,-0.28165888098660596,-0.027711212844749117,-0.028748388324856378,-0.5205740574791103,-0.8528823304132478
7160000,0.8425310021578533,-1.1968694111496472,1.142900980055818,0.8482239002543879,1.95596652110341,15.802045879102224,0.5862949160533678,0.3417574123897672,3.5713084969244164,3.5713084969244164,-2.36704136428157,2.019650332893031,-0.2900795395571207,-0.0379894594964551,-0.022728835941421843,-0.5252996973123986,-0.8497649257220597
7170000,0.4071700503523826,-0.7405674400824996,0.7121386696077414,1.22753369318941,-0.9068713987047228,18.868808666012452,0.4814676660678903,0.25119417425553087,3.747221018351013,3.747221018351013,-2.3817004377029005,2.0380874119083763,-0.29773127594657306,-0.038609769225921436,-0.013891718404274441,-0.528394443811845,-0.848006849989355
7180000,0.14287294355598204,-0.8965845943058883,0.22225609001327426,2.6444228603914786,-3.4568241862873674,20.6026357529362,0.37807434087640085,0.16013111253213255,3.923132263355029,3.923132263355029,-2.3965643286784664,2.056505045761691,-0.3032366493671989,-0.036929794873270985,-0.004159145517877147,-0.5294089827354718,-0.8475523705106206
7190000,-0.07419195422250786,-2.2304028057373477,-0.3394462094208148,6.39092104653352,-4.554134022212772,24.21095128829538,0.278850548468055,0.06761467553442592,4.09904432532349,4.09904432532349,-2.4128224016743087,2.0773583578526478,-0.30742810300949863,-0.04021533030076147,0.012959497434846203,-0.5277530082788922,-0.8483463566772811
7200000,-0.2758051293348071,-4.312263459760055,-0.9282868856789259,7.6143908682417525,-3.531647873639247,24.197886387479947,0.17156372490925018,-0.028750064032333628,4.274949461364798,4.274949461364798,-2.430830016055158,2.098329961653144,-0.30940000156506586,-0.04957579797181745,0.03966379299712478,-0.522978883311693,-0.8499777122905009
7210000,0.11417002125571823,-6.810095417823051,-1.3930886176693014,4.858557853966533,-3.1402443990267574,20.385519023424106,0.04353310452498774,-0.13501534907953258,4.45084984015196,4.45084984015196,-2.447388982947096,2.119768340754349,-0.30979201408395274,-0.06451188625296424,0.07400964532841563,-0.515426758506826,-0.8512908113832739
7220000,0.3923448917716815,-9.994778532842734,-1.9768521396945113,4.742891899287778,-3.336599938141127,21.47607838240476,-0.07882619395277103,-0.24051829200211092,4.626761212038929,4.626761212038929,-2.470549921249329,2.143075043054439,-0.3088984791237019,-0.0868775976630175,0.11817439744872875,-0.5038648203598657,-0.8512387077757056
7230000,0.3402840037737973,-12.425566586808868,-2.4514282105812,6.60720629809694,-2.3518668535703005,26.4587672482677,-0.20533470969683582,-0.36430522843193974,4.80267311408798,4.80267311408798,-2.4816779468101364,2.166486624139368,-0.3044671223949273,-0.11548542626417371,0.16935148228063696,-0.4882641422882479,-0.8482813914765871
7240000,0.4074165628465346,-13.254480783249237,-2.5304724455803504,5.938354358122958,-1.5421696678328967,31.46479313675522,-0.3318432254409006,-0.48809216486176865,4.978585016137032,4.978585016137032,-2.4928059723709435,2.1898982052242975,-0.30003576566615264,-0.14366715651693945,0.2199037230154883,-0.4708619508020161,-0.8421942317714984
7250000,0.31691319479714475,-12.902530776856006,-2.3978893991956576,5.472749138187169,-2.782813390137788,36.396244214834624,-0.4583517411849653,-0.6118791012915974,5.154496918186055,5.154496918186055,-2.5039339979317505,2.213309786309227,-0.295604408937378,-0.17131880829928592,0.2696446006527356,-0.4517224535271065,-0.8329996880198638
7260000,0.7011624293744905,-11.526643251224513,-2.3523163463957464,4.603493828244054,-7.225707722940997,36.63067516368661,-0.6082921326119355,-0.7512013670567081,5.330408780930753,5.330408780930753,-2.5125756503585386,2.2356210486789214,-0.2870736161443459,-0.19961073161741993,0.31306946320758317,-0.43292341429201625,-0.8214136499887358
7270000,0.930782239577782,-10.739394859077736,-2.7065357769970615,5.392769287673724,-0.0681053055839536,24.171203617114948,-0.6282783012879767,-0.745087663144506,5.506320374036619,5.506320374036619,-2.516677759561271,2.259349550573499,-0.27455026196284243,-0.22983696439280854,0.348459808076644,-0.41198283177469486,-0.8099511579575591
7280000,-0.42530415270389765,-9.76256038882987,-2.1411783064503753,10.18416630023983,8.571788048489015,6.916381023353348,-0.6291140223949809,-0.7228899452721965,5.682231820665578,5.682231820665578,-2.520228302606871,2.2849986865102383,-0.2640233521948794,-0.2549637017886123,0.38578331088268053,-0.3894279190823875,-0.7965617638663095
7290000,0.8685988970061354,-7.31279566598879,-0.9761253389349317,18.61755785820222,-2.47755697523128,7.384909049601899,-0.5282073580989901,-0.6098334939385932,5.858142252992849,5.858142252992849,-2.519814355151746,2.307726054876898,-0.24970642323981995,-0.26730960367290196,0.4161747430612507,-0.37886372714772265,-0.7821805643672528
7300000,1.3177960333001877,-4.185359032603722,-0.9804288478825518,28.910239834426513,-2.0795553431542584,16.947616035554688,-0.427517638334477,-0.4682179885079733,6.034045363217842,6.034045363217842,-2.510298925645419,2.3333071543602895,-0.2322108541142242,-0.27371557344124425,0.43067883762270104,-0.37463020790699086,-0.7741109293914243
7310000,-1.7273113736899897,0.08672103184610067,-0.5713061017767636,24.507212180115634,-2.527620135809732,15.382610747581758,-0.3128709459854046,-0.37467800811404667,6.209950260687236,6.209950260687236,-2.493251309562302,2.3601990749373774,-0.21558436064272624,-0.2720656684047021,0.4362745258991116,-0.37232375386304484,-0.7726705846842749
7320000,-1.8981537259643626,6.756817072373551,-0.685043743142772,8.136315408957481,-2.509621433476893,-0.2579833922968162,-0.17982952909271074,-0.2427242417329438,0.10267705183557752,0.10267705183557752,-2.4726975466506507,2.387133795824421,-0.1980444257150101,-0.25279754110087493,0.4179116910797215,-0.3753255861325243,-0.7877651465167244
7330000,-2.324804560702067,10.633918535397395,-0.346416339982475,6.716752013683232,0.3907598517964973,-2.6167943773526647,-0.014647041579477894,-0.10108691742128884,0.2797535434745342,0.2797535434745342,-2.4682217463970844,2.4100070840460557,-0.1775444650360958,-0.22951643382207174,0.3835809890682547,-0.38096442677857617,-0.8093540244913155
7340000,-1.792448487126867,10.99550073171254,-0.8718749822946903,4.6537883442358545,-1.1172811481160752,-7.095534802633507,0.13125735242233963,0.03550460585953701,0.46295693304617913,0.46295693304617913,-2.450465102080255,2.434953374902023,-0.16195335704542344,-0.20752078795617465,0.3456884408481087,-0.38595836156456087,-0.8297413859561615
7350000,-0.19879505816147033,10.443846221709322,-0.8885323818346372,-3.690068071438888,1.8869096838526334,-20.90245832248118,0.27517997768178665,0.16077153689243967,0.6304122601899635,0.6304122601899635,-2.4264099164897996,2.4601871420513937,-0.14809827996079994,-0.18726395084842248,0.3096004086976437,-0.38948777314371885,-0.8469823340651437
7360000,-0.8385018433946597,8.47269692918624,-1.0056236315320002,-3.1920176272800473,0.9607731200402118,-25.69286597477843,0.41164703299781774,0.2929602580361634,0.806326345912801,0.806326345912801,-2.397544555227391,2.4851234259923793,-0.13982098071819396,-0.1728847963129718,0.27714163762135274,-0.39101238410037586,-0.8604723559653252
7370000,-0.6994208007664221,8.346389099047007,-1.4084289168183186,2.3349194434736535,2.0699724599139513,-20.885348492928493,0.56262742828338,0.3929176496923319,0.9822346013446932,0.9822346013446932,-2.395362754387618,2.5075156172967765,-0.13509562967661307,-0.16031089472131377,0.238660826708945,-0.3918664449497732,-0.8739462890536701
7380000,-0.016730386806772107,9.89659939094142,-1.4929819839459468,4.213504472791075,0.7779650010099273,-15.123721774057827,0.7153406626074214,0.48903743940804106,1.1581426752187625,1.1581426752187625,-2.393180953547845,2.529907808601174,-0.13037027863503214,-0.14744504260667768,0.1997453781301879,-0.3920068573990446,-0.8858286330202182
7390000,0.0021918428353649394,9.750373372165681,-0.9622333895440012,0.6941901783375449,4.822221664941615,-12.349590162051486,0.8680538969314628,0.5851572291237502,1.3340507490928033,1.3340507490928033,-2.3801567487441626,2.5548895104943887,-0.12661386727733392,-0.13318613141151256,0.16160216347677064,-0.39110637356753725,-0.8962042176391006
7400000,-1.0751106629556089,8.44326850011479,-1.080059751313565,2.523770127962394,2.1434136218698137,-4.020213710173653,0.9768843167990888,0.7000758932805234,1.5099713675551882,1.5099713675551882,-2.3432207061770356,2.5855816827623856,-0.12611341036301946,-0.11728853009614745,0.12743202285685626,-0.3896801029236096,-0.9045185999436053
7410000,2.388766094722981,7.4667563466527,-0.4560683046739803,4.140835898401152,-6.8209999787095725,1.0472841301971814,1.0800375876679509,0.7680253817524973,1.6858708274468839,1.6858708274468839,-2.332816825739702,2.6090630064808558,-0.12668706573744926,-0.11097924511918723,0.093248056339511,-0.3941231144280661,-0.9075546142327746
7420000,2.8915869678780397,8.18087253056052,1.474351988458983,-1.262752604072962,2.720690760929171,-10.138857224036599,1.1937459312333367,0.8592198965054206,1.861780047906656,1.861780047906656,-2.3046377650578,2.6335508734847375,-0.12913957653852,-0.11208285726580891,0.05390202362316772,-0.4059631042854257,-0.9053871895025909
7430000,1.464111237956931,6.125149233497261,0.5459579536025501,-5.782424069590547,1.173457938591698,-3.2663471155230432,1.2234304945631433,0.8848345754579846,2.0376890988745586,2.0376890988745586,-2.2900529959629474,2.654326542240506,-0.13528137478325405,-0.10348736541574083,0.025940723581104382,-0.41332781573688515,-0.9043105444467477
7440000,-1.6866328601244136,4.371331429555953,1.5545443431780999,6.0610358164804445,10.113668925228982,6.02380372882024,1.2291841000150205,0.8868986134024397,2.2135978488109416,2.2135978488109416,-2.275912963407144,2.6747388779353134,-0.14116579043580887,-0.09487011601248332,0.0008441651693878014,-0.4200805625980741,-0.90251386105712
7450000,-0.08342198558693682,3.146430046188534,0.7321555847922332,2.8820062552576275,-3.532779738569286,7.961589576145298,1.2349377054668982,0.8889626513468948,2.389506598747353,2.389506598747353,-2.2637758362443168,2.6935149150952604,-0.14589106368230836,-0.08652927382019335,-0.011247352654100356,-0.42555557123971693,-0.9007156252765146
7460000,1.4183323485362633,2.1938594512036187,0.4671132761650734,0.06338826842827587,-12.052514092387899,8.802657550431022,1.2406913109187756,0.8910266892913499,2.565415348683736,2.565415348683736,-2.2524090114199375,2.71286348531671,-0.15087895824804648,-0.08116203312653855,-0.02465426589890015,-0.4320920494806216,-0.8978314721190103
7470000,2.169262848486501,2.4479407211676074,2.920478813276378,-1.500040946080439,3.623843826693232,4.34811563365721,1.225061954263782,0.8877733999611134,2.7413266387564263,2.7413266387564263,-2.2434212961130995,2.73362554984609,-0.15693705072083242,-0.09065656572365241,-0.04445600430961614,-0.4452103843811397,-0.8897149905510272
7480000,1.8085625724731338,1.1349914835223283,3.7225480157616966,-6.060944530479437,0.7641564829007446,3.7647833543532068,1.1462380226777122,0.8664414287056523,2.9172471228070336,2.9172471228070336,-2.225566683621898,2.7460066701809156,-0.1610789176552063,-0.09349643899174695,-0.05865233846010224,-0.46102872840309467,-0.8804946511342643
7490000,2.076574534087546,-0.9255344790977608,3.4030843235945425,-4.601679278321227,-1.1235413025732484,6.67819154118068,1.0553471185238426,0.7608883040670498,3.0931625090227968,3.0931625090227968,-2.2172698047452175,2.7660452474581305,-0.1658479621974624,-0.09992836989147434,-0.061537570384451505,-0.4744214183669269,-0.8724401217944557
7500000,1.1746676790273043,-2.5609144271660704,2.4767315197487556,-2.8784365803288603,5.715174605002138,6.158994877020912,0.9524264769754305,0.6603699171978681,3.269074224236171,3.269074224236171,-2.206018919446592,2.774360479469082,-0.1703434577614014,-0.11441163265219403,-0.05823306713463187,-0.48276424911886767,-0.8662895404993926
7510000,-0.03835523104133711,-4.112439508914717,1.540670804655724,-1.0020041206281576,1.0602460828592386,10.32637301171763,0.8371472359363995,0.548031175575547,3.4449751568463753,3.4449751568463753,-2.1978814862241056,2.794486975614226,-0.1724593632759166,-0.11719726565648425,-0.0412228348771987,-0.4868161310837286,-0.8646245042352204
7520000,-0.44395973951862383,-4.113984672927155,1.4352376988843372,0.18632469865273438,-2.815221995448543,12.961192973372398,0.7240799620014136,0.44329948757745796,3.620893341523704,3.620893341523704,-2.1888312249033377,2.8062653498864396,-0.176783252364852,-0.11862142950331306,-0.018199458852833153,-0.4911182266527147,-0.862786545797712
7530000,-1.1572232553666981,-3.9837271972987316,1.227756594695311,0.7121970614869273,-0.563747990773423,16.016552820133818,0.6248395633874133,0.3684376006556808,3.7967967598123167,3.7967967598123167,-2.1804504886156386,2.8268338808753306,-0.17668727255887487,-0.11625649483469996,0.005242383059571302,-0.49461818335462854,-0.8612838077681324
7540000,-1.8486077865627928,-3.288703386159234,0.6473364008570618,1.6817694543275659,-1.6096137871831937,19.79657442298638,0.5134726894052305,0.2870195242510552,3.9727166845466755,3.9727166845466755,-2.168426423664387,2.8472066191240337,-0.17958462600979302,-0.10923895674091756,0.0271978465952535,-0.49603474751547955,-0.860974248585863
7550000,-1.532591024031945,-2.942029274286346,0.5102267530449228,-0.2468686539929672,-1.3785916636905398,20.222490432447113,0.4145240784217285,0.19357383625119587,4.14862101584729,4.14862101584729,-2.159868823846955,2.867547084143091,-0.1728978435645577,-0.10215816025902716,0.04307004638972712,-0.4968605430182758,-0.8607196304186758
7560000,-0.9266700429426131,-2.376827753487599,0.32787419375306726,1.4324684423299419,-3.4103388067482765,22.799228756132273,0.32791010497416745,0.10739067112466341,4.324525575076883,4.324525575076883,-2.145976153941491,2.8831906377218313,-0.1739241117097112,-0.09632656246607049,0.05682157869825293,-0.49754971292033845,-0.860195782790521
7570000,-1.4297295851298244,-3.8461339374910275,-0.33129014476018076,7.774229541078291,-4.9952132779473635,29.174315347787672,0.2223686538373708,0.027247670002968915,4.5004385496377,4.5004385496377,-2.137263510124526,2.9032009688821625,-0.16744191558970523,-0.09410487701102561,0.08218024419694035,-0.49456811418690433,-0.8601122368714912
7580000,-0.8988871426340308,-6.341671452149286,-0.7310063765494017,7.80864100620347,-1.8103143876649932,25.990492498130923,0.08773030164952032,-0.06680104872693858,4.67634823658117,4.67634823658117,-2.1221479511667236,2.9085792402616057,-0.1650134341574992,-0.10113868419405551,0.11728651356207687,-0.4886001499446718,-0.8586528598741124
7590000,-0.42419663710068967,-8.69091581656263,-0.8930958174632255,6.887769692232582,-2.3310166007993214,24.57302536237636,-0.019614099258639685,-0.18154448754707803,4.852261482949224,4.852261482949224,-2.113257136017577,2.9281822839119522,-0.15181407656020768,-0.11351452636318518,0.15743462091185592,-0.4808923245643842,-0.85502711338176
7600000,0.30322784732495606,-11.628106348649576,-1.2870261948180255,5.688400115418328,-1.222198061472104,25.160243874289954,-0.13237742287239904,-0.2967834616647129,5.028171913601774,5.028171913601774,-2.079666572849254,2.9540639520868957,-0.14609740026286352,-0.1374576703752784,0.20161889300486008,-0.46950063849025314,-0.8485424923336137
7610000,0.2448685284109762,-13.081004132460677,-1.380066584268952,7.037185476030816,-3.5311205978303923,31.615169970398824,-0.25400727008294016,-0.41223613126319614,5.204084995463354,5.204084995463354,-2.069231648211515,2.974059642609378,-0.12811306953806972,-0.16428915646923276,0.2515892178308893,-0.45550583211853296,-0.8379894840890739
7620000,1.0502881897219065,-13.681226810795478,-1.1706877396970803,4.891206302324683,0.5894730746733305,35.07694942829498,-0.37701972735309247,-0.5281108444922434,5.379995651139389,5.379995651139389,-2.029919732607064,3.0227391861681716,-0.11823096621817408,-0.1975451862559636,0.2996026475615905,-0.4407964093147495,-0.8227470318976581
7630000,0.42777487400873554,-12.390932480810445,-1.1236074331668535,5.282847216782989,-3.8432098320629686,39.08485882282919,-0.48910720653703216,-0.6418356609056781,5.5559086148467784,5.5559086148467784,-2.0173023695627346,3.045157392427225,-0.09985953232649522,-0.22377463268791595,0.34373677220056537,-0.4253306233019564,-0.806761306759375
7640000,5.061345974422579,-8.735152232594382,-1.2611360881320217,5.994301888488054,-6.771029052802206,30.821731480172847,-0.5662442472723536,-0.664964439381971,5.731805951202581,5.731805951202581,-1.9848014862817156,3.0876221417061944,-0.0861983101436716,-0.26033360313145315,0.3629141284256283,-0.42090385658851015,-0.7895313128550258
7650000,1.3288808052149692,-8.818553191998792,-2.3059754193336746,15.999353613983024,-1.940524871399029,20.619350269499787,-0.5085319815379029,-0.5737264816975581,5.907714383023098,5.907714383023098,-1.9520639284520882,3.123376668700584,-0.07046985814619422,-0.28276401930478673,0.38949784552965344,-0.4046847812573065,-0.7775385299347464
7660000,0.13832795339447032,-8.179265390272873,-0.21758031184883933,28.089870068172594,-8.152119940198125,21.538958210827353,-0.4155140458547486,-0.45817682613677624,6.083625416487543,6.083625416487543,-1.9371712349304018,3.1472185386043514,-0.053753514456388735,-0.2937533846864587,0.42236270924041536,-0.3958217066543799,-0.7606864448441026
7670000,1.9476141442058819,-2.7007701578116294,-1.5276983431293678,19.222586410566986,0.8003529397190501,2.776649829183289,-0.29600474747158056,-0.3397953299606044,6.259537961342808,6.259537961342808,-1.9021366020500536,3.1833238804014115,-0.035787654120105386,-0.31157509079878887,0.4306402916889603,-0.3891974529087622,-0.7523265545074862
7680000,1.3652230777602252,6.348110802421293,-0.8677898475166771,16.536440913963723,-0.9020324837587409,8.107130245105811,-0.15810121440857047,-0.20797263209170647,0.15226602713509862,0.15226602713509862,-1.875544004260885,3.2133778920908913,-0.018355350945962863,-0.2984681193690124,0.39870948025688624,-0.40572702567856245,-0.7663766128396899
7690000,1.6113527930932947,11.24720132137309,-0.0921484888148746,1.0515224496851692,-3.2571241654585004,-2.0696710337994855,-0.022660345217542576,-0.06322936457834252,0.32817918489281794,0.32817918489281794,-1.8501629362599126,3.2425894380883356,-0.0009974891475249756,-0.2811086064507069,0.36162686056627247,-0.4240355082490889,-0.7812796252560669
7700000,1.6607897331927997,11.402195020846417,-0.3431471224185771,-7.881193931535636,-1.096200590989524,-9.562500551276116,0.0983941941803322,0.0774156118822709,0.5040890564235809,0.5040890564235809,-1.833382808705273,3.26733466242199,0.016121342454395574,-0.26545057484227863,0.31538711745102593,-0.4401378416999624,-0.7977127545461057
7710000,1.6843524606847218,8.218975286546035,-0.28129429314361026,-2.291333173302121,4.718195335447825,-15.47841966665563,0.22335115281276094,0.19999260885068962,0.6799987773551806,0.6799987773551806,-1.8178560599403724,3.2914289960730683,0.02463418771317731,-0.2604308911865445,0.28130341973846823,-0.4498543066617113,-0.806644432037522
7720000,0.36638011543355925,7.364059193532861,-0.12231870317866055,-1.9857337068108802,1.361274961012728,-26.544907120640268,0.362814469007426,0.3240930459427753,0.8559098880685241,0.8559098880685241,-1.7507752713294198,3.360808530187268,0.03594303731883823,-0.25090937182121037,0.25538975133600234,-0.45748977175844063,-0.813955570520425
7730000,-0.5931431573015526,6.902658283138828,-0.46622982697807447,1.9525664810438323,-0.0164587684450081,-18.82629864801773,0.5036142211581497,0.4567597860259499,1.031813482309886,1.031813482309886,-1.690998399937284,3.421038480326857,0.035895145861662245,-0.2381782443519006,0.23361287532809868,-0.4620128489173512,-0.8217300504628375
7740000,-0.6772074643505873,9.494316895183596,-0.7097814968288636,4.182086920250376,-0.6521431176348376,-13.410323714849461,0.6530361688851418,0.5901015272132591,1.207717555100416,1.207717555100416,-1.6643327292745058,3.4542101407029375,0.041435583372495435,-0.21855158227785335,0.20114096525896705,-0.4682887189617521,-0.8321557508493821
7750000,-0.3601688420863145,9.897921291090558,-1.1055139314518925,7.4248368204530175,1.361482142377353,-8.42423431275101,0.8039876989643039,0.7387221479504253,1.3836390538512973,1.3836390538512973,-1.6288941987933307,3.4915633304276423,0.03785544975338035,-0.19980028533019048,0.1650331962935994,-0.4727045148336701,-0.8422555026587583
7760000,0.07711972094120986,9.964401678913031,-0.862511463273903,5.536417610930487,-2.8319871650144726,-11.375037271021931,0.9129687402949803,0.8940509756480135,1.559551495834583,1.559551495834583,-1.604142188823052,3.522397655121762,0.039810027176595625,-0.18016979528125188,0.12890473552096368,-0.47860736846452084,-0.8496219164310962
7770000,1.9072744324204898,9.367929572303474,-0.5754523999446728,3.391267193479637,-5.05664746403169,-5.354637988576751,0.9861306064968639,1.0327482435800852,1.735454270999199,1.735454270999199,-1.58003157532672,3.549666368881265,0.031187129086630468,-0.16477504017155695,0.09141653311986504,-0.48636479372884556,-0.8531948728338117
7780000,2.6666334248984205,8.174830891637084,-0.7215957965974216,-2.816113233337354,5.695454461738419,-4.926425660453468,1.012521444901354,1.1560386839642454,1.9113634473944643,1.9113634473944643,-1.5578776212401388,3.577850005362136,0.029110051941566566,-0.1601292422214858,0.046869368486952674,-0.4899306572547475,-0.8556458608356253
7790000,0.7897098629621466,7.227936357150007,-2.1220895536326196,-1.8794832175283687,9.480423995873966,-3.644986561053762,1.0181446083950414,1.2306768586278778,2.0872751881556013,2.0872751881556013,-1.5468762005101615,3.5926014302674414,0.019040728352184712,-0.15232543106150262,0.007971253577892704,-0.4851322609018576,-0.8610343266099072
7800000,-2.2397387056427775,6.1506054304713285,-4.405632463878857,-4.478739184657098,1.8160460595078507,-4.665727128659659,1.0055896456950821,1.2053593448238307,2.2631866416900976,2.2631866416900976,-1.5294358571438793,3.615946492477398,0.014311212616291407,-0.1271135775469931,-0.02263439245214914,-0.4694122821759664,-0.8734883697130018
7810000,-4.818810895243989,4.129518725950175,-5.277938846799569,-5.315417857825364,-1.2680672512038904,2.58225286291889,0.9390465395533332,1.138530157029334,2.439098431522794,2.439098431522794,-1.5149847696378012,3.627421122799543,0.006191964279299373,-0.09354582184968795,-0.03532472136314692,-0.45096309781426414,-0.8869236876331835
7820000,-4.770461280937841,2.1035943869476252,-4.194748839100208,-5.126989359004772,-1.540286849483073,4.311574509711904,0.8596376986579309,1.0550821353110016,2.6150105159827177,2.6150105159827177,-1.5027593262136378,3.633108690029555,-0.004185549692677957,-0.058759178917414466,-0.042271492225863905,-0.43206339627595136,-0.8989336468485537
7830000,-4.405814397810256,0.1777103426960065,-3.377754588523077,-2.1752715340817934,-2.7361586030257463,5.665863773225212,0.7669757026895767,0.9535759530488277,2.7909227465965643,2.7909227465965643,-1.5013924723404264,3.62189469477953,-0.0203401446656815,-0.029382464571164675,-0.03541847760736444,-0.41658780368537046,-0.9079299554702996
7840000,-2.9340958572603486,-1.3595204196153696,-2.5563204230201064,-1.2997034613390712,-4.5461120033555575,9.088847574700322,0.6541764905043901,0.8477388574489491,2.9668256147567007,2.9668256147567007,-1.4891869507418496,3.6328637656805363,-0.028865776977525244,-0.010844852319596116,-0.02152202291582239,-0.40515583794943644,-0.9139299418901139
7850000,-1.6894126863262289,-2.1025512382823406,-2.063715819346481,-1.5718124392239754,-1.1074784294624405,9.992998804607966,0.542481903474965,0.7525930957573288,3.142728654864257,3.142728654864257,-1.4851823111430122,3.632254716672713,-0.04326373114975862,-0.004597948476069206,-0.013508480431318602,-0.3956573500606282,-0.9182873412877092
7860000,-1.278793640016972,-2.4820280335717135,-2.3026888932659877,-0.0512703585904855,0.7025356455311854,11.565758014200345,0.433452537145371,0.6463186373649045,3.31864058453111,3.31864058453111,-1.4741139197387227,3.6431658686691004,-0.05227486750958042,-0.007429134995168361,0.0013156484102978265,-0.38507338193763574,-0.9228551173101852
7870000,-1.1641258433620958,-2.7356625338718144,-2.441112498434353,-0.6208741130879443,1.4359064749382757,13.977740416891008,0.31497685914587337,0.5440556550602814,3.4945523465358264,3.4945523465358264,-1.4717220617631168,3.6442022793663202,-0.06686006332753158,-0.011424953992138791,0.012971234202048352,-0.3736114328838074,-0.9274242366512003
7880000,-1.1393356111131352,-2.4311479770021855,-2.460421679223863,-0.8989843470664854,1.828814883480381,16.648771623546065,0.1995135118465528,0.4502787953160222,3.670464440728054,3.670464440728054,-1.4628300478320464,3.6540228079834565,-0.07596120610653817,-0.0144244882991223,0.01904240424984244,-0.36185041055668493,-0.9319300410211341
7890000,-1.4951374949210159,-3.0640946876625312,-2.5297550156249673,2.0388239226872606,1.5829950105172976,20.950614820091527,0.09536843601154561,0.3669306537943737,3.846376038930501,3.846376038930501,-1.4571509902206912,3.660012884132479,-0.08616057538741287,-0.018231981850977987,0.036844910944280024,-0.3495073870118641,-0.9360313209500166
7900000,-1.1293931978269807,-4.754319218970614,-2.4673332975262467,4.482465834545105,1.0910773385707178,23.24351507523371,-0.002423590004336719,0.2607177826827041,4.022287723182316,4.022287723182316,-1.4474778741256658,3.671213376149977,-0.09203034170716706,-0.0267474084358352,0.06688759147454723,-0.3370040152314197,-0.9387432662696452
7910000,-0.8385795302513529,-7.116250091394154,-2.2508515815829853,6.164949552332108,1.3175296312025628,23.206611303058114,-0.10634818510195274,0.14923886003924902,4.198199602044738,4.198199602044738,-1.4390521078795624,3.68147161609952,-0.09751144574504245,-0.04075836999476952,0.10703443832144859,-0.324509080419139,-0.9389229153738375
7920000,-0.8971654203387389,-10.240538020519134,-2.0333778799430933,7.188067112027365,2.43503589721505,23.443879645465643,-0.22101314810231767,0.03898044530372806,4.374111920587623,4.374111920587623,-1.4283992805202128,3.69442709082909,-0.10348534781864066,-0.06109095107800137,0.15780989117790412,-0.31105083488296664,-0.9352065611732057
7930000,-0.5679422504014571,-12.998898052718461,-1.9543778347573182,8.099681476980336,4.26812767239084,26.83022266415397,-0.3413709917062632,-0.08480178498346556,4.5500244580009195,4.5500244580009195,-1.4106736254620995,3.709291178644282,-0.10315771772999857,-0.08598306928448868,0.21464466821442246,-0.29587849745658035,-0.9268174000019507
7940000,-0.1845561670269119,-13.925980198132661,-2.030454502437712,7.6347386788013685,5.1967451709480015,32.44514698185965,-0.46725601445156234,-0.2124075182842112,4.725935447663218,4.725935447663218,-1.3935427272083885,3.7250033159935647,-0.10165755826072487,-0.10971669416098696,0.271366795346259,-0.2791793072694149,-0.9145388038779195
7950000,-0.19792167291909388,-13.616411749839141,-2.5171483273265345,6.6672126631197814,5.64631633995962,36.7155687308942,-0.5968451012346647,-0.35305469220042757,4.901846978834058,4.901846978834058,-1.3752268734139068,3.7402794545171836,-0.0982239048585801,-0.12943582013893393,0.3242113266406198,-0.25914436515697165,-0.9005429374273506
7960000,-0.7365360532927425,-12.756653047423981,-2.764888692162277,4.349073681658757,8.042546887120526,35.83965859524133,-0.6964243029135153,-0.5252873654972339,5.077751209474073,5.077751209474073,-1.3546347741348448,3.753287211960008,-0.09206033783392742,-0.14707156975566224,0.374204218916,-0.23645898164230092,-0.8845497758270915
7970000,-3.2178387281538186,-12.674706561885197,-2.400717058920599,1.4509080083916515,9.28138468354931,27.744929285073514,-0.7960035045923658,-0.6975200387940401,5.253655660744002,5.253655660744002,-1.3252525514881601,3.766657102851744,-0.08341016771678592,-0.1535829076003646,0.42668834237051906,-0.20918890207934124,-0.8663655996315622
7980000,-6.07670327940843,-13.14932656492425,-2.0357509688227293,6.344484687650497,0.997249994061509,21.502760748632767,-0.8344154775718666,-0.809149204215748,5.429564229299231,5.429564229299231,-1.2989535633077183,3.7823814715962047,-0.07557352295703199,-0.14311443457625755,0.483078169593235,-0.17731181339414678,-0.8454077486687989
7990000,-7.694737949310162,-11.608781827633823,-2.595897380364787,11.56983453422515,-2.3109809313580607,8.5869223559212,-0.7405716311891045,-0.7740903242862557,5.605476744086914,5.605476744086914,-1.273165796780991,3.7998013618047572,-0.06695815377152299,-0.12601858716953224,0.5367924195618022,-0.13921811349234103,-0.8225518408370471
8000000,-7.1469302938304065,-10.141300569552572,-2.5815821329765933,23.209059316117585,-4.02081054721599,11.666715285099803,-0.6506840062380933,-0.6794351442033464,5.781387827969937,5.781387827969937,-1.247200125387749,3.8172191008128884,-0.05856740600543996,-0.11441261281822207,0.5761532212204518,-0.10230954141665394,-0.8028013312398771
8010000,-4.928800738417726,-7.6460574377759745,-2.771822214271369,32.15618280163616,-2.712216631128248,17.81079631291156,-0.5230859175757645,-0.581362926797462,5.9572994191330935,5.9572994191330935,-1.2221824189788595,3.8389844681518626,-0.04830128154656672,-0.10806893093655788,0.6044947199365369,-0.07164866010606466,-0.7859858199993706
8020000,-5.059635767848247,-2.6325327355028354,-3.1466265338217703,22.82394550207498,-2.1464946722284792,9.442210837539085,-0.41508542008574606,-0.5092852063922177,6.1332111626759485,6.1332111626759485,-1.1963428858036649,3.8612113559348,-0.03640597440844934,-0.09449972478948314,0.6182318080469874,-0.04293867794686111,-0.7791119967436265
8030000,-4.999965174617135,1.815118252104842,-2.568951106107403,15.273461160073415,-3.75526541625611,11.125198464060182,-0.30466418713768967,-0.40631836670921917,0.0259374392856202,0.0259374392856202,-1.1732308407537386,3.882815136602313,-0.02404491425208357,-0.08055897133486978,0.6076168662294268,-0.01955069666936828,-0.7898922497852101
8040000,-3.467288327897915,6.98871770368424,-2.061178672073508,12.052212754028789,2.5855957033336447,4.068488120992224,-0.18878779117998343,-0.2919173478238733,0.20184807938880311,0.20184807938880311,-1.1490371142955977,3.9052258901848522,-0.011981774959014086,-0.0732951813814108,0.5790233320405171,-0.0030387414234227346,-0.8120040414859552
8050000,-3.000142238921936,10.928588694137382,-1.6147305341285745,6.411626975863832,-2.2881551042310635,-8.950987090502329,-0.04897716456160596,-0.14269492325786576,0.37775996394008615,0.37775996394008615,-1.1303779658337676,3.9251032995124375,-0.0016519592321297856,-0.06516214784625873,0.5391843437178763,0.007520473061905668,-0.8396294304409003
8060000,-1.8023726658835955,10.788389974965204,-2.099356196073007,2.049572686174032,-4.931326252609591,-14.949723074036834,0.11214034688181258,-0.0023245424501737175,0.5536716359560998,0.5536716359560998,-1.1117197907239447,3.9455269706527125,0.00831505358336896,-0.06225748436702554,0.49902940330396545,0.016170655534615448,-0.8641945210298193
8070000,-1.6389318886759108,9.554366212494001,-2.5224588455986905,-0.7255297158364531,1.096095595884147,-20.856857822236297,0.26837512992201085,0.13375792678747997,0.7295836078811462,0.7295836078811462,-1.0922274001263574,3.965889636587597,0.01396375812122069,-0.06316298029793924,0.4631885516530237,0.028173561329938215,-0.8835570462508037
8080000,-1.9803797809108188,8.326055850744819,-2.907259254320467,-3.239619650991586,0.9930710390711149,-25.492121979014843,0.4189333209603889,0.263064305753332,0.905490527713134,0.905490527713134,-1.0723359565026485,3.9871720150966787,0.019476641500858108,-0.06339344449993413,0.43165953827658127,0.04307326283279378,-0.89877472607891
8090000,-0.6336273836741955,8.187162279466243,-2.9397101300752313,-0.115468416494356,-3.5313428555942203,-19.08093929371123,0.5712176146626677,0.3885629479202744,1.0813895824945163,1.0813895824945163,-1.0532461163314186,4.004841336586749,0.019165883023989326,-0.0681362285117216,0.40063265813339505,0.054127399379922655,-0.912097117766269
8100000,1.1292671831681007,10.08584344964774,-2.513998636924913,2.9002447630631036,-1.65103069594234,-14.30616093686251,0.7117891272488935,0.5198235276787364,1.2573013725525684,1.2573013725525684,-1.0339432665360677,4.021880277340142,0.01983459831367411,-0.08089497118429832,0.36109339940814905,0.059050097615823784,-0.9271357217325413
8110000,2.778256278519742,10.69762426810793,-1.9690767966896447,1.6100447937835616,-0.6679009148471553,-11.457384495376713,0.855685829592984,0.679551941653097,1.433213590582902,1.433213590582902,-1.014522755395655,4.0398500048092165,0.014359077414426345,-0.101185128694683,0.3185024932434757,0.05824488762978192,-0.9407046638524359
8120000,4.1746934565453495,10.24870927129384,-1.1892937595619308,2.3397261107058105,1.7049295243394182,-8.165335642345374,1.020300399294042,0.813499183163625,1.6120642260321674,1.6120642260321674,-0.9945951349317956,4.057356521151651,0.012320684661322644,-0.12843669845386096,0.27749304825324006,0.05201269587964994,-0.9506820194622007
8130000,4.038736349097465,10.244035651510153,-0.45758245087148747,-0.5787653863095241,2.690217949172944,-6.671104354189287,1.1812944901594071,0.9929668825787354,1.7850374546775285,1.7850374546775285,-0.9768488012256609,4.072360700746017,0.004107763349307986,-0.15560577295725556,0.23325954685997602,0.042597362335049425,-0.9589381064193613
8140000,3.661087109680227,9.789843074710554,0.6126830241210057,-4.101817445364611,-1.448822338296796,-1.1917305254579482,1.2607197005164175,0.9618014645900814,1.9609490350365135,1.9609490350365135,-0.9602493031201382,4.083861318684016,0.00010576418415653502,-0.17732027180337542,0.18563077279818577,0.028890164563873593,-0.9660559485813427
8150000,5.4763435853370765,8.512311082902213,1.7534339858756176,-5.390077353845566,-6.558727852564502,1.3624528381585999,1.3100427653883042,1.0567823696219365,2.1368608205449036,2.1368608205449036,-0.9432780164732193,4.097210570221972,-0.009883658304745763,-0.2013899378120443,0.14447060738007653,0.007750780538168096,-0.9687673931095854
8160000,6.321004183545192,7.432347558221044,2.349346761511837,-8.071597308216925,3.235640845791881,-3.2599766619468196,1.213320363991031,0.9301050764579457,2.3127733190428543,2.3127733190428543,-0.9298930051620102,4.103528937832539,-0.013813864808733924,-0.233560732980763,0.10860804214465442,-0.01468448056643869,-0.9661459740750813
8170000,4.353034864145005,5.9181283903766975,2.4131494107293174,-13.351940955534095,-15.743036295103375,0.6971022189724501,1.2043029936299547,0.8652552737419125,2.488682389521067,2.488682389521067,-0.9161245000197915,4.116477279294487,-0.022589910575159196,-0.24901850825507352,0.07782535053399373,-0.03503796288320619,-0.9647307077716942
8180000,6.257040226318659,3.5491147590071797,5.474967969761629,-9.190020174613709,0.16832705228172623,0.3587434669962674,1.1086355324992017,0.8685115051380917,2.664579299168416,2.664579299168416,-0.9011858014898431,4.13049652602443,-0.032790549572168017,-0.2762606805866471,0.05916291532362113,-0.06653301192246709,-0.9569499172562468
8190000,4.499530504990143,1.0340686212645627,5.21092145647142,-6.773677030270594,3.425005932465249,2.931553692902944,1.0140054938988523,0.7526376169422638,2.8404930935373542,2.8404930935373542,-0.8874469808983925,4.146254311244698,-0.04477084780436455,-0.29659098965309905,0.05266708150064588,-0.09216609953345346,-0.9490865995680211
8200000,2.9800718319275212,-0.25699627006785336,4.674240551132892,-3.7169980146004207,2.1833999219662785,6.649997923544169,0.9558012437068338,0.6974260183767621,3.0164025204611207,3.0164025204611207,-0.8814362823751216,4.160144018684155,-0.052423443261082114,-0.306535274347475,0.05348895017162389,-0.11330840476422993,-0.9435763155145647
8210000,2.0034611182151334,-0.5106963380996333,3.8454858870701076,-0.8291420823548324,1.9827454859526796,9.704443967301222,0.8443403060966985,0.5943374245732308,3.192317571707939,3.192317571707939,-0.867958118749767,4.177691067645127,-0.06182865322177846,-0.30942631863391784,0.05771213118418736,-0.13091449748741757,-0.9400989615984359
8220000,0.9135451955458165,-0.41551831067998013,3.299710885551685,-1.0165351063492543,1.2802215319331316,11.900673451574805,0.7472638418714197,0.4852677646991637,3.3682260583961963,3.3682260583961963,-0.8625767247565492,4.197399374345112,-0.06885906503509898,-0.3071333015359039,0.06166283074320527,-0.14591706227941229,-0.9383895999680179
8230000,-0.4438260094302692,-0.04725667564706606,2.190529436015754,-0.10227560884085704,-0.18630400550429693,16.50961264349205,0.6441367494263188,0.4206468331578105,3.544140975400829,3.544140975400829,-0.8492408714855862,4.215930457550375,-0.07530357921514433,-0.29823933427122296,0.06421094104838826,-0.15623715933400134,-0.9394254651574973
8240000,-1.7773387640969611,-0.08379488101209552,1.1302732346187572,3.0845735713476667,-2.160551484826453,21.319419734675076,0.5359793532166425,0.35435653967291353,3.720051066829619,3.720051066829619,-0.8439705234403465,4.239157617423931,-0.08028726872902886,-0.28311501265867617,0.06807843547898829,-0.16165632677881434,-0.9429095652512981
8250000,-2.0372164114554816,-0.08575516076607513,0.6957800526019631,4.499943578416979,-2.0048335223342244,23.269090996103294,0.4427913102626784,0.259109656622602,3.895964448508515,3.895964448508515,-0.8312485231000508,4.25733647578227,-0.08013886097908396,-0.2667336568010278,0.07194838714514029,-0.16506917425587764,-0.946799215054199
8260000,-1.8849547807487004,-0.6970319317857595,0.2285813804134514,3.7748429618321415,-0.3761011136302875,22.356181578399486,0.3559805947506813,0.17074146761226744,4.071873654774144,4.071873654774144,-0.827990414876263,4.278692107263691,-0.08270601214256193,-0.2515505457838063,0.07745526958704983,-0.1653730243957907,-0.9504602921381071
8270000,-1.6608043180771086,-1.4289059245408307,-0.21481604700708776,3.0327587421150395,-0.2066603405269217,20.214336027551248,0.2425011867442676,0.0870002014052506,4.2477885996895495,4.2477885996895495,-0.8141502044915202,4.295546570703268,-0.07692863242379186,-0.2393425307323559,0.08810391770781467,-0.16141287255277514,-0.9533618081512536
8280000,-1.901639644141581,-3.8245245775865957,-0.748769781494648,5.131306171986436,-5.200751089447209,21.58054639659076,0.1280990182456915,-0.011748448904804493,4.423696218246555,4.423696218246555,-0.8051053551790432,4.309330588834802,-0.07633327286898423,-0.23309047399463168,0.12310983856959956,-0.14700739101634808,-0.9533633229608174
8290000,-1.2039508946710549,-7.105660846707129,-1.1497040402401542,4.962593471680803,-3.5473665398032983,20.758674100904656,0.01482132770832525,-0.12091189646269454,4.59960099933803,4.59960099933803,-0.7960605058665663,4.323114606966338,-0.07573791331417659,-0.22649530327532685,0.1579345392117871,-0.13238551157060727,-0.9519614673107137
8300000,-0.5425418566605884,-10.364889779784688,-1.5512884792696542,4.889360299704605,-2.119250263960655,20.55125122918335,-0.09845636282904102,-0.2300753440205846,4.775505780429505,4.775505780429505,-0.7863766171562238,4.337307768664987,-0.07429145515395015,-0.22079909595304015,0.19567191099182132,-0.11654581412678876,-0.9483550683602914
8310000,-0.06817752586912769,-13.234479953196429,-1.9312337963334998,5.597318414034522,-2.3663998615672175,25.024641526932093,-0.22649754155110327,-0.35253802325172295,4.951419012909746,4.951419012909746,-0.7731957610019967,4.352564068141228,-0.06787795440395138,-0.22323321626493814,0.2539670014908844,-0.09355490673829206,-0.936437490030664
8320000,0.6928054221970512,-14.071583926471293,-2.1112567480342554,7.298608306179785,-3.6527413007454888,33.95563269934143,-0.36567770906513053,-0.4778813412167921,5.12732751011756,5.12732751011756,-0.7649118980640819,4.356728131732106,-0.065528356300706,-0.2296822089222747,0.3136952181229096,-0.06963797930815385,-0.918690342209649
8330000,0.7174759741648242,-13.377984102638333,-2.2263182953537597,7.296271476567762,-1.2319694501429035,38.35865792423504,-0.5077096852078962,-0.6278109461251921,5.303240929476452,5.303240929476452,-0.750751676796321,4.371516043730382,-0.05584945355143117,-0.23640198801527143,0.3679065127381309,-0.04570661472583136,-0.8981479851993209
8340000,1.641592256361796,-11.46035938981628,-2.0406040845731215,5.357188573916418,0.7624164734555361,36.99106392400945,-0.6861197549419367,-0.7123862135642248,5.479150512601329,5.479150512601329,-0.7314718025728347,4.374299071386413,-0.05090078573073745,-0.24695817054872032,0.4120083159031598,-0.026193364602781256,-0.8766839323705307
8350000,4.4835407570808,-10.359623663006229,-2.1309948090664506,0.9041084514629784,14.409771972157298,13.052701023089119,-0.6294024955287398,-0.6764931687868735,5.655064181447379,5.655064181447379,-0.7158730342575264,4.389495501819644,-0.0466255200856126,-0.2746197851695242,0.4489050322096765,-0.010999264812774339,-0.8502630544859939
8360000,0.36838096584589436,-7.180144410029577,-2.012414810257115,9.342128985316442,-6.408025256081522,4.743749600828522,-0.5936459513850935,-0.5915961545371722,5.830974160164423,5.830974160164423,-0.6789285495572459,4.402187921327713,-0.04071590044669038,-0.2752731598886362,0.47860069337724664,0.0028880565139374585,-0.833761190553576
8370000,3.6464920285970464,-9.047829323604603,-0.6481266127956419,30.788937252914554,-2.5842663920198645,26.263614613563533,-0.5142472967776794,-0.48011671636438324,6.006887355133607,6.006887355133607,-0.662181055910345,4.417429547202364,-0.034906871841022764,-0.286383440731477,0.5142938402035172,0.006460081176967703,-0.8083592259352935
8380000,4.01076720625501,-2.6830767741722372,-1.1759816368708453,28.757364205617748,-2.2415463583083217,16.12709232014746,-0.3809054939819269,-0.362012747383142,6.1827975333889285,6.1827975333889285,-0.6136184496071347,4.432647486912408,-0.025996268855305538,-0.3001013060844454,0.5239122559999772,0.0010315407251001662,-0.797153743027753
8390000,1.446088490545781,5.564801369387174,-1.0431466577089712,18.486269822580088,3.4589166768572834,2.677963358013933,-0.2459071919178203,-0.2120429826499423,0.07551294645068651,0.07551294645068651,-0.5958259225418805,4.448014362716793,-0.015046933109107027,-0.30453975988118265,0.5047854457976702,-0.011366124447778358,-0.807662057779983
8400000,0.8494084107362443,9.98171963358909,-0.4565071172598818,9.288111788061592,-0.8669492368650621,7.297899213793322,-0.08940044592494362,-0.07000751655409601,0.2514322364389443,0.2514322364389443,-0.5438093090189252,4.469387451399461,-0.0044986441501842014,-0.30339849452921275,0.46213877371725937,-0.02961493514245826,-0.8327665116712025
8410000,-1.2897486402835467,8.627515898104093,0.42314624951461177,-5.441463769704376,6.526757581870617,-9.571706086709465,0.05547003037417144,0.05708723875574263,0.42733624877584475,0.42733624877584475,-0.5247640824986748,4.4849741484326655,0.0037984354417816696,-0.3018098350174555,0.4280258518284491,-0.03829634583946151,-0.85102178794001
8420000,1.144582665774404,12.697238715638864,-0.4628425871080209,-6.421470967480057,-1.2755312106837144,-16.294211866380316,0.20812737132970885,0.18917269122307032,0.6032415212809497,0.6032415212809497,-0.4720575463353342,4.498819683172029,0.011623608553395365,-0.3092331173887411,0.3763343082698056,-0.05715166433392703,-0.8714821023939563
8430000,1.0789671095078721,8.616169645327917,-0.5370894685147116,-13.257058480596923,-3.288274483757985,-32.835881170996146,0.35149055996667444,0.32525987343822127,0.7791547528653666,0.7791547528653666,-0.4505536695082821,4.514277486463528,0.011146686057457,-0.3171486313446105,0.3412712390208219,-0.06911716623001597,-0.8821414310561351
8440000,0.20790867163428856,7.945844828990871,-0.49689656995004405,0.6066145665542935,0.4791604110429323,-20.410200687532157,0.5085638220122028,0.4528767051679769,0.9550653074093418,0.9550653074093418,-0.39500810796390856,4.526585785973507,0.012650501090617224,-0.320683045597316,0.31049278933231067,-0.07958657593854936,-0.8913038701640696
8450000,-0.5219020574118455,9.624596968399784,-1.457091072618579,3.169842707629477,3.589166622565416,-16.744316680512892,0.6589661066387369,0.5842648283400427,1.1309777257763187,1.1309777257763187,-0.37057982090196795,4.5417552732375714,0.011227577206458277,-0.3216803644489496,0.26999455879822143,-0.08707826029062828,-0.903350462407643
8460000,-1.2379345592698987,10.695408673244417,-1.0917905172404625,2.0785710107517072,2.323654774911476,-13.658927905540143,0.7925674157471484,0.7256381514141488,1.306888586797669,1.306888586797669,-0.3221623727200831,4.548098442858223,0.00919709317204824,-0.3180677969151432,0.22487795793052937,-0.09717667933526986,-0.9158708826007695
8470000,-2.15408677896704,10.559171563153882,-1.5123894941829512,1.4236245054480938,1.8241638614178821,-17.192853498189194,0.9558119896188018,0.8488474744780018,1.4828011060838548,1.4828011060838548,-0.2958843892198078,4.562252186683269,0.003156344723861615,-0.3104074902110521,0.1793013742478137,-0.10406086250962508,-0.9277227733043283
8480000,-4.375928284170419,10.044401990455064,-2.394052490102424,1.9317351450163052,0.8617481312953055,-9.999513438866018,1.1324495232053278,0.9426826644623943,1.6587136297550842,1.6587136297550842,-0.25106153573880596,4.551368371011334,-0.00279131994469747,-0.2924781448421068,0.1358956453998755,-0.1043683256978876,-0.9407954936871725
8490000,-6.677115587481418,9.573506666681586,-3.171682300557683,0.5824835560139565,2.867516532298631,-1.7926357244262785,1.236590205643675,1.0249981481460886,1.8346253951065137,1.8346253951065137,-0.2232807768432961,4.5620895438531495,-0.016367668502006782,-0.26484966874158394,0.09052243584603914,-0.09740706571733279,-0.955077067636069
8500000,-3.9222665144193796,8.148947907932314,-2.6312867656307004,-2.3486481496194114,-3.2519200434323143,1.029927038837336,1.283473097915158,1.057030366266281,2.01052579479051,2.01052579479051,-0.18592921348015623,4.552772709617781,-0.025254826449631985,-0.23897777813985654,0.0474081272576722,-0.09341808497736011,-0.9653575256993757
8510000,-1.4638956577943638,7.848031178621818,-2.8045567134214298,-0.7963624063589185,-2.7934411617634094,-1.1952799883247638,1.2903141553399837,0.9943187457793501,2.1864306070552004,2.1864306070552004,-0.15788138685371994,4.561675243440374,-0.03975113506281692,-0.22295731769651078,0.006174757754302124,-0.08890980642892657,-0.970745565621097
8520000,-5.141331811663591,6.236571245925675,-3.2670141330925215,-5.949342111300807,-5.854325086074392,2.869981248141582,1.2610196653325934,0.9239342578380367,2.362353671643575,2.362353671643575,-0.12662899573729675,4.550476056191922,-0.05090004778855467,-0.18924412379775413,-0.029235835809077064,-0.07893413446630813,-0.9783155574397353
8530000,-2.3733650877548422,4.251568372529035,-0.6450951889589293,-5.680457854080338,-3.0589649624904505,3.30719775408937,1.1759718627541764,0.8875871295233009,2.538271254606343,2.538271254606343,-0.09896493603334462,4.557104880562039,-0.0648239328662476,-0.17121652973231155,-0.05539074070244263,-0.0789496070623828,-0.9805017722245865
8540000,-2.083999976082504,1.8097599643566291,-0.09438234123805676,-4.192211184363267,0.9351959918886386,2.2908128777048526,1.0786392937236124,0.8180897412422015,2.7141711459234443,2.7141711459234443,-0.07389233554381543,4.548286298496756,-0.07906861897609252,-0.1602843658652419,-0.07082286890032087,-0.07927367765301695,-0.9813300807227254
8550000,-2.9587623246176094,0.18216129661281788,-0.03307349865614758,-4.680026168617235,-1.4339925123565174,3.642122977983619,0.9802334023313681,0.7263794422141503,2.8900787012001103,2.8900787012001103,-0.049161383357151825,4.536060840031871,-0.09327151732059574,-0.14145761327500553,-0.07659241612561689,-0.07898919526749278,-0.9838109841171592
8560000,-2.5944056615052205,-1.0255955439261861,0.5001377781417092,-3.3512647319370084,0.11713290519281422,5.20951100153858,0.8729975546892019,0.6392002509476822,3.065991914319227,3.065991914319227,-0.022797276829185323,4.540137810710911,-0.10666311031117726,-0.12530167966083483,-0.07682473352802523,-0.08046980952132128,-0.985861074973611
8570000,-2.474784693675378,-1.449520388275092,0.5698373856491965,-2.5533453601356624,1.2725875739279147,6.491389640721571,0.7779688908750461,0.5407790727699545,3.241902349097444,3.241902349097444,0.001454637484887708,4.532806574615364,-0.12246359633344381,-0.11121760322883874,-0.07570138936542023,-0.08214596726650215,-0.98749784022145
8580000,-2.3966338053391394,-1.5198962351546677,0.6918054089549939,-2.1357050243233497,-0.6595880615078826,10.353616998218925,0.6856233220859964,0.4359613022819459,3.417812418641091,3.417812418641091,0.02742052098529757,4.535842119636755,-0.13665193619999536,-0.09362110652477357,-0.06875574874899712,-0.0849324720744584,-0.9895929519829673
8590000,-2.9008695289708326,-1.9561216008228686,0.20489245695349542,0.628898822577807,-1.8111342942820416,15.421443636883879,0.5747777830972919,0.3551884803197093,3.5937247012312525,3.5937247012312525,0.04920171217125237,4.528151569042409,-0.1510526731710385,-0.07370545141888557,-0.05406821916831422,-0.08593730963578684,-0.9920982375348061
8600000,-3.1700267133836975,-2.4245584119939103,0.0708235361813633,3.5902517728924255,-1.5148295902823827,18.745607192246794,0.4664597079382457,0.2696919532022812,3.7696359799776076,3.7696359799776076,0.07411248080315244,4.529813051938276,-0.1639995811630436,-0.054626168377069594,-0.03429983787493818,-0.08651072758638635,-0.9941606494237575
8610000,-3.019666053609419,-3.6318668680675064,0.20246972126396126,3.9454239935530024,-0.16336164132315728,19.806541890792005,0.3590464210376664,0.175907516375522,3.9455368201936096,3.9455368201936096,0.08885370404053576,4.519800114119106,-0.17449673569356813,-0.038651805087613234,-0.007436686060115706,-0.08738794299282991,-0.9953964441785969
8620000,-2.720857011580528,-5.660460256870586,0.1424357616298451,3.4682620662979042,0.8012914222653532,19.605970389541515,0.24586450946944055,0.07762954013862072,4.1214413253090925,4.1214413253090925,0.10302963159584205,4.51087254198777,-0.18455184423812276,-0.02695319400883504,0.02980813080110354,-0.08737373020272259,-0.9953646728417321
8630000,-1.8713741475119385,-7.676022744483142,0.24399431920152712,2.676963449370324,1.4727791754942356,18.47339168735664,0.12209821365184693,-0.029706433047824245,4.297354125397163,4.297354125397163,0.11822732935650085,4.503953492809695,-0.19466558697624445,-0.025455210500406167,0.0745290336785966,-0.08721612356823248,-0.9930713988364812
8640000,-1.0650380129208945,-10.530228113059161,0.3677240890457901,3.6665312177065803,-0.6559483399804462,20.744818668713073,-0.008965681164106823,-0.13595842474052638,4.47327499311487,4.47327499311487,0.14004272692059178,4.50440687836336,-0.2035468480530022,-0.02066378675950757,0.12949617279133852,-0.08769441555389028,-0.9874783231189509
8650000,-0.7176557614756851,-13.082100963405088,0.46543905743821695,4.885304749663792,-0.6133841603876422,25.72500104200495,-0.12911870451502208,-0.26198888483147964,4.649185864728736,4.649185864728736,0.15785094309178543,4.485080930089649,-0.20855755264576445,-0.018889355666738387,0.18925381403859007,-0.08842808762259789,-0.9777559304007072
8660000,-0.29448629791875314,-14.504927341894396,0.38181358955414246,5.957722518190347,-1.2859521643192566,31.387382305509902,-0.2476041039714041,-0.3861908716584664,4.825089442756621,4.825089442756621,0.1791053982390492,4.477674273775176,-0.21305399914486525,-0.021326426676164512,0.2527773951102852,-0.08890278642181133,-0.9631952380555683
8670000,0.598510670535932,-14.465242518622873,0.4718300413029715,7.127969455662407,2.315606528491886,37.040125715555384,-0.36305513349783697,-0.49861689956453975,5.001001575136797,5.001001575136797,0.20227653751580948,4.454177081841886,-0.21416541005558312,-0.030276517174244504,0.3148528427820969,-0.09018473779899336,-0.9443610183441271
8680000,1.3075847968805503,-13.998517370181956,0.5076191360650183,6.51403976070581,0.06707717452772878,39.9305209017369,-0.46982476877991713,-0.6138461190090359,5.176914264466177,5.176914264466177,0.22578607087039276,4.442706332112405,-0.21399950292948763,-0.041552020781852335,0.3735085068270451,-0.09257814597899014,-0.9220597116151799
8690000,3.488754972298434,-13.48686525283419,0.08855935884908486,7.781553623290587,-5.623709188612458,39.47814457796317,-0.5830455533992707,-0.7003986682102518,5.352820464139711,5.352820464139711,0.2569749353903172,4.428495585518079,-0.21097162202242004,-0.06164790942096336,0.42782585825488323,-0.09767926567631319,-0.8964504065085996
8700000,5.190865743182074,-13.350232429141503,-0.4714344928596436,13.844190551701846,5.483370724414188,29.838962773077494,-0.672048175059109,-0.7604205212277955,5.531796140326918,5.531796140326918,0.2850411000349232,4.420267678299566,-0.20673179430781796,-0.09411375623038506,0.4792396542413967,-0.1015163426086916,-0.8666985559432697
8710000,3.9798078500395815,-12.034992102344866,0.16578223296423447,16.525994160204213,0.6593706266673277,15.232800317560182,-0.6531404523920437,-0.6948705996305746,5.713658278506983,5.713658278506983,0.32116572845754493,4.41478992089961,-0.20128364750518585,-0.11395011432600835,0.5272773773701084,-0.10764761967638545,-0.8351083335333197
8720000,4.129090933157373,-10.411769961834773,0.6657223082277376,28.954519437021347,-5.402368829513894,18.38542385653879,-0.5822505513612635,-0.6094539911406466,5.880560309244174,5.880560309244174,0.3529924867757991,4.410904355231746,-0.19430092341485733,-0.1296068013739365,0.5665037292448396,-0.1186689788341189,-0.8051045120055991
8730000,4.248795519295449,-5.553238189667703,0.4533627504302639,31.80388032024496,1.4275184300060968,16.026417329788618,-0.434519580717051,-0.48899048984591476,6.056464650317736,6.056464650317736,0.3898393846532607,4.407508450323557,-0.18485548935607501,-0.14920531995266084,0.5825744364238414,-0.12824625731468814,-0.7886049048845959
8740000,2.604262181514016,1.6759617195539118,0.5593824309561983,27.106914782995705,4.550662535628173,15.186634935693387,-0.300037726665758,-0.3609113822800213,6.232373541575868,6.232373541575868,0.42318154001357566,4.40470292804872,-0.17322634298206685,-0.15778500311048343,0.5701946516708646,-0.1383344040543087,-0.7942578577856851
8750000,2.147900521161626,8.298899393552764,0.790004959433358,17.48496439697736,4.946872771077152,13.406937999991234,-0.15524426300330896,-0.22894183258134665,0.12510374968457683,0.12510374968457683,0.4601142213354936,4.4021368129410705,-0.15900969006053453,-0.15893933426639573,0.5310726007270324,-0.15321280285930142,-0.8180623557040001
8760000,2.115265371785278,11.626673329428643,2.0000307437702007,6.367036125895419,3.4103656488453873,0.9099895358406982,-0.0014170305323380425,-0.08038395059603176,0.30100571518392627,0.30100571518392627,0.4945335084390659,4.399798118846777,-0.1428866444817177,-0.15571126727480256,0.4840183233867547,-0.17445683666075265,-0.8432348878052149
8770000,2.215721539870544,12.662637622048933,2.228223876701377,-4.6010003776028014,-0.22056404543743427,-14.945187444922285,0.15184032218726248,0.05847714157462098,0.4769178329391721,0.4769178329391721,0.5341520085968777,4.39829816407154,-0.1293563566203671,-0.15052556291354044,0.43515757053126697,-0.19772301010410787,-0.8653817394619892
8780000,2.2204132704560924,11.237240786545595,1.71363116578216,-10.073195993914945,0.2975176624489155,-24.736877785620397,0.3011742868936982,0.1940584592830282,0.6528280442180474,0.6528280442180474,0.5829382847654674,4.404521321550882,-0.12057185022638048,-0.14800775687242862,0.39366026656539893,-0.21635067970424518,-0.8810889182283264
8790000,1.619722405928388,8.389713849603147,1.7661312988871247,-7.163110182008289,5.524352908240013,-28.754446127803185,0.4418607071776537,0.3224108220007955,0.8287396688528545,0.8287396688528545,0.6311962960916104,4.416936370685946,-0.11377543141527238,-0.14681186065710544,0.36085018012615494,-0.23186038556682378,-0.8913328147656879
8800000,0.34365019955688153,8.181461580886829,1.1622460781332649,1.7441138424515124,9.310589468668491,-22.462115125015885,0.587625191819902,0.45020638159340787,1.004652030129428,1.004652030129428,0.669831497558631,4.422660584907558,-0.10866194368634083,-0.1415732033143079,0.3267695007697915,-0.2423229020784382,-0.9024734525725788
8810000,-1.665185703486587,10.462023286180749,0.4337387928508266,6.934780951037696,6.132775648906364,-12.749402965611521,0.745266751864435,0.5766996353791053,1.1805645185622282,1.1805645185622282,0.7110503386314029,4.392282316606242,-0.10673138325657056,-0.12509055999237856,0.2871792424220433,-0.2472367888264663,-0.9169266081718165
8820000,-3.249360730024599,11.894971813811653,-0.18339033620043055,7.00734958671914,1.936353050148786,-10.632988564053072,0.9046004944084273,0.6975423584836566,1.3564751623823739,1.3564751623823739,0.7524685813051493,4.361371464052958,-0.10718578050749805,-0.0990342673059022,0.24287843822424413,-0.2479239251578497,-0.932596378654378
8830000,-4.539287607267082,11.21401842315022,-1.0175514783457233,5.069934155061848,6.4420137211709765,-12.880149459242475,1.0676796588856703,0.8058783800034606,1.532387715529616,1.532387715529616,0.7757556826965362,4.328118226899534,-0.10935833460291097,-0.07025843567568045,0.20035200690173666,-0.24180008159903102,-0.9468133639136886
8840000,-6.539843146303145,10.400144860256601,-2.4760622584793617,0.15191516501427765,7.439692641807065,-10.996370887693958,1.1971073728939299,0.8933988606176969,1.708293023701465,1.708293023701465,0.7981311814297992,4.291311626941119,-0.1133947888649014,-0.03649428166742328,0.1593253421394203,-0.2252390945915076,-0.9604951603341546
8850000,-7.416107826616867,9.6508691601434,-4.0156595167185385,-1.9697970876051984,0.7301442237645921,-2.2386740113317214,1.2425652494683994,0.9289787098006689,1.88419334767989,1.88419334767989,0.8226198046575033,4.273866835579241,-0.1190134144016598,0.004922519325415335,0.11765481837367184,-0.2008656417326975,-0.972515350258422
8860000,-5.994885995534859,7.948199585294105,-4.4182754073617865,0.12825531909279203,-2.1188763556009675,2.8138926056703637,1.2655834663023038,0.9487881007273484,2.0601043069776566,2.0601043069776566,0.8410528313261112,4.2553828227006605,-0.127310849705594,0.045602075766243484,0.08431676613096312,-0.17612703514244282,-0.9796889307974032
8870000,-6.200438322869374,6.089335125202732,-4.255905217555825,-1.9910409239846303,0.24595527534074582,0.8378838013317633,1.2219597242163325,0.9217619226920101,2.23601640059605,2.23601640059605,0.8601884892315602,4.251428098087017,-0.13803827277477057,0.08156767847112005,0.060862785981803655,-0.15165091446078036,-0.9831807744532917
8880000,-6.703540324558204,5.04188515350218,-3.8568534814891002,-6.82976029420475,-2.19070463885377,-0.9810065457101688,1.185106869328255,0.9005271857010119,2.411928253033018,2.411928253033018,0.8833525691848175,4.246161384763383,-0.15219914041833413,0.11682973826773477,0.037913080112893724,-0.12828939497631567,-0.9841012355186112
8890000,-4.672613677263777,3.9082091533154704,-2.9643806441275444,-4.9456393861236645,-6.0967942215628375,2.7232839350081517,1.1681833126211516,0.8970102301214964,2.5878394854727347,2.5878394854727347,0.9030577575340064,4.245308155090193,-0.16715981158616344,0.14456781370216715,0.01918570048405018,-0.1112784467889257,-0.9830306014659748
8900000,-3.9276557659292104,1.358187595849489,-1.5778076458607808,-4.672358379578624,-1.5559982076159466,7.094969205613007,1.0767782980148468,0.8295088596155121,2.7637512358867085,2.7637512358867085,0.9171291321347204,4.250225295684345,-0.17922592292547637,0.16115795933384108,0.012392753158099935,-0.10434893013214909,-0.9813184154966166
8910000,-3.576976578201827,-0.2436766116199845,-0.9822084155425833,-3.6928128644294334,-4.869715946920566,8.168745576599006,0.9716056168990383,0.7357561852631886,2.9396636245379355,2.9396636245379355,0.9413933310792734,4.2507810902054475,-0.1949615020449489,0.17517159907605429,0.016160953963216918,-0.10280502534689086,-0.9790224007690336
8920000,-3.7700583877749367,-1.2574876389970473,-0.8275325244949152,-1.7431685636093603,-2.4356730536094457,8.992946443215612,0.8664329357832298,0.6420035109108654,3.115576013189191,3.115576013189191,0.9656575300238264,4.251336884726549,-0.2106970811644214,0.18914700993573502,0.019925627854074215,-0.10123868472580949,-0.9765127273630284
8930000,-3.911308815918737,-1.3106732891356403,-0.6778811131229288,0.1224495699423471,-2.352234605316891,10.997521669576008,0.7612602546674213,0.548250836558542,3.2914882027253682,3.2914882027253682,0.9916339895306554,4.256183054341621,-0.22441845634358273,0.20315158076504447,0.025883899099233713,-0.09867510192292206,-0.9738186090132932
8940000,-3.5440320865123978,-0.4159942876477378,-0.3587428214961307,0.646731011682601,-3.8124416826223233,14.718316054664385,0.7123541647407883,0.4837156398652803,3.4673960478130894,3.4673960478130894,1.0199375061214513,4.262589422293399,-0.23511854719616404,0.21449231623019036,0.033212509833176786,-0.09622830948744976,-0.9714062424763271
8950000,-2.615283905903873,-0.6730475095815337,0.03824471571199193,-0.3518804697950217,-1.7372116648576927,17.3157686854248,0.6198527707063927,0.4045059691181081,3.6446135267002617,3.6446135267002617,1.04765978185667,4.262482888645599,-0.2458076594766471,0.21989882288494628,0.03605003441909161,-0.09698795617180779,-0.9700197106604653
8960000,-2.2589848495571725,-1.1370557022776189,-0.06360424870738161,0.8609116172783942,-1.510473341489379,19.389194702333082,0.5207513833354979,0.3480750774120563,3.8273222776010485,3.8273222776010485,1.0760017037091019,4.26676772994868,-0.25397912444133025,0.22328296202015138,0.04218425807263625,-0.09755558865424747,-0.9689417497273468
8970000,-2.0184954865202624,-2.5697727130445935,-0.09795956318904153,2.602667818156453,-0.836556971171738,21.381547592534453,0.4339066677452888,0.24176271147723974,3.9951173186274858,3.9951173186274858,1.1058579008365421,4.2670193457028835,-0.2606756586370992,0.2247016648041773,0.05646222537851562,-0.0992182580187946,-0.9677173741414653
8980000,-1.3741899971874743,-3.8389175180109447,0.08672082017950945,2.1529048544461156,0.16451433523291384,21.228663118356856,0.31944717508262127,0.16212612866074683,4.171032647149708,4.171032647149708,1.139021652246925,4.272309476657613,-0.26630508546441123,0.22236821408691246,0.0754539463800247,-0.10334810851941756,-0.96652896894244
8990000,-1.0688163316995114,-5.403865155836192,0.14427329913937118,3.13716868262812,0.1726546813985261,21.67857189363648,0.21948765213171958,0.07145755665649123,4.346940534740732,4.346940534740732,1.1675462060556823,4.270087998076326,-0.26944599204362973,0.21740092837059366,0.10300287381639447,-0.10952157764996914,-0.9644336516102234
9000000,-0.8816433870767334,-7.707567055901796,-0.014427582296122739,3.3861590649516202,-3.457180640625988,22.873082998338084,0.09920712942227929,-0.03092427934530832,4.522855178967184,4.522855178967184,1.197463059150072,4.269292494797742,-0.2715194761338577,0.20995360851612288,0.14139061472519265,-0.11736444437390728,-0.9602883751954383
9010000,-0.5738300137101109,-10.00276744776927,-0.07771322560276389,3.64295560069651,-3.2379398924894294,25.07010232318124,-0.011951216524012731,-0.12839550566003272,4.6987641318408535,4.6987641318408535,1.2271177076812978,4.26792889590887,-0.26807263772603507,0.20074086933139354,0.18430098135569623,-0.12618390062378634,-0.9538416403548182
9020000,-0.14306396641765665,-12.589474770224314,-0.04356962748178436,4.645786002600053,-1.4057346008052642,28.28393006811773,-0.11963488294792544,-0.25731139785385415,4.874676537918596,4.874676537918596,1.2602574732399903,4.269590459847769,-0.26680719563733407,0.18713756770218654,0.24092582131338644,-0.1380078882010353,-0.94227814480294
9030000,-0.032848561649190436,-13.746877109232436,-0.09765126362389209,6.041213615969642,-3.052059598661968,33.29970094437508,-0.2343473251694096,-0.36950524630492826,5.05058140725513,5.05058140725513,1.2916166369314959,4.2692084141938125,-0.2579102080973275,0.17256750673800894,0.3008694027652959,-0.15008946976773402,-0.9258354114866864
9040000,0.4330751540845381,-14.384782038758535,-0.250378375780464,7.462676734978934,-4.251552138219572,37.82415338457106,-0.3624361066840452,-0.4652470758561963,5.226500133252195,5.226500133252195,1.3302503576256033,4.274030333539844,-0.2518278942909647,0.1555278727613682,0.36156389166646635,-0.1618686603522009,-0.904920532330385
9050000,0.5756282956008665,-13.947395777735794,-0.4794214822554755,8.524789636247128,-1.7085169582684838,39.57153069938358,-0.49672218403749874,-0.6320156406641384,5.402416412788206,5.402416412788206,1.362601475157977,4.274474375900757,-0.23456730460140932,0.13747561098380673,0.4189680593995661,-0.1713820609036223,-0.8810189616506661
9060000,1.7570503926391308,-13.368732125139719,-0.09492857938100789,8.725732375873445,1.3314494133644448,35.63130078809124,-0.6610010805028697,-0.7078077262210128,5.578309486074382,5.578309486074382,1.4047700074168592,4.282256522300128,-0.22486657946792674,0.1150473101296229,0.4711151864647967,-0.18360955070815496,-0.8550451043090813
9070000,3.867804131241337,-11.339613940383972,-0.34726597975112544,11.192311900569203,3.4298470159338144,21.746573268656707,-0.6075116053280574,-0.6565627247065629,5.754223125457862,5.754223125457862,1.4387696873587466,4.2846081507541065,-0.20470347571971337,0.08524047328286148,0.5125505469500353,-0.19743482595861295,-0.8312914579342348
9080000,1.554461971955425,-8.576974360120794,-0.5253025616246233,14.75958329955858,-10.951033574040729,10.030770213382821,-0.5580643795935346,-0.5547834173687567,5.9301324512567035,5.9301324512567035,1.4876496164154285,4.3003126946122485,-0.1937070089054095,0.07395163752269848,0.5453929723728688,-0.2057755486307128,-0.809156403039442
9090000,2.756524442012834,-8.48714279057504,-0.21602966729815448,35.15882901657207,-7.492191557252529,24.31210105094802,-0.45482858439805735,-0.42803510594366595,6.106045601601927,6.106045601601927,1.5213904697954592,4.303937168947967,-0.17299882319479332,0.04973878861699271,0.5730473092928681,-0.2141398271274718,-0.7894852555031885
9100000,1.697319548903697,0.45548068179935125,-0.25488446273688165,27.381930927688433,0.5326356119239143,12.897282817501605,-0.34084203287702985,-0.299485158751689,6.2819552916148,6.2819552916148,1.5679956283648464,4.325235848556814,-0.15788747198917988,0.03710852212939129,0.5680301834415236,-0.21451709270758493,-0.7936920594418512
9110000,0.3062889568639755,6.509242270622648,-0.030838012879753234,19.067589004152776,0.4029006204864157,15.357369752427104,-0.19983070727556973,-0.1540591052231313,0.17468383656013486,0.17468383656013486,1.6016744033748804,4.329669118818714,-0.13478105461092374,0.039598545621547424,0.5377171957874927,-0.21264651921940533,-0.8149071299252233
9120000,0.5432361125863416,11.502537718219717,-0.26173071661935027,3.907244258383674,0.7383913316108139,7.336906011114067,-0.059006381055245805,0.01091047561876702,0.35059201557926656,0.35059201557926656,1.6465380814931743,4.354072917831222,-0.11772307083569983,0.04727904349813091,0.48550406756525194,-0.21019556431057224,-0.8472711001607793
9130000,0.24823772819412074,11.50532545403317,-0.5472206751904424,-4.6698777575710775,7.287210115018443,-6.585459238592316,0.08739039127906062,0.13957805433843173,0.5265051572933572,0.5265051572933572,1.6793780759502501,4.358372115398034,-0.09513570025137788,0.05323333801183097,0.43701187693077764,-0.20316312193369537,-0.8745922347195358
9140000,0.7873636236325677,10.4079081315414,-0.16058086703730817,-16.22969911573005,-0.7949790841834231,-24.665547221396647,0.23336164797251338,0.27729593707332933,0.7024173667069675,0.7024173667069675,1.7161075915484507,4.378621543022979,-0.08246555255684948,0.06287917501325466,0.39391312824263264,-0.20190241755644983,-0.8944909560932501
9150000,0.4077901175552093,7.851593969165378,-0.01692328554374934,-10.760412243124467,1.2640848306598238,-25.83957745158529,0.38366436644444285,0.42176708135482016,0.8783184158872785,0.8783184158872785,1.7485250520969935,4.3831492193317,-0.06906501486667857,0.07108417209813113,0.3636956209513409,-0.2000375352904049,-0.9070046969298903
9160000,-0.3923934069413571,7.357362767448832,-0.20554664417327487,2.5285878995004007,0.6594063668262338,-11.946839676005014,0.5408153492780287,0.5571347058651319,1.0542371689399914,1.0542371689399914,1.7801834955746738,4.4019155638908405,-0.06311810906816029,0.07999928998992839,0.338100167813743,-0.19460337908509118,-0.9172883488707847
9170000,-1.3442887241371397,11.11326795844312,-1.0738684278432888,2.9946370720815505,-0.013745268074322744,-11.259068675836387,0.7058223367917059,0.711023047869984,1.2301413577302611,1.2301413577302611,1.8118694329252358,4.406877697620972,-0.05808939683206559,0.09568946360429317,0.29604184385926996,-0.18176784454697006,-0.932825387694972
9180000,0.29013146240078524,11.08899175738839,0.12105481103728519,5.273367444781834,-3.0174563661322527,-5.781819382055119,0.816666133188523,0.8716660181701354,1.4060456037959312,1.4060456037959312,1.833748641709042,4.426581438167546,-0.055394421447011344,0.10668577433779877,0.25075383559389613,-0.17678907935098287,-0.9457728484742652
9190000,1.6227304208612117,10.850145744958864,0.42931108189599165,2.7738600810845897,0.6050770514477045,-10.404148360418048,0.9578679108755216,0.9709593533284815,1.581959510294908,1.581959510294908,1.8650038242811084,4.432193665483732,-0.05479366493903333,0.10957387396897045,0.20502188075026687,-0.1739659819372138,-0.9569197624073174
9200000,2.3501700010242415,9.365557792078947,0.7673739405109962,0.24419042843743277,0.9048518742956455,0.10094578595946155,0.9836263596304802,1.0652521788336133,1.7578692498538118,1.7578692498538118,1.8832929684493156,4.457235894482016,-0.05491903750428283,0.09982654369618922,0.1592030196476672,-0.17313320418717362,-0.9668060577575112
9210000,2.6754437168315848,7.30702603344538,0.07777708136103277,1.4287851671261933,9.832364863307504,4.727702463641178,1.038981244556071,1.1196635409494955,1.9337829244164055,1.9337829244164055,1.914079432758782,4.463420664826103,-0.05589535357875817,0.08576134703230762,0.1204491103191525,-0.1709348931719896,-0.9741243583212614
9220000,-0.3704201709034643,7.449059958774808,0.41325330552947037,1.7916755197492016,7.1113649071144955,-2.6970778949243615,0.908110167043782,1.2096362003001808,2.1096934297496404,2.1096934297496404,1.9274489360569682,4.4896972265605255,-0.057895969374290056,0.08660257219401732,0.0858008086609208,-0.16847955123176067,-0.9781374425607358
9230000,-0.33885366252638915,5.739207421683238,-2.048934380764169,-6.749164572630471,-4.408165747745726,-2.5235619230050763,0.9277117331340774,1.151733649753143,2.285605993016773,2.285605993016773,1.9576506637292905,4.496560120902859,-0.06777559820723034,0.09795413263499222,0.05365429615233556,-0.15663481206134242,-0.9813214254537764
9240000,-1.5941464715891995,4.3849832872356735,-1.3951258725146487,-5.224003574548622,-1.371184603207114,6.412730761280735,0.9724549773968975,1.091498193949779,2.4615185716805428,2.4615185716805428,1.9719379377485815,4.5248185901997955,-0.07182175467976148,0.11002400654961406,0.02640283704567755,-0.14806632647884205,-0.9824835729628109
9250000,0.3434257679040911,2.2335663425363954,0.35546444114648806,-5.500117342614327,-2.303186032486598,2.1466730164258414,0.9097014031912593,1.0306076166377456,2.6374302484153844,2.6374302484153844,2.0010337224780663,4.533167961020729,-0.08629366000223038,0.1134304998747211,0.008027190487827391,-0.14957039018578172,-0.9821902994281283
9260000,-0.6588712511120498,-0.07841425579287471,-0.049558997278288705,-4.853919042754478,0.37728662250287576,1.5426098410396665,0.8301643468394434,0.9220892410042129,2.8133399091322957,2.8133399091322957,2.0071876608984724,4.561568268452858,-0.09196850118253869,0.11658289281587951,0.0011737106810697602,-0.15025015780433326,-0.9817494291241993
9270000,0.254944287463313,-1.13335428403816,-0.27173460576162717,-1.2736348924608276,-4.214355429160026,6.312802126721243,0.7295872684136063,0.8048255711620574,2.9892412437144316,2.9892412437144316,2.0343720595256105,4.5714717123534445,-0.10652101099149464,0.12173815515407369,0.00540240864260524,-0.1496041717636928,-0.9812080448872403
9280000,0.20344663439360627,-2.004681016093917,-0.5788153255134844,-1.046163475935539,-3.243745022354716,6.952018085096728,0.6192944675666442,0.6958597262538062,3.1651500797109264,3.1651500797109264,2.0498520030517873,4.594977976746645,-0.11878179358853277,0.119293337821099,0.013691716124498368,-0.14708433985960875,-0.9818084504775514
9290000,0.3149516729444747,-2.606349101224676,-1.1842128891784682,-0.7966789313445422,-0.34387482905065625,7.56756436293347,0.5118510292459112,0.5962847067011138,3.3410648628093753,3.3410648628093753,2.0645978005951138,4.619321756111052,-0.13088632074801662,0.11639274365521955,0.022187856993126157,-0.1444468180504736,-0.9823927651309106
9300000,0.5673286681382408,-2.8518395893919655,-1.3817059120821575,-0.16299489616101898,1.984399707846039,11.964964476278913,0.40440759092517825,0.49670968714842123,3.516976202455041,3.516976202455041,2.0904489087365388,4.630992601524914,-0.13791606517523458,0.10446416378587121,0.034809999982745275,-0.1395918121639224,-0.9840678982481403
9310000,0.49559882029498487,-2.7194544837216763,-1.8823348108444675,-1.329472844319342,-0.05707488944644654,12.609045748370354,0.289089829340355,0.40121645077091334,3.6928820862714957,3.6928820862714957,2.1172592940766646,4.641572727576557,-0.15796101217730874,0.09437655039177643,0.043390026963202905,-0.13224454814215747,-0.9857594796820154
9320000,-0.09647973907968938,-3.4956983555197083,-2.2252869777778663,0.584196981017426,-1.0686562529131831,17.344455485418543,0.1837021840960812,0.3074514256960565,3.8687934368579846,3.8687934368579846,2.1175311472236005,4.674526233015584,-0.16553656398331587,0.08476821409236501,0.05939048303900637,-0.12283085363177342,-0.9870155529676695
9330000,-0.032796854205031124,-5.142036619811366,-2.3117394109583325,2.643811451012344,-0.21130993528155198,19.444320391220472,0.0672393440713128,0.19375960741913745,4.04470497186891,4.04470497186891,2.1396470247612687,4.689064026145936,-0.18474298918528795,0.07328953263398219,0.08643621657190136,-0.11305867296709884,-0.9871044328428206
9340000,0.3634910487341802,-7.726430144271854,-2.5363537837578054,4.269506729483192,0.7801001703775805,20.56806503868234,-0.03965343665718579,0.09203937862266486,4.220616630392797,4.220616630392797,2.147508528717321,4.7159562144189,-0.19106602155124913,0.058171139371864806,0.1262655633399288,-0.10268944994628025,-0.9849507616771308
9350000,0.37607440481520515,-11.133032665970855,-2.7549728829036306,4.166076255059923,-0.5577669969935332,21.42269527574707,-0.15090052750715816,-0.024537018949947812,4.396528903587679,4.396528903587679,2.1692745504714623,4.730858928410256,-0.20105775963501796,0.0425379502184787,0.17760077904908494,-0.09191170099484891,-0.9788772779529628
9360000,0.6644719937975064,-13.470850186074287,-3.2931446232966413,5.4605696892043625,-1.6488934920450091,26.535473325769523,-0.28543392152622943,-0.14798091935185542,4.572440093580681,4.572440093580681,2.1894034518000005,4.756937344539353,-0.20409744343608904,0.02785775417137628,0.23670909900668197,-0.07906776345049463,-0.967957146139698
9370000,0.36733690051812534,-14.041065392920371,-3.4065307236230864,6.061900770654005,3.03527382643354,32.754694142404595,-0.41933226545685387,-0.2786644222498817,4.7483519925481374,4.7483519925481374,2.2173533436339254,4.7907416327863475,-0.20658902168650722,0.013324844858876946,0.29807412477541306,-0.06428169103581874,-0.9522825887552675
9380000,-0.468971891710351,-13.093977454922136,-4.00266682639714,6.815744337984245,2.3715980162328747,38.44951837039492,-0.5496525303027284,-0.3960552554598368,4.9242634749157475,4.9242634749157475,2.242761347179433,4.808645638044529,-0.20494618060465783,0.0037486935650010915,0.3538518802504798,-0.044899175057437825,-0.9342156379653027
9390000,-1.366675693499675,-11.705141603556058,-3.799184587212949,0.9110057169539653,7.281500312189478,34.25609380161169,-0.6583140312023846,-0.5186386700210072,5.100166933785275,5.100166933785275,2.2714148349353995,4.84191933164664,-0.2039792831600237,-0.0011311584710837104,0.40257735933453653,-0.024153304088771147,-0.9150665594006484
9400000,-3.8205453633641713,-12.425330294545553,-3.1030905067732197,0.9921583363254921,7.67587839061304,26.812621130097156,-0.743875853733657,-0.669574537019878,5.2760799434460495,5.2760799434460495,2.2971203308432355,4.861730323995477,-0.19972119694191606,0.006640927879328761,0.45392916333894123,-0.000990040782689573,-0.8910124761003962
9410000,-5.991446552438233,-11.815230153368816,-2.615616338863146,7.456262016096268,-1.7563446912251715,16.99229262526952,-0.7949035716157435,-0.7504851205597582,5.451987761593827,5.451987761593827,2.3239247975866597,4.888454690105702,-0.19675804814080025,0.02916401946554072,0.5009317394592323,0.023202542050337827,-0.8646840431124907
9420000,-7.390987702566938,-10.976004060444533,-2.758259196682398,16.34926756694285,-2.2710528482927215,7.166210407744699,-0.7672257992492059,-0.7372523813905424,5.627892523108343,5.627892523108343,2.3493282796547903,4.907515203562513,-0.1912349831973165,0.0570469852261597,0.5494147961980327,0.051240003830232306,-0.8320237287498227
9430000,-6.898916432621708,-10.363656903286017,-1.1827231336333468,27.895238542155127,-8.718201710353162,17.714756152319815,-0.673914325944612,-0.6593097002145515,5.803804303830034,5.803804303830034,2.380466939105645,4.93842965602796,-0.18738325153426072,0.08803660012908453,0.5879544090428848,0.07003059993766439,-0.8010336353718954
9440000,-7.094633164990151,-6.992175726321731,-1.6817997715591833,29.257960840859628,-2.7934497456703977,7.4649919899317885,-0.55442057027324,-0.5365451707541079,5.979716061528862,5.979716061528862,2.4076611673389943,4.959951306904149,-0.17876996805939696,0.11373746259360297,0.6158704160084322,0.09477546609186262,-0.7738120129045812
9450000,-7.854308782344834,0.692892287125223,-1.730479902617604,24.0955681219309,-6.377749534005738,1.2009092502138512,-0.41677322063674954,-0.3969131105993784,6.15562891983096,6.15562891983096,2.4375206568657717,4.993926419351144,-0.17234342783168533,0.1418698524594868,0.6120812406074623,0.12314671489857129,-0.768156485665026
9460000,-5.850950819405879,5.557503444389561,-1.215912112529205,13.961636076095214,-5.921567759004672,2.10731694428766,-0.29328538023579387,-0.2692515049344473,0.048355242367271956,0.048355242367271956,2.464667807889925,5.017900922590663,-0.16176633461101442,0.16258677052404108,0.5865133390193814,0.14497463079178896,-0.7800961489647822
9470000,-5.92794197516476,8.64139557964134,-1.0923516842043215,3.7214626680239156,2.351205235687545,-11.765382548145654,-0.16649950873783495,-0.14781481534671045,0.22425979617369052,0.22425979617369052,2.4879605462201013,5.047011309651085,-0.15614508986967454,0.17760593681098852,0.552636169786095,0.17265736559789094,-0.7957630483746039
9480000,-5.548274489791906,11.709986644484191,-1.7870741543208721,2.777966439526274,-0.6927313983128849,-20.22847823826553,-0.027488688174550174,-0.018354745880746905,0.4001629788520731,0.4001629788520731,2.5124071049804164,5.07009062012992,-0.14812782912239508,0.18615408185717786,0.5080561090653597,0.2044292307244969,-0.815741587437265
9490000,-4.404092792458033,10.610899611840976,-2.506698379954977,1.0782175129453517,-5.894850976325344,-28.236872710347942,0.11164897977392252,0.11435880601656137,0.5760815901271528,0.5760815901271528,2.5383257159732904,5.100330750539711,-0.14392593876000978,0.1902407474991202,0.46783132111460124,0.23358138702533696,-0.8308923207073602
9500000,-3.9954355842216205,9.426720281381678,-3.215775666505241,4.771663909862299,-5.690771638514149,-33.502144050517536,0.2502922512025735,0.24689862752094505,0.7519954316564039,0.7519954316564039,2.563960916682825,5.124931094416149,-0.13962816126709032,0.1916680532812084,0.43253351653912353,0.2633513523565387,-0.840728362572403
9510000,-3.4018749465786047,8.771163896186954,-3.813227619916731,8.375801898822575,-6.1839093027781225,-31.767258335682737,0.38262455986652594,0.36935860066196535,0.9278971403262446,0.9278971403262446,2.5884593173196224,5.156709981501597,-0.14151533391342855,0.18978643072426074,0.4003843184162783,0.2932323657566501,-0.8471648528781373
9520000,-1.760745299692898,9.358361574761949,-3.7569111733845477,11.098784896021648,-5.884986900465941,-24.304616302907014,0.5343351791179547,0.4786092402204855,1.1038082215558163,1.1038082215558163,2.613323348447392,5.1831880402348345,-0.14255427598293852,0.17969430129377,0.3671913516524292,0.3195983049227635,-0.8548317921349803
9530000,-0.1996039032358193,11.540617975600403,-3.4015499494879626,9.848909191891655,-6.046574757566647,-22.227652176313075,0.67879128193618,0.6006945927168452,1.2797198667006384,1.2797198667006384,2.636761930206023,5.207906315111291,-0.14525081214318664,0.15424315791760848,0.3297228608536998,0.33493622418725544,-0.8690855015435709
9540000,2.181619412793296,12.164414457426707,-2.428955512072558,9.529098782260286,-8.265709811734347,-21.169507495388082,0.8188993656061244,0.7411194230314153,1.4556318139676634,1.4556318139676634,2.659136089607797,5.235239844729611,-0.15035666959853494,0.12188243226760925,0.28992712235374696,0.344259478404926,-0.8846311931853723
9550000,4.767252165394404,12.211121864372771,-1.016715218806622,5.318727505660331,-7.526945940582018,-20.580136786655665,0.9590074492760686,0.8815442533459855,1.6315437612346884,1.6315437612346884,2.682518561546358,5.27209854755615,-0.15699121090554097,0.08358919483661781,0.24974346686802107,0.34681399248817285,-0.9002005898008073
9560000,7.046555674986063,11.787693455978943,0.20500292742845327,3.5114709444363403,-3.7718996410262395,-14.366653008419389,1.0637081092739613,0.9971031243712722,1.8074555708638442,1.8074555708638442,2.707095943199981,5.30252046596387,-0.16431969816342779,0.03627356131006479,0.21460051910693412,0.33999172196143296,-0.9148969750450698
9570000,8.015030035115371,10.837394986816696,1.502154253733826,1.9172146619661588,2.379599265532116,-6.12954497698954,1.0891364198409084,1.0510216546010158,1.983367954115515,1.983367954115515,2.731293404763242,5.334557479690938,-0.17287570075992192,-0.01920959490449571,0.18336334526175435,0.3258343839317082,-0.927276026502286
9580000,8.173443301676233,9.723847780645176,2.1532485911552266,-1.192567348105716,-1.3979811726172378,-1.0854211833892637,1.0899974862455584,1.0723120623742852,2.159281103661719,2.159281103661719,2.7556543123670267,5.364427590831755,-0.18151883125681972,-0.07008816199188049,0.15080043388559108,0.3068807175475993,-0.9371078400515002
9590000,8.228209918248115,8.834004782404287,2.4720762022934526,-2.325076427841561,-4.595875175522654,-0.8492033630635855,1.0754301945284632,1.0967655021773006,2.3351876355290173,2.3351876355290173,2.7799720296264607,5.392603060233467,-0.1911859316002231,-0.11533595379446841,0.1173936854266045,0.28533306860522734,-0.9441935078915785
9600000,7.841988387844463,7.397472674346839,3.0408492817657096,-6.197045633896972,-4.265289498189724,0.5869320193631259,1.027810651452986,1.0822388425225862,2.5110851977017816,2.5110851977017816,2.801434520892715,5.415579239166426,-0.20106087515392565,-0.15825316897756544,0.09384022042521778,0.2620157664982166,-0.9473635446044231
9610000,7.756974645086849,4.428945342835346,3.8975116525158144,-8.904192413003239,-1.4704393953777557,4.198479581689572,0.9025155494900542,0.9761056844772604,2.6869967847795735,2.6869967847795735,2.820912437867271,5.431057367668622,-0.2100266574053798,-0.1989577603137816,0.07805625732531052,0.23771676017005863,-0.9475303542565481
9620000,7.247916432711229,1.746669793376713,4.039095699106671,-5.618048771933883,0.7210214023764255,6.872594172510524,0.7970925161976603,0.8860249011363989,2.8629089743292226,2.8629089743292226,2.8428350958974438,5.450283245997069,-0.21731440892831652,-0.23199673870663426,0.07132861009955777,0.2155894684771384,-0.945838740849885
9630000,6.808995686660529,0.43792424195977675,3.726348187245446,-2.4200682265883,3.273334591610798,7.872927654912996,0.7390919237861598,0.8342512917008403,3.03882121700169,3.03882121700169,2.8631937171042385,5.450591889199276,-0.22687201983819166,-0.26410249032247063,0.07605724564825529,0.19604866111949806,-0.9412917148594917
9640000,6.233195974227821,-0.05024746733294521,2.486138151901673,-1.1974768928600552,4.651587167409513,9.218910222512653,0.6692822264767112,0.7677508273539492,3.2147320563530215,3.2147320563530215,2.883419618828878,5.450111071896713,-0.23720493037820287,-0.29221215151332525,0.08213654397129336,0.18280707083652348,-0.9351188274783989
9650000,4.652208551722627,-0.22546010574404743,0.8486389851275719,-0.35715413247438044,3.317491124284608,12.70352421369468,0.5724003179146911,0.675275729105373,3.3906450725293595,3.3906450725293595,2.9052568174595423,5.45645527927266,-0.24565863750613004,-0.30535081383481605,0.08494954613137068,0.17926220101710227,-0.9313482261694568
9660000,2.902994620419759,-0.18035209334102303,-0.1135536444454501,-0.040061455773298726,2.0317727593938457,16.878614046472375,0.47297139358625534,0.6200811947040814,3.566556493782535,3.566556493782535,2.9251773915287065,5.448642855385743,-0.2550898773874609,-0.31252627090739993,0.08602486326628807,0.1794753356127883,-0.9288248795114221
9670000,1.7402487567636211,0.23137162805372924,-0.981511758067023,2.136208962965138,1.0465333455963246,22.12508660986882,0.38826638051858886,0.5421594003657462,3.7424676460589055,3.7424676460589055,2.940301216288371,5.425253421161524,-0.2654210628501574,-0.31723522860687975,0.08542751726112156,0.1814503721921962,-0.9268978969965651
9680000,1.235912721579965,0.8071080257419037,-1.5069134641033926,3.871894669347857,3.293409049263694,25.16600675595207,0.30876855265406017,0.4621560037768513,3.9183787989794823,3.9183787989794823,2.955658289577028,5.408417801572512,-0.2728865731614986,-0.31802157407634096,0.08045964749536827,0.18651432873166526,-0.9260674536580497
9690000,0.8706475430652488,1.0263185250724969,-2.0896992505450833,3.6129809526920535,2.011698522964316,25.270791763230942,0.2229945575688268,0.40893381308406046,4.09429108229309,4.09429108229309,2.9724163204225293,5.4083535033049985,-0.27831806931902775,-0.3175520461376839,0.07316774354165947,0.19421771011295283,-0.9252495124977227
9700000,0.5988300056812209,0.530631609759381,-2.62996131398523,4.842059413024583,1.2445478919983155,25.985135186659807,0.14030888925227236,0.3502350064729595,4.270202360063983,4.270202360063983,2.9871199399415236,5.403502792878661,-0.28214447483754646,-0.3154789085613709,0.06768772052894767,0.20520306462685145,-0.9240038598459801
9710000,0.3533104277424666,-0.25584644759459824,-2.892200346277489,5.074542106535907,2.8945060832492002,25.088737889584802,0.06489562815583602,0.2684463627279435,4.446110292022489,4.446110292022489,3.0055702094832037,5.410332639619608,-0.28303919475288647,-0.3114735686401565,0.0656953214161351,0.2186354848882008,-0.9224244497682712
9720000,0.40290448611150553,-1.8280657926774186,-2.8921143928860498,5.497970370829058,0.8095370570997289,23.593764665533026,-0.02437098872619466,0.17360842327558557,4.6220084550911835,4.6220084550911835,3.0224280577953215,5.4149292455161335,-0.28468608669938994,-0.3058750739861946,0.07113591247973033,0.23449891608839277,-0.9199947714106776
9730000,-0.08111395828718873,-4.491488789039381,-3.1112196192321786,6.855901831639383,-0.7334552909323866,23.473720131225726,-0.11526785277042872,0.09440745403233464,4.797924799655213,4.797924799655213,3.040784424870724,5.428534051355568,-0.2830824473308321,-0.29483331946316294,0.08825728540398643,0.25536355843868574,-0.9165551910981595
9740000,-0.3008750999749855,-7.40318889883342,-3.3182995122937657,5.521559234834641,-0.20699460964217062,22.406362069940702,-0.22320830279851847,-0.0040426581226734705,4.973845762236344,4.973845762236344,3.0572871964988573,5.444055551975812,-0.28405325462675907,-0.2787081553464875,0.117539270853682,0.28124479939723235,-0.910718203816391
9750000,-0.13034283541802752,-9.953436255836555,-3.443851274559553,5.072967182523047,0.6900823553177384,23.65138259564057,-0.3355142075602416,-0.12177559143172877,5.149744193172317,5.149744193172317,3.0779173932171333,5.4573467671130835,-0.27936731799199876,-0.25867047814525806,0.15761158467800418,0.31197653669285863,-0.9005103068063803
9760000,0.04867209140132232,-11.88927926337623,-3.5503703686200265,5.140559070108171,3.949119464810088,26.89567987507483,-0.45527349945056084,-0.2500147119020698,5.325654672945539,5.325654672945539,3.098291719197224,5.47446080998971,-0.2747626258809761,-0.2354062301569232,0.20443095865616287,0.3461976977573137,-0.8848384281967887
9770000,-0.01926557682685,-12.488277327937904,-3.923299810518373,7.178575983287511,4.5087301393247925,32.673820987844444,-0.5750327913408801,-0.3782538323724109,5.50156515271879,5.50156515271879,3.1186660451773145,5.491574852866336,-0.2701579337699535,-0.21116505227911994,0.25040194933660365,0.3789821471494448,-0.8654944925338244
9780000,-0.4236765223622155,-12.07624814239641,-4.105730818578917,7.247252888325337,6.555943482468474,33.30718637820632,-0.6947920832311995,-0.506492952842752,5.677475632492012,5.677475632492012,3.1390403711574053,5.508688895742962,-0.2655532416589309,-0.18604754478571955,0.2953337782730031,0.4101938302351006,-0.8425587766602731
9790000,-2.5880783517050627,-11.185302198973659,-3.5986089286731944,3.42733452249922,9.260247510889558,25.809461839680225,-0.7668898356216562,-0.5946636092872504,5.853393179165884,5.853393179165884,3.160124717800573,5.511342414986329,-0.26044013913748815,-0.15551062696759096,0.33359389934401684,0.4413407502238228,-0.8183824884566349
9800000,-5.2283794212341395,-10.480931728499678,-3.5318948709184337,3.6378641607039586,6.036092096431048,12.142878140503226,-0.7915228563806769,-0.6567840688295683,6.0293048690819475,6.0293048690819475,3.182199156818067,5.4943316261755815,-0.2530288573091226,-0.11577876947534418,0.35910364401289147,0.4726609785477265,-0.7963864945827142
9810000,-4.479216939158758,-8.122030781540788,-3.2335280257958607,13.1021518392292,-6.246670971946377,3.9941451022630656,-0.6755502743120448,-0.6235978259718223,6.2061264874368405,6.2061264874368405,3.200921576289485,5.495885874473411,-0.24330317155004416,-0.08252668060755686,0.38005309697162554,0.4958946981695553,-0.7764260678245548
9820000,-3.026163188010786,-5.790606779454134,-2.1646755672445335,24.097445299163255,-28.234686651333536,9.121585296980342,-0.5276043570228252,-0.4709999395298289,0.10603677900792263,0.10603677900792263,3.214561139690154,5.476815214265649,-0.2346364024376448,-0.0573870777808213,0.3898978542825017,0.5115260321649042,-0.7635623779019686
9830000,-3.001259653788888,-0.27086006095992804,-3.7523545547189903,25.728967871567836,-20.325183442592753,9.05685152486716,-0.37519116925001905,-0.3405958597584719,0.27383788323547265,0.27383788323547265,3.2256023980373927,5.450623518579423,-0.2267051449598224,-0.0401265399175837,0.38917794355063956,0.5273324452823671,-0.7542220370689637
9840000,-2.374827207745891,6.513496736772806,-3.7329797795543866,13.555186752817132,-7.7328716357441865,3.132428182014638,-0.24137350198700844,-0.1996240705675009,0.4497652320047223,0.4497652320047223,3.2333179336440088,5.417319005772512,-0.2194634222409698,-0.04853804219530514,0.35886676927548816,0.5418271636780606,-0.7584734834324852
9850000,-0.946236392766534,9.115506464510563,-2.5968001113248578,6.68257694025071,-2.5499246610737676,-0.3648597164794958,-0.10088120550619235,-0.06164031174625595,0.6256641202538731,0.6256641202538731,3.2506255394665446,5.412387923165679,-0.20990776384550325,-0.06851504189273687,0.3236591078367926,0.5482727074385092,-0.7680804054438409
9860000,-1.951212681297837,9.999037131989562,-2.7340496632057847,2.8359358386153035,-0.09019554507149419,-11.56437296594357,0.038736913524418846,0.07884663004527213,0.8015730800731262,0.8015730800731262,3.2640112043068603,5.388109172638347,-0.20532665339908085,-0.09263787615304347,0.28585123581429794,0.5561921425807337,-0.7748274617079244
9870000,-0.3537252759529968,9.871116370957099,-2.8259084690300447,-3.387433164347101,-4.91288686867215,-22.811587568452957,0.17558506812954386,0.21151578848423117,0.9774889479635931,0.9774889479635931,3.2818127535209975,5.383847202533133,-0.20153095391558734,-0.12443265798163737,0.25137812548627375,0.5612616680261987,-0.7786596764049628
9880000,-0.804369591317678,8.071464485629303,-3.024805671219768,0.9229621357154715,-0.5503202201627615,-25.365354646656773,0.33642326485038415,0.3410970168195052,1.1533947877859418,1.1533947877859418,3.2973908162409025,5.363844542623932,-0.20200873382098117,-0.15031661189191164,0.22285581514315386,0.5671937515356444,-0.7784802181591634
9890000,-1.6415370683589934,8.006071934259708,-3.5417677483687626,2.7289015423029053,1.4950229913082973,-22.051862140482406,0.4835235141555041,0.47006728239813417,1.3292984552790585,1.3292984552790585,3.317457782567513,5.362445684159429,-0.2015682417900842,-0.17316449345330984,0.19121228266677698,0.5749222200559941,-0.7764768908668863
9900000,-1.036164987651211,9.022375358386089,-3.843309029296359,5.632521055940617,-2.599668288759408,-14.208881786079067,0.6251469307315001,0.6107844340712532,1.505218958273673,1.505218958273673,3.3431497265443837,5.35679058513355,-0.20810545804895275,-0.19843525872172657,0.1572022014460341,0.580664804116924,-0.7737824637560716
9910000,0.9037005433226694,9.381119151863222,-2.463383753366164,1.27014984733883,-3.325969131060188,-15.955500149491703,0.7722970900089997,0.7649675747147117,1.6811214171295887,1.6811214171295887,3.3624879864406534,5.355878782977439,-0.21430760596505888,-0.23681062797161298,0.12662612667198878,0.5778026392882258,-0.7707338454715092
9920000,3.129690395010809,9.48386481697605,-1.4367521335483326,1.4042003106657392,-3.2697387573287404,-9.806281309082035,0.8715591386171849,0.8807611217553656,1.8570301313664004,1.8570301313664004,3.383911978962035,5.353060530762158,-0.2246102655760623,-0.2885618904407603,0.09991856731359529,0.5662475435887425,-0.7655795417009054
9930000,5.264486753133145,9.095469637680976,-0.5208774645048497,-6.04023157279729,-4.682140913251806,-6.832161393493034,0.9351436415962966,0.968057760609805,2.0329425039597027,2.0329425039597027,3.4053685115477355,5.348792614036283,-0.23549721957854441,-0.33728334464222487,0.07307525061785217,0.5529836889190937,-0.7583594088316722
9940000,4.174065840465597,7.816175919985942,-0.025655242340630456,-4.0387917329694965,-0.608687956966626,4.21670690036977,1.0610949990261667,1.084940332609723,2.208850525430023,2.208850525430023,3.426724567454118,5.3372760189585895,-0.2489320171503509,-0.3731389581427763,0.04990749588951078,0.5397855942311439,-0.7529329797735604
9950000,3.5254205699772334,6.6766294979999765,-0.43063184379300684,3.708822271348045,6.631657575535098,1.9916217145917012,1.1696012956401804,1.0420915628924647,2.3847641561682167,2.3847641561682167,3.446412796702888,5.333985729209993,-0.25681882109956655,-0.40481931914422264,0.040902000602696324,0.5250319164767429,-0.7475224624551852
9960000,-4.396950697751233,5.461772513621106,-1.3950159295338145,-1.6367789823495906,6.372470069478976,7.839074396107023,1.080607112768841,0.9294916753649798,2.560677015452768,2.560677015452768,3.4682257119396938,5.319051596167906,-0.2709117144852559,-0.4033652200214584,0.012429255035184116,0.5172336054501508,-0.7547260498282463
9970000,-0.2683172473408689,2.0607668549054177,1.565894026486642,-1.0918037013812478,-10.813299771499375,17.87296193501372,0.9278989106894677,0.8132044122057033,2.7365886269087696,2.7365886269087696,3.488394121886336,5.315569369889963,-0.2765391510684987,-0.4027734405890755,0.004834905458561855,0.5090188142117281,-0.7606904929231938
9980000,1.3193513318840286,-0.2982946893474228,1.9441960330269743,-4.570276230500871,2.881268901101495,6.441002772696581,0.8230779278757412,0.7034389845989881,2.9124970831487644,2.9124970831487644,3.514280308239642,5.302720312166007,-0.29118451390140193,-0.40352553840712585,0.007525463281924331,0.5051282478657403,-0.7628603807143998
9990000,1.2624254615857569,-2.6073155696819503,2.3295782482408276,-4.381775895784062,-0.14462680324961807,6.747206866771482,0.7105646395117232,0.5903837854108973,3.088410586116339,3.088410586116339,3.5347683327308648,5.299676106129105,-0.2962323673304753,-0.3975284426772352,0.020762858241094032,0.5040476170864899,-0.766469856347726
10000000,2.2207595149503705,-3.027660131821747,1.9069668957962407,-2.0564501422843153,1.596182788064014,8.835131684312747,0.6076651064584052,0.4933184467908066,3.2643197306472302,3.2643197306472302,3.56233035331185,5.297440083306658,-0.31164892235088615,-0.3925871010364755,0.04034206156207926,0.504159844253872,-0.7681606196692261
10010000,1.8375632561749415,-1.9710294571390903,1.2241611125802643,-1.1761729068091662,0.1226302084176332,11.849254912618585,0.5112377734959758,0.4110054990530828,3.4402329788542545,3.4402329788542545,3.583092775850329,5.294438033463848,-0.317981655477625,-0.3889054391128211,0.053714999233864746,0.5044568711176496,-0.7690191957733962
10020000,0.6454266040351819,-1.0706341158903314,0.458926895057972,-0.8907646354940522,0.019583234860652495,15.56469696017851,0.41654706205223613,0.3452781721637371,3.616143043054933,3.616143043054933,3.6113649134428836,5.2925251480639615,-0.3338040028645516,-0.3830595912252514,0.05917995233969052,0.506011157723199,-0.7705295523670999
10030000,-0.10438908521630369,-0.9366955546019361,-0.09397559094449588,1.5428146935864357,-3.6111028079300747,20.466382395522963,0.3169040104227507,0.24246229493908017,3.792043138691298,3.792043138691298,3.632463157260605,5.28928528023766,-0.34339277995564427,-0.37482719041865264,0.0614585851550212,0.5094301346004799,-0.7721452956500733
10040000,-0.7558158557937436,-1.9073122181807922,-0.49722168071844636,5.53127143372843,-2.339009568785104,23.960046043574977,0.22194240380066682,0.15679579913265407,3.967949374908585,3.967949374908585,3.665332928420576,5.272808566177066,-0.3587920229282352,-0.36150210827976964,0.06617547527663983,0.5159120663160287,-0.7738034453339673
10050000,-0.5252664818527006,-3.628537259418,-0.648815822509214,0.8247372303446294,3.240355283892978,17.54642771207473,0.1218774724907176,0.071440404634556,4.143863161636887,4.143863161636887,3.686878484846471,5.269066532504478,-0.3681562960854765,-0.344277430521127,0.07781614085710338,0.5258972009077522,-0.7738538835809183
10060000,-0.9836342572956429,-6.361388260501927,-0.9134100148056006,4.35357868127404,-2.513760676284271,18.347458809163225,0.020983206909866506,-0.03517984696285787,4.31977515255511,4.31977515255511,3.726833365329575,5.255917614875353,-0.38261858439111185,-0.31786287258504764,0.09821682157445212,0.541303838246517,-0.7722090422232717
10070000,-0.19171311633563878,-9.680645888491917,-1.2570712092940561,4.070460691449887,0.3862444087700397,18.513644548340416,-0.08340017099681539,-0.12736757873392723,4.495687193648621,4.495687193648621,3.7497100836853576,5.251495033892826,-0.3894741599269682,-0.2848553771728314,0.13316848415272525,0.5615862526249121,-0.7653394343602699
10080000,-0.2886729159436848,-12.600169940054126,-1.4093412991461467,4.924882215440935,-0.8730805401138502,24.559332667272297,-0.19527053156540453,-0.2370259598538195,4.67159855690204,4.67159855690204,3.7854085593049183,5.240959500556915,-0.4025594860222308,-0.24239731261987088,0.17730955660483677,0.584631502654709,-0.7536649587681238
10090000,0.667383086387289,-14.290113674850783,-1.772257933411468,3.1715976728766417,-4.343242267644079,30.675895217519805,-0.3240140580225825,-0.3586227636678656,4.847510403090581,4.847510403090581,3.809247675878358,5.236088076866177,-0.4039182357757942,-0.19851010209478162,0.22745693503262554,0.607492380949577,-0.7347176935123431
10100000,0.9649889707155156,-13.993685326506714,-1.9169654367787397,6.860093566251687,2.9797169995775414,40.39149458677243,-0.43848363908280763,-0.4626995331264799,5.0234215725793945,5.0234215725793945,3.8425679402311816,5.19935280666291,-0.4133734286702796,-0.15578834081127857,0.2757665764397111,0.626581142475605,-0.7120946988146699
10110000,0.5570937935679282,-12.513216493863835,-1.6823027344022772,-0.017132764282480464,-1.6811014357187002,37.005283978056056,-0.5551498302827618,-0.5830494974529161,5.199333655952131,5.199333655952131,3.8671035155802467,5.190743718691753,-0.4117035501882716,-0.11746430214861285,0.3147617414754423,0.6417497497830441,-0.6894087629828087
10120000,0.2535745714213735,-13.755674063786959,-1.787546224748653,-1.094988717957657,2.6478459209504916,30.64779610728959,-0.650484016957055,-0.7102292189360426,5.375244315741213,5.375244315741213,3.878042291504723,5.161066375685925,-0.4170959923754436,-0.07534644803875033,0.3552422372340456,0.6559507985655662,-0.6617056864755586
10130000,0.5776962175646487,-15.203937997386848,-1.6261470883034463,5.442528114750117,0.9208929445088301,26.721700296537083,-0.7078918976753826,-0.8156026230278911,5.551156634392669,5.551156634392669,3.8999145398823845,5.151077656913586,-0.41237897733509754,-0.027346339748109433,0.40051022199750863,0.665392589737787,-0.6293619318801611
10140000,2.032057394975969,-13.72238834237246,-2.423596880299985,13.853973515011294,1.3767570162841658,18.139418368063133,-0.7619552212995719,-0.817489044728316,5.727068239100561,5.727068239100561,3.898103021522875,5.116297139637647,-0.41504055073583346,0.012656938520873446,0.4460013772721519,0.6685636588823197,-0.5949329436167642
10150000,0.04206298853808528,-12.170604144753357,-1.3071891968221878,15.947570696695866,-3.586481778104071,4.7147190719537315,-0.7151345925172373,-0.7532722165316367,5.902969995643417,5.902969995643417,3.901530191908708,5.072751399981839,-0.4109317857914883,0.057063623899630954,0.48165015112275733,0.6677486715137974,-0.5646845016842814
10160000,0.5347227223495927,-8.281597785091344,-1.7202974715450667,23.385471628643316,2.2824411367499917,-1.4123322441043487,-0.5625345284979758,-0.6207092915865177,6.0788743988597105,6.0788743988597105,3.9200930517348853,5.0571539777509145,-0.4126732015406028,0.08431911276061779,0.5099222800422928,0.6646278284158387,-0.5395733548230291
10170000,0.025137905154787536,-3.517489930879684,-1.3859265686861917,35.007862821292896,-1.7515484018084333,18.993871304382694,-0.39673915700609663,-0.4740323259494258,6.254786054652158,6.254786054652158,3.9407480334385103,5.045828582119935,-0.4046664114842579,0.09774519061923444,0.5178257659733606,0.6650457295107831,-0.529165882747917
10180000,-0.18742469734168052,2.8153223289761664,-1.0987805126279704,27.874273028581463,-2.843826786990225,25.490064406772568,-0.2624390515413876,-0.35554098507087106,0.1475133543756968,0.1475133543756968,3.9413019087834833,5.005933384086963,-0.4022501387336363,0.0895785421095589,0.506117037079013,0.6695956096202215,-0.536155713528459
10190000,-0.419015612695808,8.789771461460598,-1.1146491155058718,10.499997542681763,7.795041188648419,9.672419025827116,-0.118241176507508,-0.21321796054677644,0.3234245021956852,0.3234245021956852,3.9568670645204755,4.987373433493677,-0.39058728656262404,0.05341096651697688,0.4819142077596958,0.6787072106290304,-0.5515999340602102
10200000,0.9486336208718644,11.187888041577803,0.3795998283429275,7.741678966836841,1.476537892022978,4.593128179334382,0.040560310793281644,-0.06421798143429645,0.4993357074870133,0.4993357074870133,3.9570903896607947,4.946805179947654,-0.386199686085608,0.017866288661739824,0.45271055961588014,0.6759629932204169,-0.5812125056622808
10210000,1.9090940977424589,11.694551001484264,0.032100547511081226,-5.206634709329543,1.574067198683506,-10.61628159491586,0.2025408106829279,0.0821941768874327,0.6752480907677594,0.6752480907677594,3.9584724328961594,4.904436725818418,-0.3767949145380003,-0.029240886855429724,0.4283929282835368,0.6706582569520595,-0.6048487182052963
10220000,1.363194160590643,9.61915640339566,-0.5593831308226983,-12.097134271641764,1.0686133387004197,-19.184940516161117,0.3640848912711946,0.23296043015038034,0.8511594538518139,0.8511594538518139,3.972588300083457,4.882689215699046,-0.3755813742233916,-0.07145424955272676,0.40781978087879406,0.666992500381029,-0.6194338713537485
10230000,0.4347454956102558,7.4495217913655685,-0.5233532046599141,-10.7163037219577,1.5998872964199073,-19.193480583712113,0.5240976072997536,0.3671022210332649,1.0270709373705031,1.0270709373705031,3.973761994534451,4.820512375403939,-0.3691066642468836,-0.10383200494159238,0.39026134663789525,0.6642180041686451,-0.6290702973503101
10240000,-0.6482320191335119,8.404569043433643,-0.793119416544829,-3.3539250091383397,2.769164229886085,-11.24756026640092,0.669665626387174,0.4898696755709041,1.2029827013763352,1.2029827013763352,3.985246332518937,4.7878503063512845,-0.37161394737730935,-0.13533952501516328,0.36666847128086105,0.6617988779807167,-0.6397340777547269
10250000,-1.1909080101400276,9.551403179685664,-0.8807576560430583,-1.9854502982623286,4.620029460717088,-8.067744919007751,0.8309969116416072,0.6064866218605316,1.3788946303066112,1.3788946303066112,3.9922896870413775,4.742594117187596,-0.3680681743342996,-0.1693553829330842,0.3365131522258625,0.6584957375669376,-0.6515067277141326
10260000,-2.8580475945501727,9.714318987636565,-1.9750382612371142,1.120390833637555,1.498534734525133,-2.4989664657563107,0.964544681579725,0.6949479716407799,1.5548046661886659,1.5548046661886659,4.0020556036498505,4.703233170202228,-0.3713890852194864,-0.1896742198464527,0.3005098664364937,0.6610261614685939,-0.6608796595100024
10270000,-1.857264865039041,8.601928966856166,-2.3628408945012014,-2.903031984499434,-1.4310760454640012,-2.031588645688374,1.0349241823312754,0.7571820892605385,1.730713028979757,1.730713028979757,4.013689982852,4.668564477041264,-0.3780434923029226,-0.20488544970840275,0.2626727161285222,0.6648443705220748,-0.6685857908186178
10280000,-1.7367442480940383,7.926834128428676,-2.0682077659435856,0.6256940096071917,-0.13328078495257945,5.1377165629288335,1.1053036830828258,0.819416206880297,1.9066213917708765,1.9066213917708765,4.025324362054149,4.633895783880301,-0.38469789938635884,-0.2197407946429152,0.22437930472122766,0.6675077484692116,-0.6751305921938974
10290000,-2.7230549565129163,6.598848610681721,-2.588030952508096,0.5684261492129784,-1.2458187383459653,6.520128619019482,1.1756831838343762,0.8816503245000555,2.0825297545619676,2.0825297545619676,4.0369587412562975,4.599227090719337,-0.3913523064697951,-0.23421445099550098,0.18569614766487474,0.6690116690367922,-0.6805026953509492
10300000,-1.9024533625683702,4.92265410534114,-1.8200536208426514,1.1948147654031689,0.9911761136203527,6.88411030025605,1.1935726902447208,0.9048186503179466,2.25843803265213,2.25843803265213,4.050450825479789,4.571127404261088,-0.3997209246376269,-0.24148083732956468,0.15960970426174742,0.6696087027562867,-0.6839853307645808
10310000,-0.575827334115792,2.75366481183137,-1.0264631871835184,-2.915451806697664,-1.9673236367960862,5.187916993012202,1.0912871214688475,0.8169750278162694,2.434348296208391,2.434348296208391,4.061126295873083,4.52656520496287,-0.4072732642816961,-0.2468304923495203,0.14261262751225806,0.671630470220873,-0.6838485636392261
10320000,-0.6441919735249696,0.38300012647826415,-0.9888180215099645,-4.776480120683043,-1.8442719553243712,5.3812594705066,0.9941655113962059,0.722279719368529,2.6102600035200467,2.6102600035200467,4.07346834928233,4.490901403161482,-0.4163541285146701,-0.24604561937069197,0.13083409631342643,0.6770599596317576,-0.6811268629952754
10330000,-1.5419221117649844,-1.9760352960943128,-0.7948071043736229,-3.7641761469613457,3.469056396713718,4.354591101511036,0.8647619687393159,0.6198212194676451,2.7861716386738706,2.7861716386738706,4.081448518019427,4.450540842768799,-0.42285538096524006,-0.23907941395283597,0.12934986420603395,0.6833013630601501,-0.6776495360390873
10340000,-2.5549588817067352,-3.992628040247157,-0.8124856014555327,-3.4582606399758196,-0.08820692652397556,5.264692818633763,0.7478167069631101,0.5108704746987287,2.9620835201526816,2.9620835201526816,4.091857796225279,4.4155956034705515,-0.4315547674836054,-0.21806022303264247,0.12916644567806393,0.6933058179227607,-0.6746056709488158
10350000,-2.244037389123822,-5.077869511312263,-0.499380340414396,-1.4925069482081772,-0.18442048402355923,9.593578822507128,0.6391401104775746,0.4088039144227003,3.137995834318424,3.137995834318424,4.1011637585853595,4.3843398291995905,-0.4395816815036034,-0.18837932548845285,0.13337498214128024,0.7030740848494531,-0.6726151760705616
10360000,-1.9597483827090967,-5.362704061891235,-0.37101201518525234,0.648695568239651,1.3447232643648337,13.25635907452252,0.5429036122331465,0.3192317218703347,3.313908284822368,3.313908284822368,4.1118950973021,4.354122333309409,-0.4486976175505843,-0.15675518075512151,0.1410410164275342,0.7112645322001023,-0.6705505277200868
10370000,-2.149624747786246,-5.366920977091997,-0.3011645415552899,-0.33100820448309076,-0.4757744001938947,14.406370832528387,0.41710398327616394,0.21737900410425737,3.4898119743055034,3.4898119743055034,4.1166655611775225,4.3288631819774395,-0.45700684935148883,-0.1256022727413764,0.14629243466808478,0.7187040053525582,-0.6680472627975323
10380000,-1.9507635617259078,-5.622722661770454,-0.15060677239097864,0.07632271930486562,-1.6362096358458085,17.934785283088573,0.3198975736504379,0.13483802531307015,3.6657138532583033,3.6657138532583033,4.123788297443957,4.302663148617394,-0.465544159509538,-0.09421513995567744,0.15239038586099984,0.7248024751453024,-0.6652533725758263
10390000,-1.9523115529868844,-7.090910785403629,-0.291274544037363,3.646891423336197,-3.7817364075525344,23.733032628283127,0.20630951792078478,0.04681480284010757,3.841631890195437,3.841631890195437,4.1221848745112455,4.278264412527639,-0.4721167220376029,-0.056390113811916734,0.16404658621747312,0.730629097705302,-0.6603711033964226
10400000,-1.7470180318552655,-9.096142331921852,-0.4999556297604744,5.383169258321756,-2.935890882830266,26.4917979878251,0.09419824478718908,-0.04500826010074652,4.017548862583375,4.017548862583375,4.123590753983716,4.253031379759241,-0.47208684802950257,-0.012009653003739656,0.18258749468864463,0.7357223365713268,-0.6520967861353723
10410000,-0.8063003041917145,-11.53210154040011,-0.4864002850278882,4.965399697060568,-0.2144020645757826,27.090655285916647,-0.015060339831184552,-0.1441714429017405,4.193450320428646,4.193450320428646,4.107899240381112,4.2147494448545375,-0.4735588403805025,0.036468944862263944,0.2107307496339263,0.7379042973136041,-0.6401248434684229
10420000,-0.1682600467587445,-13.849796433176532,-0.43025065497412024,6.011443441213452,0.2802877591007639,30.307575048487102,-0.12377575116476927,-0.24404538850030533,4.369361020181806,4.369361020181806,4.096018102418126,4.177959113390642,-0.47052786411148106,0.08922467669061188,0.24700526631365258,0.7360018553745958,-0.6239620376015916
10430000,0.15182339266295644,-15.22628217909107,-0.30010509664035967,7.679507005008225,-0.3303722464203363,35.39488480124322,-0.2312285735331797,-0.3455714795379045,4.545273270957303,4.545273270957303,4.076917887594492,4.13550561446786,-0.4664353509789692,0.14409600237390635,0.28766108753763264,0.7290153097260027,-0.6041722593777591
10440000,0.5489225299628738,-15.260305652240032,0.0999393610050442,8.10453034549066,1.1848539119046035,39.60779658564987,-0.3358433807160296,-0.4482190469197062,4.721183868390376,4.721183868390376,4.059477951893627,4.093874069027942,-0.4582276455210013,0.19589860968466122,0.32892920931628794,0.7165489685659027,-0.5830839438960049
10450000,0.7611731277233662,-14.831861199883427,0.22477745086354783,7.656248039928438,1.6252384542865002,40.92248744197313,-0.43437162702921817,-0.5532717931277534,4.89709678260585,4.89709678260585,4.041713913252989,4.048541507556502,-0.44821041555505126,0.24401366032614993,0.36883496250195225,0.7001997711263976,-0.5604804943304968
10460000,1.2677195724570658,-15.09946158805938,0.08705626694186318,7.924706642758278,1.4298218913914909,38.39996625097633,-0.5370057928150002,-0.6590716635312353,5.073007625744459,5.073007625744459,4.023307462070168,4.002793541777892,-0.43641741649758814,0.2902731549056431,0.4101332314071856,0.6793191693892504,-0.5348436165244224
10470000,2.4291112720329657,-15.762631554810364,-0.08770555403034311,9.999186185485327,1.29208242742703,34.274578898050095,-0.6503035336339203,-0.7668119068451624,5.2489198754666475,5.2489198754666475,4.008243196830247,3.957663230160646,-0.4229433712208695,0.3339481189535798,0.45559308131829196,0.6516716157672233,-0.5061992723282072
10480000,5.122207098295873,-15.363071163064712,-0.5708553284144574,15.95884498442936,-0.8407332372704606,30.966518406752346,-0.7297112297300351,-0.8297833941566807,5.4248253683046315,5.4248253683046315,3.9908454872740804,3.910827512026709,-0.4099817213620068,0.36718656728231536,0.5069258159145656,0.6153493711829152,-0.4791089577033312
10490000,5.601716282832819,-13.656264598343137,-0.8050045343600791,21.106932561506156,1.9080773345005408,20.07213327119818,-0.7228315069929072,-0.7787691835613564,5.600730158859967,5.600730158859967,3.9781467656712275,3.8684187234726006,-0.3950024900884433,0.39108814633268457,0.553623343626475,0.5787335149318108,-0.45345206349136635
10500000,3.8075892742704296,-12.247769105811283,-0.45253554285411574,30.359261744091235,2.3007535474374485,15.856846335976396,-0.6825603941322607,-0.7080717344088991,5.780206977761459,5.780206977761459,3.962091531314571,3.8237939777227314,-0.38012988988423435,0.41472960977286194,0.5889246508906164,0.5461497567658506,-0.4276535391360832
10510000,4.260010886887741,-8.892342608051582,-0.34310689997113786,39.851168581764014,0.9386548921136757,20.6152204008635,-0.5501019195202975,-0.5830325574460196,5.961922364692278,5.961922364692278,3.947968502800157,3.78488668915972,-0.3619022911973077,0.4279299344857644,0.6162432241576368,0.5168080616523277,-0.4123465620833695
10520000,3.9716490167943412,-2.8790099804280134,-0.18714645091452878,36.29410930114055,3.2534966953164117,20.48067890389024,-0.41752191764993335,-0.4604343837120797,6.128460246215305,6.128460246215305,3.9287924649262327,3.7442617978752013,-0.3448212305955951,0.42554714231500285,0.6296747735667185,0.5006042535786016,-0.41450535641924763
10530000,3.470274537452086,3.8381495814281696,0.3261390996859807,27.53079136752101,5.532223296365942,21.805964324853505,-0.27874608404652246,-0.34065920996006,0.021187112393803886,0.021187112393803886,3.9159434546743976,3.7056872494364326,-0.32516011138957535,0.40791163310461787,0.6270287088961387,0.49949511463751406,-0.43697566093687856
10540000,2.500143706874048,10.420870259852773,1.3576820172108521,9.419723393895504,8.449410536093708,5.295242287842897,-0.11870167332408992,-0.19386586845338674,0.19709849952865,0.19709849952865,3.897594073033403,3.665193703562248,-0.3057649780767767,0.3791955681504539,0.6076330899266504,0.5097942051487065,-0.4765528486097256
10550000,1.4624188553256254,13.29979909702474,1.9737745481517863,-4.089077534389862,-1.1820650671166228,-8.722020958657598,0.04197224424827587,-0.033619898464382354,0.3730105598768745,0.3730105598768745,3.8806537288052514,3.6260446017891215,-0.28627861918938835,0.3492986228290484,0.5788595882492985,0.5217431427720373,-0.5202846741467024
10560000,2.0640022966555716,13.013394144728649,0.4932136792142005,-10.732837078548101,-1.354771467974075,-17.42828404063002,0.19483839048948615,0.11669702421519426,0.5489220706423765,0.5489220706423765,3.854750479836089,3.584329584943876,-0.27130459589903555,0.31308208895028955,0.5521404980051724,0.5332226978211378,-0.5592799214789234
10570000,1.1851918341167005,9.848779939312013,0.999613074209242,-14.23481279066785,2.833339743787469,-25.584634272157007,0.35855784842230654,0.24263594360996635,0.7248342146053375,0.7248342146053375,3.8341603386655745,3.543590196218762,-0.2592118767570711,0.28724516883044954,0.5306528693138135,0.5399448829992468,-0.5868196218562506
10580000,0.9734854121102892,7.7253442450197385,1.3894250266181287,-4.7558375014644545,1.063098419462806,-19.98326784292426,0.5163157373231799,0.3836447054685131,0.9007421291597524,0.9007421291597524,3.800854070767825,3.4987550444962805,-0.25077288012314297,0.26938970250756616,0.5139448275614249,0.5413457567260546,-0.608469123358316
10590000,-0.6783705499319753,9.198927009832232,0.6249934784870649,1.82097604323014,1.5230140830474403,-14.646550137520956,0.678934327892926,0.5015452547399488,1.0766434542111512,1.0766434542111512,3.776865736237084,3.458929454347351,-0.24555820437849935,0.25064185211959733,0.4887720244852075,0.5503919548254247,-0.6287680543015344
10600000,-3.07244520780202,13.026489409945556,-0.5909448819022576,4.154706770353799,3.5081722371620536,-10.990316877575365,0.811592021816744,0.61785858381829,1.254482194005547,1.254482194005547,3.736198018844093,3.4158350838284126,-0.24101865433885997,0.22459766593190625,0.44562199826383475,0.572866991479071,-0.6502309844932067
10610000,-4.63873744746875,12.141571692130645,-1.2258372540931248,5.302265379248412,6.905226602028159,-9.784162852583869,0.9827083793733593,0.7883654876147144,1.4295833051206017,1.4295833051206017,3.7154698670970174,3.3803424724049833,-0.24045192502977725,0.20248776624094517,0.4001114687693063,0.5985151871877941,-0.6638441743267621
10620000,-6.356351869511232,12.025482318204276,-2.4750538985275257,2.0258424353551456,10.633534589039337,-12.61241274933842,1.1408813359748082,0.9058428886752886,1.6126291692258263,1.6126291692258263,3.6823345905045475,3.34715594853492,-0.23886719036366053,0.18139304515601343,0.349909588089745,0.6300733757632253,-0.6690795053551014
10630000,-8.99723753063964,10.523118401719477,-5.327826837974958,0.9946863695783708,4.488960258698151,-4.265283106470751,1.259769441417371,0.9599566102731664,1.780287821147894,1.780287821147894,3.660602107956117,3.3121091981312825,-0.24295978930475964,0.1674715236080115,0.2938381895739249,0.6717983725113641,-0.6590139253607712
10640000,-8.523338273775263,8.965584327740906,-6.168510929271172,0.23527122691310973,-1.041509164531581,3.4671852590684327,1.2828343796071178,0.9568538108286337,1.9562004814986125,1.9562004814986125,3.6253321199920148,3.2799748147165824,-0.2436183236094682,0.1539096934083332,0.2354418922350437,0.7111573520513553,-0.6443090425246566
10650000,-7.19619755813888,7.2622414705721825,-5.650764213945619,-2.9405211527735853,0.507508089474581,0.039107555662687574,1.26267561782291,1.0715914646553824,2.1321115873579544,2.1321115873579544,3.6026405574586824,3.2470588869183774,-0.2503817025873794,0.14010254650889994,0.18939348524404317,0.742809192998994,-0.6266864343553477
10660000,-6.511617065467466,6.887927589185285,-5.707166997214222,-5.642803554012842,3.49210928052314,-2.8674495302619802,1.2153245036346472,0.9601168467455753,2.30802393738891,2.30802393738891,3.5654707989243537,3.2208913020864527,-0.25435921700297653,0.1291203320234596,0.14418175805326391,0.7718822996698466,-0.6055883717173003
10670000,-6.06917178953397,4.0655341296552105,-6.251924340143744,-3.9830278825326264,-8.24605549321155,5.187743123654288,1.152369582406903,0.8916676994889624,2.483929249296878,2.483929249296878,3.542881514850016,3.190032495763375,-0.2678850315183972,0.12700581482210954,0.10618077372482242,0.7969995586019866,-0.5808501268664825
10680000,-5.3330566213389,2.387088456454152,-4.18667702508159,-7.0529897728218005,-0.6639692897168822,2.402076238002748,1.1011756064500866,0.8539594029014923,2.6598379283751257,2.6598379283751257,3.507298726700418,3.1700264524906627,-0.2735298536237882,0.12520444132376468,0.07670263881318724,0.813932932392099,-0.5620976202044417
10690000,-5.189073320821103,1.486856407769742,-2.9092903003680792,-6.460152128650584,-7.787732606265727,4.604832871329153,1.0549765946392848,0.8276282515940789,2.835745434345668,2.835745434345668,3.485221064123699,3.1412623182957655,-0.289587647111366,0.13084191006463874,0.04599808508603907,0.8247040697569361,-0.5482953292390893
10700000,-3.3257281121343145,-0.1353449235577986,-1.1505177999836922,-3.7305403161239257,-1.050324897477748,7.557622828379395,0.9459633151829578,0.7267461188089088,3.0116530650409032,3.0116530650409032,3.453032279799153,3.127898316328669,-0.2964994945513653,0.13457887972066268,0.029042428756824112,0.8290211735323509,-0.5420045722132609
10710000,-3.48523704456112,-0.5221819173943267,-0.7842634696889015,-2.2420862202496705,1.4764201477217669,7.09192995462449,0.8405779172545195,0.6353788633830938,3.1875695857640807,3.1875695857640807,3.430630516838455,3.1000324865897424,-0.31494442209985396,0.13925663276760436,0.015867450904055485,0.8320768829090338,-0.5366599250553578
10720000,-4.164930343968224,-1.1107001151460363,-1.1095746249911966,-1.3735562769778864,-3.537869000621836,10.991402349007581,0.7495885423701517,0.5379374778146426,3.363476762127064,3.363476762127064,3.3983921810427815,3.0885075718835893,-0.3213410853734274,0.1510353193671095,-0.004351608182181451,0.8344634711804507,-0.5299434980027372
10730000,-4.17592845199249,-1.0983599232729602,-0.6060591604693277,-0.029577726980151986,-2.4112433994097913,17.148334025495338,0.6618830697467591,0.45714783956540433,3.5393924864227273,3.5393924864227273,3.3768423795700073,3.061771909223155,-0.33682891682926636,0.16055651364340603,-0.021971999341387386,0.8354712822415248,-0.5250967279666855
10740000,-3.3878290077894473,-0.8778536573303208,-0.22109819749073062,0.9519031177145708,1.9677950584152797,19.35525207698248,0.5606162292333375,0.38753519229841643,3.715304404794992,3.715304404794992,3.350595834226017,3.0534332812138576,-0.341449152005609,0.16632143063270677,-0.0304037553439753,0.8361437137562902,-0.5218011913737955
10750000,-2.9357852438867154,-0.8934629800577008,-0.24841122408568944,1.6358928817629101,0.7840332368562941,20.681545191994342,0.4711756078755349,0.3240299190162829,3.891216566193023,3.891216566193023,3.328156618768639,3.0270723158170565,-0.35360666001469476,0.17100783404589215,-0.03720897944269883,0.8367761801631439,-0.5188231267545262
10760000,-2.5587902356887273,-1.377079931957743,-0.32695977104861507,2.664413452428199,-3.979155617398059,23.710753733134727,0.3852728715925356,0.24928955570668337,4.06713122480069,4.06713122480069,3.297268451246099,3.017474735308099,-0.35439396453106425,0.1760653283013281,-0.044487028662037444,0.8368386224408846,-0.5164523447930229
10770000,-2.331218124596985,-2.4957151315821373,-0.37300875718287235,2.5194862454150853,-2.116460263522603,23.174116339679717,0.2952870279198262,0.1670558226980282,4.243043094258084,4.243043094258084,3.2750614015764206,2.9921540895408008,-0.35392941632796626,0.18554544394057573,-0.045276838173520295,0.8362545595329443,-0.5140050659461103
10780000,-1.8487985534950848,-3.4484262357879234,-0.16900051640012206,1.4898010893576523,0.9433372807099708,20.89613239354276,0.19658969807350538,0.08262213122778866,4.418948603736439,4.418948603736439,3.24798560010638,2.986641562583182,-0.35196181636043145,0.19817449020584554,-0.040686890710113645,0.8343540713858979,-0.5127618666766985
10790000,-1.663909200693412,-5.647816516156011,-0.19700728351432503,4.34047916192915,-2.230788496828062,23.565029633451807,0.09477336769544539,-0.009983274315731708,4.594850547043748,4.594850547043748,3.225775148599638,2.9617826227904334,-0.34725853617749863,0.21946078163025345,-0.02965862454632521,0.8301266366545991,-0.5117099749201512
10800000,-1.1147961078015591,-8.739320544743824,-0.11080839475884618,4.185728925596305,-1.8910865574870217,22.955334842002802,-0.021523402667377012,-0.1101643245343623,4.770769305943148,4.770769305943148,3.2001276004460433,2.954968166841155,-0.3429943847354812,0.251641710472034,-0.009488073160978733,0.8215525604331948,-0.5115054412849025
10810000,-0.7472483108622471,-11.246668859140723,0.041068599212721275,5.541505150268098,0.31451307747135876,25.630797505605937,-0.132136935984324,-0.22695453045877473,4.946685153568168,4.946685153568168,3.178196871200601,2.9305590667634176,-0.33774023685281995,0.2929955106907807,0.0189515458996361,0.8079394248496721,-0.5109093416611639
10820000,-0.6515222424215426,-13.122472002298695,-0.031755756499969395,6.489659861529305,-1.6733741830098752,30.67538535129552,-0.23087280668876828,-0.32811668719431064,5.122579471145755,5.122579471145755,3.157893757488548,2.9227374090784766,-0.3306694611029774,0.34054790870519414,0.05034961064332239,0.7892486379181636,-0.5085062695079662
10830000,0.10202245398072118,-13.531660653042955,0.13951754693094096,6.826404207113279,-2.539031011897107,36.33723423673421,-0.3449567802721068,-0.43213664476521346,5.29849080069603,5.29849080069603,3.135830458698328,2.8986747911356487,-0.3248928534428728,0.3869780067567684,0.08411759378598613,0.7662269536242691,-0.5060321217490907
10840000,0.04844867386623019,-12.453271494657216,-0.129179050417358,5.173057669691954,-1.4016637452453193,36.422585807795805,-0.45514257158386306,-0.5610512323140245,5.474403521511007,5.474403521511007,3.111457380633606,2.8882159295414627,-0.31383811242103454,0.4284088066710187,0.11490216667575948,0.7432207148268755,-0.5008855712756737
10850000,1.5841828680029788,-11.557899900701441,-0.15813374650291503,8.472781414332443,-2.1226946610645827,36.42941572078509,-0.5211284900245983,-0.6255198313646909,5.6503146444474766,5.6503146444474766,3.08929325539526,2.86432724501106,-0.3002027687184286,0.4616712663037542,0.1488054680479844,0.7189990759525069,-0.4977518491456858
10860000,1.734760000105116,-9.341191124419183,-0.865722410002801,10.402231768923217,10.857738751378955,18.74179528794769,-0.5126798501034762,-0.5900756408567857,5.826225168606513,5.826225168606513,3.062668155180371,2.842663583303711,-0.28633941184140294,0.48511436252119217,0.1829466474921474,0.7004115051811205,-0.49052859535093213
10870000,-2.3135183287063796,-8.355166977496848,1.0452923245952022,12.571395677486448,2.2823119215085073,1.2727981659422836,-0.43708363835950054,-0.5017638894564793,6.002138261565918,6.002138261565918,3.040351535557542,2.8188476327764462,-0.2729994648688528,0.5223863458937896,0.19844717895779737,0.6786579660248754,-0.47660737293752076
10880000,3.186740239727061,-2.0189341171618,0.9680566485609875,29.849538146367625,-0.4430893453195513,13.434671468616198,-0.30626102781032477,-0.38338319498123713,6.178047686574089,6.178047686574089,3.0208582309236554,2.790305576442643,-0.25756401571763154,0.518480438037277,0.21673098896969328,0.6711440751472585,-0.4834990632748148
10890000,0.6756864500366772,2.6997988130843416,0.3168017332053417,23.169434941969996,-1.122030695454935,14.751096510158153,-0.15555958897839137,-0.2557970284945949,0.0707633976288875,0.0707633976288875,2.998737681058027,2.7661612704072436,-0.24351948723403044,0.5029405833454658,0.21271623514163124,0.68018981396481,-0.4890239154783845
10900000,0.3945329544326036,10.337148237128908,0.27391504861943244,7.963115203289189,-2.328378135440964,6.928032206474481,-0.012393713181432918,-0.11421684803158423,0.24668144117080004,0.24668144117080004,2.9859697533683467,2.743217970048577,-0.22535614270944088,0.4620062562550278,0.1847361494640655,0.7063037536070824,-0.5035452133651457
10910000,-0.12375295069993464,12.475260831297929,1.7488267722338797,-1.7668452887189816,6.339393203588249,-8.926655032342905,0.13751429599195866,0.03919431754862985,0.4225913086575517,0.4225913086575517,2.9646972494132906,2.719267312173832,-0.21081945915930547,0.42142281642792184,0.15367358453495447,0.7290685025968681,-0.5169587582499179
10920000,0.0424253403844093,11.999712558111653,0.27232035931120324,-7.947457584335777,-3.114389942872759,-20.152355179453373,0.29965056624367026,0.1769704853784869,0.5985046349368517,0.5985046349368517,2.9582040025304415,2.6946281070999816,-0.19592123015871712,0.3834626162206213,0.12181968306846777,0.7495217923088513,-0.5256742999543176
10930000,0.3772137459843302,9.030381081520058,0.3277088046392249,-9.917397942024097,-1.651609037736884,-32.10375700124859,0.44199348867950294,0.2993194723875972,0.7744216997042983,0.7744216997042983,2.9383964433541934,2.670550753786742,-0.18947745330340304,0.35548943863712995,0.09926127150979988,0.7622963788310031,-0.5316753613031697
10940000,-0.3964324469098985,6.66078942409636,0.26280374932648026,-2.2458374617133177,2.605460383167685,-26.739302837581842,0.592268886916213,0.42609772145587166,0.9503197411719881,0.9503197411719881,2.9318654086456992,2.6482116462966756,-0.1818315580587338,0.3381048942736874,0.08237560453312057,0.7711494008593364,-0.5331303234672252
10950000,0.10044030939655113,10.048766505041263,-0.2779566469796651,4.112842478049088,-0.032714372055495045,-16.116532286984587,0.7391583906843537,0.5584365229551677,1.1262309638679469,1.1262309638679469,2.9232283112843582,2.627900662981724,-0.17944839715675043,0.30560881700173387,0.05892459136066599,0.7860491129468478,-0.5340954367332239
10960000,0.01752368255353965,11.132428303865884,0.292416355369324,3.9767105108472993,-2.827585354613425,-11.694827652038413,0.8814233239581912,0.6932908862151633,1.3021452402623979,1.3021452402623979,2.9048521452571827,2.6045421182361572,-0.17618892084560822,0.26907502522485405,0.029553271842001776,0.7991120651774516,-0.536791525838016
10970000,-0.5853778270906635,11.076719964288571,0.20892414623727928,2.096032233112406,6.272254674601599,-17.865968672408762,1.0489521171267686,0.8034337984994528,1.4780521205333272,1.4780521205333272,2.8951365752730718,2.5853193065292133,-0.18340680119737907,0.23154424688043723,0.0024037948483475076,0.8119494696603713,-0.5358353685836164
10980000,-2.313919470798526,10.328604209217911,-0.9198898100320606,1.5704807479505336,-0.39354429907568395,-11.821845751875678,1.1845822215980342,0.9024960749904319,1.6539626252930972,1.6539626252930972,2.8775980152286875,2.5624798826434687,-0.18561597211424044,0.20313195118542068,-0.03332430503933952,0.8240013018144914,-0.5278719122185538
10990000,-1.9222870482230894,8.915417475373419,-1.0288979119746422,-3.43878075842012,-1.5176697215765165,-2.985617550031204,1.2614715960203975,0.9380144768217928,1.8298744378385479,1.8298744378385479,2.858687278262202,2.539004765749853,-0.19714756744490602,0.1695047185573145,-0.06930497189244822,0.8338601909081848,-0.520713119938761
11000000,-1.3727748096586196,7.670564305818762,-0.9635553904705705,-3.1714668843006266,-6.321650488808569,-0.18207155212963275,1.3054416525701897,0.9854335129541302,2.0057862598459266,2.0057862598459266,2.8558260946311407,2.5247137205629384,-0.20243375688667864,0.14177989052149417,-0.10145386838996734,0.8404107724939969,-0.5131425812661311
11010000,0.5252066919849662,7.5990918735170485,-0.4762656233646981,1.3306090128190153,-1.6491263966769578,-2.199567624910136,1.2655882332007384,0.9746554460370153,2.181697557404071,2.181697557404071,2.860170200237499,2.5131347442229055,-0.2177277869831569,0.11538015487375923,-0.11882896513697257,0.8462798144517837,-0.5063374097943367
11020000,-0.8773432843705667,5.260587272676355,-0.7632880907789571,-1.319644071950632,-7.577497970644296,9.102084720156913,1.1903321168287322,0.9265573635586132,2.357609294910013,2.357609294910013,2.8474005498479,2.49279618311945,-0.22522917271108187,0.09740498397045351,-0.14145622536181685,0.8492342718796846,-0.4993030711592755
11030000,0.17234994694276468,3.2224721052439302,0.8585710552408564,-3.060012256414279,-2.0358442398567402,6.852365155487938,1.1375364088865025,0.9020498923872482,2.5335111561931782,2.5335111561931782,2.8580851590195366,2.4867176007301333,-0.24072696455190984,0.07644764800778647,-0.1508519083263234,0.8482387227933972,-0.501886967376331
11040000,1.1320557685181316,1.5224822070300883,1.8532274196132124,-3.8683632576588867,-1.0945558647162383,2.4874694703651175,1.072569532302379,0.8327281837555055,2.709415633595846,2.709415633595846,2.8497131143526238,2.4693519492622236,-0.2491303718594024,0.05948736413096666,-0.1546354470129608,0.8440629083523649,-0.510006802679728
11050000,0.9722139131528605,-0.2526384485699308,1.4230177140133329,-2.106577906758844,-0.3499103067446136,5.02559882499627,0.9731179412376155,0.7298483846127919,2.8853273401075725,2.8853273401075725,2.8623507421791956,2.4657186639492616,-0.2646251190137317,0.05043225873973386,-0.1486512720284194,0.8410788624881251,-0.5176347492957007
11060000,0.23191265741014808,-1.4430659866147704,1.192887906001292,-0.8775331570536848,2.5692116118143415,6.606682036987947,0.8597870627185875,0.6281234472511785,3.0612390666173823,3.0612390666173823,2.8568797296775355,2.450514081115788,-0.2741874436719574,0.05023835357062954,-0.13863052912385884,0.8384079283644786,-0.524718810298368
11070000,-0.3248047696793132,-1.8113371520515427,0.6732705020085391,-1.144200451532245,0.29572879704289906,8.226859908271052,0.7576224619336464,0.5321587313265155,3.237150707721746,3.237150707721746,2.8576117814034636,2.439407460376803,-0.2862676709407594,0.05233814575158617,-0.13066928350993942,0.8364342990527477,-0.5296828487070575
11080000,-0.243535154507644,-1.9639556717749036,0.39699303153722165,-0.5974368318744632,-2.777537956717397,12.131680147692611,0.6616152262843424,0.44331444691213223,3.4130631277566224,3.4130631277566224,2.8627647218709877,2.431168548889379,-0.2999642578239547,0.06117550558265649,-0.12003383361706065,0.8355453005051375,-0.5326476200150317
11090000,-0.4399176282408792,-1.848812604557501,-0.017442569014502113,0.7473867964670451,-2.8239225340183536,15.70833427184089,0.5566598373160709,0.3610795969339831,3.5889758784882915,3.5889758784882915,2.8784068640122245,2.426957863030217,-0.3115030889209418,0.07122096863451574,-0.10934682940989329,0.8357378112200812,-0.5333977459849574
11100000,-0.6550714781970829,-2.058503808608472,-0.2682239445962238,1.7425337162060603,-4.313706638574296,16.844189231676566,0.44894134581034545,0.2716581633089908,3.764886818092684,3.764886818092684,2.876727632221522,2.413096849553814,-0.31875709147850834,0.08729255515291776,-0.10265846680323379,0.8357395535614398,-0.53233508960185
11110000,-0.8338189102060944,-3.152036875669436,-0.543400615769922,2.7458789758839233,-4.236403327779354,18.67294633291953,0.3485744993436304,0.17656063123260646,3.9407980594793273,3.9407980594793273,2.8796060678719795,2.4004704978226936,-0.3250000410400043,0.10732154085012088,-0.09167866714862187,0.8358923371617581,-0.5304348306188629
11120000,-0.6256489647307188,-4.817613856247654,-0.7081812398683075,3.0237682700559763,-1.208275337168702,18.991149207428354,0.2297044461051056,0.07902553534055468,4.116711459960804,4.116711459960804,2.875810353193581,2.3849435417796254,-0.32971406632946776,0.1285607001701624,-0.07383744747512506,0.8356091295072744,-0.5289400347924244
11130000,-0.31790213641683557,-6.81986129897687,-0.9188718430455363,2.9778837093595647,-0.23447685384427433,18.114804221492477,0.11532255226558995,-0.029273310537367946,4.292616839957098,4.292616839957098,2.8736731631887302,2.3677360367620595,-0.3328650440400728,0.15472957041531438,-0.049658308924578363,0.8341599235536281,-0.5270389305647627
11140000,0.3594544876003137,-9.764758206424952,-1.29767636330771,3.560058946459599,-1.2719752947797063,19.241857725069856,0.0059072021940715196,-0.14080188603475402,4.46852449487843,4.46852449487843,2.868292759728697,2.3502569922192587,-0.33524655022781863,0.18963591662096413,-0.015756845177175578,0.8303485929174073,-0.5237472245248381
11150000,0.5819040331313128,-12.264403287843972,-1.6572641948229265,4.448581819711022,-2.3227498505654327,23.605434000038358,-0.11319280511362267,-0.2497243567525063,4.644445534212188,4.644445534212188,2.8658558650715746,2.330522861041744,-0.33656012385506634,0.23212732854467105,0.022500681670987472,0.8230087574791624,-0.5179451783535209
11160000,0.5490800623999714,-13.461248284121734,-1.7477629415183784,4.918697608339933,-2.1821615919200927,30.374687813588363,-0.24307967076697373,-0.35896915309797134,4.8203493614638475,4.8203493614638475,2.8608653472846135,2.3116273086846277,-0.3362586120521066,0.2784129265800591,0.061242640817490625,0.8117359107685648,-0.5097258012182189
11170000,0.4091392666418363,-12.75829561225201,-1.6488433005160232,4.014042208637437,-1.5690668231124127,35.8905294686872,-0.37006294191676264,-0.4786797894909459,4.996251509390383,4.996251509390383,2.854808255835797,2.2884777200311506,-0.333573551999397,0.3216568029605138,0.09620143811691516,0.7983656167896203,-0.4998945152145479
11180000,-0.11154570875594047,-11.755232751811512,-1.5930990986341582,0.6078914873234779,-2.4199120938291308,35.68053139200616,-0.4904194827376132,-0.5944494449825024,5.1721637474825215,5.1721637474825215,2.8480138945740556,2.2672342125517186,-0.329205044214965,0.3619555461054328,0.12531860264650244,0.7841320184240754,-0.4882831229485936
11190000,0.819224831091169,-11.920667476055518,-1.6474417496329266,0.559138250775552,-5.086180361668523,32.564552782295976,-0.6042917904530296,-0.702244254966194,5.348075758452374,5.348075758452374,2.837708004375354,2.238102248985746,-0.3220728712560442,0.4002998062679285,0.15749232698606666,0.7664883239422141,-0.47691915594011164
11200000,1.12978613656582,-12.146842034685735,-1.821067541767826,9.16928374762347,4.579956698865597,24.17843838349286,-0.6614435369599424,-0.7654069020782798,5.523987800018624,5.523987800018624,2.8281040884957678,2.212218345883617,-0.31430599162909223,0.4372516287019904,0.19519333521329757,0.7467094143244556,-0.4616661408907897
11210000,-0.6544132089374665,-11.286739279652888,-1.1177395156526282,14.560877484196997,0.36085450093802507,11.64319611006565,-0.621191359387717,-0.6969404203408613,5.699899164861897,5.699899164861897,2.8157256804921795,2.1814842629649336,-0.3064934893683076,0.47978301262475226,0.21969944076839548,0.723556137542126,-0.4449796988042167
11220000,-0.22019618297814306,-8.893339226965216,-0.5540516771798301,25.458013957480105,-6.379129389912021,14.075102671033154,-0.5412430266681225,-0.6089972172431367,5.875810643418696,5.875810643418696,2.804318486745959,2.153422899926822,-0.29727075903580436,0.5109359957146279,0.23627624583332058,0.7030561853877787,-0.4345456755348045
11230000,-0.0712626874668099,-5.587083799423494,-0.5954585011141074,30.893373658581265,-4.204960046724035,18.026721853782135,-0.43776931352401477,-0.47835516132266576,6.0517224379832655,6.0517224379832655,2.7929183675196274,2.123800283267723,-0.2865995462116918,0.5257538901627907,0.24725547150215677,0.6926496097018332,-0.42741560216121827
11240000,-1.797796336125907,0.44773055612119267,-0.5199205926003003,23.91283532356924,-2.799744590921704,13.892071577113777,-0.2974500362218214,-0.3746024319578575,6.227634867727936,6.227634867727936,2.781968235524686,2.0956551052262755,-0.2760370182756697,0.5230461252557053,0.2393194047179769,0.7000877646565038,-0.4231147541255045
11250000,-2.126926050818398,6.830548916982569,-0.25470979472386185,15.048621033279971,1.1499888717941646,8.523130398314146,-0.16230673953760102,-0.23936534640411508,0.12035789195701341,0.12035789195701341,2.7711014643529337,2.0642208163797595,-0.2633063196900427,0.49869600883146153,0.21954721487812012,0.7235994507721423,-0.4236804763699711
11260000,-2.316153508833944,10.038218516624168,0.3975052791260262,7.767818671550448,2.3970726288900455,0.8289666492166111,-0.035952011561843154,-0.12042067815435285,0.29625513450326935,0.29625513450326935,2.760737280208084,2.030616792843791,-0.25191415803060696,0.47843531664885286,0.2012988234098189,0.744248512880967,-0.4203243777743609
11270000,-1.3267024820932307,11.440827564715088,0.5048756848714913,0.0755216219048696,-2.9517566678602734,-11.257226597075254,0.06633682266083525,-0.04608982551268578,0.47216631762694306,0.47216631762694306,2.7525677567609983,2.003552059758917,-0.24389194246965804,0.47019967720729705,0.18535574041726488,0.7582557049413431,-0.41182981797391516
11280000,-0.43498391353661975,10.718300590626521,-0.3588164656044426,-5.7663054185973115,-2.591297541771554,-23.277245900344813,0.16862565688351364,0.0282410271289813,0.6480775007506168,0.6480775007506168,2.744398233313912,1.976487326674043,-0.23586972690870917,0.4616864475678506,0.16930322958127172,0.771815248138078,-0.40309212759254776
11290000,-1.9664762310149235,7.196941194160169,-0.9812504409760661,-9.743138221730442,2.6546989716311593,-27.655845691923073,0.27091449110619203,0.10257187977064836,0.8239886838743189,0.8239886838743189,2.7362287098668263,1.9494225935891687,-0.2278475113477603,0.4529006536571888,0.1531507677685316,0.7849191373693781,-0.394116465071065
11300000,-2.575110274835183,2.9935261321026636,-2.5397585276485946,-5.605969715863456,-2.891983403996921,-15.91630207976943,0.37320332532887046,0.1769027324123154,0.9998998669979926,0.9998998669979926,2.729474180988318,1.9206028094687317,-0.2232420075641595,0.4452527947649056,0.14183868521994641,0.7956482237004731,-0.3854551079586311
11310000,-0.9273570391965623,2.693701416065838,-2.520184622318681,5.344023470741883,-6.689429733485824,-0.47687165075250126,0.473835181001953,0.250587750617328,1.1758122367466797,1.1758122367466797,2.724289878150045,1.8898354370683244,-0.22242804469803779,0.439026014896101,0.13595402167535617,0.8040098691490987,-0.3772807874058719
11320000,0.5496040356696036,4.420407711772004,-0.7401758744357462,8.956595175710556,1.7766784199528534,-2.2000328935388236,0.5796013200346259,0.3273325196716584,1.351725494621519,1.351725494621519,2.7195290315297225,1.8591362110290164,-0.22301449996122302,0.4257744926894138,0.129144102060828,0.8128144694421535,-0.3759927134180202
11330000,0.9108191587933413,5.8878714712104925,0.1966337907335526,5.956827367931556,-2.0380893391194497,-8.293700517394763,0.7209994642597177,0.42158670557311106,1.5276372721400833,1.5276372721400833,2.7152869988693547,1.8285204771713324,-0.22531673230940247,0.4037965596577416,0.12116503490449998,0.8219210978352057,-0.3830314369063373
11340000,1.993235952702535,5.922664964896714,0.051349357750331524,-3.9267440592493386,-8.683779115181915,-11.346870089208938,0.8738894809280432,0.5501910381544373,1.7035490351921965,1.7035490351921965,2.711650062475355,1.7977713045127142,-0.22938376985603356,0.3837553359618397,0.11889400080367045,0.8297284866585112,-0.38748767350857666
11350000,2.655651518749159,3.1142355986602803,-1.744893874294633,-10.810654514390672,-2.3841254410268875,-13.013756624073155,1.0211579736321095,0.7154148110318574,1.8794607593880812,1.8794607593880812,2.7088331270037944,1.7668413012227786,-0.2358423969250129,0.3665335115871286,0.12441533743578255,0.8361514040507619,-0.3886191428613471
11360000,2.6067213240232614,4.307829943354108,-0.19551659903234558,-7.20736574926705,1.057847081604664,-8.191016992982506,1.1359829274159217,0.8249009325741299,2.055368200598622,2.055368200598622,2.704223510638271,1.738262489270844,-0.2446580398301781,0.34562242983541647,0.13093868593299726,0.8420117507374931,-0.3929585323425161
11370000,3.200306072577317,5.084320690283685,1.433102876016886,-3.847539619844569,0.6756174587624957,0.06786017143005046,1.2230777592616813,0.8961140578645187,2.2312708879012177,2.2312708879012177,2.701673477087023,1.7095478085591131,-0.25591814285785947,0.3172144852393921,0.1336878715779456,0.8460729120048817,-0.4070173840499273
11380000,4.034913695579128,5.467917904058812,1.7668043799728912,-5.811678639328859,-3.4798750399188667,4.458132485672209,1.2531457697767605,0.9439718295260704,2.407195863320453,2.407195863320453,2.702290618669276,1.6783899132416966,-0.2665716899990894,0.28362194012454356,0.13465617521587045,0.8489155428610488,-0.4251690377310579
11390000,4.149076376312239,5.4944882229742955,1.5056608157503166,-4.016834883983845,1.058048070228896,2.5262494798449295,1.156327538280525,0.850143129940758,2.5831041014264713,2.5831041014264713,2.700443311766267,1.649307555711491,-0.2786759467334062,0.24903137027273656,0.13852514996457582,0.8511181982129508,-0.44089904980405137
11400000,3.7072874181496926,5.058221667736016,2.46023904173166,-2.5891034123894157,-5.881380753587779,11.969933119786662,1.134319098342873,0.8481231912616991,2.759002123848205,2.759002123848205,2.702610379572868,1.6172754376926521,-0.2890805712051422,0.21797912304982967,0.13487238801562404,0.8497091204846162,-0.4607482516848547
11410000,3.7665682923545334,2.213050300433071,2.073822896818956,-7.559344721710712,-0.0064878845017298245,10.237692380715522,1.00749327964814,0.762812946724204,2.934913906576014,2.934913906576014,2.7006978548937752,1.58891835508259,-0.2988111561978461,0.1956604746930948,0.1404435541136059,0.8459642133237993,-0.47574902682638986
11420000,1.7195563030347534,-1.4725223575391182,2.980223586243028,-7.026841480122823,-4.10436612538527,8.354946473361299,0.9006870039899221,0.6495214517093718,3.1132561163373396,3.1132561163373396,2.7029235461997563,1.5582309725411072,-0.31011098628773975,0.1957889974615512,0.1428346474779265,0.837197738210449,-0.49027021028017387
11430000,2.2971784616380884,-3.0926273053669178,3.77098776986157,-0.7210536781663569,0.8461563266656372,9.85538115102135,0.7996083212573125,0.5693020888475134,3.287648846282849,3.287648846282849,2.6997527858693955,1.5309247405644149,-0.32087386128825546,0.2008189973283634,0.1531339240985888,0.8243303740186495,-0.5066568523887465
11440000,1.7918204037038588,-1.8030629672210525,2.430658001208734,-1.6842373072491192,4.390806519765435,9.314146022356947,0.7151643988625982,0.47943128750228786,3.4705233817743704,3.4705233817743704,2.6992018142739385,1.502576970149763,-0.33273390487737214,0.19946179710030007,0.16289357260272738,0.8164289280796713,-0.5168408661250752
11450000,0.4496801463219366,-1.2082332139668153,1.7309360937821523,-2.0768945446520477,-2.936223058040876,12.806882761348811,0.6120975829512478,0.3994705696651355,3.6385615597803564,3.6385615597803564,2.696628513292182,1.4752253928212729,-0.3436861006392577,0.2008825540065056,0.1604691518372698,0.8115129421011776,-0.5247309745066908
11460000,-0.5554287407374423,-0.23132011235916766,0.8808635339001359,2.259954405209136,-4.994208938104312,20.12603845712101,0.5226470159504174,0.3338032872169966,3.8144735406681605,3.8144735406681605,2.6976135380415993,1.4467631245450698,-0.354537667704401,0.2015759487962446,0.15131458667618866,0.810184909716759,-0.5292177668910552
11470000,-0.6293571707383335,0.2759548011773903,0.7759071304221856,5.169490011839018,-4.123073511852587,25.29382242186555,0.453874404665969,0.25079362194145416,3.9903835303411768,3.9903835303411768,2.6945883000122355,1.4199448325055752,-0.3619818137946919,0.1998070481743681,0.1409460548229782,0.8096937152079262,-0.533486120421581
11480000,-0.456259924128496,0.27356104010931076,0.15804766073479168,3.748583019560326,-0.9357087889399989,23.904273971281697,0.3672154122399401,0.17204369830874375,4.166280843216981,4.166280843216981,2.694214763541506,1.3930382538293955,-0.36929421215743147,0.1948785941658547,0.1335909062313474,0.8111731361518632,-0.5349522843149458
11490000,-0.20187127747960634,-0.367745364876925,-0.5217943478354862,4.412932714525663,-0.8796406098491625,22.237176443495255,0.2727113985635941,0.10159568811696829,4.342207500485074,4.342207500485074,2.6915612848337966,1.3673887964869165,-0.3708660549321678,0.19175680396897926,0.12987303507452352,0.813535090411202,-0.5334069549244476
11500000,0.08925363896078468,-2.2436690876238843,-1.0108674380547407,5.474473908249973,-4.591822609706508,21.255245434173975,0.16419555623932292,0.020811823104915615,4.518104431162243,4.518104431162243,2.692320126318948,1.3443189937606197,-0.37535963070445466,0.1982026830808171,0.13045893419438467,0.8144559379129848,-0.5294881378338053
11510000,-0.24893211819000163,-4.950031058395776,-1.5188657848453682,4.576479850816486,-0.722630294050516,18.376890190978017,0.06377771674047276,-0.0668949379243258,4.694018798815108,4.694018798815108,2.689061464783652,1.3187880641429333,-0.37282848096525184,0.2128164229185224,0.13934828714344472,0.8148691696641286,-0.5208449494208869
11520000,-0.11668309671803734,-7.841642005802345,-1.874689148661185,4.281301790041046,-2.238684807170836,19.65668733663572,-0.0388381307228163,-0.1663575918543834,4.869927256573504,4.869927256573504,2.6873715692996414,1.2960294593421426,-0.3751042937629546,0.2395558325178739,0.15559399760811005,0.8121344640530472,-0.5087643101793459
11530000,0.011786277507344182,-10.846200561058348,-2.228086732112,5.331853563027463,-3.2372931875474484,23.83080161085237,-0.1590960258601804,-0.28588229757742023,5.045842209024073,5.045842209024073,2.68366682216469,1.2707008642684894,-0.3684556523770045,0.27772089750372103,0.18019595891298543,0.8050139087009367,-0.49229373983344293
11540000,0.4894680370941128,-11.874624356493326,-2.418489234773188,4.861783047672282,-2.3318970984332394,29.089594763765312,-0.27474189596725074,-0.4072597664850594,5.22175107952242,5.22175107952242,2.6799146829975875,1.248645613924499,-0.3693217070665062,0.3171750956128552,0.21022914431770165,0.7944919040059097,-0.4732718881060734
11550000,0.8025520687960364,-11.548799130919802,-2.5671963661549,4.063404678428785,-1.226725102212355,33.20131240835313,-0.4116572087611557,-0.5357685306126967,5.397667004128323,5.397667004128323,2.6760088247993283,1.223145791251747,-0.36325825302694964,0.35345663842828784,0.24106108196220957,0.7822234425451683,-0.45286250170108955
11560000,0.9065029850838147,-10.361347911819083,-2.434845427586209,2.7669564761198506,-1.6535548594993204,31.68217285867523,-0.5503493538187106,-0.5692196576873833,5.573576294733897,5.573576294733897,2.6712200335013168,1.1999073700205887,-0.3615387781294661,0.38451257741093675,0.268879901865807,0.769433355708609,-0.43338895614496403
11570000,2.4482483866405196,-7.665382937169565,-2.9282377244577034,4.4283445715848755,2.157657161809064,18.765154917049724,-0.5108496801149606,-0.5694386867782366,5.7494893810739995,5.7494893810739995,2.667515910458348,1.173939678236601,-0.3530919200485754,0.4012020548232238,0.2990035667925319,0.758869522553344,-0.41683429080466344
11580000,-0.7025393537212575,-5.060795724379779,-3.4066275732540006,8.773126448971617,-0.24251677834612212,2.0792301179359156,-0.4640875628029322,-0.5172817364077666,5.925384284265931,5.925384284265931,2.6640953902377644,1.1475041749516204,-0.3505316617428109,0.42010005822396707,0.31629230738784764,0.7540527266680456,-0.39354745936414925
11590000,1.029022047338347,-5.2979083200640025,-0.7325083720275393,28.123913300004602,-9.650978935073036,25.594493288198127,-0.3744971563390917,-0.4168227572168099,6.10129660306572,6.10129660306572,2.6601486131637193,1.1216516347328978,-0.3397993218140469,0.4368045285259829,0.32765240532838974,0.7429954022916894,-0.38704461928197
11600000,1.7183733577742601,0.8575204758626529,-1.4242357054504906,25.253906190201103,4.751922149655273,9.660182226685682,-0.26268955698709096,-0.3090003667862575,6.277205951438532,6.277205951438532,2.654790999153677,1.0961893092309567,-0.33445684130791853,0.42949899604978853,0.3405094071234891,0.7430803225191819,-0.3839473796465114
11610000,-1.2257682419816114,8.322491535044632,-1.4538817047300998,14.255966123837352,0.8442317117091298,-0.5029195858986014,-0.11691130072345914,-0.16960365301741662,0.16993371234446641,0.16993371234446641,2.6508759537702216,1.0704134054150893,-0.32345146167681327,0.4034305599700507,0.3249924885686679,0.7616809239415782,-0.3891861196904374
11620000,-0.19850190875952256,10.125463836972143,-0.033804004620964695,1.921117881704677,-1.0785904786605875,-5.5212259926815275,0.03521183611158174,-0.010716590978453622,0.34584430284809997,0.34584430284809997,2.6461687106852567,1.0456438015827025,-0.3179943894077695,0.37101453608669954,0.30681348954488674,0.7778724051164784,-0.4038913443043392
11630000,-1.0180664347433175,11.110401610466862,-1.8744309346226606,-3.1324069981433986,-0.07339386510198755,-17.051336148164065,0.19135598544126703,0.11601663177315447,0.5217578209552087,0.5217578209552087,2.6420217332327525,1.0200718134488573,-0.3136484009717492,0.3316596941142349,0.28812968863254423,0.7996485851660904,-0.40932294105074946
11640000,0.01063567984463863,9.722843621235569,-1.209508635861526,-4.462091651702166,0.13635411933285127,-29.89380170206373,0.3245311494330401,0.25217047704129864,0.6976664543266295,0.6976664543266295,2.634265498180533,0.997829821966044,-0.31249810546248014,0.2958768461544547,0.2749977816738233,0.8145266411144936,-0.41638859602408723
11650000,0.09096504667421336,6.883238853627129,-0.9491559031492182,0.2385997333305071,-4.330195222179988,-29.945834397967474,0.4653542912472508,0.36605689638068384,0.873569510613585,0.873569510613585,2.6301675534941213,0.972732445834944,-0.3112539808614505,0.2725073282401546,0.26621795597449466,0.8231420847289029,-0.42107584153015765
11660000,0.24478861221180645,6.963710134065997,-1.545983632616035,8.917176737738425,1.1400275645584557,-18.798231571336025,0.6116840135803522,0.4792354655359873,1.0494871842102853,1.0494871842102853,2.625736012856476,0.9596602921112012,-0.3159202114878748,0.2467667928087651,0.25918523359337003,0.832449418991316,-0.42303324866379793
11670000,0.20124853378490584,10.2544363453607,-0.94343513213422,7.674504286034874,2.1822614714183155,-13.313716716063825,0.7545523515893018,0.6173272905851059,1.225403436469641,1.225403436469641,2.6216244480215507,0.9349282080813803,-0.32092285179404323,0.2075205965700808,0.24434189598313658,0.8434608138502181,-0.4310523116347849
11680000,0.19127722536565905,10.117620506635689,-1.3545026579031667,5.656643617033744,1.397293997076771,-15.103216614182028,0.9043045559182596,0.7646769848264784,1.401313631736663,1.401313631736663,2.6169231866292453,0.9243796908398572,-0.32898888650123237,0.16793090562246,0.22988692493615992,0.8535057676137506,-0.43643913359170633
11690000,-0.307473606992128,9.190617377295585,-0.8946838525437725,4.027521917570206,-1.0415689768768965,-17.07455046564211,1.0488032092074122,0.8738573115689259,1.577227345209316,1.577227345209316,2.6127906607243916,0.9001549125330008,-0.3372708941956652,0.13418139454793473,0.21413401491695672,0.8606906390542206,-0.44198823610719934
11700000,-0.18981220625101283,8.720121994264806,-0.8976882354904202,-0.26285294539681847,4.512180722559848,-6.425030269750832,1.1964825894420426,0.9336550122353784,1.7531243022442382,1.7531243022442382,2.6095101252926702,0.8873250447098171,-0.3493072445353996,0.09514906686939609,0.2021175987122219,0.8671832680856857,-0.4450711301768723
11710000,-0.9334383098830845,8.537714651405443,-1.346645438303029,-5.8196048406794345,-5.715564104704966,-1.6935319002963805,1.2656731945289195,1.0641672355479659,1.9290331068975561,1.9290331068975561,2.605439248974264,0.86392274354108,-0.3595928454389689,0.05696439107811627,0.17337734384378373,0.8753784499776691,-0.44766943619758925
11720000,1.2453563887276717,6.514556957429203,0.693018053579015,-0.7881233580048717,-1.5092573106849136,1.566396814994344,1.2817548197737003,1.0843768238471754,2.104943482249503,2.104943482249503,2.6061837431335286,0.8507900108646538,-0.3740437239916118,0.026044392607307783,0.15679152734470228,0.874931870923609,-0.4574192035854476
11730000,1.8755909840764504,6.37760333123817,0.6616383420891327,-4.421963187430944,12.161159676657372,-6.669123486328108,1.2598918558329817,1.0287040349567054,2.280854953890561,2.280854953890561,2.6041001614069854,0.8336552486547789,-0.3869159264415679,0.014864506897856242,0.14357602057128585,0.8714566420841653,-0.46875184662995023
11740000,1.8820464716978618,3.732168819309204,0.15292879507161095,-3.3315071548546653,-10.419164091569176,12.482284101120458,1.230554005338637,0.9833743006873394,2.456767265871896,2.456767265871896,2.6018763029259784,0.816316208034954,-0.39970744587790114,0.0045939426656350065,0.13044472946957722,0.8675213870288324,-0.4799684482254689
11750000,1.4971640004683686,3.4137948185268803,2.056165155291498,-1.960676094445926,3.693544828385217,3.437766751080814,1.2012161548442921,0.9380445664179734,2.63267957785326,2.63267957785326,2.599652444444971,0.7989771674151291,-0.41249896531423436,-0.0056785474101938085,0.1172587541528759,0.863222455140929,-0.4909838404818355
11760000,0.0329003628775612,2.3481022537065916,2.133701849883903,-2.8856501432828296,-2.0505647427270675,2.5582086732607787,1.1718783043499474,0.8927148321486074,2.808591889834595,2.808591889834595,2.5974285859639634,0.7816381267953042,-0.4252904847505676,-0.015948656961269438,0.10402362236241029,0.8585616485915093,-0.5017934055959327
11770000,0.9877282215613926,2.597336366746705,2.3351189379425357,-1.1781982449935278,-1.6144366329174196,4.339897828293881,1.1642235514688657,0.8773801537875627,2.9845066352814698,2.9845066352814698,2.595204727482956,0.7642990861754793,-0.4380820041869008,-0.028424205335267204,0.09422330537343912,0.8525339438002041,-0.5133224210416225
11780000,1.507801954318894,1.8610298411577104,2.5864949308983722,-4.491264727359542,-4.352908042040785,4.547837420678139,1.1551822158246894,0.8762925340197915,3.1604191065016565,3.1604191065016565,2.591959378461241,0.7432709758709606,-0.45623718374286454,-0.04038899368757286,0.08859719058215289,0.8455181216589827,-0.5249936884917008
11790000,0.8285307429824251,0.3664674833808551,2.0505755936419354,-1.8214537615028725,6.2946932795513195,6.307210784481497,1.0683905881081068,0.788625103417535,3.3363187520070667,3.3363187520070667,2.588592182737431,0.7218017641945067,-0.4663755649730934,-0.0481543927829825,0.09548581189250036,0.8393066234373983,-0.5330365897732028
11800000,-0.5056473793371183,-0.8076595855900022,0.9759758612086076,-2.496316846945579,1.0153734028658519,8.885273032920983,0.9724059146501404,0.6989095569373676,3.512221743991013,3.512221743991013,2.6072462423653895,0.7467681888519325,-0.4841937889948472,-0.04609846421172487,0.09009283763620143,0.837797920946243,-0.5365192036284726
11810000,-0.9967834277332508,-2.111303341125656,0.14564312536067542,-1.1264032096141838,-3.335949280624452,12.934836380052205,0.8639762343375867,0.6176278025255789,3.6881433075594217,3.6881433075594217,2.6087408878960776,0.7355510787022207,-0.4884264667435962,-0.03226357032787971,0.08444017919627987,0.8389737245813695,-0.5366115984854061
11820000,-0.8208194249414449,-2.3613530252269794,0.08248080677430072,-1.1088183977876034,-0.1279270327357046,13.339027711932905,0.7675596906685813,0.5289596345701439,3.8640499412953275,3.8640499412953275,2.608900370356689,0.7472927864951515,-0.5042959474754258,-0.021136981510759108,0.07974750934542021,0.8401052419322124,-0.5361126236564803
11830000,-1.057464804843726,-2.2209435039219843,-0.06456209210440148,-1.9275716585458105,-3.3428688476329986,13.403633201495346,0.6859729441825657,0.4564178816925831,4.03996624904412,4.03996624904412,2.607487858731207,0.7364908034553739,-0.5037137615214408,-0.00835702480307069,0.07347587048066981,0.8414514782880154,-0.5352484154861762
11840000,-1.956179186814938,-2.0230868969156903,-0.5802560643499654,0.7242800553594669,-0.2614118456083149,18.36463680089958,0.5984744266953965,0.391122455437882,4.215873506433418,4.215873506433418,2.595956979792658,0.7293994069240726,-0.517001706307606,0.009027719847759564,0.06385283825473592,0.8439861566615983,-0.5324741145677874
11850000,-1.4135021780682382,-1.996944454625003,-0.21142457743747492,1.15614480497661,-0.7261066600261756,20.325416337728416,0.5114537059708059,0.32231161573836675,4.3917794165611,4.3917794165611,2.585954585421715,0.7163252010261516,-0.5129152800398061,0.024045473882959013,0.05593510328089524,0.8450021404852494,-0.5312856689033186
11860000,-0.7030593027804309,-1.9759079091603975,-0.2516196439971354,1.189920261344651,-2.523541009602218,21.981506446737995,0.4113298925900561,0.23740368105108903,4.567691286726621,4.567691286726621,2.581852639407598,0.7006594691962299,-0.5226653015486387,0.03661810916312987,0.05072584790926057,0.8456908528000536,-0.5299933810204819
11870000,-0.491089041589731,-2.6365457864629787,-0.7696101837322002,3.35082893963048,-4.287809630440197,24.910103454797078,0.31498677025202154,0.15837483238379574,4.743602321280328,4.743602321280328,2.569639724989667,0.6817225557638774,-0.5141243159980592,0.05347289283500188,0.04943419021993183,0.8471425753787292,-0.526351942667499
11880000,-0.561606516870225,-3.898261817207984,-1.0592597371703534,3.145043838133388,-0.5893969853077008,23.398109760000327,0.21878472694575288,0.0845556630431534,4.919513617827853,4.919513617827853,2.563583445143954,0.6648132346073001,-0.5193923677393967,0.06653017289328718,0.05468959851183551,0.8493149452586428,-0.5208136976594532
11890000,-0.49359405447284116,-5.474169346741751,-0.9287186514325457,4.0129479038337665,1.0339544722430638,22.562500983435882,0.11620212559599703,-4.175570715426633e-05,5.095425738476003,5.095425738476003,2.5510989331483183,0.6447195666008719,-0.5093766449468967,0.08874592712025636,0.07259881364688515,0.8497957642954761,-0.5144907498314217
11900000,-0.04684620091742666,-7.846226598020558,-0.9451735275061199,4.251487243398015,-1.4380145471556844,23.3284549987787,0.01772836806004216,-0.08991685773827685,5.271337536292499,5.271337536292499,2.544169298186498,0.6271102393970314,-0.5112242181843838,0.12214736208160415,0.08913470008825998,0.8481303657705763,-0.5077498496647241
11910000,0.1884561288046819,-10.087219157909223,-1.1136188429210958,4.109461893096053,-1.37184399909561,24.642786887430386,-0.09103138168493237,-0.19274492159127296,5.447249887270807,5.447249887270807,2.5299932504067635,0.6053430201836794,-0.4997037053343714,0.1605997391309676,0.10965071770352183,0.8444649536339435,-0.49906250708923167
11920000,0.27170016726036095,-11.56062932235502,-1.0838514827139605,4.783607591377192,-0.4288672397321953,29.214208688877697,-0.20931588475508536,-0.3020266796681114,5.62315264048619,5.62315264048619,2.521600009414852,0.5866849672658402,-0.4978511988195792,0.20251099329832278,0.13548258701788427,0.8377950091203077,-0.48860340655931966
11930000,0.512685098783757,-11.932277427393217,-1.1284537339762915,5.681484412271387,-0.9960721129949897,33.88189255228814,-0.33372909688078445,-0.3886313711968602,5.799064820477476,5.799064820477476,2.503650844968482,0.5581045098005195,-0.48343150750397224,0.24484597690512927,0.16321959955330223,0.8283523454578007,-0.4766992780460164
11940000,0.10671604120813527,-9.65304446795271,-1.2433411314332337,16.289387312596716,1.8956704422667878,39.90456190248996,-0.37948860957565506,-0.42368192864083776,5.974975664256995,5.974975664256995,2.492632240186218,0.53575508844726,-0.4761591246135632,0.27737206760966604,0.18509907313129315,0.820615793685171,-0.4641042861150196
11950000,-1.1057681889286382,-5.011666967283526,-2.4629073878746834,14.694589357588912,5.693261613405219,24.160073071993068,-0.30538646787654455,-0.40284021191532593,6.150879263856275,6.150879263856275,2.4748496296585505,0.5043034284064726,-0.455673835167707,0.292572902497589,0.1986599164532219,0.8220382140359532,-0.44630539878374276
11960000,-0.8245514280051718,-2.7678645208947557,-1.0090960243387386,22.616586158172204,-3.696987403913056,19.277933654933854,-0.18823313342406678,-0.3108754914812938,0.043606033882625184,0.043606033882625184,2.4628320139884248,0.4794639986267185,-0.4424572514040403,0.3073042137186771,0.20231479447997058,0.8199127418378879,-0.438606817020837
11970000,0.6068724047057169,5.294407992207889,-0.8121234270417841,16.900232748944788,-3.9207125780891112,4.900801674031195,-0.07254279887824382,-0.1859717870416558,0.21951762327360314,0.21951762327360314,2.4517816247709243,0.4561926876148308,-0.4367949806227304,0.2925996071408014,0.19719909894831178,0.8259439596408275,-0.43967551763528273
11980000,0.9562446922014582,9.480210527456574,-0.7022927453693398,7.4805229992734805,-6.6895429007953915,1.3577633207913935,0.014672934216807465,-0.10720475459612937,0.3954300549003591,0.3954300549003591,2.4383281142941358,0.4304029851221643,-0.4308657801017041,0.2609247561369223,0.18920393890678885,0.8372704366785618,-0.44169939665018143
11990000,0.28405667023069586,8.749929330913067,-0.6527679055367294,-8.636919787264297,6.810398561425547,-10.248133155435104,0.10188866731185875,-0.028437722150602966,0.5713424865271151,0.5713424865271151,2.4248746038173477,0.4046132826294978,-0.4249365795806779,0.22893689876791334,0.18098180907496209,0.847592520802816,-0.4431934113291987
12000000,0.6964829670583801,3.6056220602817843,-0.39297017661393063,-14.996965159389452,8.096383505902649,-14.377179351289048,0.18910440040691,0.050329310294923456,0.7472549181538994,0.7472549181538994,2.411421093340559,0.3788235801368313,-0.41900737905965163,0.1966744077934604,0.17254257275216114,0.8568978296008205,-0.4441557694464413
12010000,0.7832663189090783,1.4186329017435995,-0.47964381962186814,-7.9895731395168035,5.871644001814215,-16.96784228237788,0.2763201335019613,0.12909634274044987,0.9231672393778041,0.9231672393778041,2.4015014562633272,0.3567372209754165,-0.40831888120329085,0.17793338311958176,0.17306455674002905,0.8616611267547724,-0.4426380835532497
12020000,0.20871474451723132,-0.17406838983419173,-1.539110546674246,0.019883606953077566,0.23716669671984764,-12.862110389497749,0.3714829085973328,0.20455121047307262,1.099073283830208,1.099073283830208,2.3792438941429084,0.32286849877998125,-0.407499487645403,0.1815766979684343,0.17835479606640042,0.8633966411317312,-0.4356210618845666
12030000,-0.06626719997865171,3.898286338848115,-1.261268154403603,11.792590085486498,-3.54036258161951,-0.46377188727093943,0.5059798142189224,0.28030813354602613,1.274970940733553,1.274970940733553,2.3487754071737843,0.28175099671924025,-0.40320768088099523,0.1709066424645489,0.17121313830532908,0.8677801508129114,-0.434090532824958
12040000,-0.23604785443104537,8.270388308907759,-0.40158266979564833,7.773292647771347,-2.152081990826977,-5.49161481131292,0.6594728280098947,0.4048777301992037,1.4508824956037785,1.4508824956037785,2.3307298080387064,0.25251686860336614,-0.4030003474192957,0.14221058364246117,0.15517763631704348,0.8735242862922522,-0.4389206902673163
12050000,0.21513486774088236,7.769201788745949,-0.2391769385030617,-5.349886631752899,1.2118803613458984,-18.194920011321027,0.8068152928942192,0.5373700967374063,1.6267944236172838,1.6267944236172838,2.3093663067838412,0.22135983381003838,-0.4043098805403813,0.10836391941887213,0.144108987225316,0.8782881409841575,-0.44283157314679655
12060000,0.006362835983903469,5.9450465777016825,-1.267772998375077,-5.361262918447412,3.2718254521099404,-16.691182381285767,0.9467779071469491,0.6785866683205884,1.80270607144665,1.80270607144665,2.2854745301938513,0.18911585429067235,-0.4074024397081198,0.07891864830596455,0.13847937555330417,0.8837667912887498,-0.43994496032016756
12070000,-0.35244937954756406,5.354912756074643,-1.566444263213333,-5.685817851506295,8.090736839480453,-10.499844514335189,1.0914951241229216,0.776168410286336,1.9786179483814834,1.9786179483814834,2.2671187720919996,0.16220139901813907,-0.41719820552602105,0.051118391032155576,0.1320178480415934,0.8891301086853844,-0.43520782130594465
12080000,-1.8033229859059383,6.128673561791652,-1.359537490162167,-9.545629916170713,1.291324595900608,-5.3929683447553804,1.1840101574368735,0.8392204118775549,2.1545303875801523,2.1545303875801523,2.2524522211346056,0.1374513901587825,-0.42486232984820405,0.022570109083128512,0.10951526483977227,0.8948436583662286,-0.43214791914898154
12090000,-0.25873846765918024,6.288321145052924,-2.0093051549653893,-3.6969671604985197,-5.769229122253296,3.6843102342159146,1.145818531868975,0.8158149766375259,2.330442822233792,2.330442822233792,2.236050370322627,0.11082413553579296,-0.43712857795392795,-0.004321719305382827,0.08904164460322916,0.9000697679443953,-0.4265293906650752
12100000,1.0881139937623885,5.180622798805178,-1.3400824291482079,1.9380366856751545,-3.938221302913794,11.738762666500604,1.1010028350712215,0.7942007702988402,2.5063534248802313,2.5063534248802313,2.219501149885177,0.08408581268547177,-0.4486017788601035,-0.025408526713104774,0.07689093118070658,0.9023176242959853,-0.4233970906339372
12110000,-0.24432158644946486,3.3318814532485974,-0.7662077736503302,-0.8670907748768142,-2.14547617144297,12.963712013015941,1.0364889230646,0.7673935432207549,2.6822661318962986,2.6822661318962986,2.2081438832237286,0.0649493168418005,-0.4595251324763721,-0.04154608070947463,0.06358831358614349,0.9038179310671312,-0.4211218315814118
12120000,-0.524885067974857,0.7669693753589263,-0.9230919827903123,-4.690121036615591,1.1991714405042357,8.50737274866951,0.9411876245985726,0.6801586213277758,2.8581767360754355,2.8581767360754355,2.1968382531049877,0.04633131075592678,-0.4703923145258356,-0.051262041926498254,0.05594709547665048,0.9058613229800031,-0.4167221965460577
12130000,-0.8735084519556505,-1.6591407495909543,-0.15275691729775212,-4.543489908914841,-0.435363993736657,5.262814320870852,0.8372611937449278,0.5811424184270071,3.034089442412224,3.034089442412224,2.193995843664642,0.03472441100452506,-0.48042761125568345,-0.04696583739509212,0.05002416509757894,0.9070915935538901,-0.41530306274807594
12140000,-0.37455275295849644,-2.4833476892650834,0.17726640325170093,-1.04580175329179,-3.593981039259429,9.152525027252908,0.7336818963124866,0.4892679701739353,3.2100003159234944,3.2100003159234944,2.193299266718349,0.02580954139762981,-0.4929619852802302,-0.03433600245933799,0.0464132599048339,0.907799402883171,-0.41541195500981565
12150000,-0.5159414979705205,-2.3023445477472095,0.15255319558596792,1.0238104627831328,-0.19460579857482163,13.913537643486483,0.6310993811429442,0.41790083675708856,3.385912994682272,3.385912994682272,2.1916170541496087,0.019870289494249016,-0.5037754202815828,-0.02098780207814743,0.048538398512277446,0.9079792345969925,-0.4156648235952275
12160000,-1.4913112625942162,-1.7472059254261236,0.05510012262972035,1.4272254717716135,3.9675670680147013,15.006462890656849,0.5294713036747705,0.3437330079746302,3.561821632642861,3.561821632642861,2.1941792643715488,0.02341736279095369,-0.5178714376907017,-0.008708371378706744,0.04936350383338586,0.9079667751989162,-0.41603334468778197
12170000,-1.9974212863694174,-1.5019707007027978,-0.06512274775034689,2.3921829403510317,-1.6240286566726247,19.26573200300945,0.4296434293162379,0.2564045710870884,3.737725099059631,3.737725099059631,2.1864480874322707,0.012304782090286959,-0.5271444226479352,0.008333216357873152,0.03937275603818203,0.9085170656306419,-0.41590513947891844
12180000,-1.0682898023397818,-1.7161719440453698,-0.036406765844247645,3.4683835710861617,-2.6268154555314034,22.815355405332962,0.3430180805247086,0.18057376039098105,3.913630375947278,3.913630375947278,2.177951006567899,-0.0020057198055737357,-0.5344856852734041,0.02542294575660986,0.031107148040231108,0.9088669350417099,-0.415146857819914
12190000,-1.0611478798194687,-2.7961938246768643,-0.556162491726303,3.2649240069871275,-3.525724305051639,21.891322755475002,0.27388344702545003,0.11540419627042749,4.08954187584682,4.08954187584682,2.1676418591939806,-0.01612271055879444,-0.5422421383414989,0.04600650108570288,0.02672414307143951,0.9095059664182649,-0.41227189946020654
12200000,-0.8520503696096795,-5.105168518381927,-0.9905366121771224,3.376304362330072,-3.2754821024209013,21.112704283888423,0.16849948380912153,0.02977066538613634,4.26545316446915,4.26545316446915,2.1568966889424233,-0.02692093983104904,-0.5500675595612168,0.07683685738006739,0.02890721001194574,0.9097335565842269,-0.40699548717632444
12210000,-0.3499724389937409,-7.843797072531419,-0.9866426681960057,3.185397950835589,-0.5644569989691053,20.610799815205944,0.06400903246392169,-0.07293452390005725,4.441365252621111,4.441365252621111,2.1430288185860413,-0.04627853464769405,-0.5533153627381311,0.11537873861808381,0.0404846389404907,0.907809348256165,-0.4011619721552321
12220000,-0.1618799238505696,-10.600847006676155,-1.0055636492413216,3.5692669686413074,-0.95978013209486,23.291846101504014,-0.05945327554934166,-0.16146806255683885,4.617276775333451,4.617276775333451,2.125682489601172,-0.06632806179310291,-0.5594598295922278,0.1571256415870835,0.05705912182006215,0.9035325423460111,-0.39456904883014376
12230000,0.011492605325381627,-12.547299074046789,-1.1025912936629538,4.970435727163999,-1.4409259508272587,29.09586588957091,-0.1671876061307124,-0.2805577519434823,4.793886422321734,4.793886422321734,2.1122397100543546,-0.08650562890816016,-0.5578729934656944,0.20549152200705018,0.07859542854833079,0.8957566519715712,-0.3862848863768966
12240000,0.31590954147314704,-13.06018448467478,-1.009682222737065,6.501736837198072,-1.6567106309797122,35.84332182998743,-0.2782809176207842,-0.37767313477565256,4.9736164434193455,4.9736164434193455,2.092514567472588,-0.1097103144315339,-0.5570628389617093,0.25283578497819814,0.1030404251421895,0.8849317673630221,-0.3772963076054859
12250000,0.6931154726861132,-12.412823854369945,-1.137531209568592,5.75717220178952,-2.126431091234833,38.693195454739865,-0.389374229110856,-0.4747885176078228,5.153346464516957,5.153346464516957,2.0682139603741536,-0.13701445453167693,-0.5570029502935749,0.29941218320019364,0.12717248695819947,0.8714193363313205,-0.36716187626174007
12260000,0.5417152894255455,-11.925203894972574,-1.2725731324830707,2.895254876397216,-0.6453536345125807,36.3139416504531,-0.5002707934885116,-0.5562239738818184,5.332537888645035,5.332537888645035,2.040528742114859,-0.16837787452279185,-0.5546368079474289,0.3450066267828575,0.15100981118748819,0.8553292090916175,-0.3557785947408042
12270000,1.784982472625651,-11.898080955448664,-1.237739206412221,4.287477771562151,-0.13670210892327028,30.127453981102672,-0.5897461431497408,-0.610082792822976,5.497689865991603,5.497689865991603,2.0241669366501953,-0.19186638289174274,-0.5437120398435137,0.38596976816968037,0.17635654203247672,0.8379820459159222,-0.3430915313206606
12280000,3.308890476811799,-10.579544823149195,-1.6210422659898984,12.734027019585229,-0.9865483386826226,22.571636551020283,-0.6113875001347421,-0.6919306292124119,5.680668092481042,5.680668092481042,1.9972975113230795,-0.22446206953863712,-0.5344390548862802,0.417502062987955,0.20559272442775353,0.8213980958313825,-0.3297405453197324
12290000,-0.4851736860346988,-9.228889207934486,-1.4545697747296062,20.057175425479578,1.919836738164623,14.528123149957187,-0.5961115306866832,-0.6262755572090611,5.848641569833106,5.848641569833106,1.9697554416656,-0.25691219565558554,-0.5245968840957348,0.44604388650398147,0.23155306331902217,0.8040808818036606,-0.31761921493802625
12300000,0.5633152528999154,-8.220218360312993,-0.12565275576655494,30.39950484077694,3.1424146726285365,21.53318886660312,-0.47440684096024377,-0.5230650108971703,6.024553444826253,6.024553444826253,1.940329405428702,-0.2889546305733043,-0.5131605170278513,0.46822154592355014,0.2493128111364343,0.7887669273731162,-0.3105775916233864
12310000,-0.017508501238266996,-1.778546480552097,-0.20246459281743773,27.876293993385033,4.072652836973163,18.56413875420818,-0.35268709747747473,-0.41984525384511384,6.200465315385358,6.200465315385358,1.9066776336826075,-0.32405559153591657,-0.5023322143777739,0.4807071746253161,0.26098629765872655,0.7794095611310642,-0.30549550031975664
12320000,-0.100303875173719,4.59866361151299,-0.21982817163702628,22.38660551623985,4.73932559645668,14.389905590868599,-0.1933480169269236,-0.2936078571194591,0.0931918071657023,0.0931918071657023,1.866514640615562,-0.36396264271602374,-0.49140540567230023,0.4573532086382876,0.25380366966214624,0.7939465216165346,-0.3099365429040224
12330000,0.7861007154084457,9.9654352684903,0.23420181922827368,8.239777993981816,3.468828326901604,5.688338782024213,-0.05336308580838824,-0.13959710806238712,0.26910312007822057,0.26910312007822057,1.8481473330611564,-0.38792024590032326,-0.4764370871986202,0.41583608179227477,0.24518376070799974,0.814678643227213,-0.3213471406970949
12340000,-0.11652205514486777,12.024556801982316,1.201631120757697,-1.1290967817505349,-0.9335120456370644,-6.055936670266468,0.08618373148642083,-0.04948841976677264,0.4450133445036428,0.4450133445036428,1.821962974635335,-0.4157194966034198,-0.4723034151480541,0.3874661484023003,0.23377436504476976,0.828543673427813,-0.3297497707549575
12350000,1.690118455947642,11.844260240938832,0.433395920551953,-10.752609792478644,-1.9011438332757957,-21.62408226921944,0.22582193586872074,0.028877398143932614,0.6209235689290651,0.6209235689290651,1.7957786162095135,-0.4435187473065164,-0.46816974309748793,0.35863208067199437,0.22208493792291073,0.8414162154513478,-0.33775740322927666
12360000,-0.131598900665052,8.486447319070926,0.21272069876152622,-12.677832839582344,1.3181251336302957,-27.144881218550353,0.36546014025102064,0.10724321605463785,0.7968337933544873,0.7968337933544873,1.769594257783692,-0.47131799800961294,-0.4640360710469218,0.3293684180858002,0.21012948176448826,0.8532808496570949,-0.3453604460118605
12370000,-3.110846071207564,3.2097877786130247,-0.4109451385055795,-12.438012687837695,5.036585666041763,-23.595956619345696,0.5050983446333206,0.1856090339653431,0.9727440177799096,0.9727440177799096,1.740006710125589,-0.50020275086294,-0.4615077022882565,0.3044601888918588,0.19823648962269494,0.8636896345875562,-0.34935154596483275
12380000,-1.6794152407254404,2.218390826636232,-2.6861691700998143,3.390059544558446,-5.466714413555408,-1.8380159172583015,0.5689082651511209,0.27757247779637007,1.1486496373185489,1.1486496373185489,1.6972749880450428,-0.5330772299758918,-0.46624485801171567,0.3005757280228327,0.18761337687082086,0.8714638386345007,-0.3391256853956841
12390000,-0.9078524780155882,6.601263448368744,-0.3236967340730746,16.138404696461006,1.1552137889232967,3.7849561623481938,0.6511810550082029,0.36863037146170446,1.3245613135535663,1.3245613135535663,1.6747217824705112,-0.5578768533884982,-0.4669014906213086,0.27905564148777373,0.17547276367428233,0.8800085764913618,-0.341938830003268
12400000,-0.16291257222372604,8.151271879103476,-0.25433794546733585,2.664365812231187,-6.373061786925177,-16.406273657643563,0.7773743166902742,0.47114454548341006,1.500470630593746,1.500470630593746,1.6358042201991094,-0.5852077388288189,-0.4725223227006757,0.24980115403730752,0.16156798031786468,0.8891239150783895,-0.3477841784976888
12410000,-0.336699984881516,7.305860071847626,1.1858567177404602,-7.998730356241632,4.340397870008291,-17.83893588825825,0.9411466208470907,0.6215594277027418,1.676384420047377,1.676384420047377,1.6128837789579231,-0.6099880186525176,-0.47356444863357455,0.21905202182903882,0.15155513618230165,0.8954980989238488,-0.35655351246783035
12420000,-1.1801381357358833,4.821429149145145,-1.8772832279408251,-7.54863277433976,-0.011229992632310875,-6.5719133338244085,1.0852432925047037,0.7541656709450133,1.8522930341617538,1.8522930341617538,1.5739603564191595,-0.6367068403563524,-0.48425744616666316,0.19344038397381424,0.13900226599167112,0.9058832480898181,-0.35019241671898765
12430000,-0.8347157384808954,4.806455505059194,-0.7065164222165007,-8.66457816647531,4.775435302082893,-8.716792586299235,1.1764022704422565,0.8336217490563594,2.028205870226593,2.028205870226593,1.5509686196382597,-0.661344900073764,-0.4902004052037451,0.16709076993596123,0.1311833135055417,0.9130632161317968,-0.3481194855318706
12440000,-1.4975823074614165,5.255009032672627,-1.4126296765755002,-3.4551279477098977,0.9613212123509413,4.081484952277134,1.2105218971581597,0.879264563885698,2.2041158123592126,2.2041158123592126,1.5152717846441068,-0.6861250384212657,-0.5044053589560529,0.13786704990719134,0.11449894444339703,0.921893993055393,-0.3435027421136824
12450000,1.019754889205683,5.100657130230186,-2.0704911321243284,-3.6673372209690287,-1.7719235900149866,2.0779515577871472,1.1768319411487964,0.8477173180348705,2.3800307293917555,2.3800307293917555,1.492745492512665,-0.7104011876583413,-0.5136732500594515,0.1072098459530122,0.10630422136198377,0.9293096740271037,-0.3370296592452837
12460000,0.06174069902457875,3.019540913727006,1.2148447684916013,-7.449473294898146,-0.42871160740039094,3.881486043537071,1.1276700764096803,0.8119801309184633,2.5559410298873715,2.5559410298873715,1.4683904050917207,-0.7296082800781399,-0.5277478903724352,0.09989168587732394,0.09409156098824957,0.9338187113568762,-0.33038015007437066
12470000,-0.3480498527990741,4.030129763504338,-2.254237971838394,-7.268920910476709,-3.4797604054771454,6.2721968597916335,1.0712891163902998,0.7805175588987567,2.7318483816896943,2.7318483816896943,1.444035317670776,-0.7488153724979384,-0.5418225306854187,0.09254682955577873,0.08185375446323016,0.9380781838336257,-0.3236423461706662
12480000,-1.9113620684617048,0.5821845101704236,-1.2148421349256762,-9.564744695327928,-0.28556098374241856,2.660610259281514,1.0149081563709195,0.7490549868790504,2.9077557334920456,2.9077557334920456,1.4197272310147577,-0.7681527322146661,-0.5557642156824367,0.08553368979428304,0.0695987244113279,0.9420002509373921,-0.31697875749706295
12490000,-1.1791200152756833,-0.6778303377545171,-0.2700409845755544,-0.03645496096581488,-3.4260375466007686,6.135142007265267,0.9585271963515389,0.7175924148593438,3.083663085294397,3.083663085294397,1.3970290466713273,-0.7917549803482126,-0.5652904781792202,0.09049538155222853,0.05753557757409513,0.9427712261057684,-0.3157256062753832
12500000,-1.9197613075015858,1.0949425815500649,-0.5586769273937441,-0.7484492466782552,1.1171423957356559,4.52504294153468,0.9236603862740964,0.6864197715473372,3.2595696559071357,3.2595696559071357,1.3740932950385707,-0.802695709059522,-0.5839477178844149,0.08050826566738355,0.048373518511600495,0.9453805593376323,-0.3121442293115532
12510000,-0.34159177263981494,0.05124645838499724,0.6817643270076076,-1.1532797884103898,-4.2516814716905875,11.238482126903842,0.8698990063302583,0.6190198563148794,3.4354832958887513,3.4354832958887513,1.351386539411375,-0.8258600380758859,-0.5980700858729199,0.07887325291939985,0.038883993856225804,0.9446988615092077,-0.3159289572972196
12520000,-1.8838050603878214,-1.06271196449222,-0.16460692557585443,-2.8400075474076942,-4.6528018673446025,13.147227175638427,0.796262050770748,0.5324396127282147,3.611394052738767,3.611394052738767,1.329897221202162,-0.835640132354491,-0.6165868576982813,0.08329419847636539,0.024687598921118083,0.9452162978283609,-0.3146724476012117
12530000,-1.2225625467831285,-2.22731105375118,0.004633345197550072,-0.31002956564302986,-8.003298179614886,14.521172062398449,0.6842595338716893,0.46131870352530996,3.787306668222975,3.787306668222975,1.3072756231658413,-0.8578689366290672,-0.6262051032521977,0.09560533404111263,0.014556003259146199,0.9442965020214142,-0.31456614430375096
12540000,-0.6456475328362761,-2.4415428629277875,-0.02884254026281166,0.1625813596653188,5.571622169073086,17.85798399718521,0.5864416145001405,0.3916509203607801,3.9632174564427984,3.9632174564427984,1.2874277203627058,-0.8657783713843029,-0.6432835246383215,0.1028301829464398,0.020629030006347762,0.9437743021565764,-0.3135130989050796
12550000,-0.7103889408038933,-3.279824990013098,-0.033700358637691816,0.38770354578906485,0.24542046261359907,18.57242601231276,0.5124216021592917,0.3209931674428433,4.139130170424771,4.139130170424771,1.2650479713667526,-0.8868886337879381,-0.6459531252773228,0.11194137038858036,0.0210958704074771,0.9429392960999526,-0.31287310162077475
12560000,-0.5739559485863729,-4.153997239306444,-0.30271944121351224,0.045687404545260386,-2.42066345664432,16.94750323013551,0.4163936122639046,0.2415618055824553,4.315042752249234,4.315042752249234,1.2429595108669975,-0.8991769534840431,-0.6606554584404032,0.12693697692998393,0.019588349952738823,0.9415783848460587,-0.31134136510379296
12570000,-0.7416396533832743,-5.168295875907793,-0.5672894166913666,3.3107601282041306,-5.043833315842988,25.214572317797753,0.3037784493370975,0.15800674229890274,4.49095433927814,4.49095433927814,1.220504630039078,-0.919790227379924,-0.6592030913526028,0.14959376139324504,0.01718293349005253,0.9392030847597113,-0.3085838928504532
12580000,-0.6810448955787516,-6.521779809603342,-0.49421397330838135,-1.0495416371640132,0.8949758864072284,20.5474685830742,0.1965794479133482,0.07025355579767562,4.666853593233689,4.666853593233689,1.1973939668193263,-0.9275822369725019,-0.6706862543352861,0.1740767748606475,0.024086995719466132,0.935882308729755,-0.30535454360135145
12590000,-0.7132303474446083,-8.361855224501724,-0.4768641480688684,2.1614076469907952,-0.8954497499097676,23.475508488231345,0.09361889529407535,-0.033840608570876646,4.8427707369184745,4.8427707369184745,1.1748156043108815,-0.9468504053502628,-0.6652380944428732,0.20698465419701695,0.03222614037478296,0.9300609800510277,-0.3018367144500619
12600000,-0.12290153272678445,-10.18201577871871,-0.5088673144418713,4.03419005775924,-1.254078738064546,26.908739599532442,-0.007624562572342801,-0.12941624568624463,5.01867584410234,5.01867584410234,1.1479669626838476,-0.9538101890809988,-0.6732583258615527,0.24726740390677035,0.04586413626526315,0.920833929220817,-0.2980271577651925
12610000,-0.013969255996650935,-11.568460160413908,-0.5716514570622299,4.968886119005027,-0.4357978105537834,28.48340586505223,-0.1081046628021366,-0.22838457682431806,5.194582399361018,5.194582399361018,1.1246761122194497,-0.9719654786931217,-0.6629735494327532,0.2933222265217093,0.06258018541091304,0.9079011173064041,-0.2928503935733501
12620000,0.19977161533401158,-12.43136077173966,-0.731179501208789,7.746817918996961,0.06871620553184761,33.41041432831864,-0.23435927941016013,-0.32380398557442897,5.370493378198994,5.370493378198994,1.101876536450339,-0.9757725658467195,-0.6664227109320219,0.34234209591397136,0.08175327879934395,0.891251785517613,-0.28598696750455754
12630000,0.8245644112048456,-11.74602945121866,-0.7092778603693272,8.349022600489699,-0.9784848423525192,36.37581192961078,-0.3414171376298388,-0.4285881547752208,5.546406344261122,5.546406344261122,1.0754253895845116,-0.9788715338480892,-0.654185966181218,0.38685713718600145,0.10185697963181212,0.8727327830307189,-0.279828877230339
12640000,0.8264809191501125,-11.50088657770466,-0.6163800463145707,7.699092662749399,-0.9775011095283695,36.16294542719306,-0.43707171407921985,-0.5590382905104364,5.7223176053664915,5.7223176053664915,1.0518424115187992,-0.994893185464763,-0.6530906247304844,0.42972351798487385,0.1210582941473509,0.8520424516221505,-0.27332443751438107
12650000,1.1579745024380752,-11.163433763743578,-0.9915001225050699,10.52518026859872,-3.177218082120562,35.031173040685196,-0.5030821367939671,-0.5995281380627276,5.898229074949533,5.898229074949533,1.0289081796173614,-1.0132665432804142,-0.6395874852391864,0.4697846289247229,0.14123654178296047,0.8299375194290064,-0.2656282280467912
12660000,0.44427026986318396,-7.214674442997119,-1.8732225320939824,14.766482966253701,11.599738339475223,18.51657007079395,-0.46132757066179525,-0.5477344077192511,6.074140931286529,6.074140931286529,1.0075250758306038,-1.0146918725972633,-0.6349852771403643,0.49353431086713956,0.16086174638022321,0.8169086140360642,-0.251411413547753
12670000,-0.175923215295096,-7.41157012644343,0.1399750432939807,22.769365798894142,-1.9084026180211129,10.932573444208824,-0.3548688878265487,-0.45051814961008635,6.25005247543654,6.25005247543654,0.9850268221581585,-1.0282994152077993,-0.6217324959810268,0.5261881608546876,0.16550471666993694,0.7965123591547557,-0.24759295193945002
12680000,0.6622794479085958,-0.40400172693304665,-0.26686852921072823,25.3516354473794,-3.6473580436368973,9.416000499315786,-0.2099049699643694,-0.32378145761930166,0.14277875768149784,0.14277875768149784,0.9632944335539811,-1.0383302307068694,-0.6142171595608217,0.5302317377828557,0.16410416591522067,0.7929214276631888,-0.25139557778452076
12690000,0.25598099800586255,6.114913958959079,-0.5167891521991093,14.910410824393605,-2.351038284061753,6.9507975226080925,-0.05059824600250265,-0.18483298334991496,0.318685770498945,0.318685770498945,0.9418932548957774,-1.0501012611252571,-0.6007199929854182,0.5044917420987916,0.15297718537241609,0.8094293688644046,-0.2586699822736133
12700000,1.1904173459501606,11.062046216751947,1.1903748664639497,2.0908946665634307,-4.318299655461572,0.211543601618319,0.09361041654927815,-0.037937681523332184,0.4945893126934209,0.4945893126934209,0.9194817827511851,-1.0659949211488358,-0.5923200288529171,0.46001685365399647,0.134883213048398,0.8324162408650848,-0.2779824007667742
12710000,0.0627405978484267,11.616911366766601,0.12098976922394539,-12.239055523250846,-3.6519897183121244,-18.817391230332028,0.23695523249802877,0.09243407540957395,0.6704967582898007,0.6704967582898007,0.8989961375604062,-1.0764487527859816,-0.579502415733127,0.4150187239003694,0.11689854360579349,0.8554950373993861,-0.2867445383960721
12720000,0.05882533274845692,10.091786911483592,-0.09646423125446536,-10.973903624386976,-3.815225525484388,-28.19920160748054,0.3844145931947968,0.21925412640173267,0.8464084094075588,0.8464084094075588,0.8771360977418523,-1.0908233010335575,-0.5755664270793623,0.37742656091453525,0.10282060374588346,0.8727842510725767,-0.2919328101485685
12730000,-0.2468785592728998,7.399646637234806,-0.27205163698607754,-4.172399842832703,1.4986445104819113,-30.00606672714679,0.5218993246630139,0.34211626768438363,1.0223201243232154,1.0223201243232154,0.8577846195423664,-1.101408993241722,-0.5710142905040486,0.352023882801915,0.09372967960149883,0.8840537642189614,-0.29281884343250325
12740000,-0.2911759239387387,6.753985962542059,-1.2435179614954404,4.9314010212153345,-1.041220957516867,-17.493518337870334,0.6548071682256192,0.4473391324122776,1.1982317382521614,1.1982317382521614,0.8365943122880348,-1.1153205319950583,-0.5733517609486604,0.3289666088686981,0.08609468424273546,0.8948500679403177,-0.2891574510570006
12750000,-0.0353976079517107,9.425532584381981,-0.48006086555161404,7.878664134809659,3.7235060015628227,-12.490802334610718,0.8141347450845036,0.5552611457727209,1.3741435445398338,1.3741435445398338,0.8177142649294138,-1.126653960194668,-0.5717777278602789,0.2923863679653476,0.07672463565622556,0.90820269542014,-0.289467452648902
12760000,-1.4827553189633043,9.94025366237133,-0.5275189469374149,9.54687869802506,5.358736592181611,-8.662289312165246,0.9335184094443574,0.6372931520051144,1.550053683533406,1.550053683533406,0.7970467966100477,-1.137848937911465,-0.5766391350989859,0.2669439781625985,0.06776534926117446,0.9171413342360875,-0.2880981482028071
12770000,-1.0748720444727788,8.887649270354187,-0.6215635941304104,5.549000498543485,-0.10185203097579731,-7.262191752911899,0.9734278918379556,0.6726113059723843,1.725961985767782,1.725961985767782,0.7749595110619671,-1.1498398736256212,-0.5856421974060846,0.24877537692058982,0.05931138650558517,0.9237574261191266,-0.28507049822556196
12780000,-0.8513599418743437,7.05064677882972,-0.8403115853352118,0.582270928149569,4.9243217248592694,-2.866069872142614,1.013337374231554,0.707929459939654,1.9018702880021578,1.9018702880021578,0.7528722255138864,-1.161830809339778,-0.5946452597131834,0.23049370555482435,0.05083046631596287,0.9299536638840232,-0.28191328174172453
12790000,-0.16197400421878322,4.8376948731279,-1.2062661827969654,-1.1521270901077123,-0.690830412256375,-0.4447098434963331,1.0532468566251523,0.7432476139069237,2.0777785902365338,2.0777785902365338,0.7307849399658058,-1.1738217450539343,-0.6036483220202822,0.2121072732109635,0.042326443328997425,0.9357272312979993,-0.27862793372795114
12800000,-0.6454543498549614,3.7922087489734557,-1.1295680999862645,-0.9532300272697465,2.2555319666250395,-2.07614576495645,1.0931563390187506,0.7785657678741936,2.2536868924708813,2.2536868924708813,0.7086976544177251,-1.185812680768091,-0.612651384327381,0.19362443664925547,0.03380318268175933,0.9410755042348646,-0.27521594739756194
12810000,-1.616178156933074,3.3627658356856336,-1.7546482829413816,-4.361404657399385,-3.046488265429132,-0.38544540437875646,1.1242435045024577,0.8173737143482218,2.429605068564257,2.429605068564257,0.6898005757914109,-1.1902449209682908,-0.6215412462903187,0.17702647589281273,0.01910240550173424,0.946982017027256,-0.26743557049130257
12820000,-1.0415304270435608,2.086390601793554,-1.3767157535761716,-7.675277391843628,-4.796597407594032,1.5130758996216298,1.1124447766089582,0.8173551092882464,2.605519840558344,2.605519840558344,0.6697938734719235,-1.1988341842819605,-0.6344631742178239,0.16344433956247012,0.007681802890963372,0.9513013419282418,-0.26125216671801793
12830000,-0.6091053277169758,-0.11921272823702465,-0.04048405718283986,-6.391057903925904,-1.205621431373327,4.436814872518799,1.0331437759717406,0.7291098549697294,2.781421390218213,2.781421390218213,0.652911867163394,-1.2058888486521724,-0.6462620870922925,0.15798554648767105,0.002253896543862029,0.9522367214767163,-0.2613057850921717
12840000,-0.4638686055111553,-2.234344784124908,0.40738139997291484,-4.435192881262054,-1.5273051094204548,6.255458297425606,0.9225571123193795,0.6287952058328738,2.9573339511757695,2.9573339511757695,0.634666047206862,-1.214811557060493,-0.6599447293226706,0.1625473732873135,-0.0006056107104609339,0.9508297596853972,-0.26362995423447644
12850000,-0.6577982960741293,-3.7651276480286935,0.44765522317043493,-4.573967326354235,-0.35111529428071947,7.764238754708834,0.813471902455417,0.5434676554133995,3.133246774610541,3.133246774610541,0.615590248163036,-1.2274962090628447,-0.6722768881777467,0.1698987060215998,-0.002914710897092991,0.9489144786667897,-0.2658707323665158
12860000,-0.8404191752144654,-4.008916002668234,0.371138743416267,-4.729292090454705,-1.2923886017307253,10.187788486218524,0.7148700441783892,0.46453693067956453,3.309158101970496,3.309158101970496,0.5981219823445679,-1.239852191399303,-0.681602239626805,0.17655124565081667,-0.005515541839760387,0.9470586205685889,-0.268102975858308
12870000,-0.9170152944659208,-3.4306892116304355,0.3340673943535719,-0.6599640862603804,-1.8746233468977536,16.032512316728997,0.6162681859013613,0.38560620594572964,3.48506942933048,3.48506942933048,0.5806537165260998,-1.2522081737357618,-0.6909275910758634,0.1831932897100634,-0.00811604489601107,0.945146461989577,-0.27031928123801297
12880000,-0.8708118303666916,-2.7523103343353412,0.5015437595034835,3.5486101028723134,-1.8385759133113588,22.529577491514765,0.5176663276243336,0.30667548121189475,3.660980756690435,3.660980756690435,0.5631854507076317,-1.2645641560722205,-0.7002529425249218,0.1898244433449287,-0.010716065471853456,0.9431781166032319,-0.27251951675131714
12890000,-0.9145840553162358,-2.366956922237467,0.4334863697442341,4.668318092361957,-2.1920423070560893,26.367244084084817,0.4190644693473059,0.22774475647805986,3.836892084050419,3.836892084050419,0.5457171848891635,-1.2769201384086788,-0.7095782939739802,0.19644431234841225,-0.013315449001978326,0.9411537014232095,-0.2747035515992239
12900000,-0.8245511473759114,-2.1260982371097694,0.330962951274049,3.622411172795895,-0.9925985098219169,26.12002279117514,0.32234330041713777,0.15121908099648562,4.012798902059046,4.012798902059046,0.5268053029326258,-1.289575810013626,-0.7073784195390825,0.20102795864571255,-0.014214238877438548,0.9396309902302392,-0.27654894224135623
12910000,-0.702183883720681,-2.114907029868613,0.23363496897907152,4.1155532770739125,-2.259187992605338,26.242924124461325,0.23078258533314505,0.0812926589667341,4.188699023621524,4.188699023621524,0.5072372390110427,-1.3053450922668501,-0.7039906742632333,0.20486494212049713,-0.015442500113565946,0.9384397997090949,-0.277709609128244
12920000,-0.6439679335978601,-3.2589703982246596,-0.07556538551787582,6.417409476082034,-1.7814031614751304,27.12751626955542,0.14098478303473644,0.00672891739475639,4.364609778865685,4.364609778865685,0.4877003271128734,-1.3212426737670628,-0.699911118293393,0.21472045497568792,-0.012707835548889016,0.9364324898783464,-0.27717833434620515
12930000,-0.18114379109771345,-5.227386489537682,-0.2777156984187619,6.025365292351656,0.5258865292060511,23.852684387821093,0.05648985065849566,-0.081783955706042,4.540522525608452,4.540522525608452,0.46970133337786124,-1.3342261236263413,-0.693753798492758,0.23322628810500357,-0.002344446730311986,0.9325242041628711,-0.2756784553727304
12940000,0.29392489658664334,-7.70502963184158,-0.3579989689919988,4.99269866147146,-0.3916644573166252,21.706176442049728,-0.03334380030772373,-0.17386495459345025,4.716433142879055,4.716433142879055,0.4520158256003985,-1.3471714961900574,-0.6871960280798608,0.26185557752817584,0.011572793124462848,0.9251895611666402,-0.27444854323709506
12950000,0.4299614860440156,-9.811927596842793,-0.39679222725449587,5.290608687639457,-2.4418830638393385,25.04803351401185,-0.1438081030208025,-0.2806293458192817,4.892346052499619,4.892346052499619,0.43361249031749277,-1.3588808641962928,-0.6753173352408287,0.298662872951681,0.027280908881139695,0.9139671761793079,-0.27335003420100235
12960000,0.5024848361070332,-10.574863557201251,-0.4344171896765956,4.282399577289841,-4.033807592463501,29.29298782795298,-0.2603892872598127,-0.3979526415018382,5.068256567765587,5.068256567765587,0.41697511974204876,-1.3688135585986765,-0.6686156618206538,0.3366415908943254,0.04287451679212634,0.9003566745483391,-0.2723822198423305
12970000,0.5064552379121521,-10.30139650785569,-0.4921728524148039,2.518886004173295,-2.4939542289965826,31.114909474059473,-0.3769704714988229,-0.5152759371843947,5.244167083031584,5.244167083031584,0.4003377491666047,-1.3787462530010606,-0.6619139884004789,0.3739902080039582,0.058387875353429486,0.885060951881154,-0.2709045805889858
12980000,0.4253581421273867,-9.761006609962788,-0.3457332947328822,0.603121701390864,-0.6536996004027372,30.00143917437995,-0.4935516557378331,-0.6325992328669512,5.420077598297553,5.420077598297553,0.38370037859116063,-1.3886789474034442,-0.655212314980304,0.41063881790124557,0.07379194780780735,0.8681086375802232,-0.2689198821768417
12990000,0.796905941786547,-10.488749837931916,-0.35109907504851207,-0.5863276776695611,-1.0348345775760588,25.251633076905506,-0.6101328399768433,-0.7499225285495077,5.59598811356355,5.59598811356355,0.3675374629609625,-1.3980046966621313,-0.650040488241219,0.4489397478556012,0.0909253852541657,0.8482094368822316,-0.26594440828048727
13000000,1.394745752070332,-11.808918626893593,-0.6963417143341265,2.1937770709240128,-1.337244404722953,20.89854876967998,-0.7378336636571038,-0.8573482554579559,5.771899358863152,5.771899358863152,0.3514094659663781,-1.407661445002502,-0.6439404437553978,0.4888373023659575,0.11371357670017904,0.8246251918098637,-0.2609609306432124
13010000,2.0666942710516247,-11.500358846904492,-1.1548493498342134,8.031998808273729,1.214945008712736,16.21340378619389,-0.8159610234189134,-0.9066729328725067,5.947812743212097,5.947812743212097,0.3343057855310822,-1.4191338451050108,-0.6331220550068333,0.5261802471155057,0.14101333795576976,0.7991309738905306,-0.25424254685793546
13020000,1.6571387897775185,-10.440751852517296,-1.012744674676357,11.884558018854921,-3.1707442701891764,5.5443079930267505,-0.7339623163685937,-0.8669210718089853,6.12372693525171,6.12372693525171,0.3165853252835726,-1.4308675258880612,-0.621243352345372,0.5671923933703455,0.16207727267431973,0.7686230353087065,-0.24747197048980007
13030000,0.5755424346980808,-10.04184592342702,-0.3224438524238523,12.900922787374737,-15.097285638954812,-5.044491811488756,-0.5976136550826637,-0.7290846530297249,0.016449371487318842,0.016449371487318842,0.3002132900803987,-1.4410287469495948,-0.6107566189926069,0.6083829304099269,0.17323669798867716,0.7356269551379989,-0.24230608603625003
13040000,1.1663705488547773,-4.457244984078477,-0.6264783081877563,19.262667185540682,-8.806447142194353,-1.0107375893980761,-0.4539057738754168,-0.568455904355233,0.1949501274430716,0.1949501274430716,0.2858885296810667,-1.4494624732629626,-0.6038987255058755,0.625827771691025,0.18094068428922552,0.7188175139715529,-0.24269621042972572
13050000,1.656141570975208,1.9194941013127746,-0.3389282467200708,15.122244887677569,-5.219906999261117,5.387014436535793,-0.3429391685806406,-0.4214855319077569,0.3682603799163715,0.3682603799163715,0.26952327700353906,-1.4595322749566342,-0.593639786827563,0.617135184840373,0.18102482108499854,0.7234344352592227,-0.251031463494823
13060000,1.9135980975562885,5.0468385699967095,0.3052209292930912,7.808208690340753,0.7173423513439527,2.2664547210840755,-0.19906569386344505,-0.29314371643352416,0.544171601792506,0.544171601792506,0.25709941637890854,-1.4661064785729478,-0.5839405417426431,0.5974781906922497,0.18039398317336605,0.7362764823254849,-0.2614856861405092
13070000,1.0809405423899123,5.310590215864081,0.4818856291894515,1.7742588217654656,-1.2753281527936489,-11.893279214958639,-0.07116716924039623,-0.15908762723996378,0.7200828907194037,0.7200828907194037,0.24477175171020493,-1.4730629876820442,-0.5746231432003339,0.578591599966561,0.1787842094536026,0.7481314956386869,-0.27123280061896443
13080000,1.0839044270831304,5.548153970716744,0.3540017069051313,4.4102743930452295,-3.119234772461248,-18.781940324061015,0.04607193508439138,-0.034888630284048774,0.8959945837885428,0.8959945837885428,0.2326564092251734,-1.4808633153932336,-0.5661485502726008,0.5619675439747759,0.17518142692478952,0.7584829539519379,-0.279656138398383
13090000,0.8990586285895021,5.775914818092924,0.2841251920458846,6.5264185141214694,2.2124430562379747,-21.34088510635616,0.1964894460762678,0.1014264303580952,1.0719065032857955,1.0719065032857955,0.22408321321385807,-1.4858146579386462,-0.5592198612805861,0.5461025072962392,0.17203874899010393,0.768250795093512,-0.28629606390739626
13100000,0.2999672374529933,5.699675525803986,0.08161725232679853,9.211621821719854,6.079614734635187,-16.94337654174321,0.351048039390992,0.21607638542890126,1.2478199294849972,1.2478199294849972,0.21982920584307503,-1.4870532448232434,-0.553582720114091,0.5288188380419733,0.16850987514677324,0.7798306800718148,-0.2895154036121171
13110000,0.05483893075638414,8.445509482391827,0.11101588021948892,8.264268885383688,4.943861645253009,-17.51572058078905,0.5075156326340865,0.349488548658787,1.4237301173425934,1.4237301173425934,0.20865370999542782,-1.4930399495001638,-0.5441404455163611,0.5010319325407708,0.15959836709297867,0.7979636319448492,-0.2945325209363148
13120000,-0.1753693456969778,9.001514546358582,0.19735111206504943,3.462026057630732,0.8472320479175574,-21.040072246671187,0.650883076729824,0.4716835049972552,1.59964249889493,1.59964249889493,0.20683739435903548,-1.4911377750710977,-0.5410065268490541,0.47153805163987905,0.14739788392792288,0.8159714366882667,-0.3001938443374938
13130000,0.054722339963480936,9.186461655397812,0.309273312899805,-0.29443983115618605,-0.9865076071234041,-21.508594479943508,0.7962340381039347,0.6141313746143329,1.7755469736552882,1.7755469736552882,0.1956227717778743,-1.4977459560646529,-0.5349470756020492,0.4406184434335452,0.134810382749686,0.8327745437015908,-0.30686822476706577
13140000,0.06598259854181573,7.737388972399485,-0.9183990337356069,-4.201414612177046,2.6168131911896864,-18.073541500611153,0.9307244332275452,0.7325320671681046,1.951449007947737,1.951449007947737,0.19312663093350696,-1.4983677550148156,-0.5366569186336598,0.4133436009304946,0.12826757422744456,0.8478012737198085,-0.30647593257985123
13150000,-1.3274917663363521,7.914639705650346,-1.7793661983062108,-7.910208084555623,3.299573777908179,-13.884171391809204,0.9947079683675701,0.7615199357254574,2.127359501876704,2.127359501876704,0.18145669628342928,-1.505103771554281,-0.5367456230062503,0.38297686155084054,0.11643624783631427,0.8659662888060276,-0.2997894433731524
13160000,-2.9984819561835256,6.288109872921187,-2.8214135499063806,-4.40710174365008,-1.7371115079447554,5.1011318496506775,1.1133977782808029,0.8232597432286896,2.303271745227171,2.303271745227171,0.17649895558004933,-1.5067115650493514,-0.5421802832740231,0.3538475617941518,0.09745208578045465,0.8851523261623445,-0.2860076108755909
13170000,-1.748185952339313,4.64204489434627,-3.0795281019428526,0.31603814302565,-2.3250433750128963,5.0712561844308714,1.0371856648106268,0.7088097084585415,2.47918834231519,2.47918834231519,0.16495144536776865,-1.5129055504222388,-0.54267499871708,0.32905334366346967,0.08930272059788856,0.9001468331655259,-0.27108043061014353
13180000,-2.8134317971109004,3.223259584406244,-2.32473768940006,-6.963584441772618,-14.219790820135207,6.860353313004221,0.9502055661048988,0.6771996393911686,2.6550953278567206,2.6550953278567206,0.159779775241579,-1.5126890856632835,-0.5486952338186661,0.31489482904301225,0.07109706820460485,0.9102964860364062,-0.2591269207250626
13190000,0.6291670047640936,1.893220972782671,-0.7430388114504662,-3.953254641195564,3.524111876388719,6.991513769379856,0.8713440110656865,0.6064418922693505,2.8310098265235766,2.8310098265235766,0.14777006798700143,-1.5193391233606017,-0.5462782632127,0.2991190956417937,0.07380590675367989,0.9159607030911523,-0.2570922891559851
13200000,-1.1851129731045014,-0.7032842177466634,-0.7753289830404642,-2.76495924249024,0.4119902547019482,10.177435561549336,0.7923012854570606,0.515869683457151,3.0069192128814635,3.0069192128814635,0.13925831476156536,-1.5224373897324908,-0.5527358543067429,0.2975288105071816,0.06914622652434135,0.9182654217580234,-0.2519603569595534
13210000,0.13781590611083402,-2.444490484672599,0.13314871408730777,2.588677285803791,-3.8491739687115123,16.27148420818987,0.6868036034236548,0.442796225212987,3.182834447694667,3.182834447694667,0.12658692067151608,-1.5291109554869164,-0.5454485637311666,0.30357447349806,0.06835972999795935,0.9159557964277426,-0.2533662671813313
13220000,-0.6041790254495604,-2.743269430324062,0.02692870632704296,4.183104451234594,-4.23612994153157,20.213667651381634,0.5938690007293846,0.37350831977929694,3.3587436686836796,3.3587436686836796,0.11322221024478984,-1.5330225802796753,-0.5511314904235244,0.3118047610321056,0.06500701249966596,0.913532207645965,-0.2530035274794987
13230000,-0.5432920495966245,-2.1794065868977297,0.1424882130906476,1.1083417121724919,-0.38377485384534865,16.642711258811037,0.5144274170434555,0.2999783915922788,3.5346579041304906,3.5346579041304906,0.1005074061785984,-1.5394494794471045,-0.5410340601914676,0.3163646014423844,0.06364586668379654,0.9121446999108835,-0.25269485359372473
13240000,-0.5744528545102039,-0.6780517464913333,0.21486490378453196,-0.23994558273759867,-3.6159218893607714,19.975275799699023,0.43701131768320806,0.22796917829322413,3.710567833470215,3.710567833470215,0.08696888281923416,-1.5420777943642845,-0.545822982881236,0.3146664569777327,0.058582204423173675,0.912798095329158,-0.25367850390102736
13250000,-1.0560657771924542,-0.0515898874026511,0.07236563482995077,6.149158791317424,-2.885406154566479,27.496363372983122,0.35165155441639423,0.1580342003258018,3.8864691342628035,3.8864691342628035,0.07441705392312269,-1.5478985304655364,-0.5347524927049604,0.31036679253834565,0.05133030251577495,0.9148154291207533,-0.2532792624272872
13260000,-0.8744357604908812,-0.3762429581142353,-0.014964188267861509,4.334266837141741,1.5226654703952494,25.371185042022084,0.24250582072355695,0.0929893887395698,4.062373673116873,4.062373673116873,0.06283149974518545,-1.5454680739961941,-0.5370381768632434,0.30681228869864474,0.04781737101694147,0.9165662166324886,-0.25196445991554783
13270000,-0.1992257233321246,-1.190667968610776,-0.3878391737654349,4.6866313514241424,-3.3932559849611157,24.896018014612416,0.15225871975677432,0.021956228102131985,4.238287778246139,4.238287778246139,0.049925478526506,-1.5515288678378623,-0.5221261540719813,0.3065015750247616,0.04637778276389718,0.9171008263163168,-0.2506630410395083
13280000,-0.050811342587872434,-3.5744752861859097,-0.5630276730909238,6.127159197187861,-3.266327715657925,22.53579896137665,0.06349296323411302,-0.06652282268679033,4.41419645452951,4.41419645452951,0.0326748840994861,-1.5564190132424423,-0.5218083757636742,0.31696236073616213,0.04864384853010317,0.9140662729659362,-0.24829717377147503
13290000,0.1416090911046204,-6.166260591039725,-0.5958697196383304,4.888585411489782,-0.4790164465617208,18.199495425500174,-0.045599810008843084,-0.16689320060790203,4.590109752520853,4.590109752520853,0.01951210187475068,-1.5626421869171954,-0.5019447036523002,0.33845555088253365,0.05699395130795669,0.9068020161110929,-0.24476444424786117
13300000,0.011940288097822903,-8.76577602101182,-0.5836335659332469,5.558483298514458,-0.6428536392312723,21.686569515224036,-0.14910912964472572,-0.2778015655513132,4.766020062243236,4.766020062243236,-0.0006540116698621617,-1.5723736253594596,-0.5000192525750323,0.3717542770842593,0.06766176232587306,0.8941957765159263,-0.2400719822253241
13310000,0.027071847159354866,-9.97188740065427,-0.5470593517446025,5.212230885924702,-1.5514883733072817,26.828549105945356,-0.2628674607378159,-0.38383545663894997,4.941932856917312,4.941932856917312,-0.013977924272026335,-1.5787115904099402,-0.4807473272746585,0.41018852472794676,0.07924927810893016,0.8776711699319946,-0.23485792209531348
13320000,0.5845184765767967,-9.254381303646163,-0.3974785884932588,3.4023661467664814,2.118067534170567,29.27295645801603,-0.38729237388067944,-0.4868920998826854,5.1178426135422015,5.1178426135422015,-0.03037496081268963,-1.5888059109107915,-0.47674784741350806,0.4442914125333997,0.09306591440810684,0.8606199579271597,-0.23081846620648286
13330000,0.21098146078140767,-8.068533331722513,-0.7678589863327198,-2.689971460175594,-1.6559039886723381,25.397766418485322,-0.5056187636155035,-0.6515756494456759,5.293755748523417,5.293755748523417,-0.04382239038979098,-1.5952948337955846,-0.4588122893491313,0.47347562022605083,0.10354825857460775,0.8452892092151448,-0.22491053328414368
13340000,1.0798573902658002,-8.615386687173544,-0.6761159806588746,-4.3240278523844635,-1.578456138852206,20.99217100932621,-0.6293120337985977,-0.7684090135318735,5.469666107521796,5.469666107521796,-0.05691056150732564,-1.6025797241245603,-0.4539854659340873,0.5037694280894984,0.11806209034714789,0.8267346640612628,-0.22087892924575805
13350000,2.972119229213239,-9.753107319256838,-1.1180870821818707,3.12627914133621,3.6191270514182543,11.665120304050783,-0.6616136572156894,-0.7806361260590193,5.645568918520816,5.645568918520816,-0.07033073431133328,-1.6091287811958286,-0.4406286990958116,0.535094827544801,0.1448548503533663,0.803390663274961,-0.21737994393807764
13360000,0.050509893774086,-5.693526026054181,-2.0799420133299487,2.240394326641323,-2.4406682197500595,-5.9589890325362616,-0.6387587322426721,-0.7482807873873978,5.821485789464795,5.821485789464795,-0.08018972405503626,-1.6152755899612354,-0.4363162640972209,0.5619196818102294,0.15594938875739037,0.7859929300943315,-0.20528315367368585
13370000,2.760391178531645,-6.517779506547642,-0.030209653285942564,22.89063946148155,7.856290515433459,12.06343941610392,-0.5629022764530993,-0.6374603353018589,5.997391559037716,5.997391559037716,-0.0932519853245304,-1.621768908671446,-0.42335379650612154,0.5809003218295898,0.17716112499855863,0.7674823577814109,-0.20527927898794396
13380000,0.79557624286949,-2.604690029063656,0.5461989436438114,18.182819002896085,4.795078641757448,-0.12705468676021048,-0.4523575824777661,-0.5124298721044203,6.173300466489231,6.173300466489231,-0.10412369881419585,-1.6270189815095275,-0.41709521319997866,0.5932252049400899,0.1852753952175545,0.7563053092168456,-0.20435058943193404
