# ts x y z qx qy qz qw
0.000000000 0.000000000 0.000000000 0.000000000 0.009014376 -0.211492047 -0.003815988 0.977330698
0.010000000 -0.000372456 0.000671233 -0.002672563 0.007598701 -0.208891752 -0.003406178 0.977903315
0.020000000 -0.000668806 0.001383375 -0.005262395 0.002895478 -0.221982788 -0.003349596 0.975040531
0.030000000 -0.000762780 0.001507446 -0.008018855 0.000685581 -0.268792337 -0.003931125 0.963189886
0.040000000 -0.000890656 0.001644669 -0.011072585 0.006509712 -0.316331103 -0.004426333 0.948616184
0.050000000 -0.002022387 0.000841950 -0.010427410 0.010341956 -0.345726674 -0.005258508 0.938263534
0.060000000 -0.003932686 -0.000602294 -0.008758704 0.009734011 -0.373333003 -0.005140514 0.927632089
0.070000000 -0.005768022 -0.002570637 -0.006564652 0.007246044 -0.411995939 -0.005888597 0.911137841
0.080000000 -0.009176838 -0.006359403 -0.004063738 0.005084191 -0.459397616 -0.007852107 0.888181471
0.090000000 -0.011320748 -0.008874935 -0.002542275 0.011875128 -0.514411375 -0.011460848 0.857384725
0.100000000 -0.015666301 -0.014148564 -0.002162904 0.017132206 -0.572838024 -0.016945935 0.819314299
0.110000000 -0.017975960 -0.016872445 -0.000039260 0.013024878 -0.628404310 -0.024733706 0.777384473
0.120000000 -0.023056990 -0.023069352 0.001485195 0.013769168 -0.674200444 -0.028525301 0.737868877
0.130000000 -0.025713074 -0.025797963 0.003310788 0.010494309 -0.709077798 -0.028518854 0.704475138
0.140000000 -0.032080205 -0.032472746 0.004598268 0.015337248 -0.739474952 -0.034242103 0.672137666
0.150000000 -0.034751411 -0.035671592 0.006622451 0.017178118 -0.760798061 -0.032173882 0.647963011
0.160000000 -0.041569348 -0.044178719 0.007303911 0.017044796 -0.777531546 -0.027336014 0.628018242
0.170000000 -0.044483003 -0.047761870 0.009048639 0.012437155 -0.790960736 -0.018040330 0.611474429
0.180000000 -0.052472977 -0.058021479 0.010149694 0.005942801 -0.801724220 -0.010488541 0.597572547
0.190000000 -0.055398767 -0.062204862 0.011140124 -0.005407993 -0.812330202 -0.004671996 0.583153984
0.200000000 -0.063713999 -0.075171560 0.012168143 -0.012159992 -0.823170492 0.004675710 0.567644796
0.210000000 -0.066858814 -0.079477512 0.013328081 -0.015464660 -0.834097857 0.014251858 0.551215470
0.220000000 -0.076281378 -0.093184782 0.014513683 -0.018117443 -0.841528617 0.022995844 0.539418702
0.230000000 -0.080126924 -0.096901339 0.018045443 -0.019446074 -0.842446949 0.029821556 0.537601769
0.240000000 -0.093209477 -0.107295911 0.022353388 -0.019096646 -0.834711856 0.033587629 0.549329870
0.250000000 -0.097622416 -0.110840346 0.028341674 -0.012898115 -0.814486065 0.033393907 0.579077659
0.260000000 -0.113737514 -0.119658853 0.033542994 -0.007835753 -0.787195860 0.025979684 0.616105783
0.270000000 -0.118233546 -0.123367674 0.041256451 -0.002644605 -0.758519607 0.019434842 0.651354971
0.280000000 -0.134020363 -0.133976379 0.047855293 0.008688737 -0.737082715 0.019474572 0.675466000
0.290000000 -0.142264929 -0.147644009 0.054307006 0.027469382 -0.714910117 0.036486995 0.697723195
0.300000000 -0.146333233 -0.152026577 0.058414609 0.052116934 -0.689410146 0.068331621 0.719255355
0.310000000 -0.152714198 -0.162997408 0.063263776 0.075366171 -0.663184709 0.085362241 0.739742705
0.320000000 -0.156720053 -0.167202375 0.063536200 0.082860422 -0.639128920 0.068116547 0.761582898
0.330000000 -0.160700975 -0.171510610 0.067621631 0.074652675 -0.628391673 0.050456730 0.772660988
0.340000000 -0.164005063 -0.178162357 0.067999734 0.067927494 -0.627771015 0.036907613 0.774549699
0.350000000 -0.164594043 -0.181192369 0.070652502 0.071498222 -0.627743069 0.027610315 0.774638182
0.360000000 -0.168335477 -0.185451986 0.068784416 0.076968145 -0.635208007 0.019313331 0.768253661
0.370000000 -0.166317400 -0.186883204 0.070518369 0.091315315 -0.641357710 0.006387295 0.761761777
0.380000000 -0.169695338 -0.190964492 0.074894733 0.103955664 -0.651012974 -0.007621479 0.751875814
0.390000000 -0.160233566 -0.190258062 0.076783317 0.107423838 -0.655238048 -0.025066475 0.747325157
0.400000000 -0.162449816 -0.193910277 0.084816364 0.106255260 -0.657556035 -0.044571417 0.744542322
0.410000000 -0.150992561 -0.192067162 0.087855336 0.103092605 -0.667494598 -0.063908207 0.734669053
0.420000000 -0.151892986 -0.195181103 0.098274067 0.101053590 -0.685552776 -0.081578404 0.716345257
0.430000000 -0.138731896 -0.193952057 0.102717161 0.105538491 -0.711976859 -0.096651782 0.687465644
0.440000000 -0.138169112 -0.196673616 0.110204764 0.106823850 -0.736420349 -0.118888292 0.657373037
0.450000000 -0.126114960 -0.196858024 0.115134963 0.101384911 -0.751322015 -0.150896321 0.634402577
0.460000000 -0.124448605 -0.199425016 0.117357996 0.085766179 -0.762335768 -0.189475034 0.612851981
0.470000000 -0.112697635 -0.199201851 0.120664727 0.065602619 -0.771060870 -0.224611314 0.592208737
0.480000000 -0.109959535 -0.201422661 0.119414628 0.070663558 -0.787970443 -0.251740704 0.557436866
0.490000000 -0.098892270 -0.208013787 0.120671144 0.098539612 -0.804148613 -0.249833809 0.530299935
0.500000000 -0.095280365 -0.211611162 0.120388163 0.128384893 -0.819409195 -0.240527314 0.504214738
0.510000000 -0.090067253 -0.220723392 0.120579114 0.148332445 -0.829757359 -0.237095713 0.482996723
0.520000000 -0.087176535 -0.225378294 0.118537908 0.169829328 -0.837196820 -0.226172976 0.468086818
0.530000000 -0.088420430 -0.231425535 0.119491122 0.185844159 -0.843556119 -0.220495009 0.453052948
0.540000000 -0.087247114 -0.235688176 0.119586226 0.197749006 -0.849542046 -0.217584735 0.437984617
0.550000000 -0.094063692 -0.237831631 0.123548525 0.207753495 -0.852705018 -0.218968188 0.426363191
0.560000000 -0.095158841 -0.240971378 0.127486641 0.217831124 -0.851690625 -0.223051347 0.421213457
0.570000000 -0.107772296 -0.236303059 0.134274101 0.231630935 -0.845562166 -0.223103747 0.426141350
0.580000000 -0.111944712 -0.236646375 0.140137763 0.249580245 -0.832304583 -0.221418200 0.442665520
0.590000000 -0.128686065 -0.226716063 0.148586310 0.270317924 -0.812336712 -0.220923261 0.467151152
0.600000000 -0.135931629 -0.224020160 0.154523517 0.293315705 -0.791974188 -0.212484834 0.491521086
0.610000000 -0.143511096 -0.221086133 0.162491969 0.317895578 -0.772744490 -0.198722590 0.512169588
0.620000000 -0.147946925 -0.220538271 0.168712484 0.341393165 -0.755485015 -0.174762246 0.531179120
0.630000000 -0.151173243 -0.223856412 0.175732223 0.363514006 -0.737368913 -0.139775626 0.551912518
0.640000000 -0.153884328 -0.226168901 0.179969885 0.386739737 -0.715056940 -0.097809558 0.574072503
0.650000000 -0.149217940 -0.228400392 0.185334253 0.416183248 -0.686218461 -0.065317278 0.592983457
0.660000000 -0.147469400 -0.230283390 0.190829789 0.444584842 -0.650986988 -0.064339108 0.611899288
0.670000000 -0.139346382 -0.230269322 0.196421985 0.466504744 -0.615040984 -0.079818923 0.630655890
0.680000000 -0.134767030 -0.230807101 0.200141043 0.474835771 -0.585971541 -0.098642455 0.649182570
0.690000000 -0.122644611 -0.233258280 0.202927999 0.481163133 -0.562321401 -0.117520382 0.662167381
0.700000000 -0.114412350 -0.235365042 0.204203226 0.484812854 -0.545417148 -0.137875028 0.669676869
0.710000000 -0.100377434 -0.239456606 0.204474279 0.483867689 -0.532624062 -0.163090606 0.674970460
0.720000000 -0.083202670 -0.245139160 0.204485230 0.481908341 -0.520565490 -0.189110819 0.678979396
0.730000000 -0.070073863 -0.250692405 0.204259062 0.482162819 -0.510135714 -0.211850728 0.679999881
0.740000000 -0.062260776 -0.254377365 0.206046500 0.484242898 -0.499135478 -0.234534080 0.679239542
0.750000000 -0.046440653 -0.261866728 0.206725241 0.485586104 -0.487722593 -0.258616594 0.677827607
0.760000000 -0.031837058 -0.268829261 0.207803012 0.484181830 -0.480235935 -0.283480234 0.674225748
0.770000000 -0.016082112 -0.278012493 0.208764050 0.477758539 -0.482002915 -0.311535674 0.665105626
0.780000000 -0.000512506 -0.287085643 0.210014713 0.465342411 -0.495464024 -0.343150054 0.648243690
0.790000000 0.013606231 -0.296605684 0.211220929 0.448248250 -0.518530416 -0.376599662 0.623195322
0.800000000 0.028297271 -0.306561610 0.209654735 0.427950400 -0.538712885 -0.413035867 0.596697792
0.810000000 0.042876765 -0.318305132 0.208266753 0.404326498 -0.547125121 -0.453214981 0.575995109
0.820000000 0.058731775 -0.331345652 0.204456346 0.377236938 -0.547542481 -0.495914505 0.558532298
0.830000000 0.073830571 -0.340681399 0.195481992 0.355870244 -0.547671036 -0.532933285 0.537954385
0.840000000 0.090898380 -0.351182978 0.187839157 0.343174630 -0.551191548 -0.561481949 0.512988374
0.850000000 0.103439158 -0.365304719 0.181097396 0.335003462 -0.554739835 -0.585085990 0.487555925
0.860000000 0.117379965 -0.382836297 0.172037653 0.347574484 -0.562304800 -0.589557521 0.464141379
0.870000000 0.128929672 -0.403165800 0.163617354 0.388776786 -0.565733888 -0.561486230 0.462094137
0.880000000 0.141538269 -0.430801863 0.153688208 0.425116753 -0.576526513 -0.534890802 0.448090120
0.890000000 0.150339664 -0.451869546 0.144240741 0.441574993 -0.597791511 -0.534767573 0.402095111
0.900000000 0.158357424 -0.481386083 0.133337552 0.471362274 -0.585686374 -0.520070032 0.405359397
0.910000000 0.160825630 -0.499267540 0.123563363 0.501710207 -0.573567017 -0.500421577 0.410957407
0.920000000 0.156905032 -0.523172817 0.113609241 0.519873177 -0.573028322 -0.489127072 0.402647650
0.930000000 0.154824524 -0.541219985 0.102949077 0.526590482 -0.576827435 -0.484714949 0.393730863
0.940000000 0.141362585 -0.565543333 0.092324677 0.548748159 -0.559586377 -0.466805037 0.409672553
0.950000000 0.137369864 -0.583223918 0.079474847 0.578743212 -0.533201476 -0.442608171 0.429942423
0.960000000 0.119654000 -0.606608895 0.065477258 0.608828110 -0.503905119 -0.415801950 0.450018557
0.970000000 0.113191005 -0.625517491 0.052176465 0.636256397 -0.474264280 -0.392472542 0.464990854
0.980000000 0.089685579 -0.651821851 0.039814260 0.655109958 -0.444472331 -0.375972210 0.481580924
0.990000000 0.082917518 -0.671226211 0.026213115 0.667807309 -0.412424916 -0.359618105 0.504592812
1.000000000 0.059719488 -0.698459810 0.014032575 0.673759683 -0.382329656 -0.353510376 0.524311298
1.010000000 0.069141926 -0.698873865 0.003346987 0.681120974 -0.349912654 -0.349015149 0.540207164
1.020000000 0.080219975 -0.698922245 -0.007939928 0.687019710 -0.314102865 -0.345479823 0.556764761
1.030000000 0.093133813 -0.698822282 -0.019584252 0.679724457 -0.286017347 -0.358359006 0.572492412
1.040000000 0.107440914 -0.699110809 -0.031703900 0.665525527 -0.270727661 -0.378083611 0.583810834
1.050000000 0.122811030 -0.699649541 -0.045044320 0.639229136 -0.264984121 -0.406502446 0.596594744
1.060000000 0.138570012 -0.701085979 -0.059006681 0.606174836 -0.270527927 -0.438054112 0.606197413
1.070000000 0.154495645 -0.704023652 -0.072627286 0.569973727 -0.277853383 -0.469398310 0.614485699
1.080000000 0.171234289 -0.708309651 -0.086722712 0.529788612 -0.297621938 -0.503546229 0.614155032
1.090000000 0.188952366 -0.715170366 -0.101027033 0.485632653 -0.320827122 -0.535851510 0.611632277
1.100000000 0.207317975 -0.724803012 -0.115790996 0.439136900 -0.350813387 -0.567589686 0.601606764
1.110000000 0.225862542 -0.737575652 -0.130680585 0.387157386 -0.388557648 -0.598765945 0.583619273
1.120000000 0.244428640 -0.754308799 -0.145172586 0.332507459 -0.431150789 -0.626847278 0.557324212
1.130000000 0.262128323 -0.775333898 -0.158467265 0.275881669 -0.475743305 -0.650529125 0.523802893
1.140000000 0.278533954 -0.800707646 -0.170285445 0.221121998 -0.520941550 -0.666895540 0.484742511
1.150000000 0.292872702 -0.829660430 -0.179894659 0.169831223 -0.568074580 -0.675707880 0.438026811
1.160000000 0.304534594 -0.861669928 -0.186492982 0.121493097 -0.614305528 -0.677064466 0.386590036
1.170000000 0.312874403 -0.895782130 -0.189663606 0.078700127 -0.663602143 -0.667917341 0.327604811
1.180000000 0.317176680 -0.930995754 -0.189925986 0.047592283 -0.723187331 -0.637961928 0.260268394
1.190000000 0.316702776 -0.963960936 -0.188016984 0.015385544 -0.771109989 -0.607520741 0.189924247
1.200000000 0.311631978 -0.992804202 -0.185843420 -0.016578401 -0.809936455 -0.573041755 0.123900131
1.210000000 0.304202295 -1.016850128 -0.184124362 -0.032606652 -0.848484546 -0.524039642 0.066281485
1.220000000 0.294804491 -1.037073381 -0.184795387 -0.033731157 -0.886956601 -0.460149146 0.020807712
1.230000000 0.285543128 -1.054481285 -0.186659000 -0.036643622 -0.913503650 -0.405127811 -0.006307328
1.240000000 0.276327380 -1.070904333 -0.189806679 -0.033841027 -0.938444152 -0.343662686 -0.008562549
1.250000000 0.266668444 -1.087869494 -0.193725385 -0.031039825 -0.959305981 -0.280603168 0.005515938
1.260000000 0.257128179 -1.105138888 -0.198373615 -0.027314075 -0.974226692 -0.221303419 0.034074778
1.270000000 0.247231992 -1.123558764 -0.203214410 -0.024609300 -0.983640456 -0.163594460 0.071292977
1.280000000 0.236322337 -1.144391996 -0.208411562 -0.027697362 -0.987837089 -0.106975551 0.109393662
1.290000000 0.225010338 -1.167182475 -0.214862379 -0.035613800 -0.985572664 -0.060548953 0.153987029
1.300000000 0.213448611 -1.191158169 -0.222837665 -0.049737555 -0.978549643 -0.026288157 0.198180990
1.310000000 0.201790243 -1.215737849 -0.233123647 -0.068466022 -0.966643616 -0.000262470 0.246804486
1.320000000 0.189609541 -1.241036372 -0.244224395 -0.090533720 -0.949391625 0.018670889 0.300184253
1.330000000 0.176749091 -1.266793530 -0.255266663 -0.116009744 -0.926526378 0.027545040 0.356835930
1.340000000 0.163435674 -1.292268759 -0.265319184 -0.143701448 -0.895983567 0.027442241 0.419297347
1.350000000 0.149344412 -1.316689163 -0.274396165 -0.173787736 -0.859216799 0.019671989 0.480788237
1.360000000 0.134128439 -1.339993177 -0.283334182 -0.203067270 -0.817906041 0.004075479 0.538309189
1.370000000 0.117536785 -1.361722314 -0.292525777 -0.237145574 -0.775336410 -0.026668794 0.584725751
1.380000000 0.100101087 -1.381433496 -0.302468495 -0.271955742 -0.734709251 -0.070097799 0.617518169
1.390000000 0.082438177 -1.399064353 -0.313426370 -0.301449987 -0.692680190 -0.114884951 0.645076358
1.400000000 0.066195294 -1.415952916 -0.323954549 -0.333569057 -0.659763976 -0.159278702 0.654273242
1.410000000 0.051368416 -1.433376325 -0.333815834 -0.363823860 -0.641866217 -0.191792628 0.647190503
1.420000000 0.037961257 -1.452442119 -0.342564305 -0.399316943 -0.643531527 -0.202616606 0.620773440
1.430000000 0.025480030 -1.473420063 -0.348800766 -0.436475172 -0.655286199 -0.207114587 0.580683192
1.440000000 0.014027168 -1.495397905 -0.351425674 -0.474116832 -0.669646598 -0.202985954 0.534400006
1.450000000 0.003729678 -1.517851092 -0.348922035 -0.513778999 -0.679065869 -0.194792452 0.486781867
1.460000000 -0.005903814 -1.540613154 -0.340720128 -0.554779697 -0.678057675 -0.193499777 0.441605155
1.470000000 -0.016116100 -1.562050119 -0.328144609 -0.589443216 -0.667929132 -0.200294588 0.407810554
1.480000000 -0.027611785 -1.581545285 -0.313182072 -0.616233267 -0.657019057 -0.206833591 0.381840784
1.490000000 -0.040128925 -1.598927821 -0.296936368 -0.637587410 -0.649779958 -0.207088242 0.358305401
1.500000000 -0.053467204 -1.614319742 -0.279383409 -0.654703088 -0.647663305 -0.199705471 0.334684680
1.510000000 -0.067305057 -1.627868773 -0.260943115 -0.670115357 -0.653395424 -0.178181044 0.303761984
1.520000000 -0.081157706 -1.639353843 -0.242947759 -0.676257876 -0.663379162 -0.141113378 0.287559364
1.530000000 -0.094010314 -1.649490246 -0.224733986 -0.672791090 -0.676031464 -0.101634095 0.282849994
1.540000000 -0.106200639 -1.659092762 -0.205654607 -0.667144768 -0.684942330 -0.074119115 0.283334113
1.550000000 -0.118693200 -1.667024315 -0.187952048 -0.662835618 -0.687194211 -0.062424546 0.290716762
1.560000000 -0.132664288 -1.672994900 -0.173410347 -0.660786072 -0.683635025 -0.063409745 0.303288845
1.570000000 -0.148383446 -1.677201681 -0.163531549 -0.656553587 -0.679610025 -0.072919954 0.318983201
1.580000000 -0.165423924 -1.680302655 -0.159584859 -0.648855149 -0.670681953 -0.094215620 0.346837326
1.590000000 -0.183013036 -1.682507620 -0.162005049 -0.640321911 -0.654096454 -0.118581095 0.384817103
1.600000000 -0.201427496 -1.683197325 -0.169163887 -0.632833724 -0.631221298 -0.138526677 0.426487410
1.610000000 -0.219790033 -1.681983058 -0.179675045 -0.625177913 -0.604806415 -0.154771190 0.468409709
1.620000000 -0.237725516 -1.678686221 -0.192838845 -0.617648357 -0.581378788 -0.164476069 0.503444967
1.630000000 -0.255823818 -1.673480079 -0.207820548 -0.613646560 -0.565057105 -0.167334870 0.525497297
1.640000000 -0.274304166 -1.667228854 -0.223487172 -0.613285285 -0.555085714 -0.169480616 0.535758649
1.650000000 -0.292519479 -1.661116518 -0.239247517 -0.611391258 -0.547977929 -0.177672542 0.542543442
1.660000000 -0.309807379 -1.655813268 -0.254226402 -0.606726469 -0.541495039 -0.190158046 0.550005484
1.670000000 -0.325668414 -1.651742821 -0.268330333 -0.599935827 -0.531975442 -0.208976856 0.559828372
1.680000000 -0.340365882 -1.648804665 -0.281832597 -0.590344287 -0.518635987 -0.235027654 0.572077213
1.690000000 -0.354035642 -1.646208307 -0.295670918 -0.580434751 -0.504186083 -0.260204367 0.584110932
1.700000000 -0.366920892 -1.643429517 -0.310793266 -0.570321425 -0.488500440 -0.284312646 0.596042877
1.710000000 -0.378880543 -1.640114668 -0.327626598 -0.557612590 -0.470159117 -0.308480659 0.610621231
1.720000000 -0.389510636 -1.636025586 -0.345657970 -0.541870446 -0.443780620 -0.328016485 0.633908800
1.730000000 -0.398043992 -1.632080685 -0.362890192 -0.526355651 -0.411845950 -0.340869657 0.661166030
1.740000000 -0.404724935 -1.629471372 -0.377827911 -0.507573825 -0.383963500 -0.359724275 0.682304396
1.750000000 -0.410747003 -1.629193021 -0.390569902 -0.488800473 -0.359505117 -0.386015929 0.694853849
1.760000000 -0.416695164 -1.632481359 -0.401556343 -0.482981983 -0.334934371 -0.408232766 0.698493651
1.770000000 -0.423431101 -1.640020456 -0.409786127 -0.484599022 -0.311341169 -0.417002509 0.703092719
1.780000000 -0.429632257 -1.649811613 -0.415539298 -0.485462998 -0.293122019 -0.412275308 0.713045742
1.790000000 -0.434576272 -1.660886385 -0.419359492 -0.481721572 -0.280934625 -0.404666425 0.724751784
1.800000000 -0.438306482 -1.672783790 -0.421128442 -0.477135242 -0.272332209 -0.401141443 0.732982041
1.810000000 -0.441079279 -1.684822000 -0.420460043 -0.472933154 -0.261833513 -0.404893964 0.737453945
1.820000000 -0.442999642 -1.695963342 -0.417791718 -0.468287750 -0.248444299 -0.412275315 0.740952818
1.830000000 -0.444075551 -1.706732060 -0.413157032 -0.462847022 -0.236041932 -0.420378813 0.743867255
1.840000000 -0.444307057 -1.717875439 -0.406573717 -0.458874382 -0.231264419 -0.425975125 0.744645059
1.850000000 -0.443446677 -1.729136671 -0.398570149 -0.461446612 -0.238453674 -0.426960287 0.740210634
1.860000000 -0.441856826 -1.741124367 -0.389451393 -0.469660989 -0.259163577 -0.420042347 0.731995371
1.870000000 -0.439720809 -1.753164436 -0.379933280 -0.483544686 -0.292112267 -0.405768947 0.718475136
1.880000000 -0.437492051 -1.764296651 -0.370729755 -0.499678281 -0.330095474 -0.390408519 0.699242292
1.890000000 -0.435591965 -1.775294577 -0.361444891 -0.511389272 -0.362822302 -0.378222264 0.681020491
1.900000000 -0.433631193 -1.786754257 -0.351725672 -0.520611441 -0.391352057 -0.371351295 0.661744294
1.910000000 -0.431267568 -1.798620856 -0.341982614 -0.533602264 -0.412586175 -0.369583943 0.639100134
1.920000000 -0.429786369 -1.808729345 -0.333571956 -0.542779796 -0.419656692 -0.371008542 0.625804295
1.930000000 -0.427497934 -1.818974420 -0.326547417 -0.557207702 -0.427738480 -0.361495651 0.613090747
1.940000000 -0.423635743 -1.827119864 -0.322019255 -0.563046597 -0.417950068 -0.376373522 0.605507426
1.950000000 -0.419792013 -1.832892406 -0.319235509 -0.578223698 -0.402602002 -0.391807972 0.591654879
1.960000000 -0.415740551 -1.836749902 -0.317476448 -0.582425649 -0.376518795 -0.414875994 0.588975271
1.970000000 -0.411796586 -1.840077490 -0.316437501 -0.584483936 -0.345033599 -0.447409256 0.582370416
1.980000000 -0.407321248 -1.842556079 -0.316952962 -0.585028331 -0.320836464 -0.475494464 0.573333088
1.990000000 -0.402136787 -1.844458975 -0.318318939 -0.583633012 -0.298669065 -0.499758735 0.566048146
2.000000000 -0.396548324 -1.846016384 -0.320624358 -0.577684631 -0.278130060 -0.523843384 0.560813913
2.010000000 -0.390413069 -1.847266389 -0.323932689 -0.563621772 -0.255405718 -0.554298007 0.556643635
2.020000000 -0.383801668 -1.848082672 -0.327962899 -0.544141443 -0.230149638 -0.587301720 0.553188868
2.030000000 -0.377155930 -1.848888872 -0.333099479 -0.515861938 -0.204593925 -0.623016589 0.551251410
2.040000000 -0.370587926 -1.849793244 -0.339644286 -0.482376793 -0.183972609 -0.651338645 0.556079741
2.050000000 -0.364371861 -1.851415202 -0.347733308 -0.445548592 -0.164534256 -0.674581875 0.565114347
2.060000000 -0.359021253 -1.853360233 -0.356993137 -0.408471635 -0.148686430 -0.692540202 0.575700736
2.070000000 -0.354026325 -1.855457390 -0.367479649 -0.361209040 -0.140066956 -0.703267521 0.596090657
2.080000000 -0.349111047 -1.857426376 -0.377665251 -0.295499938 -0.139413565 -0.710784810 0.622919415
2.090000000 -0.345598827 -1.860778148 -0.389320790 -0.239016781 -0.140906447 -0.716884598 0.639603646
2.100000000 -0.341736395 -1.865490927 -0.402593480 -0.192143047 -0.134547644 -0.724631342 0.647987191
2.110000000 -0.338361792 -1.871299424 -0.416992549 -0.158248855 -0.125417137 -0.726065874 0.657309812
2.120000000 -0.334285070 -1.877778469 -0.431938538 -0.132193688 -0.127415991 -0.720723333 0.668466806
2.130000000 -0.330638076 -1.885117207 -0.446432396 -0.115611680 -0.134714934 -0.714832605 0.676387591
2.140000000 -0.327947924 -1.894790785 -0.459667343 -0.099157556 -0.149169235 -0.709409100 0.681656107
2.150000000 -0.325581388 -1.907527401 -0.471174919 -0.089266128 -0.158033769 -0.708600707 0.681866501
2.160000000 -0.323426933 -1.922737983 -0.481351407 -0.078459124 -0.163723342 -0.710231339 0.680154599
2.170000000 -0.321213289 -1.939400852 -0.489745270 -0.061701950 -0.166062107 -0.716033939 0.675212296
2.180000000 -0.319344959 -1.956358155 -0.496568371 -0.050689653 -0.161318864 -0.725093754 0.667567099
2.190000000 -0.318453754 -1.974262307 -0.501855700 -0.043919363 -0.156175925 -0.735297411 0.658040947
2.200000000 -0.318894026 -1.993301288 -0.506061327 -0.040446282 -0.154416608 -0.745743785 0.646827502
2.210000000 -0.320799390 -2.013498663 -0.509270162 -0.051653122 -0.162849709 -0.755960376 0.631930247
2.220000000 -0.322732818 -2.034414502 -0.511085129 -0.079094992 -0.180657556 -0.765656917 0.612271439
2.230000000 -0.324454640 -2.056086679 -0.511657581 -0.120572108 -0.206811088 -0.773176977 0.587272426
2.240000000 -0.325899164 -2.077797690 -0.510864398 -0.164325836 -0.233907381 -0.780363336 0.556163124
2.250000000 -0.326786172 -2.099909544 -0.509522799 -0.203844894 -0.263790088 -0.786510083 0.519869155
2.260000000 -0.327700388 -2.121396422 -0.507823323 -0.243719861 -0.291453070 -0.789772668 0.481575404
2.270000000 -0.328438611 -2.142578858 -0.505990412 -0.275415302 -0.309512884 -0.795485886 0.442210800
2.280000000 -0.329082718 -2.162899187 -0.504321396 -0.318252541 -0.313682939 -0.796311602 0.407683905
2.290000000 -0.330053033 -2.183266361 -0.502226024 -0.354456398 -0.308330397 -0.796959387 0.379669282
2.300000000 -0.332744269 -2.203460599 -0.499323349 -0.382302416 -0.309071450 -0.797842048 0.348952386
2.310000000 -0.337660188 -2.223491431 -0.495712707 -0.393774257 -0.301946684 -0.805264978 0.324527888
2.320000000 -0.344572771 -2.243327164 -0.491758083 -0.384309694 -0.286591742 -0.818689314 0.316099731
2.330000000 -0.352722406 -2.263221903 -0.487980818 -0.360702585 -0.255077300 -0.842628131 0.307907533
2.340000000 -0.359847179 -2.281272464 -0.485665972 -0.329863397 -0.220287656 -0.868043564 0.298603180
2.350000000 -0.366594620 -2.297566646 -0.484919179 -0.301694879 -0.190739897 -0.888997408 0.286848565
2.360000000 -0.373383364 -2.312221312 -0.485471154 -0.282219061 -0.167852004 -0.903658044 0.274918618
2.370000000 -0.378876751 -2.325266312 -0.486634544 -0.262145207 -0.145588277 -0.917288746 0.262040647
2.380000000 -0.382297690 -2.336729849 -0.488126335 -0.234870902 -0.123198934 -0.931340105 0.249526132
2.390000000 -0.384099420 -2.347157510 -0.490310812 -0.197899537 -0.104958536 -0.944277156 0.241164119
2.400000000 -0.384992535 -2.356837090 -0.494090764 -0.155835613 -0.093832982 -0.953450711 0.240504418
2.410000000 -0.385109310 -2.367339798 -0.500226849 -0.112244573 -0.096262045 -0.957306282 0.248393754
2.420000000 -0.385080349 -2.378403394 -0.507985659 -0.065191587 -0.112712567 -0.956734414 0.260202219
2.430000000 -0.385918606 -2.390447156 -0.517192849 -0.020933505 -0.129051035 -0.953717741 0.270795289
2.440000000 -0.387349015 -2.403770078 -0.529132660 0.015590583 -0.139645507 -0.948511351 0.283870187
2.450000000 -0.389261199 -2.418512876 -0.542453892 0.041867776 -0.145187403 -0.942940152 0.296701157
2.460000000 -0.391791767 -2.434816955 -0.556522464 0.057404537 -0.151777661 -0.937220642 0.308683864
2.470000000 -0.394372082 -2.453104655 -0.569736076 0.060973345 -0.165521040 -0.930210782 0.321858567
2.480000000 -0.398099527 -2.472013436 -0.582633886 0.052850395 -0.181019429 -0.923865982 0.333032204
2.490000000 -0.404444507 -2.491187338 -0.594906344 0.036505248 -0.195575738 -0.918071063 0.342874643
2.500000000 -0.413408231 -2.510628329 -0.605924344 0.020021775 -0.208199707 -0.912641480 0.351194447
2.510000000 -0.424443312 -2.530161851 -0.615212424 0.008171422 -0.214872950 -0.908771019 0.357628409
2.520000000 -0.437083588 -2.549510559 -0.622816844 -0.001559537 -0.215788528 -0.906496106 0.362901761
2.530000000 -0.450641558 -2.568277579 -0.628710456 -0.010058748 -0.214216103 -0.905613454 0.365888720
2.540000000 -0.464491659 -2.586736047 -0.632832521 -0.019126375 -0.212591858 -0.905133584 0.367657555
2.550000000 -0.478811621 -2.605074296 -0.635395781 -0.034489275 -0.213198204 -0.905178584 0.366072052
2.560000000 -0.494198494 -2.624013850 -0.636691714 -0.066094189 -0.219219514 -0.905629884 0.356943800
2.570000000 -0.510696023 -2.642961951 -0.636535917 -0.113241939 -0.229845270 -0.904339922 0.341345455
2.580000000 -0.528022051 -2.661122224 -0.634501854 -0.165805780 -0.241864501 -0.900310979 0.321636670
2.590000000 -0.545734603 -2.679103272 -0.630651799 -0.214784248 -0.254180931 -0.894260803 0.299261419
2.600000000 -0.563806654 -2.697349361 -0.625880284 -0.260829870 -0.268001305 -0.886259701 0.273288898
2.610000000 -0.581022309 -2.714831326 -0.620603682 -0.305136074 -0.281890453 -0.875830686 0.245663102
2.620000000 -0.597278343 -2.732844714 -0.614910211 -0.349749998 -0.299429609 -0.860475216 0.218172524
2.630000000 -0.612173708 -2.750132041 -0.608272731 -0.397496207 -0.322446510 -0.838011708 0.189106825
2.640000000 -0.626141080 -2.766438785 -0.600706244 -0.446929972 -0.338862215 -0.811689130 0.163054458
2.650000000 -0.639299965 -2.782004421 -0.591887845 -0.488393975 -0.345653377 -0.788160756 0.144214044
2.660000000 -0.652465902 -2.795965153 -0.581987144 -0.515393676 -0.350397637 -0.771760477 0.126398661
2.670000000 -0.667791264 -2.808287681 -0.571502948 -0.529205911 -0.341984755 -0.766981813 0.121352501
2.680000000 -0.685161367 -2.819523704 -0.560771614 -0.533699457 -0.330851344 -0.768522027 0.122785067
2.690000000 -0.703952602 -2.830064056 -0.549925222 -0.537857344 -0.312670741 -0.774189983 0.116517618
2.700000000 -0.720378564 -2.840305354 -0.540853543 -0.530856657 -0.301020218 -0.782969657 0.120567632
2.710000000 -0.734636363 -2.848345694 -0.533793259 -0.520054350 -0.298690280 -0.790059510 0.127017953
2.720000000 -0.747080554 -2.853946989 -0.527419912 -0.501057775 -0.296291506 -0.802062847 0.133595059
2.730000000 -0.759718235 -2.858032275 -0.521215002 -0.475645186 -0.293574994 -0.816700159 0.143444170
2.740000000 -0.773902927 -2.861892799 -0.515605206 -0.443716623 -0.287606445 -0.834434456 0.155297228
2.750000000 -0.789866717 -2.866338059 -0.511071644 -0.406509053 -0.285651779 -0.850592906 0.172177698
2.760000000 -0.807629489 -2.871325880 -0.507570271 -0.371107435 -0.287868140 -0.864571280 0.178683262
2.770000000 -0.826634398 -2.876399376 -0.505068954 -0.339814808 -0.285504343 -0.878877449 0.174893101
2.780000000 -0.845467901 -2.881466275 -0.503259839 -0.308029970 -0.270577805 -0.896410120 0.168386714
2.790000000 -0.864867649 -2.887175461 -0.502626972 -0.273852860 -0.260415115 -0.909547489 0.172950697
2.800000000 -0.885377283 -2.892695423 -0.503139165 -0.238791158 -0.260038359 -0.920376802 0.168123099
2.810000000 -0.908172274 -2.895629228 -0.505469030 -0.218635242 -0.245657208 -0.930371517 0.162049400
2.820000000 -0.932243701 -2.896332531 -0.509099732 -0.206703479 -0.240984135 -0.934362079 0.161764716
2.830000000 -0.956850394 -2.895238774 -0.513182651 -0.204830414 -0.225247388 -0.940046163 0.153692313
2.840000000 -0.981985152 -2.892089069 -0.517679692 -0.213638870 -0.218199804 -0.940026111 0.151980883
2.850000000 -1.007222158 -2.887607940 -0.521981487 -0.229057329 -0.211346431 -0.938331274 0.149665781
2.860000000 -1.032471656 -2.882100152 -0.525258390 -0.244491509 -0.204300933 -0.936584953 0.145923460
2.870000000 -1.057672986 -2.875868327 -0.527077616 -0.258576363 -0.198150194 -0.934263444 0.145005453
2.880000000 -1.082160671 -2.869223979 -0.527045029 -0.270743011 -0.187344628 -0.933228937 0.143819205
2.890000000 -1.105987519 -2.861872968 -0.524894596 -0.280390792 -0.173008196 -0.933287020 0.142914329
2.900000000 -1.129480500 -2.853937084 -0.520858930 -0.296807034 -0.163509065 -0.930446261 0.139427853
2.910000000 -1.152807499 -2.846012918 -0.515015163 -0.325667619 -0.159103987 -0.922687688 0.131430411
2.920000000 -1.175826637 -2.838301798 -0.507594812 -0.367868436 -0.160362327 -0.907683599 0.122748614
2.930000000 -1.197932314 -2.830817382 -0.498686718 -0.417117734 -0.166878961 -0.886273130 0.112623919
2.940000000 -1.219031834 -2.823961119 -0.488183593 -0.460384005 -0.172667840 -0.864637973 0.103119157
2.950000000 -1.239927326 -2.817708683 -0.476545195 -0.499329626 -0.181798947 -0.841805952 0.094772393
2.960000000 -1.259652772 -2.811669466 -0.464175774 -0.536190680 -0.192633926 -0.816963386 0.089233126
2.970000000 -1.278002936 -2.805282477 -0.452429965 -0.573455147 -0.224567462 -0.783023311 0.087138649
2.980000000 -1.293955297 -2.799727129 -0.442062359 -0.612066437 -0.259451730 -0.742611804 0.081161475
2.990000000 -1.306944359 -2.793982461 -0.433108516 -0.641860682 -0.280599082 -0.708871948 0.082338211
3.000000000 -1.319408451 -2.788021562 -0.425662563 -0.667472597 -0.298608370 -0.676114943 0.090454174
3.010000000 -1.331815681 -2.781250104 -0.419212080 -0.690139861 -0.306264462 -0.648656317 0.095676714
3.020000000 -1.344026558 -2.774204715 -0.413110124 -0.702686242 -0.312317944 -0.630286557 0.106903714
3.030000000 -1.356415090 -2.767437361 -0.407723219 -0.703431412 -0.312046096 -0.627245540 0.119893765
3.040000000 -1.367608779 -2.761154233 -0.403185624 -0.703853852 -0.316193143 -0.621889839 0.133658817
3.050000000 -1.375054672 -2.755253469 -0.401742295 -0.704048133 -0.319506702 -0.615890222 0.151363561
3.060000000 -1.379724563 -2.748996954 -0.403220114 -0.702780826 -0.324560954 -0.609541874 0.170932741
3.070000000 -1.382724773 -2.741968503 -0.407055699 -0.700001589 -0.328342625 -0.605608670 0.188220707
3.080000000 -1.385929061 -2.734317892 -0.411397022 -0.693388233 -0.327741559 -0.608038880 0.205151040
3.090000000 -1.389699570 -2.726133859 -0.415240047 -0.679221546 -0.321449073 -0.620964459 0.223006110
3.100000000 -1.394276274 -2.717730488 -0.418680535 -0.655106547 -0.310309506 -0.644250130 0.243895864
3.110000000 -1.399938840 -2.710088599 -0.421143808 -0.625531668 -0.294888673 -0.672599068 0.263365330
3.120000000 -1.406710659 -2.703317635 -0.422925925 -0.596216703 -0.278155174 -0.701069777 0.275057284
3.130000000 -1.412916084 -2.696172883 -0.424824610 -0.571931178 -0.260319545 -0.729375919 0.270442656
3.140000000 -1.417902446 -2.688791440 -0.427024931 -0.549967268 -0.235217060 -0.760940290 0.251353961
3.150000000 -1.421725925 -2.680988104 -0.429850161 -0.527185197 -0.201525643 -0.794380492 0.224550253
3.160000000 -1.425707752 -2.673519619 -0.433098879 -0.502074786 -0.180454728 -0.820509877 0.205232899
3.170000000 -1.432329328 -2.665586540 -0.437270523 -0.475863706 -0.161184241 -0.842432543 0.194629866
3.180000000 -1.441097173 -2.658103922 -0.441655401 -0.451585394 -0.145817135 -0.861038696 0.182812359
3.190000000 -1.451740140 -2.651046260 -0.445304201 -0.440453768 -0.129655414 -0.872695678 0.166109017
3.200000000 -1.464254015 -2.644170722 -0.447997919 -0.443630119 -0.115250093 -0.875647642 0.152154332
3.210000000 -1.478858301 -2.636277861 -0.449704584 -0.453098382 -0.102370527 -0.874114604 0.141935867
3.220000000 -1.495487237 -2.627510120 -0.450237285 -0.463975525 -0.087751698 -0.871432691 0.132783346
3.230000000 -1.512753404 -2.618193092 -0.449549191 -0.473192032 -0.071990941 -0.868861804 0.126434852
3.240000000 -1.530223329 -2.609006417 -0.447570300 -0.479640421 -0.058429533 -0.866658624 0.124233190
3.250000000 -1.548267957 -2.600243439 -0.444510599 -0.484496477 -0.047953789 -0.864603599 0.124194262
3.260000000 -1.566368529 -2.591997891 -0.440322820 -0.493302215 -0.040066656 -0.860079375 0.123737854
3.270000000 -1.584194781 -2.584798896 -0.434834523 -0.514134318 -0.037578336 -0.848126914 0.122206833
3.280000000 -1.601663766 -2.579152902 -0.427732335 -0.544331712 -0.041566895 -0.828955844 0.121685618
3.290000000 -1.618160703 -2.574982359 -0.419486693 -0.580392206 -0.048482781 -0.803496383 0.123239075
3.300000000 -1.633496751 -2.571826108 -0.410082660 -0.613081090 -0.056858735 -0.777504254 0.128007019
3.310000000 -1.647365932 -2.569365204 -0.400382731 -0.635030669 -0.076513015 -0.755787196 0.140240943
3.320000000 -1.660590974 -2.567390340 -0.391745956 -0.652344184 -0.109443093 -0.732885481 0.159211014
3.330000000 -1.672630905 -2.566207250 -0.385548593 -0.668906008 -0.145783311 -0.707187441 0.176629279
3.340000000 -1.682627595 -2.564261562 -0.380905712 -0.684947583 -0.168855731 -0.683153469 0.188774706
3.350000000 -1.689880511 -2.560590149 -0.378056272 -0.699314265 -0.177778839 -0.662779346 0.200194357
3.360000000 -1.696344815 -2.555169349 -0.375464189 -0.711360898 -0.186111953 -0.644976447 0.208166750
3.370000000 -1.702668557 -2.549079388 -0.372951791 -0.719407803 -0.185837242 -0.634336874 0.213386184
3.380000000 -1.706584218 -2.543598758 -0.372377439 -0.722405510 -0.174891526 -0.631093048 0.221956748
3.390000000 -1.707857462 -2.538509584 -0.375058269 -0.720185368 -0.165648623 -0.632529854 0.231947307
3.400000000 -1.706873830 -2.533928575 -0.380696191 -0.709733766 -0.160942708 -0.639981651 0.246574355
3.410000000 -1.703979294 -2.529703935 -0.388444681 -0.697670180 -0.159898829 -0.646209831 0.264766950
3.420000000 -1.699868746 -2.525352241 -0.397263068 -0.686861953 -0.159779784 -0.650525201 0.281971702
3.430000000 -1.695067869 -2.520480997 -0.406382524 -0.676173508 -0.158707801 -0.655395567 0.296745465
3.440000000 -1.690247680 -2.514544378 -0.415144201 -0.662272361 -0.154766791 -0.664984771 0.308606246
3.450000000 -1.685847741 -2.508041035 -0.423658961 -0.641870737 -0.147179189 -0.681623102 0.318951705
3.460000000 -1.681430648 -2.501108794 -0.432361206 -0.614244143 -0.134480040 -0.706208736 0.325405090
3.470000000 -1.677023252 -2.494865476 -0.441376956 -0.585839348 -0.118665950 -0.732811159 0.325112991
3.480000000 -1.672384378 -2.489145109 -0.450680440 -0.560419340 -0.102489959 -0.757442217 0.318915756
3.490000000 -1.667498696 -2.483715786 -0.460314456 -0.540490384 -0.085665553 -0.780917043 0.301164622
3.500000000 -1.661916088 -2.478467833 -0.470354212 -0.519760938 -0.062866946 -0.806838354 0.273693597
3.510000000 -1.655625076 -2.473466340 -0.480363854 -0.499225330 -0.033817453 -0.830804360 0.243710003
3.520000000 -1.650202209 -2.469615363 -0.490264854 -0.474549755 -0.011598025 -0.849674439 0.229611333
3.530000000 -1.646527289 -2.466627292 -0.500678784 -0.449166661 0.002073794 -0.864428084 0.225851938
3.540000000 -1.645247018 -2.463267841 -0.510869952 -0.429769325 0.021667428 -0.875716658 0.218973025
3.550000000 -1.646582143 -2.459178498 -0.520788336 -0.418488892 0.027833390 -0.879543453 0.224712402
3.560000000 -1.649526471 -2.455283402 -0.529468190 -0.421688015 0.032981197 -0.875173256 0.234868540
3.570000000 -1.652922250 -2.452058551 -0.536790570 -0.429727606 0.034270707 -0.866914288 0.250238527
3.580000000 -1.657081434 -2.449903912 -0.542105314 -0.439791552 0.037527926 -0.857868459 0.263128775
3.590000000 -1.663032836 -2.448093238 -0.544877655 -0.447213405 0.044118996 -0.849076591 0.277709609
3.600000000 -1.670200292 -2.447163058 -0.545191539 -0.449510944 0.052741339 -0.842516441 0.292103249
3.610000000 -1.678508604 -2.447241747 -0.543151304 -0.448655440 0.063455940 -0.837168091 0.306318831
3.620000000 -1.687745716 -2.447858166 -0.538875170 -0.447824718 0.073219218 -0.832364938 0.318214674
3.630000000 -1.697630479 -2.449211673 -0.533271157 -0.453122763 0.078301760 -0.824686587 0.329303248
3.640000000 -1.708013013 -2.451972116 -0.526795070 -0.468179245 0.074963722 -0.812418227 0.339360074
3.650000000 -1.718353629 -2.456059198 -0.519665461 -0.499235974 0.059835800 -0.792389536 0.345401132
3.660000000 -1.728121865 -2.460741231 -0.512066817 -0.531797240 0.044658726 -0.769022437 0.351854778
3.670000000 -1.737090787 -2.465517372 -0.504522411 -0.552622557 0.022044199 -0.748968181 0.364923316
3.680000000 -1.745929898 -2.470874414 -0.497620807 -0.560144902 -0.010558433 -0.733145406 0.385517862
3.690000000 -1.754389445 -2.476265777 -0.491731754 -0.563314665 -0.055448338 -0.716749351 0.407274401
3.700000000 -1.762116597 -2.482672858 -0.487573311 -0.569071447 -0.090300935 -0.699356481 0.422970379
3.710000000 -1.768322833 -2.488399743 -0.484251127 -0.579572881 -0.102247456 -0.682762762 0.432984692
3.720000000 -1.773093980 -2.493847082 -0.480897188 -0.589768395 -0.101839130 -0.671941109 0.436230647
3.730000000 -1.777344084 -2.500455415 -0.478046466 -0.599461938 -0.103151467 -0.665118117 0.433154764
3.740000000 -1.781568974 -2.508336372 -0.475467505 -0.603596885 -0.089798858 -0.665635652 0.429576703
3.750000000 -1.784690793 -2.516417096 -0.473652420 -0.600703014 -0.066974096 -0.668291255 0.433655576
3.760000000 -1.786373263 -2.523970594 -0.473240982 -0.590340941 -0.050297735 -0.674078589 0.441118768
3.770000000 -1.786701322 -2.530941283 -0.474443949 -0.581292042 -0.040318274 -0.678605379 0.447178642
3.780000000 -1.785072970 -2.536810192 -0.476868670 -0.572822552 -0.034416739 -0.681815104 0.453671661
3.790000000 -1.782385846 -2.541489085 -0.480186538 -0.568321881 -0.027753676 -0.685010371 0.454973367
3.800000000 -1.779626845 -2.545417487 -0.484136826 -0.556935234 -0.019959594 -0.694408917 0.455215351
3.810000000 -1.777209528 -2.548771511 -0.488531941 -0.536784595 -0.009853648 -0.710446942 0.455005875
3.820000000 -1.775084308 -2.551669834 -0.493475677 -0.519746688 0.007674905 -0.728679973 0.445903548
3.830000000 -1.773062237 -2.554521879 -0.499792753 -0.503754042 0.027243183 -0.746900327 0.433162298
3.840000000 -1.771062289 -2.557418281 -0.507158280 -0.493859439 0.049277133 -0.764363252 0.411610783
3.850000000 -1.769451363 -2.559702769 -0.515086809 -0.490948682 0.070999765 -0.780080589 0.381317059
3.860000000 -1.768930045 -2.561487472 -0.523564727 -0.485325815 0.096911281 -0.795245661 0.350216213
3.870000000 -1.770229027 -2.562953872 -0.532569738 -0.470627869 0.116245886 -0.806460744 0.338551875
3.880000000 -1.772907055 -2.565182447 -0.542067703 -0.453263774 0.117852425 -0.813934554 0.343763435
3.890000000 -1.777546666 -2.567988949 -0.550895546 -0.445208961 0.115456364 -0.816090333 0.349936247
3.900000000 -1.783820392 -2.571075664 -0.559283203 -0.435017430 0.103835396 -0.813259419 0.372272969
3.910000000 -1.791326337 -2.574769495 -0.566827540 -0.434915817 0.097579421 -0.806584234 0.388263263
3.920000000 -1.800117398 -2.579212698 -0.572231039 -0.444296174 0.088962771 -0.792055401 0.409065736
3.930000000 -1.809517019 -2.584782090 -0.575533568 -0.456229868 0.080991521 -0.774258329 0.431066957
3.940000000 -1.819290921 -2.591651303 -0.577072017 -0.467980736 0.076317140 -0.755341488 0.452359327
3.950000000 -1.828763700 -2.599966807 -0.576989657 -0.476242684 0.071841048 -0.736584512 0.474842107
3.960000000 -1.837277235 -2.609689450 -0.575262125 -0.478272326 0.073518754 -0.720715194 0.496407276
3.970000000 -1.845164242 -2.620168269 -0.571788300 -0.477617388 0.080273215 -0.707335352 0.514892748
3.980000000 -1.852999980 -2.631210055 -0.567037052 -0.478444877 0.084692984 -0.694248752 0.530976712
3.990000000 -1.860785188 -2.643240922 -0.561604205 -0.482527111 0.082555511 -0.681059806 0.544527056
4.000000000 -1.868298943 -2.656158673 -0.556066584 -0.498161713 0.064700087 -0.662599906 0.555526931
4.010000000 -1.875206252 -2.670147000 -0.550471491 -0.522901205 0.038696445 -0.639589469 0.562140753
4.020000000 -1.880890743 -2.685134592 -0.544895782 -0.544135244 0.010605994 -0.615255366 0.570320247
4.030000000 -1.885428743 -2.700837802 -0.539407889 -0.554307656 -0.023093538 -0.591757699 0.584835479
4.040000000 -1.888717687 -2.717491676 -0.533811777 -0.555107657 -0.066480936 -0.568419384 0.603601837
4.050000000 -1.891127669 -2.734750476 -0.527836252 -0.549839925 -0.110803345 -0.542501884 0.625372195
4.060000000 -1.892658522 -2.752440308 -0.522001513 -0.545712832 -0.145279138 -0.518386560 0.642157965
4.070000000 -1.893943741 -2.770225083 -0.515546944 -0.558601502 -0.158004462 -0.493933954 0.647323877
4.080000000 -1.894374326 -2.786604990 -0.510368089 -0.583481921 -0.148900635 -0.469835246 0.645470596
4.090000000 -1.893146203 -2.801488501 -0.507281295 -0.605225503 -0.131391088 -0.454993499 0.639858882
4.100000000 -1.891147022 -2.814984516 -0.505650428 -0.616120774 -0.109518444 -0.451178522 0.636269474
4.110000000 -1.888445449 -2.827362268 -0.505080719 -0.626974512 -0.084399575 -0.447791857 0.631871922
4.120000000 -1.884959028 -2.838727371 -0.505854524 -0.636312072 -0.058557257 -0.444728767 0.627610005
4.130000000 -1.880574659 -2.847914503 -0.509071500 -0.638803603 -0.036065054 -0.445452187 0.626260024
4.140000000 -1.875404968 -2.855129786 -0.514015045 -0.638648825 -0.017914815 -0.448387275 0.625104463
4.150000000 -1.869800987 -2.860983095 -0.519539421 -0.637727484 -0.000751573 -0.455036323 0.621486151
4.160000000 -1.863982583 -2.866262172 -0.525191496 -0.630941276 0.019327423 -0.470868013 0.616297714
4.170000000 -1.858444338 -2.871363440 -0.531524545 -0.619884834 0.042678099 -0.493102558 0.608909879
4.180000000 -1.853387441 -2.876402198 -0.538673640 -0.611121743 0.068219595 -0.516417275 0.595977768
4.190000000 -1.849120204 -2.881833967 -0.546250097 -0.605745509 0.094728920 -0.538961489 0.577597891
4.200000000 -1.845733867 -2.888079171 -0.554188024 -0.604739364 0.118789783 -0.560510204 0.553179537
4.210000000 -1.843373313 -2.894716128 -0.562104426 -0.603014307 0.141908566 -0.580651252 0.528280067
4.220000000 -1.841969419 -2.902492111 -0.570353056 -0.597244059 0.166449121 -0.598136596 0.507766518
4.230000000 -1.842758654 -2.910692632 -0.578837301 -0.583097025 0.183168594 -0.611564769 0.502429756
4.240000000 -1.843307872 -2.920367680 -0.587630834 -0.558516068 0.189838932 -0.620138166 0.517155331
4.250000000 -1.843400088 -2.930530456 -0.596625525 -0.533585198 0.193194731 -0.624233733 0.536930981
4.260000000 -1.843728248 -2.940729293 -0.605571268 -0.512486816 0.185072108 -0.618798193 0.565857203
4.270000000 -1.844064298 -2.952028832 -0.614918090 -0.501006465 0.165418539 -0.605354674 0.595965559
4.280000000 -1.843733439 -2.964297897 -0.623361774 -0.497339594 0.142301642 -0.587177119 0.622596660
4.290000000 -1.843402953 -2.977421317 -0.630133235 -0.500452161 0.118438646 -0.567346546 0.643146809
4.300000000 -1.843693926 -2.991526888 -0.635336749 -0.505016162 0.099146481 -0.546991344 0.660249287
4.310000000 -1.844487871 -3.006675030 -0.639097546 -0.505312251 0.082336567 -0.527827602 0.677700702
4.320000000 -1.845053856 -3.022622243 -0.641720791 -0.503652521 0.069529965 -0.512407068 0.692053986
4.330000000 -1.845377852 -3.039171734 -0.643208478 -0.502529415 0.058416677 -0.499443921 0.703283335
4.340000000 -1.845511062 -3.056260038 -0.643304744 -0.502656268 0.044207339 -0.488034693 0.712182930
4.350000000 -1.845108042 -3.074114627 -0.642173013 -0.506185717 0.021601807 -0.476319729 0.718629875
4.360000000 -1.843673928 -3.092933708 -0.640529516 -0.518586057 -0.016170820 -0.462145979 0.719185720
4.370000000 -1.840870217 -3.112626680 -0.638033803 -0.535940888 -0.068125160 -0.443271792 0.715287666
4.380000000 -1.836676687 -3.132868287 -0.634342309 -0.550748351 -0.121019584 -0.421035817 0.710464183
4.390000000 -1.831753383 -3.152708865 -0.629631194 -0.551707282 -0.173017730 -0.397463201 0.712535573
4.400000000 -1.825529424 -3.172126441 -0.624512694 -0.546185294 -0.227540252 -0.371899587 0.715260621
4.410000000 -1.817272039 -3.191372223 -0.619037657 -0.536913214 -0.282973664 -0.342048947 0.717392935
4.420000000 -1.807013405 -3.209172122 -0.613822910 -0.534205447 -0.325040107 -0.308245369 0.716908824
4.430000000 -1.795101731 -3.228580851 -0.607800156 -0.547197501 -0.350414794 -0.277273000 0.707745753
4.440000000 -1.781178157 -3.247703774 -0.602676141 -0.582274828 -0.357374280 -0.249240560 0.686380937
4.450000000 -1.766213703 -3.265905815 -0.598374864 -0.610508633 -0.358140550 -0.235296341 0.666070708
4.460000000 -1.750689065 -3.281077956 -0.596573913 -0.637962610 -0.336642728 -0.243358261 0.648422809
4.470000000 -1.736020508 -3.294500838 -0.596524128 -0.668183747 -0.306330462 -0.258154084 0.626935879
4.480000000 -1.721791502 -3.306695965 -0.598345644 -0.690146596 -0.270010277 -0.276314530 0.611916994
4.490000000 -1.707590127 -3.317858402 -0.602390353 -0.700768615 -0.233634003 -0.302550659 0.602330142
4.500000000 -1.693049222 -3.328069322 -0.607651953 -0.703551452 -0.204419161 -0.326885055 0.596970956
4.510000000 -1.677649128 -3.337324527 -0.612642087 -0.703326158 -0.177017521 -0.352774535 0.591225202
4.520000000 -1.661432115 -3.345832943 -0.617717829 -0.697565627 -0.150821486 -0.382312074 0.586934880
4.530000000 -1.644516829 -3.353907530 -0.623583109 -0.685976662 -0.122365416 -0.417298329 0.583373662
4.540000000 -1.627703180 -3.361811924 -0.630210745 -0.666167140 -0.090950961 -0.453581642 0.584989708
4.550000000 -1.611479298 -3.370174594 -0.637896993 -0.647390724 -0.064257711 -0.488428675 0.581544174
4.560000000 -1.595969745 -3.380229679 -0.646227918 -0.631188787 -0.036209601 -0.518768084 0.575473071
4.570000000 -1.581532562 -3.392152003 -0.655393659 -0.616181137 -0.008713103 -0.547477307 0.566139105
4.580000000 -1.569297067 -3.405675970 -0.664811712 -0.601937191 0.025365272 -0.565647800 0.563090391
4.590000000 -1.558987715 -3.420506796 -0.674730762 -0.571313446 0.050998200 -0.574475460 0.583933280
4.600000000 -1.548706317 -3.435533556 -0.684941739 -0.532335309 0.061631395 -0.570088529 0.622751764
4.610000000 -1.539076961 -3.450443988 -0.695283088 -0.503596208 0.066598882 -0.556733122 0.657269868
4.620000000 -1.530242666 -3.464346678 -0.705411698 -0.477474299 0.056799584 -0.531152303 0.697616895
4.630000000 -1.521802574 -3.478534732 -0.714920751 -0.459625178 0.039375945 -0.502331534 0.731339361
4.640000000 -1.513515646 -3.493677354 -0.723656237 -0.443399984 0.011730107 -0.472614591 0.761507917
4.650000000 -1.505278778 -3.509574787 -0.731643522 -0.429268114 -0.013903782 -0.444380010 0.786169179
4.660000000 -1.497511810 -3.526438740 -0.738842686 -0.418076122 -0.037254924 -0.417673566 0.805836968
4.670000000 -1.490108776 -3.544321984 -0.745128882 -0.405741130 -0.058169231 -0.394320818 0.822497154
4.680000000 -1.482840519 -3.562736909 -0.750499236 -0.398094184 -0.073863763 -0.373485510 0.834609932
4.690000000 -1.475662182 -3.581204076 -0.754766280 -0.394198927 -0.092660913 -0.352902594 0.843493284
4.700000000 -1.468406400 -3.599821929 -0.757581296 -0.394869209 -0.119741488 -0.334143735 0.847400878
4.710000000 -1.460748184 -3.619002463 -0.758563942 -0.397944989 -0.155646746 -0.316377457 0.846946976
4.720000000 -1.451967705 -3.638460618 -0.757798413 -0.403986596 -0.210065972 -0.298021934 0.838957713
4.730000000 -1.441784872 -3.657725349 -0.754450567 -0.409968685 -0.270387735 -0.278392051 0.825417480
4.740000000 -1.429991564 -3.676396454 -0.748288280 -0.406202744 -0.328929867 -0.255738125 0.813266552
4.750000000 -1.416806835 -3.693818645 -0.740357770 -0.392036351 -0.384279350 -0.230519756 0.803428605
4.760000000 -1.401976042 -3.710288073 -0.731005062 -0.370337189 -0.439069439 -0.200143724 0.793732249
4.770000000 -1.384991682 -3.725295303 -0.720811847 -0.352461094 -0.490879698 -0.166959407 0.779058955
4.780000000 -1.366757358 -3.738318228 -0.710183603 -0.340470158 -0.529896638 -0.140063179 0.763984248
4.790000000 -1.346890144 -3.751415573 -0.698587631 -0.348848579 -0.557290505 -0.118333625 0.744129770
4.800000000 -1.325606347 -3.762797109 -0.687935746 -0.362367674 -0.572225338 -0.105862790 0.728039080
4.810000000 -1.303975066 -3.771093121 -0.679473110 -0.375013179 -0.565648124 -0.108629407 0.726365589
4.820000000 -1.282705207 -3.777642883 -0.671826709 -0.396680827 -0.543190950 -0.120812289 0.730063219
4.830000000 -1.261755444 -3.783569133 -0.663260252 -0.416346026 -0.510293321 -0.136798337 0.739961437
4.840000000 -1.240908336 -3.788952850 -0.655185338 -0.426892392 -0.473279907 -0.154198509 0.754978036
4.850000000 -1.219385975 -3.793651953 -0.648689990 -0.434533369 -0.437525873 -0.168288741 0.769045358
4.860000000 -1.197288260 -3.798966810 -0.643733263 -0.438585903 -0.403954480 -0.182348875 0.781800532
4.870000000 -1.175016358 -3.805441673 -0.640035620 -0.439564838 -0.373728821 -0.197180161 0.792609302
4.880000000 -1.153166609 -3.811884795 -0.637744697 -0.441637881 -0.342692811 -0.214420705 0.800962784
4.890000000 -1.132208654 -3.818168022 -0.636626747 -0.442355684 -0.307136824 -0.231293723 0.810241713
4.900000000 -1.111241207 -3.824247850 -0.637001202 -0.441110826 -0.271643989 -0.247087564 0.818888587
4.910000000 -1.090320789 -3.830587722 -0.638172142 -0.442358625 -0.237474936 -0.265823415 0.822959545
4.920000000 -1.069593128 -3.837236194 -0.640173000 -0.447110625 -0.202321319 -0.286122808 0.822977467
4.930000000 -1.048745408 -3.844476884 -0.643133032 -0.449106883 -0.165718512 -0.295743632 0.826665644
4.940000000 -1.028337789 -3.852192224 -0.647585916 -0.434505655 -0.134734613 -0.291148517 0.841596079
4.950000000 -1.006927633 -3.858948886 -0.652824923 -0.416364845 -0.109620175 -0.280053743 0.858017269
4.960000000 -0.986049660 -3.865687340 -0.659208416 -0.395055398 -0.094829105 -0.257377615 0.876752780
4.970000000 -0.966866605 -3.873044589 -0.666799837 -0.372248351 -0.090051900 -0.226473650 0.895562117
4.980000000 -0.948093086 -3.881571333 -0.675039490 -0.354820980 -0.094258513 -0.197871011 0.908880888
4.990000000 -0.929144702 -3.891402488 -0.683335556 -0.339955799 -0.108083865 -0.171187043 0.918391490
5.000000000 -0.910172569 -3.902083348 -0.690870258 -0.328548244 -0.125622445 -0.146036007 0.924634272
5.010000000 -0.890983523 -3.913752873 -0.697276205 -0.321320096 -0.143317770 -0.122979940 0.927949000
5.020000000 -0.871255916 -3.926438893 -0.702054056 -0.314184399 -0.160953686 -0.100616728 0.930192641
5.030000000 -0.850868815 -3.939324155 -0.705060134 -0.308756552 -0.177177859 -0.080244171 0.931041498
5.040000000 -0.830162191 -3.951845508 -0.706206056 -0.306223873 -0.196661407 -0.062757082 0.929307688
5.050000000 -0.809069673 -3.964091315 -0.705252379 -0.302127066 -0.226901566 -0.047357301 0.924657883
5.060000000 -0.786945606 -3.975755432 -0.702129440 -0.296643830 -0.263654038 -0.033161786 0.917272742
5.070000000 -0.763889474 -3.986683889 -0.696829740 -0.289003350 -0.308664884 -0.019574619 0.905991108
5.080000000 -0.740276334 -3.996802087 -0.689339061 -0.278356935 -0.363768703 -0.006773672 0.888900368
5.090000000 -0.716030207 -4.005716484 -0.679587539 -0.262232618 -0.413406863 0.009062557 0.871921263
5.100000000 -0.691382313 -4.013099628 -0.668316886 -0.236883997 -0.455671245 0.028302936 0.857583017
5.110000000 -0.665637437 -4.019574832 -0.655422352 -0.203713281 -0.496884550 0.049504802 0.842113958
5.120000000 -0.639608022 -4.024807284 -0.641919052 -0.163509888 -0.537735772 0.076723990 0.823540032
5.130000000 -0.613607156 -4.028172418 -0.628783949 -0.128597361 -0.574375050 0.101802602 0.801992675
5.140000000 -0.586702195 -4.030656759 -0.614608613 -0.114934981 -0.608763028 0.121967472 0.775449200
5.150000000 -0.558888127 -4.031998935 -0.601115923 -0.124803349 -0.638939226 0.141628872 0.745735914
5.160000000 -0.531756429 -4.030856341 -0.588714993 -0.140912548 -0.653172729 0.150451508 0.728610584
5.170000000 -0.507296195 -4.027251809 -0.578133848 -0.157299050 -0.654472765 0.148419426 0.724495744
5.180000000 -0.485077008 -4.021486667 -0.569312390 -0.174582893 -0.642401241 0.146176810 0.731760753
5.190000000 -0.463772728 -4.014928760 -0.560016046 -0.197593880 -0.625483909 0.141281231 0.741462172
5.200000000 -0.443294032 -4.007342976 -0.551273761 -0.209511863 -0.604581949 0.139443403 0.755738701
5.210000000 -0.423578010 -3.998862545 -0.543928349 -0.222935023 -0.577461820 0.135626050 0.773591234
5.220000000 -0.404152614 -3.989278000 -0.538065452 -0.238688249 -0.551378899 0.127165395 0.789200983
5.230000000 -0.385054306 -3.978926425 -0.533672468 -0.255578068 -0.523477567 0.115184220 0.804601568
5.240000000 -0.366234294 -3.967782280 -0.531701567 -0.268771238 -0.494734162 0.103955599 0.819873992
5.250000000 -0.347720169 -3.956102713 -0.531495504 -0.285117813 -0.465675835 0.088405976 0.833089571
5.260000000 -0.328618294 -3.944024374 -0.533070365 -0.299800254 -0.434860064 0.073504805 0.845939464
5.270000000 -0.308762376 -3.932830546 -0.536384935 -0.319286777 -0.407290109 0.054216800 0.853950385
5.280000000 -0.288916578 -3.923208880 -0.541254813 -0.342737664 -0.376225154 0.036887360 0.860014447
5.290000000 -0.267855358 -3.914240674 -0.548133759 -0.367299294 -0.342915829 0.020054316 0.864348186
5.300000000 -0.245823368 -3.907484977 -0.555655010 -0.370635157 -0.313051041 0.020532983 0.874189352
5.310000000 -0.224071249 -3.900636850 -0.562761347 -0.370721503 -0.286118773 0.028750080 0.883105344
5.320000000 -0.203327872 -3.894102690 -0.569249256 -0.357930265 -0.271526477 0.056531916 0.891607223
5.330000000 -0.183532415 -3.885889435 -0.574450517 -0.348058418 -0.262544334 0.081366748 0.896272985
5.340000000 -0.163467240 -3.877766683 -0.578919025 -0.333025782 -0.267176299 0.104858440 0.898173347
5.350000000 -0.143929151 -3.869919303 -0.582031711 -0.318702937 -0.275361143 0.131500122 0.897391997
5.360000000 -0.124496469 -3.862423329 -0.584138838 -0.304119770 -0.287894917 0.154435023 0.894861725
5.370000000 -0.104908607 -3.855655728 -0.584853219 -0.294143123 -0.301285033 0.177837771 0.889427276
5.380000000 -0.085233059 -3.848920743 -0.583709341 -0.283422325 -0.314214178 0.198872701 0.883963169
5.390000000 -0.065691244 -3.841848942 -0.580788526 -0.278353260 -0.323717354 0.217401056 0.877760399
5.400000000 -0.046179888 -3.834877958 -0.576146735 -0.270726934 -0.341707920 0.233826164 0.869061534
5.410000000 -0.026642530 -3.827622532 -0.569953282 -0.257859912 -0.367221388 0.247590668 0.858694113
5.420000000 -0.006561900 -3.819557373 -0.562418657 -0.239727135 -0.400500341 0.259049065 0.845590894
5.430000000 0.014067830 -3.810783925 -0.553535502 -0.212676167 -0.447413266 0.269191134 0.825909409
5.440000000 0.034557394 -3.801231542 -0.543140537 -0.186079336 -0.492589756 0.280759820 0.802436126
5.450000000 0.055059490 -3.790673182 -0.531920594 -0.153970117 -0.525121534 0.298211184 0.782055412
5.460000000 0.075143191 -3.779147615 -0.520790510 -0.118014794 -0.553472766 0.312691039 0.762866122
5.470000000 0.094834342 -3.767312752 -0.509688585 -0.072271085 -0.578241398 0.336986276 0.739495792
5.480000000 0.113309974 -3.753956641 -0.498826373 -0.023613585 -0.598286752 0.366542871 0.712138809
5.490000000 0.129611747 -3.738372880 -0.488224608 0.012353502 -0.619946123 0.381192496 0.685716032
5.500000000 0.145515761 -3.721709715 -0.477492906 0.017590336 -0.648485595 0.395433012 0.650222843
5.510000000 0.161143483 -3.703472361 -0.467384775 0.018664844 -0.668351603 0.405763939 0.623147964
5.520000000 0.174584501 -3.685061398 -0.458612877 0.009520516 -0.677959800 0.405821423 0.612853035
5.530000000 0.186243466 -3.666457096 -0.450577197 -0.013606475 -0.677974486 0.407596611 0.611580299
5.540000000 0.197150812 -3.647302198 -0.441646275 -0.036053182 -0.669771602 0.404693209 0.621554161
5.550000000 0.207202397 -3.627477630 -0.432640243 -0.054270714 -0.659282563 0.402933017 0.632492036
5.560000000 0.216235814 -3.607027838 -0.425581363 -0.075535534 -0.643901364 0.400650463 0.647429242
5.570000000 0.224228747 -3.585731964 -0.421009004 -0.097977201 -0.625223972 0.396804243 0.664862276
5.580000000 0.230825978 -3.563558276 -0.419611435 -0.119816859 -0.603945544 0.389345711 0.685057382
5.590000000 0.236486276 -3.541276076 -0.421001818 -0.140744937 -0.580203848 0.381102079 0.705914699
5.600000000 0.241377523 -3.518896914 -0.424874580 -0.164599591 -0.553397429 0.369532467 0.728082424
5.610000000 0.246230633 -3.496169867 -0.430570291 -0.187927392 -0.527701818 0.357516628 0.747258956
5.620000000 0.251251188 -3.473193626 -0.437589889 -0.206067717 -0.504878554 0.341465369 0.765529322
5.630000000 0.257088669 -3.451460423 -0.444895190 -0.235381859 -0.480956886 0.321992579 0.780766696
5.640000000 0.264318065 -3.430582784 -0.453349518 -0.261992203 -0.457451548 0.300330588 0.794921194
5.650000000 0.273021171 -3.410605294 -0.462824201 -0.278374098 -0.429722728 0.294387472 0.806958645
5.660000000 0.281897702 -3.391834052 -0.472767148 -0.285627518 -0.393189562 0.305936072 0.818670880
5.670000000 0.290097439 -3.373494554 -0.482358079 -0.286311429 -0.363050826 0.322640579 0.825907331
5.680000000 0.298385586 -3.355899262 -0.491102541 -0.275275227 -0.340928895 0.349218725 0.828273699
5.690000000 0.307447298 -3.338861598 -0.499248436 -0.253387505 -0.328903863 0.379202365 0.826935661
5.700000000 0.316990382 -3.321134280 -0.507547758 -0.230726859 -0.328000731 0.404873644 0.821740816
5.710000000 0.327097044 -3.302924136 -0.514321374 -0.210663530 -0.335376812 0.424877596 0.814016154
5.720000000 0.338864743 -3.284916726 -0.519614007 -0.193243454 -0.344692185 0.441462292 0.805577625
5.730000000 0.351722938 -3.266613868 -0.523661669 -0.175333717 -0.354354871 0.456272629 0.797186303
5.740000000 0.364740853 -3.247535094 -0.526240855 -0.158644124 -0.363346810 0.468962519 0.789230824
5.750000000 0.377602190 -3.227758615 -0.527208533 -0.143757097 -0.375396016 0.477769596 0.781119672
5.760000000 0.390511492 -3.207599566 -0.526504968 -0.125353537 -0.394125900 0.483305513 0.771600315
5.770000000 0.403361127 -3.186674175 -0.524239136 -0.097510261 -0.420812445 0.486753362 0.759262668
5.780000000 0.415933550 -3.164751142 -0.520502804 -0.060970988 -0.456750706 0.486053876 0.742571856
5.790000000 0.428050835 -3.142491582 -0.514970235 -0.019961756 -0.496742904 0.482335183 0.721249462
5.800000000 0.439769905 -3.119271361 -0.507745580 0.019052506 -0.534165787 0.477321155 0.697472888
5.810000000 0.450681354 -3.095332595 -0.499137121 0.055264766 -0.564470676 0.472927756 0.674283323
5.820000000 0.460650998 -3.071008013 -0.489543688 0.095737769 -0.586215226 0.474840604 0.649393863
5.830000000 0.469377974 -3.045677165 -0.479453636 0.141321796 -0.606872874 0.480162455 0.617395725
5.840000000 0.475089461 -3.020853525 -0.469618450 0.179823366 -0.631045652 0.477480584 0.584343422
5.850000000 0.480103678 -2.994841029 -0.459889587 0.200356836 -0.659908661 0.471161091 0.549895375
5.860000000 0.483721720 -2.967310791 -0.451874364 0.208254205 -0.686769717 0.465270425 0.518170796
5.870000000 0.485032553 -2.939717009 -0.446011268 0.201606412 -0.704798015 0.456846423 0.503890820
5.880000000 0.484299013 -2.913226919 -0.441887996 0.182526534 -0.718451140 0.447551629 0.500209519
5.890000000 0.481860221 -2.887413955 -0.438609191 0.156948079 -0.731361564 0.433744445 0.502337854
5.900000000 0.477345426 -2.861323691 -0.436865859 0.125724864 -0.738043581 0.418613211 0.514050495
5.910000000 0.470926008 -2.836123126 -0.437974792 0.098826938 -0.733361272 0.409614638 0.533507573
5.920000000 0.462832429 -2.812032918 -0.440780962 0.074731041 -0.722022053 0.402384103 0.557840891
5.930000000 0.453315012 -2.788437374 -0.444299539 0.053289113 -0.709495554 0.394128842 0.581754918
5.940000000 0.442592038 -2.765386852 -0.447957477 0.035382161 -0.693456901 0.384824772 0.608091707
5.950000000 0.431094087 -2.743500197 -0.452175045 0.017990115 -0.670576624 0.376774064 0.638783729
5.960000000 0.419954870 -2.721906070 -0.457292513 0.002079773 -0.641241388 0.371455344 0.671435838
5.970000000 0.410176383 -2.699945333 -0.462770383 -0.011166043 -0.607668646 0.369284975 0.703023999
5.980000000 0.401968468 -2.678221347 -0.468652787 -0.019406419 -0.572295557 0.371011597 0.731061954
5.990000000 0.394952422 -2.656956946 -0.474628593 -0.029447317 -0.535024943 0.373641348 0.757148142
6.000000000 0.388701076 -2.636181882 -0.481009120 -0.043638079 -0.492809279 0.380718324 0.781209505
6.010000000 0.384101492 -2.615916220 -0.488258643 -0.050563047 -0.445241083 0.394853673 0.802056315
6.020000000 0.380786420 -2.595276722 -0.497104814 -0.056906606 -0.400928531 0.409825723 0.817349881
6.030000000 0.378333918 -2.574352356 -0.505677668 -0.065517575 -0.360738825 0.425216757 0.827505684
6.040000000 0.377938968 -2.555036138 -0.515387990 -0.061316887 -0.325956085 0.454511468 0.826687483
6.050000000 0.378402353 -2.536741076 -0.525546454 -0.048229800 -0.307225611 0.482456020 0.818854382
6.060000000 0.379098906 -2.518586312 -0.535183788 -0.033092627 -0.291166884 0.508376327 0.809740843
6.070000000 0.379485792 -2.499525260 -0.543635722 -0.012225623 -0.284743122 0.528235139 0.799837188
6.080000000 0.380818976 -2.479533515 -0.550432633 0.007965540 -0.281920493 0.541486684 0.791990881
6.090000000 0.383787906 -2.459142922 -0.555261080 0.023777372 -0.278698229 0.549603622 0.787208862
6.100000000 0.387575279 -2.438018222 -0.558688655 0.036607096 -0.278203875 0.553114664 0.784427621
6.110000000 0.391897406 -2.416085080 -0.560589535 0.046141406 -0.281925425 0.552517193 0.783015821
6.120000000 0.397083213 -2.393255559 -0.560911883 0.060448551 -0.291157477 0.549105654 0.781060994
6.130000000 0.403323655 -2.369436498 -0.559676502 0.084616331 -0.309275189 0.541203659 0.777359333
6.140000000 0.409863699 -2.345095106 -0.557301997 0.114319068 -0.341603803 0.526522409 0.770072818
6.150000000 0.416236130 -2.319437609 -0.553696643 0.151526559 -0.382268241 0.506048132 0.758172792
6.160000000 0.422275076 -2.292518360 -0.548440912 0.188899419 -0.419884116 0.482016538 0.745435708
6.170000000 0.428447501 -2.264549450 -0.542091380 0.222614623 -0.456624605 0.456357367 0.730530392
6.180000000 0.434769943 -2.237093246 -0.535300245 0.249474749 -0.490885704 0.429718768 0.715636329
6.190000000 0.441289878 -2.211783434 -0.528133398 0.278200618 -0.525817595 0.404051223 0.694883359
6.200000000 0.447525651 -2.188316146 -0.520582497 0.295580024 -0.573106058 0.370096226 0.668738125
6.210000000 0.451810735 -2.165192322 -0.513682402 0.308453106 -0.604923712 0.347966011 0.646408260
6.220000000 0.455671268 -2.141388689 -0.506344597 0.311491771 -0.634914483 0.332727016 0.623818250
6.230000000 0.459372294 -2.117607628 -0.497326752 0.295510096 -0.665185753 0.310628057 0.611319808
6.240000000 0.461409167 -2.094940525 -0.488394557 0.262915211 -0.678486922 0.294204903 0.619656811
6.250000000 0.461604947 -2.072532159 -0.480662240 0.233001408 -0.676967529 0.287478217 0.636224475
6.260000000 0.460326631 -2.051038803 -0.473761522 0.205895064 -0.669084678 0.276527607 0.658380892
6.270000000 0.458210240 -2.030931085 -0.467440376 0.186498737 -0.658172379 0.269476733 0.677797633
6.280000000 0.455950386 -2.012244428 -0.461066822 0.171892931 -0.643973507 0.260386177 0.698534166
6.290000000 0.453030706 -1.994344791 -0.455510267 0.158744516 -0.630365398 0.248325517 0.718174130
6.300000000 0.449345478 -1.977448738 -0.451599077 0.149032126 -0.611773733 0.234972524 0.740479735
6.310000000 0.445402749 -1.962087296 -0.448848138 0.142994678 -0.583884532 0.225586324 0.766643454
6.320000000 0.441162040 -1.947671972 -0.447822787 0.140087997 -0.546812534 0.221759177 0.795106454
6.330000000 0.437974821 -1.933464751 -0.448477503 0.139188422 -0.502397387 0.228155531 0.822294657
6.340000000 0.435858222 -1.920052096 -0.450523271 0.146724933 -0.461752459 0.236308329 0.842267673
6.350000000 0.433906842 -1.908100200 -0.453456771 0.145554526 -0.424967744 0.232378575 0.862679833
6.360000000 0.432828301 -1.897950268 -0.457154464 0.138439328 -0.387743574 0.242378968 0.878488423
6.370000000 0.432885358 -1.887789278 -0.461173471 0.137486430 -0.350369037 0.261070853 0.888921273
6.380000000 0.433395436 -1.875925163 -0.464748934 0.132951672 -0.316839618 0.275008772 0.897945814
6.390000000 0.435608992 -1.863504192 -0.469285530 0.134037568 -0.300809621 0.296753173 0.896373280
6.400000000 0.438104756 -1.850455034 -0.473702845 0.140350742 -0.292689180 0.323709412 0.888733329
6.410000000 0.441666539 -1.836826591 -0.477686079 0.146132921 -0.289060408 0.347003628 0.880157788
6.420000000 0.446608913 -1.823160031 -0.481500406 0.160840893 -0.286867171 0.372688734 0.867721465
6.430000000 0.452417913 -1.809522285 -0.484921309 0.174043124 -0.289892778 0.392584966 0.855305918
6.440000000 0.458907446 -1.796434746 -0.487394628 0.180336547 -0.296169290 0.408184493 0.844480847
6.450000000 0.466305416 -1.783356978 -0.488168739 0.185640747 -0.300917581 0.420969914 0.835326555
6.460000000 0.474337172 -1.770285893 -0.486868059 0.183405296 -0.306060681 0.428648573 0.830029974
6.470000000 0.482925354 -1.757212447 -0.483348793 0.178742818 -0.312420556 0.434171204 0.825796444
6.480000000 0.491931524 -1.743993479 -0.477734507 0.175916745 -0.324357228 0.436798240 0.820398065
6.490000000 0.501668844 -1.730513851 -0.469946484 0.180727820 -0.345122601 0.432930754 0.812895323
6.500000000 0.511922938 -1.716680321 -0.460313284 0.194639290 -0.375973521 0.422421421 0.801448439
6.510000000 0.522021405 -1.702756874 -0.449229591 0.217744341 -0.412477087 0.407518515 0.785097901
6.520000000 0.531610943 -1.688866990 -0.436642239 0.242089145 -0.445480729 0.391745970 0.767772662
6.530000000 0.541283575 -1.674711465 -0.423720151 0.266277539 -0.474509830 0.374968787 0.750556528
6.540000000 0.550999807 -1.660235017 -0.410813745 0.293992644 -0.495528031 0.365087306 0.731253414
6.550000000 0.559668411 -1.646813867 -0.398645212 0.327991518 -0.517622906 0.350202985 0.708410870
6.560000000 0.565924348 -1.635322481 -0.387525409 0.348084464 -0.537826385 0.337537699 0.689672594
6.570000000 0.571626797 -1.623910068 -0.377338985 0.358924384 -0.559920244 0.328925936 0.670425488
6.580000000 0.578079194 -1.611621215 -0.366910617 0.369942662 -0.577108585 0.326755137 0.650629840
6.590000000 0.585734867 -1.599424717 -0.355237505 0.371601731 -0.585221410 0.327473267 0.642019715
6.600000000 0.592476248 -1.588527830 -0.343798833 0.360698148 -0.587276341 0.332167115 0.643947477
6.610000000 0.597937047 -1.578219885 -0.333875290 0.349053008 -0.583620976 0.337359760 0.650950802
6.620000000 0.601732342 -1.569199149 -0.326067324 0.338732473 -0.578064382 0.340179428 0.659833190
6.630000000 0.603750397 -1.562023239 -0.320382576 0.332117603 -0.569848077 0.345070239 0.667755642
6.640000000 0.604615256 -1.557169551 -0.316076425 0.329215777 -0.558778005 0.350415075 0.675716944
6.650000000 0.605380332 -1.554473335 -0.312730652 0.324588389 -0.545765288 0.354638709 0.686304607
6.660000000 0.607085649 -1.553212034 -0.310266957 0.316352878 -0.527485729 0.360225912 0.701367917
6.670000000 0.609645672 -1.553409791 -0.309205145 0.305393996 -0.501798603 0.369243002 0.720133512
6.680000000 0.612666439 -1.553995605 -0.309619245 0.293503721 -0.473122566 0.379488552 0.738917480
6.690000000 0.616447736 -1.554483623 -0.311658961 0.283885291 -0.446420274 0.385698553 0.755880088
6.700000000 0.620476406 -1.554952648 -0.315077443 0.273819495 -0.422619018 0.383154247 0.774344157
6.710000000 0.624585766 -1.555793386 -0.318929821 0.252912972 -0.403051214 0.372741738 0.796648193
6.720000000 0.628568965 -1.556934977 -0.322861499 0.226419964 -0.384110307 0.366031249 0.816831927
6.730000000 0.634723034 -1.558391966 -0.328201107 0.208792375 -0.360407221 0.368210675 0.831223964
6.740000000 0.641438814 -1.558813174 -0.334523244 0.196750314 -0.342296855 0.370763527 0.840628684
6.750000000 0.649490346 -1.558429625 -0.341478507 0.188708311 -0.336688460 0.374973435 0.842867117
6.760000000 0.657735766 -1.557097706 -0.347666362 0.186516025 -0.334414559 0.384181274 0.840109174
6.770000000 0.666276638 -1.555116429 -0.352738041 0.184745965 -0.336094658 0.393263029 0.835615641
6.780000000 0.675773942 -1.553160894 -0.356484015 0.182015941 -0.345824610 0.400492043 0.828783241
6.790000000 0.687351797 -1.551384157 -0.358327918 0.176940470 -0.359889256 0.406033809 0.821162797
6.800000000 0.699770656 -1.549834405 -0.357798677 0.171191998 -0.372467732 0.413093686 0.813212577
6.810000000 0.712232497 -1.548146791 -0.354737487 0.163545546 -0.379971942 0.420035299 0.807740382
6.820000000 0.724491964 -1.546071460 -0.349244859 0.153922448 -0.384474403 0.425509596 0.804629665
6.830000000 0.736378332 -1.543683627 -0.341640548 0.144632010 -0.389152294 0.430166239 0.801622779
6.840000000 0.747952414 -1.540946587 -0.332157035 0.138756600 -0.398579766 0.432781298 0.796606003
6.850000000 0.759006134 -1.537830167 -0.321490842 0.141574471 -0.417775464 0.431465328 0.786929477
6.860000000 0.769235131 -1.534057381 -0.309850694 0.153322326 -0.448119262 0.425574948 0.771081938
6.870000000 0.778491651 -1.529742150 -0.297221274 0.171071597 -0.480772894 0.417813563 0.751680623
6.880000000 0.787182975 -1.525179834 -0.283968157 0.192260233 -0.509834285 0.411454166 0.730623347
6.890000000 0.795262061 -1.520763506 -0.271053320 0.216352001 -0.531738964 0.408658092 0.709537913
6.900000000 0.802902843 -1.515438704 -0.258506111 0.251480944 -0.543219081 0.412496671 0.686670853
6.910000000 0.809805520 -1.509938902 -0.247175618 0.292467836 -0.554572982 0.413426674 0.660295205
6.920000000 0.815378217 -1.504586372 -0.237516757 0.320180294 -0.567661260 0.410569039 0.637713367
6.930000000 0.820782185 -1.499216195 -0.228676967 0.334870821 -0.591766741 0.405642525 0.610841877
6.940000000 0.825793803 -1.494012387 -0.221018344 0.341597975 -0.600917888 0.405009425 0.598477970
6.950000000 0.829496583 -1.491215022 -0.215509788 0.345281297 -0.602985778 0.401823343 0.596428520
6.960000000 0.833259829 -1.488877665 -0.210713040 0.339024319 -0.596692953 0.406146227 0.603378218
6.970000000 0.838464405 -1.485321137 -0.205959344 0.325553412 -0.597546099 0.411021644 0.606642270
6.980000000 0.842748333 -1.482145843 -0.203363164 0.315704555 -0.596765677 0.417918925 0.607902240
6.990000000 0.845415698 -1.480618218 -0.203003997 0.311516619 -0.592000901 0.429374297 0.606737210
7.000000000 0.847002787 -1.480633686 -0.203866708 0.309558932 -0.585814651 0.439687007 0.606357814
7.010000000 0.848778248 -1.481725251 -0.205490885 0.306628025 -0.578210862 0.446871214 0.609883244
7.020000000 0.851452842 -1.483284951 -0.207662381 0.296838181 -0.567985715 0.452246510 0.620284141
7.030000000 0.854308380 -1.485294616 -0.210894004 0.282844855 -0.548646897 0.461112817 0.637463991
7.040000000 0.856942632 -1.487222162 -0.215487569 0.264520629 -0.527287089 0.468296682 0.657795849
7.050000000 0.859858403 -1.488298535 -0.221706850 0.247145075 -0.506126772 0.474624747 0.676377374
7.060000000 0.862356112 -1.488832736 -0.229317731 0.229208068 -0.491484679 0.466532131 0.698751918
7.070000000 0.864799350 -1.489038125 -0.237537206 0.205145997 -0.477256453 0.448034484 0.727603256
7.080000000 0.866833489 -1.489012079 -0.245339327 0.174307258 -0.468813501 0.423824681 0.755118217
7.090000000 0.870062443 -1.487761282 -0.252683493 0.151660799 -0.449816153 0.415222033 0.776050961
7.100000000 0.874690271 -1.485268052 -0.259791669 0.132244129 -0.428889598 0.413789092 0.792050371
7.110000000 0.880282034 -1.482264662 -0.265842924 0.123376802 -0.411517269 0.419618911 0.799594692
7.120000000 0.887471577 -1.478340516 -0.271410032 0.122696316 -0.404455037 0.422506048 0.801779506
7.130000000 0.896492738 -1.473858685 -0.276364576 0.122066643 -0.408997992 0.427099167 0.797124004
7.140000000 0.906647585 -1.468943483 -0.279791545 0.122198378 -0.419578850 0.430207586 0.789900359
7.150000000 0.918108012 -1.463735742 -0.281109092 0.119406360 -0.429975712 0.435838289 0.781606035
7.160000000 0.929739237 -1.458384103 -0.280068349 0.113530670 -0.435453744 0.444600201 0.774481430
7.170000000 0.940608899 -1.452706114 -0.276814110 0.104096004 -0.437021193 0.454294146 0.769281046
7.180000000 0.950849833 -1.446481694 -0.271499011 0.094846432 -0.434345521 0.464080542 0.766144486
7.190000000 0.960729006 -1.439697644 -0.264405700 0.085692473 -0.430955821 0.471694334 0.764485667
7.200000000 0.970506272 -1.432621722 -0.256015129 0.083795679 -0.434220242 0.476768731 0.759685884
7.210000000 0.979517745 -1.425210913 -0.246910807 0.088108665 -0.446977398 0.480793103 0.749190270
7.220000000 0.987360307 -1.417191749 -0.237364150 0.105827313 -0.471313179 0.478910749 0.733013616
7.230000000 0.994202579 -1.408989329 -0.227128525 0.125475297 -0.502133017 0.474448764 0.712051089
7.240000000 1.000514541 -1.400654874 -0.216383556 0.147010638 -0.528421663 0.472700667 0.689719144
7.250000000 1.006531076 -1.392525373 -0.205961683 0.176399247 -0.539170281 0.479133852 0.669783148
7.260000000 1.012273626 -1.383102033 -0.195906032 0.218716818 -0.544282831 0.487861125 0.646460112
7.270000000 1.016728161 -1.372943490 -0.187356632 0.258053701 -0.547886450 0.495732319 0.622477464
7.280000000 1.020198817 -1.363728455 -0.179879986 0.275096378 -0.556410613 0.498669029 0.605027612
7.290000000 1.022978018 -1.354999402 -0.173464905 0.284731132 -0.564944201 0.498018255 0.593080138
7.300000000 1.026000573 -1.346141739 -0.167438014 0.290299851 -0.571964600 0.494707644 0.586384549
7.310000000 1.028398369 -1.337357737 -0.162112966 0.285298620 -0.576986682 0.492412482 0.585850676
7.320000000 1.030083996 -1.328252933 -0.157637908 0.269482430 -0.580449555 0.495931100 0.586949639
7.330000000 1.030510902 -1.320326815 -0.155602456 0.254377428 -0.580304128 0.501735649 0.588897768
7.340000000 1.029021793 -1.314313550 -0.156262931 0.244044038 -0.578254308 0.509167432 0.588908303
7.350000000 1.025957855 -1.310219882 -0.158741584 0.238250139 -0.576293928 0.516258896 0.587025495
7.360000000 1.021888601 -1.308110089 -0.162160618 0.235814251 -0.576556846 0.519764564 0.584652581
7.370000000 1.017462175 -1.307451408 -0.165809325 0.231882753 -0.575136075 0.520704887 0.586783865
7.380000000 1.013191680 -1.307194975 -0.169667429 0.223185391 -0.566048694 0.523070043 0.596803893
7.390000000 1.009078117 -1.307546840 -0.174419593 0.208990785 -0.550661078 0.525281509 0.614145394
7.400000000 1.004827401 -1.307980042 -0.180573079 0.192662681 -0.531770528 0.527001478 0.634326918
7.410000000 1.000256612 -1.308372079 -0.187940272 0.177257486 -0.517366736 0.522061667 0.654494507
7.420000000 0.995686112 -1.308798315 -0.196387454 0.161498585 -0.509423086 0.504819090 0.677911508
7.430000000 0.991169118 -1.308990007 -0.205199753 0.140196410 -0.504737645 0.482140319 0.702229015
7.440000000 0.987191581 -1.309375829 -0.214175038 0.123125424 -0.492437636 0.471882266 0.720883092
7.450000000 0.985707683 -1.309007296 -0.222556566 0.110739369 -0.476158722 0.469147908 0.735465773
7.460000000 0.986346643 -1.307935831 -0.230165989 0.108409928 -0.459942421 0.476889452 0.741132045
7.470000000 0.988816551 -1.304941095 -0.236950656 0.110899297 -0.448193483 0.484862307 0.742786976
7.480000000 0.993613848 -1.300075439 -0.243126919 0.113214294 -0.447487110 0.491393500 0.738559570
7.490000000 1.000439066 -1.294018799 -0.248423739 0.119574175 -0.453322292 0.501320942 0.727240145
7.500000000 1.007962332 -1.286985213 -0.252084926 0.127330893 -0.461957117 0.509679657 0.714569180
7.510000000 1.016209699 -1.279005982 -0.253427087 0.132939976 -0.471873060 0.516828159 0.701820086
7.520000000 1.024285103 -1.270431654 -0.252340114 0.134586710 -0.477399247 0.525905161 0.690941486
7.530000000 1.031989643 -1.261165891 -0.248933321 0.131090402 -0.476902893 0.535224251 0.684772910
7.540000000 1.039159133 -1.251518478 -0.243473755 0.124126158 -0.473115012 0.543558230 0.682128531
7.550000000 1.046160658 -1.241184265 -0.236352679 0.115597764 -0.468253465 0.550770116 0.681196102
7.560000000 1.053240561 -1.230421719 -0.227953817 0.109206637 -0.465918704 0.555238469 0.680223429
7.570000000 1.059938326 -1.219403574 -0.219031369 0.112126119 -0.472133140 0.556685039 0.674254996
7.580000000 1.065352494 -1.207716198 -0.210050860 0.126702599 -0.488284205 0.555289879 0.661194477
7.590000000 1.069083331 -1.195060537 -0.200875120 0.148341027 -0.510398240 0.550492171 0.643775540
7.600000000 1.071583092 -1.181858130 -0.192022337 0.172201520 -0.534371957 0.543348805 0.624151684
7.610000000 1.073128069 -1.168232315 -0.183531927 0.199403717 -0.550324264 0.539793155 0.604983233
7.620000000 1.073427872 -1.153441167 -0.175090973 0.237757778 -0.555824985 0.540344421 0.585284317
7.630000000 1.073146569 -1.138317187 -0.166815853 0.276136136 -0.559999573 0.539345929 0.565026797
7.640000000 1.072209713 -1.124171066 -0.159435065 0.294416071 -0.569642798 0.539482280 0.545696921
7.650000000 1.070416910 -1.111332673 -0.153302823 0.297048453 -0.591791254 0.534250303 0.525473065
7.660000000 1.066764003 -1.099657059 -0.149876272 0.291031626 -0.612216370 0.523067383 0.516616126
7.670000000 1.061565450 -1.089323322 -0.148604314 0.279293375 -0.618374391 0.518859430 0.519993475
7.680000000 1.055111276 -1.081836392 -0.150240959 0.258908956 -0.620407670 0.518914096 0.528004390
7.690000000 1.048031395 -1.077023825 -0.155051345 0.238811204 -0.624291228 0.518426101 0.533351713
7.700000000 1.040562636 -1.074140464 -0.162495299 0.223465219 -0.630638652 0.516285663 0.534609484
7.710000000 1.032748222 -1.072161165 -0.171926781 0.215609014 -0.638967673 0.512611672 0.531471862
7.720000000 1.024945938 -1.070680284 -0.181995649 0.212526241 -0.645810398 0.509164478 0.527743367
7.730000000 1.017347701 -1.069678846 -0.191665739 0.206807815 -0.645656407 0.507382391 0.531903600
7.740000000 1.010258859 -1.068685156 -0.200620856 0.193992468 -0.634664954 0.508493272 0.548636410
7.750000000 1.003547466 -1.066912111 -0.209372630 0.178561108 -0.618352534 0.510646806 0.570084128
7.760000000 0.996768851 -1.065203745 -0.218843170 0.165216044 -0.599886056 0.512514071 0.591751389
7.770000000 0.990536959 -1.063465570 -0.228771568 0.156769327 -0.586717334 0.509596654 0.609505864
7.780000000 0.985228519 -1.062207271 -0.239102423 0.150529913 -0.573058619 0.502473955 0.629654262
7.790000000 0.980105854 -1.061101523 -0.249348028 0.137921282 -0.561218330 0.495983991 0.648083009
7.800000000 0.976265790 -1.059067507 -0.258534371 0.123148886 -0.542554195 0.501995305 0.662170682
7.810000000 0.972539038 -1.055110632 -0.266474911 0.112094227 -0.519344427 0.516573867 0.671466820
7.820000000 0.967929523 -1.050149446 -0.273274245 0.102722505 -0.505567105 0.526556665 0.675713008
7.830000000 0.964582769 -1.044268274 -0.279218979 0.100949068 -0.490229951 0.543807449 0.673615127
7.840000000 0.963287198 -1.037291647 -0.283520377 0.101570741 -0.489101279 0.559288978 0.661558132
7.850000000 0.962255932 -1.029128219 -0.286216734 0.111856076 -0.490696580 0.577115556 0.643150620
7.860000000 0.961172791 -1.019934885 -0.287275113 0.124347235 -0.495369898 0.588994617 0.626284098
7.870000000 0.959117190 -1.011240785 -0.286862822 0.133312502 -0.502216375 0.597440419 0.610795739
7.880000000 0.956382265 -1.002140580 -0.285812398 0.135706535 -0.504820235 0.603069064 0.602534622
7.890000000 0.953041256 -0.992066437 -0.283618314 0.135509916 -0.499606372 0.610174405 0.599764730
7.900000000 0.949728331 -0.981076639 -0.279799742 0.130500205 -0.487675367 0.618597408 0.602062854
7.910000000 0.946672972 -0.968896198 -0.274207064 0.122954507 -0.475497763 0.622192812 0.609639378
7.920000000 0.944487847 -0.955340393 -0.266815966 0.117144069 -0.466617468 0.624367659 0.615394534
7.930000000 0.942640331 -0.940633606 -0.258291374 0.116211340 -0.463113335 0.624852318 0.617722061
7.940000000 0.940829035 -0.924433769 -0.248533911 0.129985198 -0.469412299 0.620209259 0.614895452
7.950000000 0.938922142 -0.906741053 -0.237851223 0.156847127 -0.484520802 0.611650605 0.605410695
7.960000000 0.937080945 -0.889223788 -0.226486554 0.189691716 -0.501859900 0.601479810 0.591925445
7.970000000 0.935186100 -0.871636136 -0.214585525 0.220051908 -0.519263699 0.588380032 0.579440511
7.980000000 0.932992095 -0.853209589 -0.202267727 0.253512183 -0.514428955 0.589272106 0.569080669
7.990000000 0.930025534 -0.834887039 -0.191768131 0.279603885 -0.526764858 0.570031381 0.565158983
8.000000000 0.926459255 -0.816997783 -0.183124531 0.290683749 -0.539093582 0.555160947 0.562740963
8.010000000 0.920756000 -0.799378587 -0.176640227 0.303938425 -0.535995847 0.552244158 0.561565915
8.020000000 0.914990124 -0.782796638 -0.170220246 0.292663718 -0.537527566 0.548348948 0.569846904
8.030000000 0.907320142 -0.770128906 -0.165904472 0.267987996 -0.538145498 0.544901095 0.584520875
8.040000000 0.898218578 -0.760448794 -0.163921804 0.241764895 -0.530658374 0.544887470 0.602535534
8.050000000 0.887825991 -0.753177671 -0.164608960 0.215708753 -0.521932143 0.537726495 0.626024592
8.060000000 0.876686889 -0.748138061 -0.167297599 0.200697909 -0.519114661 0.530040485 0.639763552
8.070000000 0.865131860 -0.744071639 -0.171350410 0.190717903 -0.521098080 0.521400768 0.648247415
8.080000000 0.853652498 -0.740983314 -0.175802052 0.182306126 -0.520386157 0.513751954 0.657283541
8.090000000 0.842711823 -0.738705759 -0.180287819 0.167667681 -0.511462954 0.509791125 0.671123091
8.100000000 0.833189306 -0.736469219 -0.184973755 0.148145064 -0.494159775 0.508451072 0.689446636
8.110000000 0.824590928 -0.734840860 -0.190306900 0.129906056 -0.473215568 0.510984258 0.705752458
8.120000000 0.816346921 -0.733195508 -0.197002053 0.118070715 -0.451444928 0.517101132 0.717539687
8.130000000 0.808712201 -0.731365845 -0.204385993 0.106904544 -0.431872061 0.523777512 0.726439990
8.140000000 0.801981938 -0.728844072 -0.212317256 0.093995086 -0.410021040 0.529889044 0.736386631
8.150000000 0.797060425 -0.725381935 -0.220605615 0.076411361 -0.385843110 0.541638816 0.742909006
8.160000000 0.794830491 -0.720177543 -0.229114269 0.062075508 -0.357922539 0.557879052 0.746196389
8.170000000 0.792254745 -0.713346544 -0.238312943 0.048003850 -0.334926361 0.574010155 0.745675737
8.180000000 0.788946151 -0.705677397 -0.247099290 0.046134545 -0.311002110 0.593270683 0.741066251
8.190000000 0.787737835 -0.697396628 -0.255857016 0.054804831 -0.295296119 0.616192466 0.728082054
8.200000000 0.788402219 -0.687086333 -0.263324785 0.062770506 -0.290727840 0.634114309 0.713748015
8.210000000 0.789362729 -0.674872348 -0.269105279 0.076689024 -0.284336980 0.649902879 0.700640795
8.220000000 0.790153066 -0.661400407 -0.273373970 0.086970421 -0.279365940 0.660877354 0.691109210
8.230000000 0.790796385 -0.647492262 -0.276127568 0.089202542 -0.276056323 0.668189357 0.685097654
8.240000000 0.790839630 -0.633420092 -0.277306694 0.087103722 -0.267582305 0.675084000 0.681963522
8.250000000 0.790363577 -0.619443419 -0.277033858 0.079592046 -0.253086834 0.681833603 0.681700153
8.260000000 0.789712070 -0.605039815 -0.275310491 0.065732531 -0.234235879 0.687630542 0.684088463
8.270000000 0.789365499 -0.589497189 -0.272335321 0.049058002 -0.217388572 0.689773370 0.688874603
8.280000000 0.789677186 -0.572395988 -0.268474766 0.040616259 -0.203264306 0.689045157 0.694442736
8.290000000 0.790501395 -0.554333815 -0.263954570 0.044673001 -0.195126678 0.686475898 0.699057039
8.300000000 0.791080393 -0.535112399 -0.258662301 0.062569217 -0.201120337 0.681270859 0.701074690
8.310000000 0.791746538 -0.513672084 -0.252625421 0.088133286 -0.214696723 0.673004594 0.702283887
8.320000000 0.792339254 -0.490308746 -0.246278839 0.120980525 -0.235518417 0.661315387 0.701823872
8.330000000 0.792432842 -0.466444578 -0.239998340 0.158021022 -0.264629571 0.646338480 0.698030885
8.340000000 0.792542116 -0.442783792 -0.233082915 0.192600983 -0.295010768 0.629878466 0.692189733
8.350000000 0.792368360 -0.420076882 -0.226385675 0.224583652 -0.315041692 0.612809842 0.689039195
8.360000000 0.791894239 -0.398877595 -0.220519134 0.243208640 -0.338704036 0.594261238 0.687737388
8.370000000 0.790529428 -0.378170493 -0.215697308 0.255443220 -0.358144402 0.584937019 0.681417664
8.380000000 0.788335294 -0.358090514 -0.211063141 0.260577238 -0.365471830 0.580615943 0.679275328
8.390000000 0.785951857 -0.338044993 -0.206402972 0.244645720 -0.364185423 0.575248639 0.690366897
8.400000000 0.783437841 -0.318189967 -0.202962263 0.218184881 -0.350067594 0.575269149 0.706338052
8.410000000 0.781501323 -0.299327088 -0.201368175 0.189782644 -0.330872565 0.573872096 0.724690770
8.420000000 0.779687997 -0.281373991 -0.201617999 0.158605566 -0.311165052 0.567711490 0.745469147
8.430000000 0.777953165 -0.264276838 -0.203646920 0.132656367 -0.292466138 0.560858179 0.763088428
8.440000000 0.776117005 -0.247652302 -0.207110867 0.114088365 -0.274164363 0.553596247 0.778041736
8.450000000 0.774361235 -0.232451246 -0.211098332 0.095378583 -0.250354915 0.547329276 0.792878305
8.460000000 0.773005683 -0.218584724 -0.216276656 0.076494519 -0.219247019 0.542322910 0.807443617
8.470000000 0.771918964 -0.205529879 -0.223116769 0.057396867 -0.189565581 0.537399565 0.819739103
8.480000000 0.771323018 -0.192798891 -0.231935330 0.039182384 -0.161607059 0.534946586 0.828359855
8.490000000 0.771602577 -0.180306981 -0.242875573 0.020361717 -0.131441382 0.536615363 0.833278174
8.500000000 0.771971506 -0.167629984 -0.255187621 0.006659490 -0.097931411 0.541687627 0.834829087
8.510000000 0.771734066 -0.153835329 -0.267862851 0.007359898 -0.067314427 0.550324811 0.832200218
8.520000000 0.771720670 -0.139792310 -0.280719731 0.004048941 -0.041995643 0.562049639 0.826026740
8.530000000 0.772996598 -0.125061990 -0.294160575 0.005151060 -0.024974152 0.575187397 0.817624129
8.540000000 0.774067987 -0.109495423 -0.307032842 0.016741437 -0.013078584 0.589022789 0.807837130
8.550000000 0.774865059 -0.093468312 -0.319507397 0.040634023 -0.001949484 0.603723033 0.796155497
8.560000000 0.775457503 -0.076379789 -0.330807747 0.059025030 0.001131483 0.614103025 0.787014765
8.570000000 0.776439744 -0.058521590 -0.341164722 0.075451465 -0.004624117 0.620698198 0.780396977
8.580000000 0.777685534 -0.039866126 -0.350166992 0.093462902 -0.015625241 0.624982872 0.774865761
8.590000000 0.779215493 -0.020441231 -0.357436734 0.097909412 -0.026838175 0.628557287 0.771109069
8.600000000 0.780715223 -0.000221718 -0.363085104 0.098701149 -0.037779004 0.629987489 0.769380656
8.610000000 0.782439858 0.020249027 -0.367172859 0.097929635 -0.050861834 0.630274066 0.768490379
8.620000000 0.784476864 0.040434289 -0.369319425 0.095678028 -0.063245352 0.629040338 0.768865394
8.630000000 0.787311076 0.060770370 -0.369606405 0.100123116 -0.082654095 0.624540183 0.770125459
8.640000000 0.791039856 0.081735570 -0.368108425 0.115817496 -0.113575528 0.616455196 0.770499772
8.650000000 0.795553451 0.103625252 -0.365160996 0.136577204 -0.154509073 0.603458755 0.770266931
8.660000000 0.800979675 0.126734859 -0.360851249 0.162886017 -0.198079740 0.586064494 0.768609765
8.670000000 0.807184909 0.151440917 -0.355643841 0.193177301 -0.238498402 0.566593404 0.764704490
8.680000000 0.814104454 0.177509493 -0.349805046 0.223126620 -0.279255271 0.545027684 0.758403474
8.690000000 0.821788790 0.203586104 -0.343002238 0.254410981 -0.316809095 0.518963145 0.752053392
8.700000000 0.830168283 0.227982284 -0.335276607 0.292120820 -0.348390257 0.496330970 0.739557451
8.710000000 0.838077311 0.250132295 -0.326898423 0.335003719 -0.382745180 0.467910665 0.722729718
8.720000000 0.845257350 0.271149270 -0.317793354 0.362462749 -0.420454823 0.438812145 0.706599179
8.730000000 0.850961025 0.290902841 -0.308411246 0.388676520 -0.448135382 0.432632487 0.678921478
8.740000000 0.857308685 0.311231820 -0.297915635 0.392549874 -0.468425704 0.424470856 0.668061710
8.750000000 0.863228431 0.330919840 -0.287293771 0.374457842 -0.479526322 0.421113401 0.672680707
8.760000000 0.868185240 0.349860678 -0.277939583 0.359244516 -0.465644132 0.421954438 0.689980704
8.770000000 0.874785010 0.369347814 -0.269328364 0.337308878 -0.457470537 0.421421941 0.706644873
8.780000000 0.882148315 0.388153604 -0.261831311 0.319937133 -0.436910430 0.430668975 0.721992895
8.790000000 0.890554683 0.406402973 -0.255909436 0.306168807 -0.414624740 0.436593214 0.737382771
8.800000000 0.899257717 0.423884364 -0.251321350 0.289725041 -0.389450792 0.440660674 0.755119627
8.810000000 0.907779812 0.440074238 -0.248591273 0.272823966 -0.363236648 0.445510558 0.771457429
8.820000000 0.915165515 0.455157971 -0.248113511 0.259949347 -0.334208646 0.450797834 0.785819465
8.830000000 0.921570095 0.469791370 -0.249151611 0.250672979 -0.302417598 0.452534016 0.800574555
8.840000000 0.928031885 0.484352134 -0.251048665 0.236922562 -0.275712713 0.451963011 0.814603975
8.850000000 0.935334502 0.499461944 -0.253864883 0.222884353 -0.244938339 0.450686518 0.828980964
8.860000000 0.941789368 0.515362781 -0.257499902 0.206754544 -0.214424293 0.456475291 0.838394352
8.870000000 0.948738019 0.531226574 -0.261833182 0.201706779 -0.183440972 0.461023033 0.844465244
8.880000000 0.956392965 0.547194611 -0.266133411 0.193805182 -0.174804962 0.459878323 0.848760688
8.890000000 0.964522867 0.563305641 -0.270393752 0.192682550 -0.162184992 0.467428716 0.847395928
8.900000000 0.973484467 0.579380941 -0.275057777 0.194911847 -0.161208864 0.478562403 0.840832385
8.910000000 0.983084023 0.595612711 -0.278847360 0.200433126 -0.167790260 0.489324823 0.832006135
8.920000000 0.992740574 0.612346927 -0.281560280 0.208217356 -0.177756612 0.497704259 0.823005826
8.930000000 1.003004382 0.629687151 -0.283239600 0.213548342 -0.189544615 0.505857502 0.813989025
8.940000000 1.013242659 0.647157428 -0.283208902 0.213516642 -0.200328561 0.512464336 0.807254245
8.950000000 1.022969162 0.664569725 -0.281049143 0.208158176 -0.211838923 0.516760250 0.802965310
8.960000000 1.032855848 0.681197589 -0.276715226 0.199719430 -0.222498392 0.521042989 0.799450323
8.970000000 1.043117558 0.697149735 -0.270466267 0.194202071 -0.234982714 0.522611010 0.796207518
8.980000000 1.053661241 0.712776126 -0.262615479 0.196458065 -0.254378458 0.520786125 0.790871444
8.990000000 1.064357487 0.728452505 -0.253435924 0.209137716 -0.283204630 0.513603521 0.782475544
9.000000000 1.075180240 0.744149268 -0.242717689 0.229613417 -0.321334404 0.501200255 0.769948169
9.010000000 1.086026709 0.759626298 -0.230394086 0.255439196 -0.361146276 0.486099695 0.753678493
9.020000000 1.096689700 0.775142101 -0.216263547 0.280804530 -0.398975830 0.470299569 0.735381138
9.030000000 1.107232790 0.790079413 -0.200742051 0.306988924 -0.433622974 0.451980478 0.716549067
9.040000000 1.118129188 0.804468353 -0.184556636 0.339126903 -0.463586855 0.433837066 0.694165378
9.050000000 1.128343139 0.817103376 -0.168708274 0.388620488 -0.484494987 0.419575380 0.661963159
9.060000000 1.137083161 0.828478042 -0.154197429 0.437307985 -0.501618006 0.400371665 0.629955262
9.070000000 1.145406713 0.838213237 -0.140694810 0.467331286 -0.527032660 0.385488037 0.596017633
9.080000000 1.153209266 0.847664717 -0.127931809 0.486750515 -0.549550980 0.374243357 0.566577061
9.090000000 1.160204548 0.856616484 -0.116020614 0.498671424 -0.559185424 0.365817836 0.552101244
9.100000000 1.167361612 0.864975507 -0.104279669 0.499274495 -0.559977286 0.368172689 0.549180561
9.110000000 1.175617787 0.873595287 -0.091417411 0.497165453 -0.557824256 0.374778589 0.548816564
9.120000000 1.184187345 0.881947631 -0.078539090 0.496393851 -0.554507781 0.383952079 0.546530024
9.130000000 1.190571816 0.888054369 -0.068195536 0.494877595 -0.548016821 0.397633149 0.544666512
9.140000000 1.195172192 0.892183939 -0.060539504 0.492797444 -0.538550814 0.412504375 0.544934712
9.150000000 1.199802286 0.894942804 -0.055380586 0.486925002 -0.526431894 0.428250308 0.549886514
9.160000000 1.205136453 0.897264349 -0.051526377 0.474292465 -0.509919789 0.446920468 0.561507401
9.170000000 1.210949999 0.900061845 -0.048804294 0.456113399 -0.488724098 0.467032275 0.578783360
9.180000000 1.216650914 0.903632877 -0.047216785 0.433834618 -0.467031772 0.484894697 0.598787092
9.190000000 1.222893600 0.908074492 -0.046409185 0.410189809 -0.448332206 0.494687833 0.621310310
9.200000000 1.229797182 0.913046981 -0.046312496 0.383908648 -0.434277078 0.491628734 0.649860568
9.210000000 1.237044443 0.917469005 -0.047061984 0.352611899 -0.423607612 0.479011823 0.683205030
9.220000000 1.243857025 0.921163620 -0.048103348 0.315359639 -0.413568880 0.463525432 0.717393374
9.230000000 1.250469041 0.925359620 -0.049454180 0.278960924 -0.398957654 0.454554211 0.745918268
9.240000000 1.259207892 0.930043294 -0.051339458 0.255126036 -0.376671764 0.455595563 0.765154737
9.250000000 1.269720587 0.934750083 -0.053234560 0.243125216 -0.358584615 0.459924611 0.775097772
9.260000000 1.282095023 0.940146841 -0.055487868 0.235410787 -0.350143941 0.462408377 0.779845802
9.270000000 1.295610672 0.945344869 -0.058143491 0.228488053 -0.351242508 0.461924808 0.781695197
9.280000000 1.310303790 0.950481791 -0.060895521 0.221659256 -0.362002949 0.460325614 0.779693124
9.290000000 1.325994331 0.955537267 -0.062923209 0.213129017 -0.373470489 0.459768228 0.776987125
9.300000000 1.342072029 0.960234631 -0.063537490 0.202918730 -0.385064104 0.463441022 0.771862711
9.310000000 1.357463961 0.964739173 -0.061936806 0.192345177 -0.392724894 0.471929341 0.765541108
9.320000000 1.372455147 0.969630857 -0.057936267 0.178074003 -0.394542808 0.482053066 0.761741730
9.330000000 1.387528534 0.974869579 -0.051865920 0.162044544 -0.396014462 0.491428656 0.758559152
9.340000000 1.402303677 0.980468408 -0.044110813 0.152509212 -0.403014469 0.497840346 0.752645513
9.350000000 1.416114524 0.986100549 -0.035089552 0.153516518 -0.415613071 0.502104785 0.742690540
9.360000000 1.428328075 0.992163384 -0.025181250 0.165932981 -0.438480249 0.502820417 0.726204479
9.370000000 1.438818410 0.998862059 -0.014817605 0.187615897 -0.470380383 0.498059811 0.703902689
9.380000000 1.448316427 1.005792867 -0.003849185 0.209998173 -0.498047258 0.496304975 0.679360779
9.390000000 1.456847101 1.012696677 0.007058230 0.240001267 -0.511977162 0.502177392 0.654290949
9.400000000 1.464642685 1.019965231 0.017098062 0.281786675 -0.510851494 0.514856050 0.628132365
9.410000000 1.471350528 1.027596467 0.025472709 0.326887259 -0.507588218 0.527637578 0.597576361
9.420000000 1.477714768 1.035356560 0.032758884 0.362305343 -0.507303116 0.534664826 0.570536511
9.430000000 1.484744310 1.041864316 0.040065339 0.377460051 -0.520448345 0.538460430 0.544718087
9.440000000 1.491369144 1.048915006 0.047352496 0.381067604 -0.523170239 0.544835051 0.533137083
9.450000000 1.496587622 1.051889018 0.052140362 0.376482464 -0.523566818 0.547713475 0.533055991
9.460000000 1.501446407 1.054444737 0.056139615 0.366845607 -0.520036944 0.557212739 0.533385264
9.470000000 1.506490586 1.057851164 0.059489246 0.349497037 -0.517407159 0.569804395 0.534288878
9.480000000 1.509985360 1.060920021 0.061082417 0.337551335 -0.507422912 0.586299880 0.533697981
9.490000000 1.511951916 1.063112893 0.061679873 0.330177901 -0.496477551 0.601216604 0.532006758
9.500000000 1.512809581 1.064536643 0.061622300 0.324689342 -0.488702213 0.612782359 0.529381487
9.510000000 1.513851954 1.065470273 0.061099556 0.318568265 -0.479541675 0.622514647 0.530122210
9.520000000 1.514426085 1.066741526 0.060250694 0.305932214 -0.463578112 0.634522619 0.537477312
9.530000000 1.514544641 1.067589818 0.058410014 0.286750483 -0.444004538 0.645966763 0.550782236
9.540000000 1.514570867 1.068921397 0.055855287 0.263234154 -0.424233980 0.654567747 0.567692148
9.550000000 1.514113795 1.071216205 0.052423834 0.239319558 -0.405974036 0.657907082 0.587426168
9.560000000 1.513242801 1.073668329 0.048123343 0.216557915 -0.397526362 0.646389468 0.614211785
9.570000000 1.512168339 1.075970748 0.043107110 0.184422006 -0.395089041 0.626548761 0.646010700
9.580000000 1.511528968 1.078679196 0.037765520 0.146700175 -0.397805881 0.604702917 0.674213558
9.590000000 1.512754567 1.083116697 0.031895362 0.113490922 -0.386471723 0.596371740 0.694334333
9.600000000 1.514952944 1.089161291 0.025783482 0.104562300 -0.360513504 0.603453208 0.703520408
9.610000000 1.517553377 1.096276712 0.019736236 0.095039512 -0.347328794 0.606636500 0.708747033
9.620000000 1.520519166 1.104069087 0.013936658 0.095135289 -0.330127925 0.621453492 0.704102540
9.630000000 1.523811036 1.113100201 0.008831436 0.091699928 -0.331692076 0.623675974 0.701854522
9.640000000 1.528547803 1.123092882 0.004748212 0.091984010 -0.333819833 0.632068699 0.693247734
9.650000000 1.533679000 1.133879906 0.001788071 0.086536710 -0.339985739 0.636600286 0.686775925
9.660000000 1.539781270 1.145106773 0.000488563 0.075882180 -0.345538010 0.643151758 0.679117953
9.670000000 1.545810378 1.156484830 0.000777822 0.066328084 -0.345318801 0.650964106 0.672756452
9.680000000 1.551499165 1.168079109 0.002428585 0.053314588 -0.342582042 0.657227794 0.669213513
9.690000000 1.557383720 1.179959022 0.005481422 0.035647576 -0.336144657 0.663860418 0.667102215
9.700000000 1.564156050 1.192338153 0.009683410 0.023156708 -0.328760672 0.669152750 0.666044131
9.710000000 1.571133071 1.205107827 0.014520298 0.018831388 -0.324888008 0.672273738 0.664936976
9.720000000 1.577890942 1.217962713 0.019593015 0.028150343 -0.330189326 0.674185871 0.660042407
9.730000000 1.583578552 1.231563094 0.024538212 0.053955926 -0.348956528 0.671892820 0.651059243
9.740000000 1.588626729 1.245666407 0.029353756 0.086548525 -0.371554686 0.668538988 0.638366736
9.750000000 1.593797224 1.259821283 0.034010418 0.122289496 -0.396363566 0.664877329 0.621191870
9.760000000 1.598644963 1.274728027 0.038541813 0.157063507 -0.406000454 0.666479303 0.605227251
9.770000000 1.601933605 1.290115644 0.042235557 0.199142924 -0.406914644 0.670932765 0.587036449
9.780000000 1.603847704 1.305537687 0.045300895 0.239787266 -0.406790678 0.668032986 0.575113329
9.790000000 1.605897164 1.321926254 0.048793491 0.257177792 -0.422968898 0.667628854 0.556083274
9.800000000 1.606222103 1.337078827 0.051954432 0.258670365 -0.434329563 0.668426764 0.545575965
9.810000000 1.604750181 1.350157965 0.054138537 0.253808124 -0.441022094 0.665101639 0.546553528
9.820000000 1.602072963 1.362005649 0.055515847 0.240962024 -0.435499035 0.668665101 0.552417303
9.830000000 1.599197371 1.374323622 0.056120679 0.212039155 -0.427428489 0.675513329 0.562161922
9.840000000 1.594991856 1.385516881 0.054726073 0.183782419 -0.418714145 0.681425494 0.571455846
9.850000000 1.588952144 1.394896633 0.051713501 0.162027893 -0.410220575 0.686718168 0.577827136
9.860000000 1.581517235 1.402598262 0.047682638 0.144875693 -0.402804069 0.690189801 0.583436333
9.870000000 1.573973594 1.409529940 0.043305756 0.126760869 -0.393396946 0.691105560 0.592911149
9.880000000 1.566330876 1.416150407 0.038566369 0.104368500 -0.381005804 0.690214480 0.606255528
9.890000000 1.558702795 1.422766093 0.033051716 0.081764236 -0.368626347 0.687339771 0.620478256
9.900000000 1.551270843 1.429012447 0.026246073 0.058497092 -0.357968378 0.682486340 0.634546394
9.910000000 1.545587126 1.435786309 0.018584167 0.029716907 -0.352831673 0.672197104 0.650213634
9.920000000 1.541526173 1.443955366 0.009415366 0.006559813 -0.343809612 0.664541073 0.663428280
9.930000000 1.538783491 1.453509602 -0.000733867 -0.009859071 -0.329769186 0.660567341 0.674392964
9.940000000 1.537829764 1.464958859 -0.011564764 -0.024223751 -0.311856280 0.660840369 0.682238139
9.950000000 1.537561212 1.477881144 -0.021548257 -0.033209905 -0.297693823 0.665023118 0.684119684
9.960000000 1.537809863 1.491746470 -0.031502683 -0.030361545 -0.280968714 0.677377720 0.679186412
9.970000000 1.536988784 1.506346425 -0.041270161 -0.022317367 -0.270445645 0.688530669 0.672522569
9.980000000 1.536397185 1.521108165 -0.050640725 -0.013835632 -0.269174621 0.698437162 0.662977473
9.990000000 1.536210683 1.536025096 -0.059351171 -0.004071823 -0.270580461 0.709281504 0.650914267
10.000000000 1.535922408 1.551324639 -0.066919388 0.006949490 -0.272654518 0.719153095 0.639085318
10.010000000 1.535663806 1.567371755 -0.073050441 0.017126300 -0.272271756 0.728784451 0.628050957
10.020000000 1.534873780 1.584197117 -0.077589914 0.021739349 -0.268450889 0.737543772 0.619266264
10.030000000 1.533404568 1.601661228 -0.080685490 0.020406392 -0.263762458 0.744079061 0.613481292
10.040000000 1.531849413 1.619264495 -0.082332413 0.016210139 -0.257914286 0.749659475 0.609284928
10.050000000 1.530637757 1.637139185 -0.082495188 0.012268978 -0.250216420 0.754775650 0.606263089
10.060000000 1.529922710 1.655634132 -0.081552738 0.014242142 -0.244864852 0.757849744 0.604567722
10.070000000 1.529564476 1.674448830 -0.079775705 0.029173621 -0.248653709 0.757927461 0.602383761
10.080000000 1.529177246 1.693717661 -0.077378989 0.058209663 -0.262055389 0.754888791 0.598399132
10.090000000 1.528057540 1.713139621 -0.074341206 0.093422904 -0.280381378 0.749505496 0.592368091
10.100000000 1.526782020 1.733148102 -0.070709825 0.131320784 -0.301945817 0.742312754 0.583571204
10.110000000 1.525282265 1.754350375 -0.066814365 0.171203569 -0.322378072 0.733907007 0.572836994
10.120000000 1.523575480 1.775874503 -0.062623507 0.209784256 -0.339028278 0.725091066 0.561509875
10.130000000 1.520765111 1.797869699 -0.058277577 0.257285580 -0.351050697 0.713648861 0.548883269
10.140000000 1.517152029 1.818664834 -0.053814841 0.304897257 -0.360887818 0.698115786 0.537988843
10.150000000 1.513112212 1.838155989 -0.049305677 0.338185087 -0.372172906 0.686272969 0.525497466
10.160000000 1.508705635 1.858182222 -0.044564998 0.358028585 -0.384916300 0.681898336 0.508595747
10.170000000 1.503639453 1.878709874 -0.039199260 0.348767517 -0.408758871 0.676872909 0.503110793
10.180000000 1.497117815 1.897623393 -0.034261637 0.325311268 -0.426150413 0.673909393 0.508344897
10.190000000 1.489077104 1.913952001 -0.030695763 0.292848689 -0.427752589 0.677612176 0.521640784
10.200000000 1.481777976 1.929587259 -0.026951283 0.262414494 -0.422206488 0.680559618 0.538255443
10.210000000 1.474229152 1.944038124 -0.023388495 0.235894001 -0.413716550 0.684539703 0.551904006
10.220000000 1.465991648 1.957023416 -0.020970780 0.212245918 -0.401552366 0.688427896 0.565485986
10.230000000 1.457279068 1.969096544 -0.019810403 0.188744303 -0.387202778 0.690379003 0.581228380
10.240000000 1.449019739 1.980945649 -0.019815268 0.164588188 -0.368936342 0.692717632 0.597443710
10.250000000 1.441008641 1.992769881 -0.021165877 0.137427028 -0.349547753 0.693765519 0.614507596
10.260000000 1.433566436 2.004667471 -0.023904583 0.112532956 -0.328933789 0.693986874 0.630492756
10.270000000 1.426339900 2.017555275 -0.027783552 0.085632029 -0.307970708 0.691149432 0.648177184
10.280000000 1.419514675 2.030946345 -0.032819303 0.058784989 -0.290495664 0.688513779 0.661895287
10.290000000 1.412137907 2.044676123 -0.038818905 0.027265568 -0.273277879 0.691929592 0.667689471
10.300000000 1.404843472 2.058349314 -0.045300390 0.012201228 -0.245054884 0.703385811 0.667118906
10.310000000 1.397093580 2.072697890 -0.052001610 -0.001480696 -0.225724190 0.711272568 0.665685911
10.320000000 1.390491430 2.087260395 -0.058973191 0.000505221 -0.201023697 0.729957551 0.653261962
10.330000000 1.384350589 2.102086947 -0.065992996 0.007582750 -0.188365059 0.746359145 0.638286090
10.340000000 1.378091859 2.118009862 -0.072249532 0.020315800 -0.184659776 0.761933112 0.620440141
10.350000000 1.370787194 2.134773060 -0.077689569 0.041155329 -0.175523407 0.777390282 0.602629341
10.360000000 1.363001914 2.151828894 -0.083156268 0.057759120 -0.174112152 0.788054296 0.587638723
10.370000000 1.355201420 2.169253216 -0.088262039 0.074010470 -0.172440003 0.796504762 0.574775660
10.380000000 1.347417809 2.187250177 -0.092599099 0.080880566 -0.172971358 0.804992946 0.561716655
10.390000000 1.339795069 2.205736117 -0.096043187 0.077785964 -0.177534301 0.812471640 0.549837021
10.400000000 1.332619894 2.224514660 -0.098456136 0.075098617 -0.184547302 0.818199551 0.539306950
10.410000000 1.325620601 2.243553337 -0.099447688 0.083711899 -0.186623788 0.821351471 0.532490038
10.420000000 1.318765070 2.262987512 -0.098834280 0.097318998 -0.192587345 0.822864519 0.525673959
10.430000000 1.311713824 2.283100431 -0.096760416 0.121120176 -0.212444307 0.819786982 0.517828759
10.440000000 1.304450531 2.303869055 -0.093152730 0.161452281 -0.230828863 0.811855918 0.511410955
10.450000000 1.297218430 2.325157530 -0.087818179 0.202939523 -0.254816702 0.800736801 0.502697299
10.460000000 1.290258458 2.346718314 -0.080643727 0.246134720 -0.276999776 0.787800521 0.491995084
10.470000000 1.283435111 2.368757456 -0.071920047 0.289699448 -0.295632645 0.772311131 0.481882854
10.480000000 1.276923713 2.390062344 -0.061949190 0.335868890 -0.298759309 0.762910431 0.464653244
10.490000000 1.269952843 2.411138342 -0.051691293 0.395306672 -0.294956305 0.746780448 0.446152862
10.500000000 1.262774573 2.430789911 -0.041244508 0.447058063 -0.285164201 0.731144183 0.429241948
10.510000000 1.256605680 2.450292007 -0.030468785 0.488135980 -0.302394742 0.714489822 0.399731135
10.520000000 1.250157011 2.469651421 -0.019095466 0.507758611 -0.312991814 0.707132455 0.379711744
10.530000000 1.243197318 2.486328541 -0.008653792 0.511648930 -0.338116808 0.695209849 0.374934210
10.540000000 1.235659380 2.500523715 0.001017922 0.501397931 -0.346663961 0.695356015 0.380662876
10.550000000 1.227337154 2.513327974 0.009726598 0.481094534 -0.350886333 0.700428660 0.393480016
10.560000000 1.218583639 2.526359740 0.017235417 0.458397209 -0.350482181 0.711828159 0.400418420
10.570000000 1.208700389 2.539452415 0.024049178 0.436184381 -0.340950954 0.727574487 0.405130841
10.580000000 1.198279909 2.552294141 0.030246070 0.414062089 -0.329392086 0.741163500 0.413194998
10.590000000 1.187934720 2.565087370 0.035348296 0.387729645 -0.322575916 0.751147138 0.425897263
10.600000000 1.178225002 2.577865255 0.039185343 0.358303841 -0.311915095 0.762412094 0.439380393
10.610000000 1.169205276 2.590514357 0.041446391 0.330212897 -0.307064283 0.769484731 0.452287759
10.620000000 1.160306565 2.602869269 0.042630001 0.302325692 -0.300486127 0.773987825 0.468241507
10.630000000 1.150909166 2.615131934 0.043179689 0.274258179 -0.298016344 0.773071783 0.488189235
10.640000000 1.141660388 2.627309785 0.042838624 0.240022065 -0.296172676 0.770762119 0.510486934
10.650000000 1.132297566 2.640704939 0.041612940 0.200250345 -0.299766061 0.768433561 0.528724853
10.660000000 1.124534233 2.656441224 0.039502527 0.174805771 -0.290076212 0.772164630 0.537643486
10.670000000 1.117837394 2.672917843 0.036845675 0.160874356 -0.282261810 0.778451714 0.537085321
10.680000000 1.111544790 2.689623449 0.034092385 0.158366201 -0.268885219 0.790736262 0.526646987
10.690000000 1.104907881 2.706289174 0.031546478 0.166916122 -0.260203710 0.802501406 0.510318068
10.700000000 1.097556450 2.723313831 0.030311054 0.181341603 -0.263694445 0.810414970 0.490721957
10.710000000 1.089923775 2.740884245 0.030271824 0.197523921 -0.267127745 0.818519450 0.468671504
10.720000000 1.082258205 2.758755964 0.030589713 0.208500584 -0.274835137 0.825034691 0.447561071
10.730000000 1.074598834 2.776789403 0.031364608 0.217488277 -0.283006675 0.831316087 0.426051211
10.740000000 1.066855521 2.794545552 0.033349475 0.221886116 -0.291702007 0.837919644 0.404434371
10.750000000 1.059041119 2.811773051 0.037153533 0.222902452 -0.303402817 0.842703346 0.384853607
10.760000000 1.051282391 2.828416382 0.042696903 0.228347656 -0.311796632 0.846242937 0.366760276
10.770000000 1.043127592 2.844907045 0.049853903 0.240203138 -0.317917673 0.848314381 0.348702618
10.780000000 1.033993137 2.861459883 0.058174592 0.264083883 -0.325700342 0.845475728 0.330680788
10.790000000 1.024042571 2.877823867 0.067749005 0.300907903 -0.336353901 0.836231601 0.311507941
10.800000000 1.014026143 2.893904933 0.078742074 0.341293419 -0.347240713 0.824190443 0.289227944
10.810000000 1.003773798 2.909658806 0.091148224 0.377879601 -0.345640660 0.818141166 0.261504444
10.820000000 0.993082914 2.924879061 0.104784114 0.416041761 -0.333081200 0.813077078 0.234247374
10.830000000 0.981987519 2.939562727 0.118886021 0.455231915 -0.310576502 0.809771050 0.201437303
10.840000000 0.971432086 2.953186383 0.132322044 0.494992119 -0.279609233 0.806188991 0.163892615
10.850000000 0.960802423 2.965858825 0.144462470 0.525725777 -0.260852443 0.797868494 0.137747146
10.860000000 0.950532403 2.978683295 0.156702560 0.548827004 -0.263449712 0.785077513 0.114177350
10.870000000 0.938604684 2.991586413 0.169098232 0.565470465 -0.272994038 0.772646984 0.093456117
10.880000000 0.925280531 3.003483287 0.181315079 0.565407873 -0.286340946 0.768830828 0.084982106
10.890000000 0.912108038 3.013928108 0.193141157 0.554223119 -0.302252084 0.770965943 0.084213578
10.900000000 0.899895885 3.022305826 0.204327157 0.539146614 -0.317061527 0.775587636 0.085186481
10.910000000 0.888251350 3.028488528 0.214084765 0.521483090 -0.327160965 0.783536980 0.084207435
10.920000000 0.877416573 3.031869996 0.221904514 0.504002225 -0.331916577 0.793129527 0.082211289
10.930000000 0.867180034 3.032906672 0.228167584 0.486458912 -0.335211413 0.802734570 0.081291115
10.940000000 0.857685903 3.032738183 0.233296681 0.465064432 -0.336885346 0.814406852 0.083455482
10.950000000 0.848774228 3.032277778 0.237337677 0.437545879 -0.336159032 0.829165338 0.089641231
10.960000000 0.839957001 3.031951241 0.239897885 0.406327428 -0.336592830 0.843593316 0.099767762
10.970000000 0.830292192 3.032187046 0.241120250 0.375571791 -0.343390994 0.853053556 0.115447326
10.980000000 0.819901269 3.033138207 0.241174943 0.348282805 -0.355526657 0.856558965 0.136406096
10.990000000 0.809202628 3.034276661 0.239522968 0.321075852 -0.371737814 0.855567472 0.163479648
11.000000000 0.798923765 3.036103849 0.236431184 0.291004123 -0.393607781 0.850134666 0.194063303
11.010000000 0.787905739 3.038741936 0.231725950 0.256994356 -0.412197438 0.846785143 0.216799666
11.020000000 0.776901334 3.043530744 0.226875317 0.228815609 -0.411712324 0.853402248 0.223250940
11.030000000 0.765842413 3.049607538 0.221614113 0.211512403 -0.398872446 0.866240195 0.213988786
11.040000000 0.754204643 3.056673051 0.216005903 0.203759687 -0.383785660 0.879159512 0.195624923
11.050000000 0.741684149 3.063977736 0.210312735 0.204507587 -0.368938963 0.889104188 0.177635668
11.060000000 0.728493243 3.070835561 0.204908705 0.212521036 -0.359795236 0.895261538 0.154560590
11.070000000 0.714720691 3.077581128 0.200260388 0.221618104 -0.352665358 0.900150268 0.127444323
11.080000000 0.700288447 3.084176024 0.196674254 0.228262338 -0.346813101 0.903877202 0.103067849
11.090000000 0.685301272 3.090409333 0.194413981 0.231242095 -0.343094491 0.906970750 0.078850002
11.100000000 0.669957897 3.096045076 0.193726905 0.231962798 -0.338650259 0.910168130 0.055706706
11.110000000 0.654232973 3.101245422 0.194656899 0.227900288 -0.336835991 0.912912636 0.034546954
11.120000000 0.638257626 3.106429368 0.196984160 0.228143190 -0.335751646 0.913761419 0.016173645
11.130000000 0.621910771 3.111257473 0.200259212 0.237647981 -0.329348683 0.913812211 -0.000354882
11.140000000 0.604729891 3.115432731 0.204169199 0.259999690 -0.319075911 0.911221851 -0.016293037
11.150000000 0.586314569 3.118686898 0.208365426 0.298151083 -0.309092461 0.902527872 -0.031799735
11.160000000 0.566942570 3.121246217 0.213157461 0.343284779 -0.298669282 0.889115186 -0.049258570
11.170000000 0.547084894 3.123092088 0.218517016 0.384184595 -0.285852735 0.875156041 -0.069226544
11.180000000 0.527846214 3.124491558 0.224251405 0.414788348 -0.259567982 0.866962159 -0.094613444
11.190000000 0.508728510 3.125178916 0.229973307 0.445123980 -0.226614971 0.857793396 -0.121246799
11.200000000 0.488940508 3.124987802 0.235695452 0.476661457 -0.186117365 0.845441369 -0.152915249
11.210000000 0.469036534 3.123245780 0.241162079 0.503730951 -0.148640171 0.831940756 -0.178985494
11.220000000 0.448845853 3.121067665 0.247664557 0.525327355 -0.145919158 0.814840091 -0.196912151
11.230000000 0.428399259 3.118206478 0.253084204 0.543255081 -0.160592129 0.796034958 -0.213101925
11.240000000 0.409622947 3.114006655 0.257522466 0.552796702 -0.182246216 0.784348367 -0.214475551
11.250000000 0.392946050 3.108127751 0.260487419 0.549541267 -0.206180894 0.781511005 -0.211505045
11.260000000 0.378595484 3.100519162 0.261961112 0.536662594 -0.231959627 0.784513348 -0.206704617
11.270000000 0.365326364 3.091684825 0.262095541 0.524455413 -0.261872793 0.785083527 -0.200032537
11.280000000 0.353741402 3.081312692 0.259981210 0.503692524 -0.282191829 0.792701443 -0.195668175
11.290000000 0.343520721 3.069145743 0.256426786 0.484653978 -0.301760184 0.799747829 -0.185619833
11.300000000 0.334109618 3.055889275 0.252685001 0.458536900 -0.320151737 0.810604439 -0.173687132
11.310000000 0.324173510 3.040890814 0.248250619 0.429091546 -0.335767064 0.822811557 -0.161623221
11.320000000 0.313935784 3.024852745 0.242907422 0.395898181 -0.351540941 0.834993847 -0.149896205
11.330000000 0.302530077 3.008609311 0.236907543 0.372352092 -0.369066404 0.840743667 -0.135255296
11.340000000 0.290040275 2.992475821 0.230036122 0.346282254 -0.385251524 0.847018763 -0.119285703
11.350000000 0.277340480 2.977601560 0.222458723 0.320734248 -0.407483973 0.849448813 -0.097586206
11.360000000 0.263281876 2.963456542 0.213240601 0.297749238 -0.433978852 0.846981585 -0.075032941
11.370000000 0.248155932 2.951489224 0.202734329 0.267817440 -0.445951046 0.851066233 -0.071328463
11.380000000 0.232336050 2.940285662 0.191608409 0.238748904 -0.442395778 0.860380820 -0.083843794
11.390000000 0.215713768 2.928815485 0.180551545 0.217573495 -0.430669028 0.869200108 -0.108060794
11.400000000 0.199298503 2.916829772 0.169400179 0.205324754 -0.400006220 0.881105064 -0.146596847
11.410000000 0.182686962 2.903836982 0.157838519 0.202181298 -0.375206375 0.886844282 -0.178466013
11.420000000 0.165379411 2.890390082 0.146425437 0.209993208 -0.352417946 0.888057725 -0.207504027
11.430000000 0.147489389 2.877654572 0.136142181 0.222997883 -0.328700166 0.887149978 -0.234932037
11.440000000 0.128913546 2.865625887 0.126791392 0.237814094 -0.309567637 0.883508089 -0.258893399
11.450000000 0.110235396 2.853993136 0.118077565 0.250336546 -0.292288349 0.878264629 -0.283813982
11.460000000 0.091529020 2.843003300 0.110468479 0.259397202 -0.276713064 0.873205270 -0.306031906
11.470000000 0.072678944 2.832509998 0.104200227 0.269966411 -0.264660155 0.867245709 -0.323972250
11.480000000 0.053683663 2.822520242 0.099510778 0.286360230 -0.247850181 0.860794124 -0.340002326
11.490000000 0.034192485 2.812257330 0.096490644 0.306729017 -0.227144004 0.853757208 -0.354149038
11.500000000 0.014018298 2.801362073 0.094912255 0.339988848 -0.198821123 0.843609083 -0.364967752
11.510000000 -0.006670651 2.789777557 0.095123920 0.383882905 -0.162966366 0.828260182 -0.374247177
11.520000000 -0.027882045 2.777159700 0.097294234 0.429171924 -0.127078405 0.808056281 -0.383024263
11.530000000 -0.048780682 2.763712550 0.101216059 0.470723362 -0.092632294 0.784748980 -0.392438291
11.540000000 -0.069211998 2.749792225 0.107238961 0.500715886 -0.051846493 0.762948812 -0.405591733
11.550000000 -0.089104871 2.734161705 0.114409223 0.522590707 -0.001672529 0.738654205 -0.425777079
11.560000000 -0.107619427 2.717389674 0.122353553 0.541599960 0.055844159 0.709001638 -0.448182542
11.570000000 -0.125481419 2.698835792 0.131245746 0.554376828 0.103559653 0.684180204 -0.462427485
11.580000000 -0.144374596 2.679050403 0.141463275 0.576571983 0.131558344 0.653693213 -0.472167696
11.590000000 -0.162335349 2.657835463 0.151985854 0.595857794 0.139429084 0.629768411 -0.478439931
11.600000000 -0.177419670 2.636429766 0.161543512 0.601174671 0.127714986 0.625411734 -0.480768198
11.610000000 -0.190216696 2.615929043 0.170105741 0.597138562 0.099440073 0.632875766 -0.482706406
11.620000000 -0.203199744 2.596043029 0.179414974 0.584718986 0.061862886 0.646993743 -0.485464506
11.630000000 -0.216572724 2.576491285 0.188752283 0.561906918 0.024534268 0.664961735 -0.491410802
11.640000000 -0.228704542 2.556819098 0.196228407 0.540582856 -0.007794709 0.678884277 -0.496815414
11.650000000 -0.240407014 2.536547140 0.201779006 0.521618797 -0.036685574 0.691295419 -0.498676893
11.660000000 -0.253461287 2.516199529 0.205992589 0.506917060 -0.065789560 0.702054888 -0.495808191
11.670000000 -0.266498621 2.495769367 0.208509797 0.489494699 -0.095846978 0.712998815 -0.492788988
11.680000000 -0.278604250 2.474760871 0.208868708 0.469948076 -0.124030578 0.726087951 -0.486375893
11.690000000 -0.289493910 2.452855566 0.207399870 0.451376798 -0.152781023 0.737310980 -0.478841794
11.700000000 -0.299643447 2.430380383 0.204884294 0.432548361 -0.183856515 0.747520517 -0.469373810
11.710000000 -0.309865298 2.407220120 0.201397560 0.415398438 -0.221291405 0.755202302 -0.456227722
11.720000000 -0.320339536 2.382361610 0.195885166 0.395331341 -0.248143139 0.758748806 -0.454354886
11.730000000 -0.330463171 2.357538806 0.189468433 0.369071094 -0.263113200 0.758521572 -0.468191196
11.740000000 -0.338778679 2.332125092 0.181905310 0.341935447 -0.273173864 0.754173730 -0.489569377
11.750000000 -0.345961403 2.306521670 0.172897545 0.321161382 -0.272725112 0.746393021 -0.515144483
11.760000000 -0.352501211 2.280756649 0.162999470 0.309072322 -0.260573946 0.735942458 -0.543106082
11.770000000 -0.357891170 2.255363565 0.152287435 0.305020953 -0.245031844 0.722774624 -0.569665215
11.780000000 -0.362796734 2.231023616 0.141109425 0.306877061 -0.230443310 0.707918877 -0.592936096
11.790000000 -0.368188742 2.207485968 0.130142281 0.311820588 -0.215447327 0.693134601 -0.613118908
11.800000000 -0.374486490 2.184293349 0.119431250 0.318331280 -0.203401335 0.677901369 -0.630668556
11.810000000 -0.381293811 2.161270798 0.109847716 0.326072660 -0.190393275 0.662751913 -0.646673739
11.820000000 -0.388374300 2.138306601 0.102366883 0.335486110 -0.176188090 0.647879862 -0.660801416
11.830000000 -0.395797366 2.115192482 0.097301926 0.347980939 -0.157931562 0.632565008 -0.673667870
11.840000000 -0.403410696 2.091605471 0.094510831 0.366075742 -0.130491973 0.616637683 -0.684630092
11.850000000 -0.411032844 2.067092405 0.093673900 0.387117242 -0.093905731 0.599201159 -0.694463768
11.860000000 -0.418767849 2.041576763 0.094604063 0.412307814 -0.046794705 0.578012011 -0.702648302
11.870000000 -0.426071819 2.014570948 0.097465100 0.439913780 0.006134262 0.551972405 -0.708353514
11.880000000 -0.432213981 1.986132726 0.101901741 0.464833190 0.056398930 0.522663371 -0.712441062
11.890000000 -0.437156468 1.957095817 0.108580426 0.482480381 0.106369421 0.490970730 -0.717527680
11.900000000 -0.440216971 1.927009804 0.117249651 0.488195162 0.159683355 0.457028882 -0.726148271
11.910000000 -0.440827718 1.896262820 0.127699560 0.477276533 0.221726564 0.420629885 -0.738995901
11.920000000 -0.438843900 1.865866715 0.138996278 0.450864098 0.289703035 0.382893331 -0.752453596
11.930000000 -0.434437034 1.835603868 0.151038625 0.436460198 0.345115946 0.348116496 -0.754461652
11.940000000 -0.430825154 1.805714063 0.164631438 0.432960779 0.384274549 0.313488334 -0.752730429
11.950000000 -0.428342807 1.777287365 0.179138602 0.436763701 0.398019284 0.287518713 -0.753757990
11.960000000 -0.425496524 1.752660186 0.191432434 0.439575238 0.393079780 0.278982282 -0.757912121
11.970000000 -0.421091245 1.728694099 0.203636404 0.431405616 0.372412389 0.280020871 -0.772519592
11.980000000 -0.415280133 1.703301302 0.216380820 0.419738858 0.338093867 0.289514086 -0.791007852
11.990000000 -0.408869971 1.677130417 0.227408652 0.408187324 0.296647246 0.293445807 -0.811956328
12.000000000 -0.402532619 1.652163579 0.235904132 0.393978229 0.257624215 0.297541607 -0.830590098
12.010000000 -0.395966600 1.626903438 0.241760561 0.391724542 0.222131292 0.302422653 -0.840089347
12.020000000 -0.390417630 1.600087859 0.245418022 0.391612088 0.182856344 0.308217328 -0.847470123
12.030000000 -0.385202871 1.571804381 0.246411830 0.394098445 0.145759431 0.314166973 -0.851316461
12.040000000 -0.379138189 1.544029202 0.244258516 0.391755614 0.100584963 0.321810140 -0.856065674
12.050000000 -0.372099346 1.516890074 0.239704786 0.394203328 0.057546018 0.334849775 -0.853913239
12.060000000 -0.365157572 1.490464437 0.233946393 0.407893282 0.007921145 0.348698996 -0.843782754
12.070000000 -0.357765808 1.464738622 0.226008562 0.422025065 -0.036852524 0.364674669 -0.829185818
12.080000000 -0.349267497 1.439762139 0.216994852 0.420221858 -0.056357111 0.379175024 -0.822474174
12.090000000 -0.341156417 1.416320296 0.208216368 0.417611125 -0.086316773 0.383066447 -0.819396400
12.100000000 -0.334114319 1.394038006 0.198854571 0.416730242 -0.109697379 0.383549437 -0.816818352
12.110000000 -0.328583521 1.372145931 0.189125310 0.417926923 -0.120627309 0.380241055 -0.816212521
12.120000000 -0.323019214 1.350887707 0.179457747 0.425065443 -0.123651649 0.371237002 -0.816218554
12.130000000 -0.318334954 1.329096689 0.170218898 0.428946013 -0.114826191 0.356917202 -0.821845712
12.140000000 -0.313744739 1.306300564 0.161148094 0.434983669 -0.103915389 0.343791118 -0.825710886
12.150000000 -0.308918309 1.283230633 0.152737507 0.438315485 -0.090705963 0.331076071 -0.830686824
12.160000000 -0.303750675 1.259677304 0.144580170 0.442647483 -0.079793735 0.317678702 -0.834731339
12.170000000 -0.297982038 1.236002855 0.137478674 0.448766169 -0.068974455 0.306323717 -0.836670324
12.180000000 -0.291416580 1.212167132 0.132034753 0.454360787 -0.049855920 0.292475799 -0.839957480
12.190000000 -0.283893791 1.187822431 0.128313880 0.459896539 -0.024103484 0.277268397 -0.843229762
12.200000000 -0.275340012 1.162727035 0.125916388 0.466875174 0.015356201 0.258014166 -0.845707071
12.210000000 -0.265245850 1.136287782 0.124708241 0.473633485 0.068615971 0.232141871 -0.846801820
12.220000000 -0.252793488 1.109344277 0.125098877 0.479575527 0.126605970 0.201652042 -0.844579597
12.230000000 -0.237653914 1.082203005 0.126574973 0.483169085 0.182907126 0.170237983 -0.839113608
12.240000000 -0.219641312 1.055660759 0.128830421 0.484156627 0.237028133 0.142140326 -0.830184409
12.250000000 -0.199955597 1.030255182 0.132152653 0.484002512 0.287744943 0.108822783 -0.819208165
12.260000000 -0.179815991 1.006801016 0.136047084 0.469727974 0.343306233 0.071381010 -0.810185912
12.270000000 -0.159954393 0.985739239 0.140128704 0.439435292 0.401801326 0.030260652 -0.802830376
12.280000000 -0.138207550 0.967393135 0.144411455 0.414606316 0.452745352 0.000496889 -0.789381405
12.290000000 -0.114116570 0.949604113 0.149360212 0.399379004 0.501231262 -0.033656684 -0.766896904
12.300000000 -0.086191939 0.932373136 0.156499088 0.391048075 0.530738100 -0.057647534 -0.749716769
12.310000000 -0.056775744 0.917052176 0.163586041 0.387056566 0.541773577 -0.070361250 -0.742777154
12.320000000 -0.027111953 0.904006237 0.170071264 0.397472611 0.533376776 -0.070079326 -0.743379867
12.330000000 0.003237780 0.892326074 0.177521134 0.407437738 0.506590901 -0.058280588 -0.757603803
12.340000000 0.035049711 0.880049544 0.187560578 0.412227202 0.475865377 -0.041383422 -0.775827487
12.350000000 0.066510397 0.867832106 0.196924506 0.419132549 0.436260444 -0.025513268 -0.795835287
12.360000000 0.096242347 0.856074424 0.203867214 0.425484435 0.396722513 -0.008803348 -0.813324502
12.370000000 0.125342442 0.843819751 0.209013810 0.433502814 0.359331516 0.010390308 -0.826346304
12.380000000 0.155245540 0.831016270 0.212385937 0.442031606 0.328362960 0.024636268 -0.834373346
12.390000000 0.187863065 0.818854576 0.213122131 0.448928563 0.295827727 0.040570760 -0.842201350
12.400000000 0.222090001 0.807382026 0.211122514 0.454593048 0.256344439 0.060261975 -0.850882591
12.410000000 0.256299930 0.796809504 0.206227459 0.468981052 0.218788339 0.087709823 -0.851172969
12.420000000 0.290148737 0.786244744 0.199669781 0.486083136 0.179138366 0.113767711 -0.847755589
12.430000000 0.323612397 0.775503635 0.191715233 0.485282307 0.145034213 0.128222976 -0.852657626
12.440000000 0.355913444 0.764658329 0.183499202 0.482226830 0.107497697 0.130771129 -0.859535015
12.450000000 0.386515650 0.754674982 0.174148762 0.476514187 0.075192525 0.121804847 -0.867435239
12.460000000 0.416036151 0.745297248 0.163903385 0.466709198 0.054524120 0.108397528 -0.876047728
12.470000000 0.444321891 0.736373139 0.153101843 0.458639507 0.046306883 0.091414472 -0.882694097
12.480000000 0.471256202 0.728421921 0.142502160 0.449507817 0.043672817 0.067153809 -0.889677343
12.490000000 0.497386768 0.722148366 0.131992534 0.438785348 0.049900251 0.044189679 -0.896116430
12.500000000 0.522985373 0.716174030 0.121493732 0.427184471 0.063626217 0.024131968 -0.901600122
12.510000000 0.548140771 0.710148830 0.111282330 0.418270754 0.080076075 0.007521047 -0.904754570
12.520000000 0.573265358 0.704229540 0.101700534 0.412102330 0.099320302 -0.008206690 -0.905670910
12.530000000 0.598828400 0.698890441 0.093419212 0.406587916 0.121688880 -0.024589514 -0.905137249
12.540000000 0.625663716 0.693852837 0.086356706 0.401003196 0.149663016 -0.040293585 -0.902869783
12.550000000 0.653885418 0.689102301 0.080408549 0.393430944 0.187391343 -0.056598401 -0.898272340
12.560000000 0.683536278 0.685086403 0.075488340 0.381093872 0.236282623 -0.075697556 -0.890622177
12.570000000 0.715060456 0.681942548 0.071882041 0.364929447 0.293250552 -0.096751523 -0.878333510
12.580000000 0.748015763 0.679577020 0.070036672 0.348486742 0.352864813 -0.117555020 -0.860362849
12.590000000 0.781942610 0.678368033 0.070174884 0.332200847 0.410560157 -0.136416450 -0.838136926
12.600000000 0.816837707 0.678581142 0.072447945 0.316853669 0.464737650 -0.155199845 -0.812118019
12.610000000 0.852201143 0.681162285 0.076690950 0.296939728 0.516395080 -0.177650648 -0.783328262
12.620000000 0.886638053 0.686106842 0.083173302 0.260709058 0.565304992 -0.206315219 -0.754913958
12.630000000 0.919092015 0.693920392 0.090640642 0.222861728 0.611626104 -0.233410137 -0.722333626
12.640000000 0.951803297 0.704830567 0.100469712 0.196090440 0.656494728 -0.253274766 -0.682945902
12.650000000 0.985644759 0.718303586 0.112410139 0.176259894 0.691425124 -0.269335658 -0.646778208
12.660000000 1.017545424 0.732690206 0.123567291 0.172901589 0.708231723 -0.277344200 -0.625773970
12.670000000 1.047367423 0.747538464 0.133712413 0.185888205 0.710677153 -0.275588681 -0.620027772
12.680000000 1.076297777 0.762980146 0.143742154 0.210378401 0.699901815 -0.263103620 -0.629805417
12.690000000 1.106104882 0.779642985 0.155367098 0.236791567 0.674536850 -0.244709390 -0.655016874
12.700000000 1.137219138 0.796074238 0.167213082 0.263039005 0.642178364 -0.228567869 -0.682769478
12.710000000 1.168101966 0.811998360 0.177253330 0.285889359 0.607039741 -0.211774017 -0.710578492
12.720000000 1.198905575 0.828700950 0.184162299 0.305111146 0.576532604 -0.191630807 -0.733345062
12.730000000 1.229368352 0.846325183 0.187819015 0.322238012 0.549657191 -0.171075616 -0.751513653
12.740000000 1.260304980 0.865825535 0.188850698 0.334054586 0.522325616 -0.155678760 -0.768991292
12.750000000 1.291546461 0.887029445 0.188266023 0.342808206 0.486364747 -0.140167112 -0.791381733
12.760000000 1.323248227 0.908088967 0.186588980 0.351135183 0.446896072 -0.125293385 -0.813197117
12.770000000 1.354529237 0.928791089 0.182975195 0.359132080 0.405959327 -0.109484437 -0.833207256
12.780000000 1.383923173 0.947931749 0.177831994 0.370513451 0.364033031 -0.095713453 -0.849139959
12.790000000 1.412493997 0.965580020 0.170561160 0.372907984 0.317303069 -0.092774818 -0.866978218
12.800000000 1.440733646 0.981906942 0.162136891 0.366764662 0.273753356 -0.091862053 -0.884366522
12.810000000 1.468700300 0.996447169 0.152029789 0.364638149 0.233623799 -0.098264173 -0.895992798
12.820000000 1.495567076 1.009431827 0.141035330 0.351306052 0.194770433 -0.124899783 -0.907220249
12.830000000 1.520372861 1.021333051 0.128638855 0.337963514 0.168855719 -0.154806763 -0.912854466
12.840000000 1.543757970 1.032888705 0.115785496 0.318936576 0.158425569 -0.181361312 -0.916672719
12.850000000 1.565713787 1.044491580 0.102667406 0.300334730 0.155282218 -0.202563006 -0.919050984
12.860000000 1.586591841 1.056700453 0.089531256 0.283698127 0.158615643 -0.219451680 -0.919889891
12.870000000 1.607241844 1.069604188 0.076777706 0.266008848 0.166109359 -0.233096768 -0.920495992
12.880000000 1.627955858 1.083081899 0.065280874 0.252355154 0.177672373 -0.241734281 -0.919953228
12.890000000 1.649638474 1.097158929 0.055456082 0.239425108 0.191127669 -0.248492869 -0.918910837
12.900000000 1.672489555 1.112410949 0.046915078 0.226562785 0.207392733 -0.253626315 -0.917241109
12.910000000 1.696325201 1.128959617 0.039229609 0.210311078 0.233612458 -0.256466046 -0.914012931
12.920000000 1.720887999 1.146595193 0.032985848 0.190869318 0.271856552 -0.258475826 -0.907112543
12.930000000 1.746040668 1.165538739 0.028516673 0.165560476 0.323222799 -0.259268074 -0.894928386
12.940000000 1.771367761 1.185931551 0.026359321 0.136946770 0.381263681 -0.259714681 -0.876602460
12.950000000 1.797245737 1.208296303 0.026563428 0.107748388 0.438966293 -0.257585678 -0.854019026
12.960000000 1.824789230 1.232314976 0.029173396 0.082557716 0.493760843 -0.250489349 -0.828637158
12.970000000 1.853718740 1.257187548 0.034572765 0.063778889 0.544276640 -0.244546646 -0.799932579
12.980000000 1.881898596 1.281770050 0.041643576 0.037244075 0.591957310 -0.242990173 -0.767564458
12.990000000 1.909326400 1.306223574 0.049884913 0.006894381 0.642288498 -0.239170777 -0.728158837
13.000000000 1.937889417 1.332702083 0.060267614 0.013634225 0.687028923 -0.223766440 -0.691183006
13.010000000 1.965629173 1.360228792 0.070493942 0.009085408 0.714918184 -0.218034555 -0.664281851
13.020000000 1.992905218 1.388760768 0.082923415 0.023630661 0.735804561 -0.197210116 -0.647411315
13.030000000 2.019462852 1.416525940 0.097106446 0.047138890 0.731956874 -0.180064719 -0.655434021
13.040000000 2.045377152 1.443876704 0.111272612 0.066966812 0.705629080 -0.163487682 -0.686203195
13.050000000 2.071529789 1.469761369 0.125403500 0.101591320 0.674343762 -0.147709633 -0.716325037
13.060000000 2.098622044 1.494610343 0.138794733 0.118697294 0.640120456 -0.135646059 -0.746831240
13.070000000 2.125297907 1.520644901 0.149633181 0.131844161 0.607502920 -0.116885721 -0.774528920
13.080000000 2.150651233 1.546235959 0.157697238 0.142150148 0.582818872 -0.094153998 -0.794512758
13.090000000 2.174017109 1.571557100 0.162860937 0.148806516 0.556255190 -0.072490989 -0.814359773
13.100000000 2.195411593 1.595713255 0.165433440 0.150448890 0.519533944 -0.055250150 -0.839283643
13.110000000 2.216887770 1.618183689 0.166085313 0.150030229 0.481508036 -0.044847164 -0.862339651
13.120000000 2.239138572 1.640387217 0.165359170 0.147547798 0.441644976 -0.037765161 -0.884168058
13.130000000 2.261945821 1.660552891 0.163651225 0.144409252 0.405243549 -0.026889090 -0.902330655
13.140000000 2.284379874 1.677906411 0.161377477 0.150384956 0.368884132 -0.015527670 -0.917097461
13.150000000 2.306281877 1.693135805 0.158242421 0.154297994 0.330768424 -0.024676352 -0.930685476
13.160000000 2.327055174 1.707583718 0.153874558 0.131837648 0.293286979 -0.056856072 -0.945181977
13.170000000 2.346598082 1.723765431 0.147662984 0.124545054 0.260603592 -0.085915177 -0.953516062
13.180000000 2.364997713 1.738902379 0.140182182 0.107009468 0.240725592 -0.130995593 -0.955740717
13.190000000 2.382967368 1.754374239 0.132414025 0.082416798 0.230502141 -0.179516828 -0.952811599
13.200000000 2.400898983 1.770798789 0.124304533 0.062383793 0.231115757 -0.224757234 -0.944551722
13.210000000 2.419846346 1.786935691 0.116718064 0.039927836 0.237820145 -0.263062025 -0.934155082
13.220000000 2.438561423 1.803007798 0.110141362 0.028083564 0.244401044 -0.295430787 -0.923146843
13.230000000 2.457452928 1.818439838 0.104802634 0.023115286 0.249421656 -0.324972524 -0.911947027
13.240000000 2.476839855 1.832759603 0.101113280 0.026860224 0.254244373 -0.352045293 -0.900390159
13.250000000 2.496780220 1.846660240 0.099159459 0.035603351 0.257599743 -0.375821977 -0.889456360
13.260000000 2.516736269 1.860360184 0.099160343 0.045506374 0.263398819 -0.395022243 -0.878924149
13.270000000 2.536642512 1.874186049 0.101067104 0.050345565 0.272824033 -0.409522708 -0.869093506
13.280000000 2.556224582 1.888303874 0.104648141 0.045878055 0.288589145 -0.420724001 -0.858838067
13.290000000 2.575282481 1.903018162 0.109577063 0.034081302 0.314141077 -0.428988591 -0.846240295
13.300000000 2.593488150 1.918551420 0.115515796 0.013282046 0.350013381 -0.433932727 -0.830070243
13.310000000 2.610812740 1.935106707 0.122924055 -0.013939999 0.391666431 -0.436800629 -0.809696421
13.320000000 2.627420943 1.952151025 0.132125004 -0.045341718 0.430027936 -0.441241094 -0.786337332
13.330000000 2.643039183 1.969446909 0.142739248 -0.084964266 0.450982891 -0.453750687 -0.763875526
13.340000000 2.657820738 1.987451291 0.153967080 -0.135752899 0.465214134 -0.467903640 -0.739062341
13.350000000 2.671843368 2.006452561 0.165596202 -0.186694752 0.478177537 -0.474860862 -0.714841573
13.360000000 2.686733126 2.026410458 0.178373562 -0.217884130 0.495341060 -0.482451137 -0.688770383
13.370000000 2.703729507 2.047735602 0.192496771 -0.232387181 0.514958317 -0.490236698 -0.663688263
13.380000000 2.720819372 2.069308542 0.206699966 -0.238579591 0.525768665 -0.493430243 -0.650518012
13.390000000 2.736874327 2.090922354 0.220795847 -0.231560057 0.521722614 -0.500261096 -0.651094685
13.400000000 2.752310510 2.111525614 0.235105748 -0.213799292 0.506780492 -0.510886329 -0.660650100
13.410000000 2.766936704 2.130862449 0.248122724 -0.191471795 0.489738948 -0.521063355 -0.672300003
13.420000000 2.779262374 2.149355106 0.259007300 -0.170440844 0.470453790 -0.534109702 -0.681432298
13.430000000 2.788978093 2.167310931 0.267895614 -0.151105570 0.448296275 -0.547943171 -0.689895527
13.440000000 2.797933653 2.184377322 0.274672663 -0.131209110 0.429691395 -0.557461537 -0.698130439
13.450000000 2.807011555 2.200003427 0.279418782 -0.110574723 0.410841563 -0.565737130 -0.706345482
13.460000000 2.816269879 2.213797687 0.282230796 -0.086049980 0.392782712 -0.570822514 -0.715876246
13.470000000 2.826013093 2.226192296 0.283175845 -0.057160895 0.380530989 -0.567904883 -0.727607616
13.480000000 2.836583554 2.237058240 0.282177258 -0.026286956 0.368121329 -0.561151619 -0.740880924
13.490000000 2.848699726 2.247101370 0.279704321 0.006442524 0.358408051 -0.548141476 -0.755673928
13.500000000 2.861716796 2.255839452 0.275605051 0.049887342 0.354086859 -0.524930574 -0.772386977
13.510000000 2.874756699 2.263623204 0.269814520 0.096057359 0.347274267 -0.504496361 -0.784638126
13.520000000 2.889266466 2.270258137 0.263256318 0.122057622 0.329300685 -0.500512507 -0.791296547
13.530000000 2.904134212 2.275700024 0.256173985 0.135793588 0.308407394 -0.507336285 -0.793129797
13.540000000 2.918752137 2.280858622 0.248953058 0.141686742 0.295881933 -0.517117099 -0.790549590
13.550000000 2.932355018 2.286585673 0.242258824 0.134853283 0.290074628 -0.529635313 -0.785593876
13.560000000 2.945388578 2.293072248 0.236589832 0.128773888 0.294817134 -0.542231756 -0.776198986
13.570000000 2.958682870 2.300107146 0.232549615 0.126071705 0.302553642 -0.556804804 -0.763240217
13.580000000 2.972184256 2.308310566 0.230526605 0.123704499 0.309676352 -0.571538844 -0.749760698
13.590000000 2.985222083 2.317701838 0.230837124 0.127925840 0.313248146 -0.587680047 -0.734944039
13.600000000 2.997625079 2.328533502 0.233485128 0.135485140 0.311006502 -0.602931595 -0.722074944
13.610000000 3.009578311 2.340853785 0.237873964 0.142110240 0.305882279 -0.617640771 -0.710465051
13.620000000 3.020875741 2.354579405 0.243552223 0.145646256 0.304849866 -0.630117286 -0.699146575
13.630000000 3.031113553 2.369281454 0.250139442 0.141633112 0.307732748 -0.641303158 -0.688455429
13.640000000 3.040082160 2.384634789 0.257141227 0.125573079 0.316438836 -0.652159694 -0.677337138
13.650000000 3.047906129 2.400559623 0.264076550 0.098624418 0.332675855 -0.662445572 -0.663901999
13.660000000 3.054786692 2.417203498 0.270847891 0.064344755 0.358044496 -0.671340649 -0.645728755
13.670000000 3.060782817 2.434296604 0.277532471 0.024726023 0.384326190 -0.679701314 -0.624250052
13.680000000 3.066230614 2.451323223 0.284967324 -0.014430385 0.404012457 -0.689361361 -0.601121130
13.690000000 3.071037058 2.467833568 0.292954409 -0.057329961 0.402544106 -0.704065949 -0.582204996
13.700000000 3.075479681 2.484469278 0.300520232 -0.111957760 0.391908198 -0.720270833 -0.561322858
13.710000000 3.079136696 2.500682264 0.307669292 -0.167719777 0.379703556 -0.733422044 -0.538319043
13.720000000 3.082884201 2.517900003 0.315094032 -0.196370070 0.382518862 -0.738453291 -0.519427428
13.730000000 3.086390710 2.535378485 0.322224712 -0.223813366 0.390232219 -0.739707933 -0.500458357
13.740000000 3.089256380 2.554228699 0.329268239 -0.232776445 0.395882433 -0.741836013 -0.488642564
13.750000000 3.090878154 2.573419541 0.336082249 -0.222419493 0.404678287 -0.744078620 -0.482816798
13.760000000 3.091503140 2.591717136 0.341819302 -0.203430216 0.395078244 -0.754050402 -0.483670673
13.770000000 3.091628078 2.609630244 0.345593433 -0.176254049 0.390066500 -0.762096115 -0.485790230
13.780000000 3.090178470 2.625238442 0.347093016 -0.152481519 0.379863655 -0.771579510 -0.486947686
13.790000000 3.086649568 2.639408963 0.347201493 -0.130174556 0.371647436 -0.779016473 -0.487920181
13.800000000 3.082319049 2.652127955 0.345857673 -0.106165737 0.362277849 -0.785137183 -0.490961506
13.810000000 3.077988037 2.664137278 0.343180886 -0.077719660 0.349704703 -0.790886793 -0.496149530
13.820000000 3.074015293 2.675336807 0.338835387 -0.045913256 0.337256071 -0.794297575 -0.503231236
13.830000000 3.070335104 2.685913980 0.332896856 -0.009183064 0.326543655 -0.793998790 -0.512689803
13.840000000 3.065959965 2.695956466 0.325345804 0.020718207 0.322235584 -0.787529602 -0.524911526
13.850000000 3.062880237 2.705735301 0.317024970 0.059833467 0.329328494 -0.771272597 -0.541388290
13.860000000 3.061177729 2.714836148 0.307774906 0.106379733 0.344805454 -0.750878379 -0.553149358
13.870000000 3.060120940 2.724536923 0.296717879 0.137530056 0.340048689 -0.743416538 -0.559271154
13.880000000 3.059163790 2.734497924 0.284938460 0.156099401 0.319792259 -0.748973129 -0.558932143
13.890000000 3.057801582 2.745038607 0.273141304 0.163201767 0.304771498 -0.759236574 -0.551397627
13.900000000 3.056180922 2.755764736 0.261590568 0.154969964 0.289251574 -0.773962414 -0.541571805
13.910000000 3.054127897 2.766880164 0.250320933 0.144307045 0.284212394 -0.786052086 -0.529642247
13.920000000 3.052077103 2.778841609 0.239460358 0.126836514 0.277578221 -0.801872049 -0.513676987
13.930000000 3.050063532 2.791510260 0.228988709 0.110439735 0.276416562 -0.813857357 -0.499032215
13.940000000 3.048037852 2.804869667 0.219463133 0.095681088 0.277080326 -0.825023944 -0.483122255
13.950000000 3.046028551 2.819302259 0.211239363 0.084642479 0.274331630 -0.835971013 -0.467686084
13.960000000 3.043483087 2.834646302 0.204513142 0.076438204 0.271236485 -0.845805580 -0.452991050
13.970000000 3.040349807 2.850978773 0.199601983 0.065252591 0.271937703 -0.853309791 -0.440061797
13.980000000 3.036569090 2.868127911 0.196329045 0.048739457 0.275029744 -0.859336664 -0.428396550
13.990000000 3.031978764 2.885962421 0.194289688 0.021746983 0.279983691 -0.864395301 -0.417081485
14.000000000 3.026523672 2.904539698 0.193400346 -0.016079999 0.287327340 -0.867627245 -0.405471821
14.010000000 3.020492230 2.923615185 0.193668394 -0.064256176 0.298013351 -0.868109138 -0.391721471
14.020000000 3.013911819 2.942895064 0.194791797 -0.113489225 0.311387876 -0.866105526 -0.374191132
14.030000000 3.006715716 2.962588882 0.196648126 -0.161540230 0.324425799 -0.862435764 -0.353351394
14.040000000 2.998854464 2.982151332 0.199516784 -0.205269761 0.332150238 -0.858022142 -0.333674315
14.050000000 2.989707025 3.001532985 0.202810347 -0.252900480 0.320844511 -0.857991907 -0.311368005
14.060000000 2.979135364 3.020528063 0.206183395 -0.308954073 0.300413847 -0.856143929 -0.285160436
14.070000000 2.966719116 3.038812408 0.209413648 -0.365873507 0.274499039 -0.849625235 -0.262533455
14.080000000 2.954025057 3.057241599 0.213599987 -0.413658317 0.278021212 -0.834733581 -0.234117174
14.090000000 2.940352538 3.075531367 0.218449255 -0.441683683 0.292997369 -0.822423840 -0.206608550
14.100000000 2.926703017 3.089818528 0.222537574 -0.443412646 0.307152529 -0.818976102 -0.195756722
14.110000000 2.913228439 3.100451550 0.225629512 -0.424460065 0.319713462 -0.824174974 -0.195838118
14.120000000 2.898778994 3.111212890 0.229484303 -0.401349059 0.329592603 -0.830761182 -0.200308533
14.130000000 2.882835576 3.122352638 0.233539082 -0.373363026 0.335383575 -0.840317877 -0.204899425
14.140000000 2.865437816 3.131476214 0.236533563 -0.340313669 0.333989434 -0.853199119 -0.211397561
14.150000000 2.846936645 3.138237188 0.237824158 -0.308084442 0.331237609 -0.864057942 -0.220838166
14.160000000 2.828080197 3.144423574 0.237644994 -0.272362234 0.329899209 -0.873576961 -0.232053053
14.170000000 2.808672172 3.150445392 0.235846556 -0.235530580 0.329048686 -0.881788372 -0.242284079
14.180000000 2.788593342 3.155403371 0.232055966 -0.199644898 0.324805669 -0.889987648 -0.250130322
14.190000000 2.767722063 3.159359829 0.226512356 -0.161471433 0.316113767 -0.898337142 -0.258823186
14.200000000 2.746300817 3.163171410 0.219243449 -0.120623867 0.312923858 -0.902609021 -0.269861998
14.210000000 2.724302974 3.166550382 0.210164699 -0.078557818 0.309565185 -0.905101176 -0.280695435
14.220000000 2.702183311 3.169266279 0.199401354 -0.045478423 0.300008264 -0.907460964 -0.290587944
14.230000000 2.680374178 3.171237666 0.188005337 -0.019110143 0.288945932 -0.910573433 -0.294959444
14.240000000 2.659574694 3.172678877 0.177242908 0.004263779 0.276696973 -0.916167633 -0.289926670
14.250000000 2.640426395 3.174562542 0.165544874 0.016295818 0.260670650 -0.924970036 -0.276071895
14.260000000 2.621772509 3.176710744 0.154091465 0.015651840 0.245599630 -0.933791225 -0.259749474
14.270000000 2.602141192 3.180257624 0.143467700 0.005687084 0.234571436 -0.940234961 -0.246783542
14.280000000 2.582096540 3.184896024 0.133683777 -0.010772236 0.224050185 -0.945572925 -0.235748419
14.290000000 2.561409359 3.190760174 0.124762724 -0.027764224 0.216138499 -0.949048488 -0.227640648
14.300000000 2.540134311 3.197657755 0.116595961 -0.043642609 0.210995535 -0.950852714 -0.222385528
14.310000000 2.518324053 3.205130193 0.109795302 -0.059628508 0.205386289 -0.952195393 -0.218139511
14.320000000 2.496220499 3.212858234 0.104793566 -0.074976195 0.200045862 -0.952887664 -0.215326085
14.330000000 2.474065179 3.221027178 0.101498782 -0.096821398 0.195725939 -0.952133453 -0.213913208
14.340000000 2.451892051 3.229841509 0.099733134 -0.131692349 0.192350246 -0.948685674 -0.213667968
14.350000000 2.429602930 3.239540540 0.099382019 -0.178271120 0.190338900 -0.941609677 -0.212982926
14.360000000 2.406625706 3.250395647 0.100223157 -0.233674787 0.192954896 -0.928943658 -0.212669184
14.370000000 2.382129294 3.262300261 0.101987014 -0.290267144 0.198373999 -0.911957705 -0.211484953
14.380000000 2.355083069 3.275274792 0.104678510 -0.344413746 0.204335821 -0.891811000 -0.210473716
14.390000000 2.326024710 3.289376997 0.108616064 -0.394926857 0.212695673 -0.868799746 -0.209714877
14.400000000 2.296095334 3.304194518 0.113822648 -0.445776870 0.222372114 -0.842379209 -0.205501565
14.410000000 2.266655005 3.319216364 0.120068587 -0.499366846 0.227682447 -0.812434478 -0.196834131
14.420000000 2.237399130 3.333170135 0.127247651 -0.550961207 0.236129180 -0.778122205 -0.187644858
14.430000000 2.207507778 3.345721792 0.135659694 -0.590552170 0.260477736 -0.741679863 -0.182511545
14.440000000 2.177382594 3.357394362 0.144998440 -0.622743992 0.282387578 -0.707759253 -0.177550039
14.450000000 2.147595997 3.368535505 0.156641757 -0.637670943 0.304688490 -0.682219736 -0.187395101
14.460000000 2.119341108 3.378321635 0.169664075 -0.620842846 0.328578757 -0.681413022 -0.205588072
14.470000000 2.091407127 3.387594129 0.183230412 -0.592965284 0.348080237 -0.689636062 -0.227232087
14.480000000 2.063073241 3.396851262 0.197634502 -0.558580408 0.363103031 -0.702019950 -0.251618971
14.490000000 2.034777110 3.406512186 0.212048417 -0.523191433 0.363536968 -0.720522655 -0.273785866
14.500000000 2.006526673 3.416609069 0.225758104 -0.488085209 0.359896909 -0.736866043 -0.298790023
14.510000000 1.978552039 3.425698955 0.236793243 -0.457189123 0.355632034 -0.747442652 -0.325320524
14.520000000 1.950717116 3.433146766 0.244380739 -0.429534250 0.345559384 -0.757009487 -0.350750164
14.530000000 1.923435540 3.439142181 0.248963766 -0.398426846 0.328135321 -0.771034693 -0.372946058
14.540000000 1.896282292 3.444579432 0.250811492 -0.364192400 0.300502174 -0.789987305 -0.391129642
14.550000000 1.869713513 3.450272593 0.250846157 -0.331842738 0.267661207 -0.810793076 -0.401064164
14.560000000 1.843555187 3.455393385 0.249645683 -0.296149337 0.236478786 -0.830344700 -0.408535229
14.570000000 1.818226422 3.459402019 0.247485397 -0.253279514 0.207981585 -0.851370168 -0.409587579
14.580000000 1.792508525 3.462885182 0.245064675 -0.221771059 0.170831376 -0.873435574 -0.398427580
14.590000000 1.766088316 3.466262145 0.243247916 -0.197410356 0.122395037 -0.896217619 -0.377945215
14.600000000 1.740720507 3.470523904 0.240830843 -0.181454314 0.092658952 -0.911411643 -0.357515689
14.610000000 1.716403215 3.475117775 0.237708825 -0.168851827 0.063657614 -0.926045886 -0.331475166
14.620000000 1.692660869 3.480055087 0.233393584 -0.171477818 0.042389861 -0.938780246 -0.295787267
14.630000000 1.667957346 3.484968632 0.228912772 -0.182302274 0.019402402 -0.947112191 -0.263377912
14.640000000 1.642294900 3.488739934 0.224922873 -0.194468590 0.002924071 -0.952029167 -0.236249618
14.650000000 1.616333707 3.491815565 0.221207638 -0.208681281 -0.003102736 -0.954543969 -0.212810494
14.660000000 1.589552791 3.495304283 0.217977655 -0.218213548 -0.008807002 -0.956263279 -0.194591430
14.670000000 1.562846124 3.499342848 0.215239871 -0.223389514 -0.007545889 -0.957704039 -0.181226815
14.680000000 1.536696444 3.504486863 0.213267997 -0.227907231 -0.002495614 -0.958678547 -0.170257183
14.690000000 1.510850749 3.510373223 0.212240644 -0.231315296 0.004199057 -0.959229314 -0.162341382
14.700000000 1.485117042 3.516860984 0.212601301 -0.244696180 0.012904264 -0.956443865 -0.158658101
14.710000000 1.459613967 3.523898977 0.214884786 -0.269069527 0.020144331 -0.949864041 -0.157968667
14.720000000 1.434147969 3.531532000 0.218889304 -0.308788722 0.028279276 -0.937015834 -0.160782882
14.730000000 1.408780620 3.539625840 0.224953192 -0.357242230 0.034534973 -0.918678599 -0.164969564
14.740000000 1.382592737 3.548192259 0.232858031 -0.410479540 0.037964457 -0.895512934 -0.167695656
14.750000000 1.355839045 3.557639698 0.242522958 -0.461486480 0.043443922 -0.869362937 -0.171321156
14.760000000 1.329296856 3.567239883 0.253623441 -0.507931393 0.050494576 -0.841821408 -0.175478530
14.770000000 1.303688443 3.576747042 0.265934932 -0.556387485 0.052052422 -0.810661056 -0.174791773
14.780000000 1.278793784 3.585819417 0.279263000 -0.606271592 0.043493030 -0.774696962 -0.174320767
14.790000000 1.255222257 3.594358878 0.293613806 -0.645268111 0.056941322 -0.743010661 -0.168291140
14.800000000 1.231789135 3.600585858 0.307578179 -0.668280950 0.059428763 -0.724101825 -0.159829101
14.810000000 1.207890082 3.606241393 0.322263107 -0.683335590 0.072214212 -0.709140548 -0.157978673
14.820000000 1.183175404 3.612205445 0.338576960 -0.680375284 0.083018259 -0.710639602 -0.158709791
14.830000000 1.159156019 3.617610176 0.355595017 -0.651764196 0.094047722 -0.734751103 -0.162785983
14.840000000 1.135003772 3.623072925 0.371224013 -0.621710753 0.099976874 -0.758205761 -0.169128319
14.850000000 1.110961550 3.628115940 0.385490972 -0.585406409 0.097014409 -0.786142908 -0.172820337
14.860000000 1.086534744 3.633060835 0.398339194 -0.554575282 0.091514035 -0.808229996 -0.175601000
14.870000000 1.062436160 3.637853822 0.409516142 -0.528673655 0.087539502 -0.824528383 -0.181642363
14.880000000 1.039762268 3.641451459 0.418808853 -0.501541405 0.082618138 -0.840048043 -0.189604187
14.890000000 1.018749638 3.644616039 0.426235547 -0.468221475 0.075899894 -0.858013214 -0.197030915
14.900000000 0.997829821 3.648303785 0.431873806 -0.435709388 0.064645197 -0.874765841 -0.201898616
14.910000000 0.976511392 3.652718824 0.436281440 -0.402833841 0.057112551 -0.889135748 -0.209524876
14.920000000 0.955172023 3.658241592 0.439478640 -0.366003645 0.049348510 -0.903346327 -0.218108847
14.930000000 0.934953022 3.663457930 0.441581208 -0.327587077 0.053750521 -0.915299576 -0.228088304
14.940000000 0.914754891 3.669133622 0.443313596 -0.297747155 0.047979180 -0.926038540 -0.226930059
14.950000000 0.895431201 3.675207992 0.444807857 -0.266171800 0.051260963 -0.936312725 -0.223256281
14.960000000 0.877057168 3.682145496 0.445426757 -0.245955627 0.047077177 -0.946176470 -0.205035744
14.970000000 0.859157376 3.689089858 0.445323836 -0.238072659 0.041909459 -0.953009863 -0.182584796
14.980000000 0.841150657 3.695714771 0.445609609 -0.239701136 0.039910673 -0.956294017 -0.162641498
14.990000000 0.823161905 3.701976620 0.447116711 -0.247800285 0.035345739 -0.957565326 -0.142878774
15.000000000 0.806031604 3.708090852 0.449774567 -0.256871351 0.034879877 -0.957612341 -0.125614919
15.010000000 0.789759079 3.714321280 0.453484597 -0.264163554 0.039556875 -0.957305417 -0.110540533
15.020000000 0.773744041 3.721196210 0.458245226 -0.267630283 0.046853392 -0.957556922 -0.096247243
15.030000000 0.757595463 3.728303064 0.464290206 -0.267331625 0.057596061 -0.958199803 -0.084081110
15.040000000 0.741191650 3.735456401 0.471838602 -0.268459229 0.069696521 -0.957843765 -0.074882299
15.050000000 0.724670389 3.742641838 0.480798600 -0.272569193 0.079804424 -0.956455314 -0.067309146
15.060000000 0.708145524 3.749775087 0.490942397 -0.283206744 0.086760554 -0.953188365 -0.060815197
15.070000000 0.691784774 3.757088898 0.502235327 -0.307306289 0.092453437 -0.945478444 -0.055549242
15.080000000 0.675318587 3.764355867 0.514458620 -0.345165999 0.096981959 -0.932081339 -0.051762049
15.090000000 0.658773044 3.771462955 0.527719845 -0.388775588 0.098452086 -0.914785175 -0.048257763
15.100000000 0.642058130 3.778066729 0.541884983 -0.432591256 0.097313935 -0.895283285 -0.043158343
15.110000000 0.625684653 3.784439881 0.556941422 -0.472092685 0.093747837 -0.875778812 -0.036760202
15.120000000 0.609964749 3.790209473 0.572035537 -0.509358672 0.072335895 -0.857130572 -0.025464583
15.130000000 0.595288340 3.794666239 0.585965514 -0.547976291 0.038221993 -0.835549924 -0.010834573
15.140000000 0.581822227 3.797983012 0.599311888 -0.580534954 0.018374833 -0.814020034 0.003593972
15.150000000 0.568806338 3.801533188 0.613442760 -0.600268090 0.013090304 -0.799569729 0.013968268
15.160000000 0.555093934 3.803910355 0.627107549 -0.612404258 0.011855639 -0.790258775 0.017650402
15.170000000 0.540539118 3.805825361 0.640519152 -0.618380324 0.012207907 -0.785515195 0.020557717
15.180000000 0.525589499 3.807028217 0.654022226 -0.609162261 0.016765414 -0.792531328 0.023116110
15.190000000 0.510066666 3.807643023 0.666396664 -0.588992427 0.022466244 -0.807397080 0.026327634
15.200000000 0.494848123 3.806278571 0.676644782 -0.567399690 0.024559908 -0.822502603 0.030722475
15.210000000 0.481381518 3.802801395 0.684859287 -0.544870206 0.024701728 -0.837382654 0.036007986
15.220000000 0.469195832 3.798687590 0.691441528 -0.521645318 0.024927934 -0.851933795 0.038387097
15.230000000 0.458120895 3.795243744 0.696302757 -0.497353974 0.026568441 -0.866229226 0.039750103
15.240000000 0.447503557 3.791905790 0.699466527 -0.468254426 0.029302059 -0.882152784 0.041056643
15.250000000 0.437443568 3.788899415 0.700591305 -0.434706459 0.032324897 -0.898989561 0.042463693
15.260000000 0.427117249 3.786077433 0.699998714 -0.403274091 0.037533584 -0.913533956 0.037642387
15.270000000 0.416576296 3.784220161 0.697939935 -0.377719143 0.052233214 -0.924246063 0.019213424
15.280000000 0.406140905 3.784053864 0.694451113 -0.349212793 0.072326471 -0.934236663 -0.004600415
15.290000000 0.395659021 3.784650283 0.689706568 -0.318719527 0.095119934 -0.942578937 -0.030249107
15.300000000 0.384193385 3.785818200 0.683446270 -0.287168334 0.109925419 -0.950623796 -0.042013680
15.310000000 0.372321260 3.788234102 0.675531730 -0.259297028 0.114118556 -0.958110081 -0.042036626
15.320000000 0.359725706 3.790865931 0.667993258 -0.244806219 0.113806554 -0.962239720 -0.034823900
15.330000000 0.346622519 3.793601935 0.660917541 -0.235929142 0.110061618 -0.965125581 -0.027504435
15.340000000 0.333446690 3.796790915 0.654535958 -0.235099930 0.115664510 -0.964958514 -0.014311184
15.350000000 0.320836461 3.799862116 0.649385653 -0.239088139 0.118270763 -0.963768060 0.000123921
15.360000000 0.308147386 3.803723232 0.645808332 -0.244245951 0.123297436 -0.961748080 0.013501405
15.370000000 0.294919944 3.808900421 0.644373602 -0.245865309 0.134394705 -0.959504931 0.028958612
15.380000000 0.281212256 3.814043362 0.645300825 -0.243470547 0.142730033 -0.958287076 0.045123278
15.390000000 0.267038930 3.818752715 0.648593915 -0.236682234 0.150725627 -0.958092451 0.057638183
15.400000000 0.252333509 3.823464402 0.654044307 -0.229183282 0.158935554 -0.957840999 0.068957477
15.410000000 0.237156893 3.828515381 0.661188004 -0.223412075 0.162831540 -0.957706136 0.079824129
15.420000000 0.221495506 3.833407917 0.669463331 -0.228050882 0.160265578 -0.956269838 0.088632597
15.430000000 0.205831246 3.837848327 0.678623503 -0.247173840 0.153747030 -0.951766597 0.096991179
15.440000000 0.190292316 3.841515031 0.688002894 -0.280810437 0.145002913 -0.942988575 0.104365709
15.450000000 0.174773984 3.844673086 0.697959830 -0.319492734 0.136093040 -0.930955311 0.112806412
15.460000000 0.159375581 3.847565948 0.708415770 -0.363991976 0.126640042 -0.914567289 0.122632848
15.470000000 0.144548686 3.850522693 0.719582165 -0.402705575 0.113199337 -0.898764457 0.131288161
15.480000000 0.129367499 3.852497677 0.730837573 -0.429633986 0.090066784 -0.886021353 0.149227257
15.490000000 0.113864177 3.853438092 0.741618149 -0.462204864 0.050563275 -0.869583323 0.166237369
15.500000000 0.098460001 3.853188027 0.751674760 -0.491789610 0.013973936 -0.852668664 0.175794934
15.510000000 0.082573876 3.852484415 0.761607538 -0.524997209 0.003160368 -0.827830363 0.197648252
15.520000000 0.066741411 3.850128332 0.770656344 -0.540226855 -0.001243483 -0.815020896 0.209509757
15.530000000 0.052388844 3.846876851 0.778184243 -0.551633673 0.014677345 -0.807379770 0.208860658
15.540000000 0.038230882 3.842685635 0.785631482 -0.545248748 0.018186316 -0.810139588 0.214585432
15.550000000 0.023093974 3.838417023 0.794372800 -0.524020475 0.031077675 -0.823011033 0.217001290
15.560000000 0.009065417 3.832823181 0.801271345 -0.506762892 0.041864408 -0.831927385 0.222116117
15.570000000 -0.002884379 3.825285612 0.806436747 -0.483078892 0.047626146 -0.843575594 0.229666611
15.580000000 -0.013013975 3.816329277 0.810096851 -0.461915420 0.053800248 -0.853908894 0.233622085
15.590000000 -0.021998428 3.807695096 0.812334748 -0.440728904 0.060961185 -0.864033537 0.235558515
15.600000000 -0.030349695 3.799156949 0.812848020 -0.414764194 0.068856916 -0.875979028 0.236410937
15.610000000 -0.038383634 3.790543020 0.811063180 -0.377193498 0.082235281 -0.891750923 0.236098953
15.620000000 -0.047455312 3.781331709 0.807301147 -0.349204397 0.091936000 -0.903696606 0.230079346
15.630000000 -0.057585545 3.773254566 0.802405190 -0.328864336 0.116244075 -0.913400718 0.209844444
15.640000000 -0.068833684 3.766753521 0.796148917 -0.312615735 0.142852749 -0.920502115 0.185850342
15.650000000 -0.080574538 3.761478718 0.788694470 -0.292622598 0.182835650 -0.924737398 0.160635878
15.660000000 -0.094155627 3.758160236 0.780607494 -0.269414151 0.197837981 -0.929884084 0.153596022
15.670000000 -0.107926762 3.754823037 0.771989698 -0.250207762 0.207693693 -0.932814447 0.155295245
15.680000000 -0.121947049 3.751484032 0.763472313 -0.242168125 0.200147938 -0.934237386 0.168807312
15.690000000 -0.135888574 3.747954788 0.756033299 -0.241349434 0.195951597 -0.932899497 0.181801954
15.700000000 -0.149985352 3.744212010 0.749612032 -0.247671096 0.192087538 -0.929259746 0.195544700
15.710000000 -0.163649805 3.740601348 0.744158719 -0.256660168 0.185601206 -0.924318742 0.212867595
15.720000000 -0.177314841 3.737024952 0.740004136 -0.263305586 0.181857064 -0.918946646 0.230510823
15.730000000 -0.191335520 3.732961314 0.737332728 -0.269184543 0.178852085 -0.913217893 0.248162635
15.740000000 -0.205798571 3.728257977 0.736426669 -0.268951723 0.177979189 -0.908498757 0.265741203
15.750000000 -0.220500613 3.722920811 0.737142514 -0.262299794 0.180971255 -0.905059867 0.281628943
15.760000000 -0.235704277 3.717504605 0.739146149 -0.258650246 0.181307271 -0.901552942 0.295685671
15.770000000 -0.251429201 3.711820213 0.742574170 -0.261407554 0.177059109 -0.897644449 0.307490821
15.780000000 -0.267457319 3.705556499 0.747087342 -0.272755515 0.165317025 -0.892435518 0.319113704
15.790000000 -0.283629043 3.698566874 0.752124155 -0.295767402 0.147565138 -0.884164004 0.330151766
15.800000000 -0.299669675 3.690486868 0.757270617 -0.329402652 0.128330646 -0.871447469 0.340006538
15.810000000 -0.315151655 3.682014511 0.762894668 -0.368214174 0.108628461 -0.854410836 0.350143262
15.820000000 -0.330547067 3.673326524 0.769185556 -0.405794964 0.086803800 -0.835721042 0.359674696
15.830000000 -0.345554240 3.664392191 0.776618742 -0.434203806 0.060510834 -0.817462703 0.373577600
15.840000000 -0.359813139 3.654862533 0.784490806 -0.456037068 0.018575464 -0.798767181 0.391989968
15.850000000 -0.373249647 3.644583581 0.792135685 -0.475052536 -0.032814230 -0.779008689 0.407913933
15.860000000 -0.385728853 3.634121611 0.799482847 -0.497538876 -0.062985177 -0.755690076 0.421213063
15.870000000 -0.397403120 3.623792994 0.806273637 -0.519049664 -0.075728294 -0.733713791 0.431875845
15.880000000 -0.407602975 3.612831651 0.812777000 -0.532506872 -0.081013829 -0.720422459 0.436880614
15.890000000 -0.416510320 3.600995225 0.819142237 -0.535336122 -0.071809391 -0.718288513 0.438543338
15.900000000 -0.424940555 3.588655685 0.826115176 -0.529874004 -0.051875154 -0.723371308 0.439632186
15.910000000 -0.432986528 3.575793140 0.833348989 -0.522462829 -0.028031541 -0.729648349 0.440295482
15.920000000 -0.439851941 3.562266508 0.839054528 -0.510612665 -0.007022110 -0.736529073 0.443565465
15.930000000 -0.445056287 3.548184657 0.842973277 -0.492389970 0.009900634 -0.746005781 0.448251569
15.940000000 -0.449206777 3.533553881 0.845484922 -0.472897309 0.028535279 -0.757598390 0.448997275
15.950000000 -0.452793938 3.518961997 0.846693663 -0.451630761 0.047510385 -0.770372796 0.447546841
15.960000000 -0.456140393 3.504245804 0.846292747 -0.427272191 0.068686856 -0.784137776 0.444801685
15.970000000 -0.459877547 3.489851563 0.844567140 -0.405952070 0.094494046 -0.796546485 0.437935486
15.980000000 -0.464196686 3.475301920 0.841347299 -0.389139910 0.119931553 -0.807418863 0.426920756
15.990000000 -0.469002267 3.460949545 0.836764035 -0.375126148 0.148145837 -0.817917937 0.410296760
16.000000000 -0.474185948 3.447252153 0.831033766 -0.363611970 0.181071475 -0.826753606 0.389201659
16.010000000 -0.480073583 3.432043747 0.823795339 -0.346960196 0.204490272 -0.832908535 0.379559908
16.020000000 -0.487143262 3.416972829 0.816128730 -0.324027495 0.215602514 -0.836599631 0.385516272
16.030000000 -0.494234650 3.401640807 0.808241637 -0.302950425 0.220473289 -0.837841946 0.397030783
16.040000000 -0.501285122 3.386200291 0.800095408 -0.286802460 0.211832922 -0.834882089 0.419336452
16.050000000 -0.508351680 3.370786244 0.791866821 -0.278789750 0.195435084 -0.829096345 0.443486927
16.060000000 -0.515838250 3.355503902 0.783370382 -0.280382156 0.177318676 -0.821143682 0.464399598
16.070000000 -0.523828860 3.340556547 0.774929984 -0.287199131 0.158772481 -0.811518435 0.483472635
16.080000000 -0.532519827 3.326304380 0.767138957 -0.293699197 0.144562239 -0.800995205 0.501247665
16.090000000 -0.542200299 3.312593194 0.760468782 -0.298682191 0.132802141 -0.789726741 0.519118691
16.100000000 -0.552589164 3.298879179 0.755400627 -0.299927156 0.123366553 -0.779239432 0.536293112
16.110000000 -0.563240647 3.284978955 0.752270183 -0.298026672 0.118206653 -0.769928555 0.551740256
16.120000000 -0.574128531 3.270739613 0.750954731 -0.298462465 0.112260159 -0.761316962 0.564547870
16.130000000 -0.585012034 3.256115675 0.751411666 -0.302989693 0.100906031 -0.753360606 0.574859127
16.140000000 -0.595804179 3.240550401 0.753120450 -0.314013530 0.080393357 -0.744926393 0.583109835
16.150000000 -0.606343670 3.223889910 0.755808762 -0.334932949 0.050030846 -0.734196389 0.588449230
16.160000000 -0.616268156 3.206265625 0.759269439 -0.363779549 0.015409024 -0.719506381 0.591386143
16.170000000 -0.625895033 3.187395984 0.763385460 -0.394713374 -0.017943382 -0.701211347 0.593449269
16.180000000 -0.635070784 3.168104730 0.768650153 -0.423512765 -0.050689117 -0.681144789 0.595070859
16.190000000 -0.643512911 3.149252483 0.774673171 -0.440871009 -0.088247223 -0.662903139 0.598669032
16.200000000 -0.650856219 3.129773633 0.780766348 -0.447348527 -0.138926541 -0.640480465 0.608574964
16.210000000 -0.656374145 3.110290370 0.786838467 -0.453704535 -0.195184297 -0.613362728 0.616312785
16.220000000 -0.661255573 3.089280334 0.793628180 -0.455727977 -0.242451237 -0.592756921 0.618197899
16.230000000 -0.666502990 3.068035191 0.801608581 -0.478075119 -0.271538834 -0.560645248 0.619183129
16.240000000 -0.670087519 3.047148500 0.809898206 -0.495217928 -0.274399376 -0.541097034 0.621834532
16.250000000 -0.670997130 3.029427904 0.816382634 -0.505085472 -0.256069548 -0.540263681 0.622440525
16.260000000 -0.670158635 3.013310572 0.820939785 -0.497934320 -0.229587954 -0.551457815 0.628685185
16.270000000 -0.669243407 2.996344442 0.824953462 -0.495653691 -0.199158887 -0.562007497 0.631514632
16.280000000 -0.667198445 2.978186962 0.828073704 -0.484252850 -0.166137274 -0.574904704 0.638264965
16.290000000 -0.664443939 2.959626484 0.830425797 -0.470860897 -0.137645044 -0.587512230 0.643562924
16.300000000 -0.660451549 2.941927060 0.831421596 -0.456175011 -0.109789749 -0.602672927 0.645473402
16.310000000 -0.656230019 2.925281593 0.831123281 -0.438839252 -0.078677532 -0.618974813 0.646606633
16.320000000 -0.651269598 2.909259337 0.829014246 -0.416594938 -0.043934933 -0.636461842 0.647637787
16.330000000 -0.645426805 2.893821462 0.824729428 -0.394082584 -0.014456046 -0.648255807 0.651348100
16.340000000 -0.639241526 2.878520819 0.818965332 -0.370823077 0.013780887 -0.662635058 0.650549854
16.350000000 -0.633389240 2.863652846 0.812033140 -0.355374487 0.045103485 -0.676284003 0.643672740
16.360000000 -0.627567296 2.849136310 0.803760683 -0.340904604 0.088021337 -0.684263107 0.638608092
16.370000000 -0.622060690 2.833668222 0.793740225 -0.320540950 0.090040753 -0.693952585 0.638416770
16.380000000 -0.615907070 2.817150711 0.785053380 -0.295393663 0.102709836 -0.691652927 0.651006530
16.390000000 -0.610521900 2.800959698 0.775682493 -0.270521130 0.111706514 -0.684417136 0.667767293
16.400000000 -0.604742998 2.784738763 0.765660897 -0.247206118 0.103560086 -0.673129207 0.689247064
16.410000000 -0.599118648 2.768214735 0.755171524 -0.238721235 0.098097304 -0.660175533 0.705377456
16.420000000 -0.593349249 2.751369538 0.744501655 -0.232725672 0.082723550 -0.649679158 0.718966319
16.430000000 -0.587942881 2.734401181 0.734527152 -0.232549980 0.065511570 -0.640399730 0.729052074
16.440000000 -0.583364211 2.717199934 0.726025172 -0.232676387 0.049876610 -0.633383379 0.736341984
16.450000000 -0.579074088 2.699185318 0.718763194 -0.230685080 0.033083086 -0.628997766 0.741654713
16.460000000 -0.574884042 2.680649046 0.713037586 -0.228432832 0.017904080 -0.626032527 0.745373168
16.470000000 -0.570337634 2.661571153 0.709170828 -0.231333343 -0.000272953 -0.624476935 0.745998235
16.480000000 -0.565773315 2.641949424 0.707260674 -0.236001096 -0.017807918 -0.623337995 0.745275858
16.490000000 -0.561704079 2.621408908 0.706754451 -0.242210838 -0.040322489 -0.622745313 0.742897222
16.500000000 -0.558384600 2.600442386 0.707207116 -0.257142458 -0.079307516 -0.620954129 0.736209239
16.510000000 -0.555539408 2.578748404 0.708434706 -0.277546026 -0.122422091 -0.617260114 0.725927674
16.520000000 -0.552902950 2.555716826 0.710291013 -0.301893606 -0.165831325 -0.610545388 0.713158153
16.530000000 -0.550142110 2.530167852 0.712748920 -0.327217701 -0.206509044 -0.603050854 0.697575988
16.540000000 -0.547309053 2.502141187 0.716041207 -0.353547006 -0.244165209 -0.596102610 0.678269521
16.550000000 -0.544579488 2.473426320 0.720275728 -0.382212520 -0.281490029 -0.585366175 0.657284865
16.560000000 -0.541808040 2.444860393 0.725460357 -0.401208648 -0.325963823 -0.567168960 0.641169695
16.570000000 -0.537848103 2.417930087 0.731508429 -0.417465739 -0.370033323 -0.553025519 0.618838001
16.580000000 -0.532761452 2.391263482 0.738473816 -0.450108807 -0.392555733 -0.535161892 0.597414268
16.590000000 -0.526989712 2.364841033 0.746865121 -0.480276145 -0.409127263 -0.525438567 0.570845005
16.600000000 -0.520881206 2.340359983 0.756907012 -0.498682678 -0.402763359 -0.532032290 0.553207832
16.610000000 -0.514257461 2.317907614 0.767291633 -0.501870496 -0.373959519 -0.551204434 0.551773464
16.620000000 -0.507098675 2.296162611 0.777793192 -0.497784247 -0.335915366 -0.578532821 0.551970548
16.630000000 -0.499204486 2.273754899 0.787442758 -0.483156878 -0.299550299 -0.606253241 0.556134926
16.640000000 -0.491329474 2.250660126 0.796011367 -0.462713807 -0.270253634 -0.630736989 0.561275117
16.650000000 -0.482803979 2.228184014 0.802830564 -0.443613488 -0.244124353 -0.654188865 0.561824974
16.660000000 -0.474185368 2.206946315 0.807891450 -0.425001979 -0.220294759 -0.677345160 0.558611735
16.670000000 -0.465379849 2.187467052 0.811241248 -0.398951516 -0.196550906 -0.700600303 0.558000577
16.680000000 -0.456285854 2.169288331 0.812299471 -0.365225166 -0.175658715 -0.720724042 0.562415726
16.690000000 -0.446768535 2.151638501 0.811247128 -0.324325745 -0.158893917 -0.735097425 0.573757188
16.700000000 -0.437224395 2.134412006 0.808801313 -0.282894612 -0.143121232 -0.747097591 0.584236374
16.710000000 -0.427794892 2.118116075 0.805602431 -0.243777924 -0.119087519 -0.755167316 0.596751885
16.720000000 -0.417990779 2.102319338 0.801214978 -0.202258933 -0.105778584 -0.754148885 0.615761053
16.730000000 -0.406157958 2.085559166 0.797477732 -0.161232906 -0.100122126 -0.746762920 0.637435998
16.740000000 -0.394862926 2.068779848 0.793324806 -0.133492388 -0.096133833 -0.733806780 0.659140105
16.750000000 -0.384234758 2.051939142 0.788825711 -0.110208833 -0.101486021 -0.714425842 0.683483955
16.760000000 -0.373889455 2.034423534 0.784356948 -0.086449700 -0.119067020 -0.690391414 0.708314330
16.770000000 -0.362668839 2.016167944 0.779660230 -0.071362397 -0.140305707 -0.666212919 0.728959576
16.780000000 -0.350683073 1.997321895 0.775229665 -0.062156307 -0.158355052 -0.645884343 0.744240342
16.790000000 -0.339515053 1.978153502 0.771191632 -0.057172219 -0.172435511 -0.628955312 0.755918347
16.800000000 -0.329632080 1.958434602 0.767489866 -0.057205713 -0.181303765 -0.614296532 0.765830413
16.810000000 -0.320487671 1.938070127 0.764500082 -0.061108718 -0.186147766 -0.602686026 0.773553028
16.820000000 -0.311727700 1.917253048 0.762834047 -0.070072016 -0.188965153 -0.594788384 0.778208752
16.830000000 -0.303271946 1.895766882 0.762790306 -0.081795100 -0.192786122 -0.590115240 0.779683959
16.840000000 -0.295668852 1.873855068 0.764366770 -0.093587335 -0.197654180 -0.586833217 0.779615939
16.850000000 -0.288813734 1.851559121 0.767448559 -0.108441802 -0.209779472 -0.584031235 0.776621185
16.860000000 -0.282626491 1.828668470 0.772011662 -0.130628253 -0.235983136 -0.581930605 0.767205964
16.870000000 -0.276905343 1.805214709 0.778245144 -0.158099271 -0.271598801 -0.579285757 0.752108186
16.880000000 -0.271339814 1.780922506 0.786230358 -0.186601023 -0.313109255 -0.574814307 0.732619387
16.890000000 -0.265906057 1.755150771 0.795989190 -0.214743565 -0.355093549 -0.568788038 0.710122483
16.900000000 -0.260966903 1.728749900 0.807319068 -0.242696861 -0.393796476 -0.562032153 0.685669328
16.910000000 -0.256257779 1.701858471 0.819735958 -0.268703212 -0.432294954 -0.552427290 0.660108889
16.920000000 -0.251782134 1.675162899 0.833167330 -0.286896615 -0.477508806 -0.539131400 0.631674763
16.930000000 -0.247766472 1.648822931 0.847861112 -0.305055262 -0.521856452 -0.522566877 0.601274471
16.940000000 -0.243694785 1.622670924 0.863750224 -0.330453548 -0.547270203 -0.503505058 0.581187091
16.950000000 -0.238921047 1.597437325 0.880218322 -0.341324412 -0.557529747 -0.491849594 0.575101907
16.960000000 -0.234248046 1.572621622 0.896946681 -0.348493100 -0.546769506 -0.493828561 0.579421280
16.970000000 -0.229647913 1.548805916 0.913794085 -0.347141105 -0.520513516 -0.508611213 0.591500944
16.980000000 -0.225484524 1.524986444 0.929856606 -0.327515176 -0.491518363 -0.530846528 0.607737997
16.990000000 -0.222202331 1.500322292 0.944342025 -0.309714643 -0.460843741 -0.546097839 0.627277480
17.000000000 -0.218077446 1.476683872 0.956842676 -0.287801784 -0.436141234 -0.557160633 0.645385920
17.010000000 -0.212566653 1.454170951 0.967104652 -0.267272846 -0.415887727 -0.567746564 0.658229796
17.020000000 -0.207669791 1.433293909 0.975244073 -0.252283823 -0.397342724 -0.579272059 0.665518982
17.030000000 -0.203612034 1.414399573 0.981412047 -0.230944122 -0.372272956 -0.591975014 0.676493341
17.040000000 -0.200281193 1.396226561 0.985033485 -0.206833758 -0.349913701 -0.600676346 0.688453430
17.050000000 -0.197109607 1.378058310 0.986761999 -0.181029362 -0.327275414 -0.609520647 0.699001971
17.060000000 -0.194384826 1.359676992 0.986854685 -0.155259688 -0.300508466 -0.617733838 0.709925346
17.070000000 -0.191301579 1.341261860 0.985768676 -0.133387722 -0.260413048 -0.630566144 0.718873492
17.080000000 -0.187698594 1.322967931 0.983021711 -0.108472027 -0.239970397 -0.632356312 0.728542052
17.090000000 -0.183168400 1.304552676 0.980025214 -0.081845025 -0.219556022 -0.631999867 0.738696631
17.100000000 -0.178779729 1.287117898 0.976955396 -0.068342136 -0.204132146 -0.632286205 0.744226830
17.110000000 -0.174484065 1.270052361 0.973673366 -0.053220176 -0.197080971 -0.627535037 0.751349773
17.120000000 -0.171114713 1.252662525 0.969987222 -0.049418084 -0.195252371 -0.616026015 0.761542063
17.130000000 -0.167801704 1.235172042 0.967401612 -0.050699057 -0.197020689 -0.605374574 0.769502488
17.140000000 -0.164678012 1.217688502 0.965352748 -0.054165858 -0.200255899 -0.597589161 0.774500374
17.150000000 -0.162606462 1.200014660 0.963918190 -0.056461450 -0.204257528 -0.592521499 0.777180313
17.160000000 -0.161793601 1.182000576 0.963535481 -0.063408093 -0.201414302 -0.587870491 0.780909712
17.170000000 -0.162030500 1.163785476 0.964622636 -0.069154715 -0.194066312 -0.584292257 0.784957611
17.180000000 -0.163237006 1.145725466 0.967782310 -0.079464784 -0.186363541 -0.581712820 0.787758956
17.190000000 -0.164754149 1.127846629 0.972697263 -0.093588979 -0.182609899 -0.581779080 0.787037375
17.200000000 -0.166686999 1.110044502 0.978961724 -0.106121375 -0.182844495 -0.581709449 0.785442717
17.210000000 -0.169013855 1.092362603 0.986263933 -0.120475184 -0.192044517 -0.581842481 0.781065913
17.220000000 -0.171557562 1.074475840 0.994614155 -0.142610379 -0.217568761 -0.580908043 0.771279431
17.230000000 -0.174181043 1.056060658 1.003906539 -0.170257176 -0.250851673 -0.578126979 0.757532262
17.240000000 -0.176568164 1.036484751 1.013926152 -0.194699574 -0.287411501 -0.573181121 0.742260134
17.250000000 -0.178516623 1.015234263 1.024283135 -0.217553447 -0.324586868 -0.568303923 0.724116367
17.260000000 -0.179882733 0.993583137 1.035381025 -0.239694727 -0.356888156 -0.562255729 0.706431722
17.270000000 -0.180735731 0.972379210 1.046570955 -0.256749128 -0.395315762 -0.552036682 0.687794181
17.280000000 -0.181567459 0.952276113 1.057813969 -0.262457417 -0.450943493 -0.537048018 0.662831424
17.290000000 -0.182266866 0.934425846 1.069345206 -0.275479331 -0.489036989 -0.519267832 0.644449285
17.300000000 -0.182403555 0.916295791 1.081054331 -0.298911511 -0.517130100 -0.500145518 0.626963180
17.310000000 -0.181912209 0.897788905 1.093769642 -0.317127909 -0.532608153 -0.488205514 0.614340151
17.320000000 -0.180401745 0.881788113 1.106209652 -0.317256780 -0.529913938 -0.490258649 0.614968138
17.330000000 -0.178424905 0.867991802 1.117895656 -0.304121682 -0.513299587 -0.503357147 0.625032095
17.340000000 -0.177146900 0.852565054 1.129127822 -0.290362439 -0.496674212 -0.511949104 0.637896932
17.350000000 -0.174940393 0.837358451 1.138968422 -0.278514949 -0.478701330 -0.516242933 0.653274593
17.360000000 -0.171526388 0.822934002 1.147356635 -0.260442022 -0.462989214 -0.518985438 0.669675336
17.370000000 -0.168358455 0.809693226 1.153942945 -0.243985295 -0.448237345 -0.524075874 0.681834977
17.380000000 -0.165777819 0.797367055 1.158445561 -0.225224398 -0.426907139 -0.531701184 0.695929677
17.390000000 -0.163832571 0.785294481 1.160757708 -0.208423590 -0.401531671 -0.540153763 0.709623729
17.400000000 -0.161731223 0.773852081 1.160454888 -0.187909532 -0.372857208 -0.547557508 0.725153974
17.410000000 -0.159917412 0.762497814 1.158484179 -0.176000628 -0.345117132 -0.563026953 0.730012735
17.420000000 -0.159425704 0.750769503 1.155006595 -0.168134485 -0.314642738 -0.581751076 0.730955831
17.430000000 -0.160008120 0.739236939 1.150477821 -0.168808670 -0.276211800 -0.606612018 0.726107797
17.440000000 -0.160833458 0.727063043 1.144939331 -0.168847139 -0.237784107 -0.626087411 0.723162441
17.450000000 -0.162661622 0.713385806 1.137738516 -0.153828093 -0.212944815 -0.634825123 0.726628163
17.460000000 -0.165377639 0.699548430 1.129586392 -0.143125001 -0.203810552 -0.634403101 0.731784940
17.470000000 -0.168158145 0.685946302 1.121561891 -0.137512974 -0.202755951 -0.631041069 0.736048487
17.480000000 -0.170911882 0.672509538 1.114010206 -0.141759343 -0.205502236 -0.624912276 0.739701134
17.490000000 -0.174148860 0.659683810 1.107164715 -0.150243448 -0.213920972 -0.613567483 0.745117218
17.500000000 -0.177215566 0.647077900 1.101706906 -0.160700903 -0.219476631 -0.601356614 0.751249260
17.510000000 -0.180776768 0.633872385 1.098006662 -0.173179612 -0.218785360 -0.589225530 0.758257914
17.520000000 -0.184446721 0.620253737 1.096311241 -0.188113516 -0.215690783 -0.576204176 0.765558318
17.530000000 -0.187992578 0.606515724 1.097086729 -0.202363714 -0.208956949 -0.562897686 0.773648574
17.540000000 -0.191375173 0.592532380 1.100292735 -0.214225265 -0.197643489 -0.550977995 0.781964089
17.550000000 -0.194786698 0.577861952 1.105275130 -0.223792482 -0.187731280 -0.540041665 0.789321792
17.560000000 -0.198207725 0.562764379 1.111623624 -0.233880510 -0.184864232 -0.528983404 0.794544952
17.570000000 -0.201122588 0.547428629 1.119334946 -0.245419379 -0.195453574 -0.517769678 0.795915693
17.580000000 -0.203090230 0.532007149 1.128107914 -0.261771554 -0.219637758 -0.504297149 0.793044320
17.590000000 -0.204500598 0.516702399 1.137748552 -0.282722582 -0.251684253 -0.487005654 0.787114014
17.600000000 -0.205599608 0.501660686 1.148282795 -0.304349752 -0.286681049 -0.467073667 0.779119628
17.610000000 -0.207043712 0.487083461 1.160114913 -0.320604582 -0.321587191 -0.447688289 0.770304859
17.620000000 -0.208585399 0.473042013 1.172739970 -0.318170961 -0.361143714 -0.425150820 0.766543696
17.630000000 -0.210432844 0.459015510 1.185663984 -0.299895586 -0.409927810 -0.397129025 0.764401966
17.640000000 -0.212649899 0.445715969 1.198008117 -0.285978559 -0.450962508 -0.369667720 0.760391252
17.650000000 -0.215396012 0.433120851 1.209864732 -0.280175122 -0.482002314 -0.347543891 0.753915720
17.660000000 -0.218736210 0.419189178 1.221728467 -0.276412150 -0.505618706 -0.331898189 0.746853158
17.670000000 -0.221502321 0.405368139 1.233327153 -0.275583293 -0.507206771 -0.323566449 0.749733215
17.680000000 -0.223293976 0.391977363 1.244059352 -0.276412607 -0.495920757 -0.319764150 0.758557553
17.690000000 -0.224548163 0.379106890 1.253051651 -0.274454854 -0.481144382 -0.316834933 0.769928725
17.700000000 -0.224806781 0.368195849 1.259380498 -0.267623831 -0.463261531 -0.312941141 0.784750968
17.710000000 -0.224361676 0.359639532 1.263339880 -0.259573026 -0.449490000 -0.305458725 0.798295404
17.720000000 -0.223276938 0.352607822 1.265894989 -0.252470179 -0.439256446 -0.297451109 0.809219019
17.730000000 -0.222318889 0.346311987 1.267429447 -0.244203220 -0.427107275 -0.290921596 0.820553952
17.740000000 -0.221394248 0.340668747 1.267474181 -0.232529244 -0.407118240 -0.287771019 0.835088457
17.750000000 -0.220704997 0.335683737 1.265796348 -0.221448237 -0.380339899 -0.289295951 0.850064758
17.760000000 -0.219638734 0.331391143 1.262400892 -0.214901269 -0.351779984 -0.296368968 0.861529873
17.770000000 -0.218268926 0.326868676 1.257718457 -0.216227317 -0.324762639 -0.313684815 0.865665532
17.780000000 -0.216904967 0.322136436 1.252065778 -0.229863924 -0.295739338 -0.344617056 0.860778662
17.790000000 -0.216194131 0.317478727 1.245459721 -0.250918152 -0.260415878 -0.380728735 0.851040117
17.800000000 -0.215438384 0.311629519 1.237801411 -0.270045450 -0.221841457 -0.407515560 0.843678192
17.810000000 -0.215962576 0.303139756 1.229193932 -0.269909074 -0.194340771 -0.417023389 0.845855927
17.820000000 -0.215915732 0.293774099 1.220054128 -0.273357474 -0.170893046 -0.418425464 0.849112118
17.830000000 -0.216146867 0.282691337 1.210700275 -0.275135964 -0.158717720 -0.411952598 0.854051488
17.840000000 -0.215916572 0.271525084 1.202088087 -0.275778208 -0.156556133 -0.403248236 0.858386520
17.850000000 -0.215539787 0.260402494 1.194402847 -0.281617258 -0.158885588 -0.392630810 0.860980915
17.860000000 -0.215644414 0.247586399 1.188404418 -0.289670822 -0.161706019 -0.376269136 0.865080063
17.870000000 -0.215651621 0.233553887 1.184575866 -0.299455859 -0.156604248 -0.359687899 0.869727494
17.880000000 -0.215417321 0.218928665 1.183018525 -0.306580663 -0.145760789 -0.340493854 0.876827250
17.890000000 -0.214330613 0.204130427 1.183381059 -0.309230163 -0.131064712 -0.323717643 0.884536961
17.900000000 -0.212048476 0.189417129 1.185293804 -0.309605539 -0.112033980 -0.310365430 0.891776932
17.910000000 -0.209183732 0.174315792 1.188671057 -0.308224952 -0.091709212 -0.298798108 0.898502359
17.920000000 -0.205720707 0.159095517 1.192913536 -0.305460619 -0.080776804 -0.288467118 0.903855984
17.930000000 -0.201930520 0.144341498 1.197761104 -0.303164592 -0.083147850 -0.277280941 0.907905802
17.940000000 -0.197623933 0.130420052 1.202880877 -0.302842347 -0.100158935 -0.265062346 0.909943214
17.950000000 -0.192252466 0.117012785 1.207561195 -0.306704350 -0.128028852 -0.251018425 0.909137396
17.960000000 -0.186071729 0.103920872 1.211667585 -0.310829570 -0.167690101 -0.234077422 0.905799519
17.970000000 -0.179585453 0.090950942 1.215564348 -0.316080253 -0.210525012 -0.213004247 0.900223130
17.980000000 -0.172721668 0.078181777 1.219706610 -0.309911205 -0.252276916 -0.192240501 0.896300727
17.990000000 -0.165230490 0.065949060 1.224008201 -0.283471721 -0.284748942 -0.166825869 0.900405993
18.000000000 -0.157039375 0.054524330 1.228145515 -0.244986796 -0.327446819 -0.147550912 0.900549154
18.010000000 -0.148357566 0.043777493 1.231765839 -0.230255963 -0.355675062 -0.133310327 0.895938501
18.020000000 -0.139352731 0.033703300 1.235181436 -0.235498677 -0.381800914 -0.120613929 0.885562372
18.030000000 -0.129970467 0.025047738 1.238679145 -0.238725857 -0.388558114 -0.113152418 0.882739536
18.040000000 -0.119929258 0.017188379 1.242071432 -0.247282080 -0.373686319 -0.110277187 0.887157850
18.050000000 -0.108775374 0.008923791 1.246104606 -0.260531626 -0.341022666 -0.109146788 0.896612398
18.060000000 -0.095837949 0.000401500 1.248670747 -0.270064175 -0.308097066 -0.109962248 0.905566035
18.070000000 -0.082714533 -0.006355752 1.249051495 -0.274124391 -0.281764829 -0.108365680 0.913083391
18.080000000 -0.069791033 -0.011140913 1.247651364 -0.277427332 -0.258359290 -0.107570892 0.919082725
18.090000000 -0.057347541 -0.014852169 1.244666959 -0.278439608 -0.238379782 -0.110885858 0.923769880
18.100000000 -0.045528611 -0.017828090 1.240235275 -0.279142650 -0.208662443 -0.118436488 0.929791463
18.110000000 -0.034464351 -0.020696621 1.234116167 -0.289426667 -0.181180752 -0.131272205 0.930684344
18.120000000 -0.024333744 -0.023093051 1.226054999 -0.297971493 -0.154998567 -0.146208475 0.930489933
18.130000000 -0.014727851 -0.026576289 1.216468259 -0.310267866 -0.127586411 -0.163694641 0.927717427
18.140000000 -0.005986210 -0.031143313 1.205895271 -0.330906615 -0.095704773 -0.185359571 0.920316923
18.150000000 0.003102728 -0.036124153 1.194036214 -0.349818788 -0.068584464 -0.204438013 0.911662265
18.160000000 0.012532167 -0.042596173 1.181407795 -0.347440500 -0.049135050 -0.212195128 0.912054863
18.170000000 0.023377444 -0.049098098 1.168811253 -0.347957465 -0.030605596 -0.211504578 0.912827866
18.180000000 0.034163090 -0.055294922 1.157090968 -0.331254082 -0.024044092 -0.197123526 0.922407139
18.190000000 0.045621664 -0.060765118 1.146091507 -0.311283076 -0.031094533 -0.178851425 0.932817315
18.200000000 0.057807635 -0.066011974 1.135702331 -0.303881389 -0.041126394 -0.160841630 0.938133621
18.210000000 0.070002780 -0.071423152 1.126099891 -0.295256537 -0.056006867 -0.142323135 0.943096460
18.220000000 0.082371774 -0.077237323 1.117250190 -0.286721206 -0.070016058 -0.122206759 0.947604458
18.230000000 0.095505522 -0.083057264 1.109679119 -0.279594042 -0.081680254 -0.104206190 0.950945097
18.240000000 0.109567257 -0.089077447 1.103553000 -0.272560088 -0.086303434 -0.086398989 0.954357339
18.250000000 0.124288154 -0.095172770 1.098798864 -0.266733473 -0.085309928 -0.070634171 0.957385129
18.260000000 0.139202647 -0.101668186 1.095284883 -0.261276782 -0.085622005 -0.056530792 0.959795596
18.270000000 0.154411413 -0.108436586 1.093150033 -0.256092846 -0.091610389 -0.044179451 0.961286725
18.280000000 0.170096920 -0.115322148 1.092009188 -0.248910922 -0.109317073 -0.033265705 0.961762197
18.290000000 0.186501802 -0.122216540 1.091703064 -0.241970369 -0.141179133 -0.023178015 0.959677848
18.300000000 0.203564619 -0.129088209 1.092418453 -0.232894601 -0.183118763 -0.011494200 0.955036914
18.310000000 0.221429429 -0.136102751 1.093882560 -0.225993825 -0.230537340 0.002332951 0.946453318
18.320000000 0.240202920 -0.143414290 1.096157286 -0.222299263 -0.277948034 0.017141108 0.934362944
18.330000000 0.260011604 -0.150773630 1.099890878 -0.217315770 -0.324213506 0.028934726 0.920229450
18.340000000 0.279846688 -0.157783189 1.105126864 -0.197093228 -0.363719464 0.045427929 0.909284727
18.350000000 0.300126901 -0.164032610 1.111333018 -0.157384124 -0.406267600 0.067714185 0.897547583
18.360000000 0.321039964 -0.168960787 1.117755711 -0.119055052 -0.445547862 0.083353728 0.883382790
18.370000000 0.341928052 -0.174092623 1.124752401 -0.099945143 -0.486344392 0.101301346 0.862101002
18.380000000 0.363714798 -0.177824673 1.131801622 -0.099504946 -0.516695996 0.120199387 0.841829033
18.390000000 0.382756764 -0.178108765 1.137748172 -0.114437868 -0.523645069 0.127043224 0.834601603
18.400000000 0.398596335 -0.175864721 1.142152969 -0.131303273 -0.505092262 0.125998393 0.843662054
18.410000000 0.414164837 -0.172999781 1.146604970 -0.149993786 -0.479059189 0.121507828 0.856294345
18.420000000 0.430600355 -0.169571949 1.150464820 -0.169976392 -0.449484179 0.119121501 0.868839495
18.430000000 0.447636146 -0.164714756 1.153366849 -0.185235279 -0.415845650 0.119213246 0.882353948
18.440000000 0.464923520 -0.158880479 1.154810950 -0.199237880 -0.384939493 0.116722394 0.893589244
18.450000000 0.482675463 -0.153492239 1.154914302 -0.213451160 -0.353023438 0.111882722 0.904043866
18.460000000 0.500832992 -0.148003950 1.153786701 -0.231214335 -0.322370844 0.103782429 0.912056017
18.470000000 0.519057114 -0.141547919 1.151117895 -0.249244095 -0.294469031 0.094429398 0.917740955
18.480000000 0.536798199 -0.133940557 1.146959607 -0.265120251 -0.264151223 0.084698402 0.923450900
18.490000000 0.554705114 -0.126450375 1.141726348 -0.284989583 -0.233091385 0.070807666 0.927057506
18.500000000 0.572912256 -0.119730535 1.135042900 -0.309004988 -0.202114351 0.058354447 0.927502272
18.510000000 0.592573609 -0.112471805 1.126236347 -0.323089118 -0.173261480 0.058298426 0.928544654
18.520000000 0.612967282 -0.104968035 1.116699837 -0.322643921 -0.148428576 0.067651055 0.932358940
18.530000000 0.633153325 -0.096721188 1.107343025 -0.314638195 -0.127926400 0.083307461 0.936855117
18.540000000 0.653086767 -0.087647221 1.097768953 -0.295686345 -0.120275404 0.108081278 0.941499788
18.550000000 0.672895061 -0.077583572 1.088157202 -0.280635485 -0.125524123 0.132988834 0.942232131
18.560000000 0.692332727 -0.066935083 1.078548954 -0.269397870 -0.137758003 0.156701225 0.940155437
18.570000000 0.711449087 -0.056697121 1.068999399 -0.254042238 -0.151783121 0.180131570 0.938070916
18.580000000 0.730643711 -0.047860470 1.059540437 -0.242631419 -0.163290504 0.201945823 0.934710699
18.590000000 0.749953247 -0.040326125 1.050603087 -0.232418750 -0.176825323 0.220553573 0.930629062
18.600000000 0.769664910 -0.033482841 1.042852919 -0.222024612 -0.192011984 0.238242094 0.925784626
18.610000000 0.789466530 -0.027116959 1.036899287 -0.210960566 -0.208938009 0.254686269 0.920312693
18.620000000 0.809866015 -0.021071133 1.032903924 -0.198342055 -0.230657706 0.268977382 0.913842776
18.630000000 0.831396818 -0.014994766 1.030869184 -0.180853712 -0.258952372 0.282097691 0.905900931
18.640000000 0.854045074 -0.008598478 1.030625582 -0.160106419 -0.292868038 0.294611123 0.895432037
18.650000000 0.877844419 -0.001964935 1.032176301 -0.136096772 -0.335058356 0.306605337 0.880458252
18.660000000 0.902378132 0.004917731 1.035571031 -0.110503803 -0.382113702 0.319233416 0.860155831
18.670000000 0.927358189 0.012966751 1.040646400 -0.086996121 -0.427442149 0.331550694 0.836539910
18.680000000 0.952858960 0.022053233 1.047870167 -0.059436504 -0.468140010 0.344454452 0.811580780
18.690000000 0.977588953 0.031405112 1.057380678 -0.020802457 -0.501433355 0.363994638 0.784627142
18.700000000 1.001803773 0.042129828 1.068640633 0.033530459 -0.525547997 0.388051400 0.756367055
18.710000000 1.024964601 0.054144818 1.080709417 0.093695225 -0.547028916 0.408221153 0.724800704
18.720000000 1.047649071 0.067572176 1.093657787 0.135158464 -0.565348651 0.419530798 0.697213742
18.730000000 1.071559985 0.080493184 1.107986611 0.166146197 -0.579812172 0.433459296 0.669571747
18.740000000 1.096119901 0.094659771 1.123796115 0.179553561 -0.585929468 0.443779883 0.653839883
18.750000000 1.118735903 0.109308074 1.139291954 0.166024150 -0.583087107 0.449104733 0.656315736
18.760000000 1.140330205 0.124190957 1.154326090 0.145222467 -0.558767191 0.461688824 0.673448656
18.770000000 1.163847420 0.139459395 1.169030382 0.119635432 -0.530637287 0.471715502 0.693971122
18.780000000 1.187830819 0.155397681 1.182017751 0.089923352 -0.497667603 0.490567045 0.709637036
18.790000000 1.211100798 0.172019352 1.192641402 0.064756920 -0.466539275 0.506396221 0.722295309
18.800000000 1.234796327 0.188700418 1.201061906 0.039530575 -0.443973329 0.515436474 0.731881314
18.810000000 1.259874996 0.205785082 1.207499647 0.014963521 -0.426154553 0.522657835 0.738239242
18.820000000 1.285085866 0.223520553 1.211659716 -0.016758343 -0.402313274 0.525907338 0.749189335
18.830000000 1.307895100 0.242068580 1.213256718 -0.047040800 -0.380055503 0.522146668 0.762041886
18.840000000 1.329360613 0.261016210 1.213351537 -0.093692018 -0.371295085 0.502733678 0.774997170
18.850000000 1.350132040 0.279185460 1.212591161 -0.132821033 -0.355166825 0.486399311 0.787166317
18.860000000 1.370431642 0.295873255 1.210023463 -0.177756701 -0.342454463 0.468734537 0.794616530
18.870000000 1.391488136 0.312311909 1.206216027 -0.201387140 -0.321480978 0.461338384 0.802034972
18.880000000 1.411890428 0.327588254 1.201279945 -0.211326105 -0.305349263 0.469370194 0.801120919
18.890000000 1.431055988 0.342456904 1.194330953 -0.220216770 -0.295888382 0.477870411 0.797241814
18.900000000 1.448222207 0.356903105 1.186320889 -0.221770782 -0.298054665 0.484970697 0.791697265
18.910000000 1.464614895 0.370956944 1.178273239 -0.229191281 -0.305815290 0.494283137 0.780789694
18.920000000 1.480119948 0.384542133 1.171059183 -0.227242357 -0.316174888 0.504345096 0.770733660
18.930000000 1.497043420 0.398522372 1.164868838 -0.222963684 -0.322993849 0.516732146 0.760887678
18.940000000 1.514058237 0.413245807 1.159693021 -0.220910514 -0.332365090 0.525337168 0.751500400
18.950000000 1.531197833 0.428449795 1.155920729 -0.216984068 -0.342815043 0.535562002 0.740654510
18.960000000 1.547958550 0.444125530 1.153922184 -0.213289504 -0.349844541 0.547080515 0.729944720
18.970000000 1.564734031 0.460275734 1.153259420 -0.206312988 -0.359433671 0.557167892 0.719587609
18.980000000 1.581641291 0.476898121 1.153869209 -0.192884380 -0.373555701 0.567234520 0.708164354
18.990000000 1.598418576 0.494129097 1.155560800 -0.170163736 -0.393183477 0.578172098 0.694383238
19.000000000 1.615288948 0.512503930 1.158190270 -0.139138866 -0.420970828 0.588726228 0.675888575
19.010000000 1.632344641 0.531995945 1.161900822 -0.100827843 -0.452459172 0.600741215 0.651325139
19.020000000 1.648713107 0.552790731 1.166624155 -0.062965702 -0.484798780 0.610703056 0.622934380
19.030000000 1.664146830 0.575023303 1.172410478 -0.025730364 -0.514333726 0.618900735 0.593094130
19.040000000 1.677875538 0.598475701 1.178652247 0.012291930 -0.540535501 0.627992954 0.559727729
19.050000000 1.690026491 0.622420108 1.185363448 0.058972303 -0.551554131 0.644205109 0.526602398
19.060000000 1.700091459 0.647575459 1.192596244 0.120221607 -0.550225596 0.663963638 0.491884993
19.070000000 1.706979651 0.673252777 1.199691785 0.175060195 -0.546186752 0.674729765 0.464514482
19.080000000 1.712402966 0.699587097 1.207923967 0.220153279 -0.550474435 0.680599630 0.430458562
19.090000000 1.717027681 0.727807689 1.218035946 0.243988934 -0.561417278 0.679959377 0.403652432
19.100000000 1.719558893 0.755499271 1.228238528 0.240785128 -0.562501650 0.683376450 0.398260019
19.110000000 1.720554784 0.782574758 1.237862035 0.218040963 -0.554324834 0.692325855 0.407267758
19.120000000 1.721693765 0.810728406 1.248060659 0.183602927 -0.545187199 0.701057609 0.421401368
19.130000000 1.722980750 0.840629798 1.258305363 0.142215037 -0.532545154 0.711145988 0.436396524
19.140000000 1.722913238 0.870047238 1.266389848 0.101837403 -0.515157942 0.721595802 0.451155113
19.150000000 1.721937477 0.899571970 1.271778413 0.065746242 -0.502572543 0.725943305 0.464870507
19.160000000 1.721606455 0.929767225 1.275114376 0.032742587 -0.490902922 0.728877402 0.476109207
19.170000000 1.722434809 0.960470305 1.276557149 -0.003366937 -0.479925605 0.728848556 0.488303041
19.180000000 1.722754816 0.990680694 1.275108426 -0.041589067 -0.463343456 0.728426503 0.502969206
19.190000000 1.722132255 1.020526183 1.271234946 -0.080394419 -0.454486292 0.717644026 0.521503595
19.200000000 1.721891154 1.049477931 1.265900342 -0.122617794 -0.451517817 0.700521321 0.538856583
19.210000000 1.722376370 1.077477544 1.258962154 -0.167265811 -0.447124228 0.682985640 0.552840564
19.220000000 1.721100160 1.105432684 1.249129193 -0.197236741 -0.435197503 0.672898195 0.564720125
19.230000000 1.718110392 1.133278979 1.238431455 -0.225759606 -0.420881449 0.671179034 0.566930428
19.240000000 1.713376273 1.160212076 1.227056155 -0.250088787 -0.401215734 0.680459859 0.559871337
19.250000000 1.707197292 1.186307503 1.214966918 -0.259151691 -0.381974253 0.695599228 0.550525008
19.260000000 1.699754766 1.211909974 1.202107525 -0.258692469 -0.375112425 0.707157997 0.540644469
19.270000000 1.691345510 1.236236032 1.189586578 -0.252577012 -0.374187056 0.719625316 0.527568294
19.280000000 1.682802864 1.258869128 1.177212578 -0.242577947 -0.374278167 0.733165518 0.513361585
19.290000000 1.674683534 1.281347122 1.165005078 -0.230709619 -0.375250421 0.744745273 0.501312948
19.300000000 1.667159255 1.304338850 1.153134049 -0.216395119 -0.377786782 0.754724564 0.490755675
19.310000000 1.659589928 1.327780792 1.142311780 -0.197965795 -0.384514428 0.763365418 0.479824381
19.320000000 1.651859696 1.351840214 1.133080406 -0.177084828 -0.393238070 0.771503694 0.467746549
19.330000000 1.644634122 1.377021039 1.125425860 -0.152105032 -0.402605516 0.779832604 0.454570090
19.340000000 1.637774641 1.403448547 1.118826288 -0.116435671 -0.414521424 0.788550728 0.439092784
19.350000000 1.630412353 1.431134939 1.113134523 -0.069190127 -0.429951684 0.796121870 0.420171684
19.360000000 1.622261736 1.460431437 1.108575326 -0.011989481 -0.447422812 0.801747946 0.396067307
19.370000000 1.613243076 1.490697041 1.105848385 0.049345250 -0.464876294 0.803999456 0.367477826
19.380000000 1.602330467 1.521736889 1.104986405 0.107058156 -0.481121045 0.801584338 0.338413418
19.390000000 1.589298494 1.553157548 1.106136572 0.162161188 -0.493773602 0.796656810 0.308592460
19.400000000 1.574306773 1.584560731 1.109321312 0.217837597 -0.500866549 0.791128756 0.275308506
19.410000000 1.557495206 1.614933752 1.114989832 0.279582026 -0.496173054 0.786666709 0.238331033
19.420000000 1.538224324 1.643813211 1.123130928 0.344410417 -0.477336267 0.783895950 0.197582114
19.430000000 1.515500515 1.671561656 1.133791645 0.401462756 -0.462489195 0.774511437 0.158314354
19.440000000 1.489989620 1.699652691 1.146938734 0.440420106 -0.459623266 0.760574328 0.127684281
19.450000000 1.464375780 1.726087210 1.160524827 0.455655104 -0.457266734 0.755731998 0.110248389
19.460000000 1.438789573 1.751243410 1.173310553 0.444087087 -0.460013677 0.761153697 0.108715804
19.470000000 1.411989764 1.776230230 1.186593226 0.407385699 -0.466480821 0.775344006 0.123588869
19.480000000 1.384877621 1.803042542 1.200850938 0.353343319 -0.468672615 0.796070771 0.147532392
19.490000000 1.359960140 1.831210506 1.214659430 0.302681655 -0.467451442 0.813531482 0.167449973
19.500000000 1.334992172 1.858980906 1.225870267 0.257795498 -0.465344032 0.826136542 0.185727832
19.510000000 1.308767722 1.887254104 1.233724408 0.224940941 -0.467624212 0.831949313 0.196442129
19.520000000 1.281972815 1.916446085 1.239285313 0.188531413 -0.471393689 0.835696981 0.209414548
19.530000000 1.254774252 1.945186395 1.242194642 0.143532500 -0.470175086 0.840755610 0.226856373
19.540000000 1.226698349 1.973085439 1.241394468 0.102478844 -0.463384288 0.845263026 0.245567719
19.550000000 1.199599441 1.999696816 1.238947045 0.058395439 -0.459809857 0.844674439 0.267749809
19.560000000 1.173384702 2.026377342 1.234140456 0.012489299 -0.456589550 0.843391302 0.282950725
19.570000000 1.147901748 2.052965490 1.226517124 -0.018427335 -0.439573879 0.849383266 0.291518964
19.580000000 1.122490539 2.077790668 1.217062145 -0.059146121 -0.428324622 0.852722632 0.293093615
19.590000000 1.097831209 2.100056504 1.205372219 -0.090726426 -0.417283375 0.856020742 0.291327634
19.600000000 1.074603877 2.120990192 1.192248466 -0.112316711 -0.401612788 0.862466799 0.286780658
19.610000000 1.052375491 2.140617082 1.177982128 -0.126216189 -0.390252547 0.868267799 0.279076070
19.620000000 1.030853729 2.158923465 1.163511484 -0.131366418 -0.383283316 0.873837555 0.268783727
19.630000000 1.009587339 2.175260838 1.149514666 -0.124164709 -0.376076651 0.880514823 0.260467125
19.640000000 0.988695628 2.190817226 1.135824730 -0.110778887 -0.374885096 0.884441970 0.254856047
19.650000000 0.966967686 2.206840780 1.123051758 -0.094115829 -0.375037106 0.887579783 0.250382725
19.660000000 0.943581762 2.223279358 1.111304131 -0.074468567 -0.374512474 0.890993609 0.245611947
19.670000000 0.918774285 2.239422918 1.101144983 -0.055455347 -0.372592266 0.893916805 0.242924792
19.680000000 0.893219545 2.255982215 1.092198194 -0.035781640 -0.370760758 0.896723639 0.239045705
19.690000000 0.867597491 2.273646896 1.083674596 -0.012678378 -0.367642631 0.899742692 0.234821726
19.700000000 0.842317891 2.292138424 1.075310464 0.021311487 -0.367404083 0.901094167 0.229323707
19.710000000 0.816767490 2.311082343 1.067599312 0.069307765 -0.369109248 0.899900865 0.221660169
19.720000000 0.790702260 2.330246582 1.061111616 0.130376119 -0.369823765 0.895782309 0.209300037
19.730000000 0.763213183 2.349369594 1.056315283 0.195821733 -0.371972461 0.886281845 0.194408919
19.740000000 0.733136586 2.368419470 1.052771588 0.258914220 -0.375663907 0.871467825 0.179955230
19.750000000 0.698482476 2.387703042 1.050401517 0.316900405 -0.378913445 0.853170314 0.167628013
19.760000000 0.661136476 2.406698064 1.049792062 0.371665251 -0.385969689 0.830062447 0.154559613
19.770000000 0.622302389 2.425209111 1.051252691 0.429468364 -0.387874125 0.803889509 0.137376289
19.780000000 0.582410245 2.442476814 1.055357690 0.485898864 -0.385280873 0.774945780 0.122147374
19.790000000 0.539842395 2.458332653 1.061484771 0.532943729 -0.390331295 0.742714724 0.109486530
19.800000000 0.496834731 2.472662754 1.069363735 0.567266249 -0.401267711 0.712188811 0.099901575
19.810000000 0.454005028 2.486626323 1.080365542 0.589044942 -0.408460133 0.689557966 0.103422378
19.820000000 0.411728249 2.499483403 1.093270467 0.573431138 -0.418057920 0.692284787 0.130943040
19.830000000 0.369190226 2.511311102 1.106922722 0.538534472 -0.418603065 0.712876962 0.162967893
19.840000000 0.326867948 2.523780634 1.120550859 0.492790187 -0.420339918 0.734763087 0.201482977
19.850000000 0.285139812 2.536877097 1.131631656 0.447069233 -0.411080131 0.759566907 0.232809666
19.860000000 0.240914161 2.549069871 1.138626234 0.413789578 -0.403615981 0.773380073 0.260299034
19.870000000 0.196956364 2.560102246 1.142686599 0.383788502 -0.401124648 0.780635298 0.287078270
19.880000000 0.154054936 2.570896261 1.144465427 0.350992792 -0.388783132 0.790410577 0.317652098
19.890000000 0.112914303 2.582650808 1.144446915 0.305038322 -0.364302553 0.810966555 0.341421321
19.900000000 0.071944573 2.595362466 1.142783168 0.261824958 -0.330430339 0.833530115 0.357058861
19.910000000 0.031768493 2.608153853 1.138966871 0.220300410 -0.303385725 0.850246464 0.369466889
19.920000000 -0.005854755 2.621197415 1.133022784 0.172978711 -0.279708819 0.868219710 0.371531799
19.930000000 -0.041856964 2.633508725 1.124365464 0.131303484 -0.247602018 0.889363662 0.361226954
19.940000000 -0.078086776 2.644005869 1.114451215 0.101181352 -0.205599835 0.911755530 0.340870790
19.950000000 -0.113865724 2.652151243 1.103586014 0.070759847 -0.174457937 0.927867954 0.321898326
19.960000000 -0.147364257 2.659272365 1.092009915 0.050023747 -0.140012096 0.945392139 0.290048172
19.970000000 -0.179308824 2.665415268 1.080163382 0.039752519 -0.099756794 0.960760314 0.255749757
19.980000000 -0.210380716 2.670147637 1.067884153 0.043584591 -0.062168906 0.971391129 0.225021519
19.990000000 -0.241143352 2.673747017 1.055419982 0.051148372 -0.038387781 0.977856021 0.199268220
20.000000000 -0.271932010 2.675758107 1.043547206 0.067294732 -0.020992300 0.980910805 0.181231163
20.010000000 -0.302362056 2.678115382 1.032198053 0.080078446 -0.006401647 0.982628126 0.167297422
20.020000000 -0.332338839 2.681483895 1.021099036 0.084899790 -0.000847441 0.983852016 0.157564333
20.030000000 -0.361471311 2.685649155 1.010465592 0.086419231 -0.001770505 0.984771001 0.150846468
20.040000000 -0.389914312 2.690350352 1.000462804 0.091390195 -0.006624570 0.985074389 0.145713399
20.050000000 -0.418154803 2.695355591 0.991720036 0.104891250 -0.015729533 0.983802348 0.144510715
20.060000000 -0.446696211 2.701033427 0.985106678 0.125296559 -0.025778111 0.980958180 0.146141408
20.070000000 -0.475765348 2.707531308 0.980774661 0.152748461 -0.033927876 0.976358897 0.149131186
20.080000000 -0.504761854 2.714729307 0.978583474 0.192495983 -0.039599756 0.968309065 0.154125633
20.090000000 -0.533667227 2.721978389 0.978360839 0.243322843 -0.044060878 0.955599239 0.160258315
20.100000000 -0.563463657 2.729844675 0.979865868 0.299121792 -0.048071713 0.938441179 0.165962099
20.110000000 -0.594880480 2.738160064 0.983166943 0.353907943 -0.051559415 0.917941179 0.171682227
20.120000000 -0.626838171 2.747074488 0.987931759 0.405618847 -0.055994233 0.894882936 0.177545846
20.130000000 -0.659276728 2.756753926 0.994048029 0.457230048 -0.055204765 0.869435910 0.178813633
20.140000000 -0.692672190 2.766775965 1.001837683 0.507881813 -0.048268044 0.840828563 0.180924257
20.150000000 -0.726580988 2.776313977 1.011513794 0.555917624 -0.054602595 0.809188197 0.182177423
20.160000000 -0.761612900 2.784949301 1.022311444 0.589760167 -0.065247845 0.785381247 0.176357482
20.170000000 -0.796961951 2.792615485 1.034863703 0.592597587 -0.067665972 0.783177208 0.175735246
20.180000000 -0.832140506 2.799518476 1.048655194 0.576003773 -0.072496753 0.793566912 0.182251012
20.190000000 -0.866791871 2.807545338 1.064480802 0.547036731 -0.069491781 0.812267002 0.190115818
20.200000000 -0.900166692 2.817174660 1.080826199 0.501669681 -0.056580663 0.839879769 0.199319176
20.210000000 -0.932337708 2.827452578 1.095377064 0.458141366 -0.042301299 0.863554924 0.206373405
20.220000000 -0.964184888 2.838605684 1.108520505 0.424869602 -0.027798392 0.879792902 0.211370576
20.230000000 -0.995360830 2.850113474 1.119499759 0.400544774 -0.016841851 0.889999244 0.217213217
20.240000000 -1.024265562 2.861738329 1.128507416 0.368624334 -0.006561562 0.902358308 0.223209609
20.250000000 -1.052067732 2.874364362 1.135253356 0.326611621 0.007940025 0.917631678 0.226304900
20.260000000 -1.079566187 2.888050615 1.139674067 0.285685097 0.024619425 0.930554330 0.227698370
20.270000000 -1.106203041 2.902246842 1.142064923 0.239959041 0.032508352 0.941384361 0.234858151
20.280000000 -1.130853583 2.916723890 1.142641437 0.192664779 0.032527606 0.950732946 0.240684653
20.290000000 -1.154584848 2.930665353 1.141439452 0.156382096 0.045884334 0.957080708 0.239657643
20.300000000 -1.177633670 2.944138143 1.139180304 0.126699234 0.059030761 0.960340009 0.241266947
20.310000000 -1.198655155 2.956869663 1.136253139 0.101694850 0.052176641 0.962409451 0.246381419
20.320000000 -1.217964546 2.969889236 1.131153483 0.090445061 0.044286625 0.964124892 0.245604515
20.330000000 -1.236228286 2.983417556 1.123603629 0.092982776 0.036905739 0.965343879 0.241046395
20.340000000 -1.252756376 2.997791118 1.115051277 0.100737001 0.019688987 0.966766698 0.234150704
20.350000000 -1.268554259 3.012717364 1.107586421 0.108640177 0.010116487 0.968096977 0.225573074
20.360000000 -1.284133317 3.028343154 1.100806704 0.117020905 0.009222165 0.969725635 0.214133727
20.370000000 -1.300315281 3.044464589 1.095047176 0.123252216 0.000463692 0.971189748 0.203958695
20.380000000 -1.316814630 3.061328235 1.090417997 0.129505006 -0.012507037 0.972289248 0.194230907
20.390000000 -1.333056612 3.079020063 1.087249094 0.143633694 -0.030638369 0.971478212 0.186173938
20.400000000 -1.349089914 3.097065839 1.085888656 0.167329050 -0.047528403 0.968245335 0.179563390
20.410000000 -1.365367198 3.115598908 1.086212837 0.200131795 -0.061037096 0.962427575 0.173074842
20.420000000 -1.382383690 3.134627663 1.088077148 0.246299004 -0.072217417 0.951943195 0.167109541
20.430000000 -1.400048757 3.153898335 1.091903539 0.300074433 -0.081919244 0.937187652 0.157872978
20.440000000 -1.418095843 3.172906536 1.098299145 0.351677285 -0.091026406 0.919961787 0.147334961
20.450000000 -1.436888031 3.191172753 1.107188459 0.397862876 -0.094446491 0.902314990 0.136428189
20.460000000 -1.456609142 3.208337325 1.118297827 0.443529996 -0.094001354 0.882985195 0.121581383
20.470000000 -1.476810673 3.224077752 1.131854453 0.492651034 -0.082611183 0.859862770 0.105386748
20.480000000 -1.495494964 3.238298939 1.146741760 0.547178433 -0.046337925 0.831758176 0.081405747
20.490000000 -1.512318134 3.250713361 1.161808909 0.594588041 -0.010532955 0.802185000 0.053416709
20.500000000 -1.527637726 3.262676588 1.177772409 0.634847828 0.005393586 0.771813010 0.035267853
20.510000000 -1.542669428 3.275475371 1.193756380 0.660812025 0.023919518 0.750123473 0.008372521
20.520000000 -1.556466301 3.289827285 1.210140928 0.673932222 0.042884430 0.737489312 -0.009262873
20.530000000 -1.568422958 3.304471607 1.226523948 0.662689151 0.050093208 0.746949255 -0.020014245
20.540000000 -1.579861756 3.319421563 1.242968912 0.640774338 0.066895144 0.763991457 -0.035360171
20.550000000 -1.591773568 3.335021191 1.259111259 0.618329408 0.075890704 0.780467148 -0.052729260
20.560000000 -1.601076206 3.348248835 1.272485148 0.593138678 0.087145376 0.796497345 -0.078639503
20.570000000 -1.608048601 3.359278228 1.282978438 0.568293192 0.095476830 0.810775326 -0.102812419
20.580000000 -1.612874792 3.370500876 1.290943439 0.549318746 0.100950152 0.820092126 -0.124526651
20.590000000 -1.615735686 3.382379402 1.296438040 0.524945613 0.101253657 0.832473271 -0.145492451
20.600000000 -1.617177548 3.395754940 1.299332333 0.493364128 0.097116989 0.849136089 -0.161641672
20.610000000 -1.619058776 3.409808853 1.300352765 0.457949506 0.084781355 0.867978542 -0.172358991
20.620000000 -1.621670787 3.424340025 1.300187632 0.422567113 0.067499675 0.886708985 -0.175008587
20.630000000 -1.625283907 3.439379458 1.299107035 0.397795065 0.026854954 0.904414888 -0.151893411
20.640000000 -1.628688143 3.454757030 1.296757465 0.372710204 -0.020123148 0.919655951 -0.122127370
20.650000000 -1.631423016 3.469097947 1.293599173 0.348302091 -0.072419170 0.930436555 -0.087914352
20.660000000 -1.633443329 3.482581531 1.289569838 0.322522131 -0.116793765 0.937141930 -0.064060088
20.670000000 -1.636763562 3.496511013 1.284855919 0.296852299 -0.136119166 0.943832528 -0.050303516
20.680000000 -1.641683166 3.511301859 1.279932742 0.283094808 -0.150965393 0.946066260 -0.045004570
20.690000000 -1.647602084 3.526568263 1.275625495 0.279689127 -0.162840032 0.945489149 -0.036157793
20.700000000 -1.654317361 3.543724729 1.271884089 0.284189371 -0.182688055 0.940784229 -0.028044810
20.710000000 -1.662206873 3.563040241 1.268945912 0.293993831 -0.202029840 0.933802204 -0.027658891
20.720000000 -1.671700862 3.584742457 1.266982366 0.304846189 -0.223196952 0.925366297 -0.030808092
20.730000000 -1.681811767 3.607037078 1.266824836 0.313154467 -0.243566790 0.917261764 -0.035218685
20.740000000 -1.692129311 3.629012465 1.268445493 0.317316185 -0.260369006 0.910808925 -0.044108072
20.750000000 -1.703349751 3.650117941 1.271855323 0.312864842 -0.274786740 0.907427164 -0.056424997
20.760000000 -1.715490136 3.670152430 1.277022210 0.305102615 -0.288877896 0.904911757 -0.067798735
20.770000000 -1.728105732 3.689176583 1.283588052 0.299866502 -0.299874036 0.902306402 -0.077451920
20.780000000 -1.740725947 3.706742754 1.290970241 0.301953145 -0.303403044 0.899340434 -0.089205797
20.790000000 -1.753282093 3.722569494 1.299014064 0.314181916 -0.299916886 0.894644254 -0.104648193
20.800000000 -1.766135148 3.736650340 1.307082317 0.337781585 -0.295153542 0.885453780 -0.121489058
20.810000000 -1.779420539 3.749112292 1.314982839 0.370625954 -0.287420292 0.871724095 -0.141855846
20.820000000 -1.792595295 3.760134094 1.322450790 0.403373757 -0.276912241 0.856239371 -0.165720734
20.830000000 -1.805110563 3.769751815 1.329335235 0.430215407 -0.257732529 0.843331067 -0.193083810
20.840000000 -1.816492677 3.778261811 1.335719048 0.445568426 -0.219361046 0.837526062 -0.227814846
20.850000000 -1.827039934 3.786154302 1.342155585 0.458971000 -0.168673336 0.832772933 -0.259584608
20.860000000 -1.837394591 3.794212400 1.348757682 0.474986287 -0.136062340 0.823415635 -0.279037200
20.870000000 -1.848021166 3.803851494 1.357188855 0.489885214 -0.122144494 0.812233432 -0.292181538
20.880000000 -1.858774071 3.812767023 1.365878865 0.494326150 -0.117089648 0.807473638 -0.299863294
20.890000000 -1.869481411 3.820262634 1.374353817 0.483736858 -0.123376357 0.811088324 -0.304815776
20.900000000 -1.880888735 3.826178270 1.383069961 0.458750840 -0.139815581 0.820025742 -0.312341244
20.910000000 -1.892426112 3.830414356 1.390547471 0.428518282 -0.156034845 0.830484730 -0.319875480
20.920000000 -1.902863636 3.832687617 1.395927718 0.402712452 -0.164790437 0.838428450 -0.328183680
20.930000000 -1.911704345 3.833572760 1.399308424 0.385145736 -0.170384704 0.842111861 -0.336867078
20.940000000 -1.919192703 3.833966420 1.401187259 0.374072089 -0.175402427 0.843840418 -0.342399487
20.950000000 -1.925618631 3.833828574 1.401457321 0.357909817 -0.180190617 0.848760240 -0.345018781
20.960000000 -1.930957681 3.833511006 1.399714260 0.333677510 -0.187735542 0.857193044 -0.344433986
20.970000000 -1.935260254 3.833173019 1.395698785 0.309101968 -0.200538078 0.865888059 -0.338346453
20.980000000 -1.938359561 3.833600429 1.389733792 0.290860009 -0.218846354 0.873317036 -0.323765475
20.990000000 -1.941237560 3.834531536 1.382512252 0.279818911 -0.249632089 0.877489052 -0.298995252
21.000000000 -1.943836229 3.836224539 1.374509178 0.274015214 -0.291235948 0.876997766 -0.266406087
21.010000000 -1.947450064 3.837385967 1.365033662 0.264294269 -0.320512423 0.877044287 -0.241275041
21.020000000 -1.952869669 3.839814556 1.355252490 0.246442652 -0.335223632 0.880299013 -0.227957854
21.030000000 -1.959686759 3.843395255 1.345069929 0.231968885 -0.344589524 0.882370346 -0.221068020
21.040000000 -1.967724698 3.847182729 1.335239095 0.221921616 -0.347410962 0.883501428 -0.222444707
21.050000000 -1.976852168 3.850940761 1.325425688 0.216172833 -0.346780974 0.883503499 -0.228984344
21.060000000 -1.986159897 3.854814699 1.315632628 0.218622354 -0.340805109 0.881074790 -0.244465453
21.070000000 -1.996024121 3.858887095 1.306136367 0.224255935 -0.334590203 0.877021011 -0.261902307
21.080000000 -2.007122893 3.862618079 1.298131848 0.229230408 -0.330506735 0.872197662 -0.278370179
21.090000000 -2.019255644 3.865449409 1.292398638 0.230710545 -0.328091595 0.867374254 -0.294602196
21.100000000 -2.032031340 3.867186496 1.288849128 0.224929854 -0.327246472 0.864282940 -0.308757683
21.110000000 -2.045389355 3.867731063 1.287021435 0.214914575 -0.330611639 0.862153724 -0.318117315
21.120000000 -2.059289429 3.867592706 1.286868375 0.205040574 -0.334782710 0.860402796 -0.324939885
21.130000000 -2.073616300 3.867152223 1.288077926 0.194647342 -0.336251124 0.860000075 -0.330828453
21.140000000 -2.088264634 3.866588503 1.290042798 0.190053632 -0.332488992 0.860272233 -0.336544756
21.150000000 -2.103112455 3.865549531 1.291867041 0.198657373 -0.323835896 0.859032920 -0.343115144
21.160000000 -2.118063289 3.863904170 1.293148690 0.223924175 -0.309651923 0.854987419 -0.350671019
21.170000000 -2.133504627 3.861898343 1.293902482 0.261386976 -0.288920170 0.847878060 -0.359589737
21.180000000 -2.149356661 3.859736031 1.294924885 0.302575263 -0.264688629 0.837719288 -0.369614033
21.190000000 -2.165396374 3.857661058 1.296286686 0.343066951 -0.239867103 0.825383532 -0.378828279
21.200000000 -2.181308996 3.854790143 1.297267939 0.375516172 -0.213184247 0.814447076 -0.387577142
21.210000000 -2.196802883 3.851095551 1.298157552 0.395529132 -0.174995386 0.806289526 -0.403522640
21.220000000 -2.211979295 3.846553367 1.298941826 0.420558916 -0.130911530 0.795672321 -0.415809966
21.230000000 -2.227347608 3.841189392 1.299804079 0.441276419 -0.114226306 0.783121652 -0.423022401
21.240000000 -2.241994691 3.835152033 1.300159479 0.459224978 -0.104187417 0.772161511 -0.426642711
21.250000000 -2.255599884 3.828097067 1.300403201 0.470606453 -0.116660983 0.763579856 -0.426457015
21.260000000 -2.267279283 3.820138327 1.300313925 0.462765540 -0.137988776 0.765602479 -0.425041171
21.270000000 -2.278516454 3.811419645 1.300232266 0.445881535 -0.175375032 0.772145978 -0.417401298
21.280000000 -2.290300422 3.802641907 1.298508463 0.431512310 -0.207639446 0.778322888 -0.406074461
21.290000000 -2.300540743 3.793407006 1.294662173 0.413560514 -0.234821271 0.785940812 -0.395124933
21.300000000 -2.308850054 3.783806998 1.288806677 0.396973342 -0.258103754 0.793078990 -0.383171415
21.310000000 -2.315817280 3.773946530 1.281984625 0.380600801 -0.275817568 0.801918326 -0.368774591
21.320000000 -2.321905418 3.764175047 1.274474461 0.355169655 -0.296646976 0.814072133 -0.350915446
21.330000000 -2.327738875 3.754987836 1.266164825 0.331190727 -0.317445162 0.823581892 -0.333547806
21.340000000 -2.332790050 3.746948837 1.256788966 0.303690291 -0.337044801 0.832787054 -0.317236082
21.350000000 -2.338466027 3.739884160 1.246890727 0.289500194 -0.359937245 0.836394317 -0.295092128
21.360000000 -2.345378916 3.733070924 1.236248896 0.271068095 -0.384724328 0.837759073 -0.276891703
21.370000000 -2.352787048 3.725947976 1.224161114 0.244905786 -0.385664426 0.844650042 -0.279016869
21.380000000 -2.360033220 3.717598048 1.211400177 0.209912600 -0.377841505 0.852565779 -0.293775576
21.390000000 -2.367230506 3.708717242 1.198541057 0.187468720 -0.365508275 0.858477230 -0.307044012
21.400000000 -2.373718846 3.699057363 1.185748866 0.172793260 -0.332717495 0.865572646 -0.332002338
21.410000000 -2.380277650 3.688314113 1.172932611 0.173294730 -0.300002377 0.865976282 -0.360628050
21.420000000 -2.387551898 3.676008245 1.160467220 0.179121028 -0.271237209 0.863501385 -0.385631160
21.430000000 -2.396038147 3.662815523 1.148518435 0.187072712 -0.244742050 0.859678016 -0.407503175
21.440000000 -2.405665253 3.649749366 1.137099286 0.189921531 -0.217429653 0.856116404 -0.428624381
21.450000000 -2.415735689 3.636528681 1.125818119 0.189387134 -0.191462012 0.854192791 -0.444780268
21.460000000 -2.425857115 3.623096026 1.114337858 0.191218300 -0.170207949 0.851721474 -0.457203835
21.470000000 -2.436094900 3.609713302 1.103189337 0.193883844 -0.150553922 0.848683227 -0.468486235
21.480000000 -2.446323273 3.596295863 1.092919617 0.197981436 -0.132595451 0.845383058 -0.478068282
21.490000000 -2.457068562 3.582391816 1.083899686 0.207243229 -0.112757330 0.842022423 -0.485112633
21.500000000 -2.468753887 3.567903319 1.076281982 0.228200399 -0.083778329 0.837693742 -0.489055175
21.510000000 -2.481169872 3.552622884 1.070320978 0.253913519 -0.051447795 0.831479273 -0.491450168
21.520000000 -2.494212438 3.536710578 1.065805881 0.286697310 -0.019229851 0.821497236 -0.492521225
21.530000000 -2.507822903 3.520154503 1.062579884 0.324601883 0.013041713 0.807973321 -0.491571606
21.540000000 -2.522538001 3.502656245 1.061247839 0.363536476 0.043178390 0.792184125 -0.488283902
21.550000000 -2.537891220 3.483986139 1.061909676 0.401823765 0.073460152 0.774926340 -0.482317775
21.560000000 -2.553093318 3.465070221 1.064784657 0.427891454 0.112508916 0.754608241 -0.484579250
21.570000000 -2.567579484 3.445155481 1.069171379 0.448946776 0.162879680 0.730857355 -0.487611043
21.580000000 -2.580641809 3.424696288 1.074639065 0.468670744 0.204355746 0.712209504 -0.480982417
21.590000000 -2.594620640 3.403617568 1.080939413 0.490444992 0.230894416 0.690014940 -0.479615326
21.600000000 -2.608482679 3.381511245 1.088551448 0.512371456 0.239273375 0.673218656 -0.476445573
21.610000000 -2.621487364 3.359320372 1.097662345 0.516081807 0.224519285 0.676890144 -0.474415843
21.620000000 -2.633242837 3.338164792 1.107928059 0.499080386 0.195677474 0.695425021 -0.478553168
21.630000000 -2.645330605 3.317891221 1.118013361 0.481478139 0.154669510 0.714492052 -0.483484490
21.640000000 -2.655976046 3.297673975 1.126978800 0.455483975 0.118541860 0.734322778 -0.489134168
21.650000000 -2.665307029 3.277261162 1.134061350 0.433576627 0.087920229 0.750892430 -0.490348754
21.660000000 -2.673260914 3.257682352 1.138990144 0.416661119 0.064018703 0.763588695 -0.489108805
21.670000000 -2.680236354 3.239581840 1.142378949 0.396416400 0.041016378 0.778085019 -0.485546494
21.680000000 -2.686440312 3.222500470 1.144244125 0.370640230 0.014764302 0.792549385 -0.484017879
21.690000000 -2.692321846 3.205670016 1.144311293 0.342897665 -0.009071082 0.805268652 -0.483612763
21.700000000 -2.698274666 3.188526955 1.143003421 0.319346005 -0.031884694 0.815125999 -0.482256260
21.710000000 -2.704970874 3.171053939 1.140368043 0.295455349 -0.062245315 0.820559422 -0.485297737
21.720000000 -2.711119444 3.152514882 1.135503444 0.265157123 -0.077647640 0.822185995 -0.497667293
21.730000000 -2.716339855 3.132466992 1.130487877 0.231610789 -0.084075528 0.820559923 -0.515721980
21.740000000 -2.721209784 3.111440788 1.125145670 0.205427566 -0.088293344 0.813602972 -0.536706628
21.750000000 -2.725498267 3.089589177 1.119407268 0.185922044 -0.084530970 0.804107634 -0.558299581
21.760000000 -2.729315111 3.067017970 1.113171064 0.173876903 -0.073723825 0.792909523 -0.579332468
21.770000000 -2.732942578 3.043924456 1.106357710 0.167598062 -0.058565574 0.778555758 -0.601940108
21.780000000 -2.736285814 3.020654585 1.099449946 0.163687688 -0.039455268 0.764735936 -0.621955441
21.790000000 -2.739702590 2.997692699 1.092611719 0.162845795 -0.022608623 0.752629108 -0.637588835
21.800000000 -2.743206118 2.975123947 1.085904118 0.162637520 -0.009930421 0.742319278 -0.649932699
21.810000000 -2.746707455 2.952239042 1.079616396 0.164184839 0.003636533 0.734146529 -0.658831533
21.820000000 -2.750289107 2.929433891 1.074532348 0.167801195 0.015414316 0.726250695 -0.666457115
21.830000000 -2.754159108 2.906652793 1.070876487 0.176281573 0.021949235 0.718182655 -0.672797675
21.840000000 -2.758437581 2.883757894 1.068649543 0.190100308 0.029710216 0.710638277 -0.676736592
21.850000000 -2.763251937 2.860473656 1.067910268 0.207191176 0.050691591 0.703949959 -0.677463382
21.860000000 -2.768495615 2.836721447 1.068796453 0.228083587 0.082410902 0.696866902 -0.674953955
21.870000000 -2.773923000 2.812280087 1.071197009 0.254300077 0.116510335 0.687655580 -0.669990012
21.880000000 -2.779344912 2.786795783 1.074723221 0.287162203 0.153533067 0.675450217 -0.661613536
21.890000000 -2.784768614 2.759888030 1.079623936 0.319273214 0.190434886 0.661681014 -0.651135473
21.900000000 -2.789498927 2.731935012 1.086014503 0.350380880 0.226683577 0.646261250 -0.638900769
21.910000000 -2.793791638 2.703824296 1.094117238 0.376789709 0.263561659 0.628344494 -0.627493398
21.920000000 -2.797258456 2.675606872 1.103700187 0.393165337 0.312036750 0.605933355 -0.617170036
21.930000000 -2.799408821 2.647530422 1.114420371 0.407593013 0.360652541 0.581038474 -0.605137978
21.940000000 -2.800953218 2.618678433 1.127050757 0.430613096 0.387066576 0.558822215 -0.593691469
21.950000000 -2.802599050 2.589481221 1.140128852 0.449294418 0.407604792 0.538550379 -0.584770339
21.960000000 -2.803776986 2.560312686 1.153617583 0.462085900 0.410459424 0.532819435 -0.578016550
21.970000000 -2.803385708 2.532927597 1.166291971 0.460141979 0.393127253 0.546521885 -0.578821346
21.980000000 -2.802535029 2.506646154 1.178525759 0.446205347 0.362049234 0.566047712 -0.591110081
21.990000000 -2.803198334 2.480114188 1.190191722 0.432033243 0.326268733 0.583178340 -0.605639344
22.000000000 -2.803394247 2.453999224 1.200717046 0.411653454 0.294627359 0.598765563 -0.620657678
22.010000000 -2.802499463 2.428425002 1.209293424 0.393178462 0.268178069 0.612045776 -0.631578330
22.020000000 -2.801414283 2.404068181 1.215765324 0.379708160 0.244674435 0.625470520 -0.636193966
22.030000000 -2.800441675 2.381049691 1.220626939 0.361733193 0.220065659 0.639935917 -0.641250517
22.040000000 -2.799528335 2.358330130 1.223813897 0.338196676 0.191698143 0.654579870 -0.648382622
22.050000000 -2.798863638 2.335486770 1.225635207 0.317015053 0.163894778 0.669046480 -0.651933099
22.060000000 -2.798639728 2.312844078 1.226349672 0.302426451 0.126548229 0.683382400 -0.652313025
22.070000000 -2.798437950 2.290952376 1.225518577 0.283818704 0.098058142 0.695847608 -0.652401448
22.080000000 -2.797930495 2.270528260 1.223471672 0.266516996 0.069975401 0.701276955 -0.657482141
22.090000000 -2.797073015 2.250529622 1.220375951 0.245825465 0.051332625 0.698175932 -0.670436552
22.100000000 -2.794963922 2.231146819 1.217678609 0.231296193 0.033975036 0.692973391 -0.682008539
22.110000000 -2.793266571 2.212807599 1.214463950 0.209931110 0.029709796 0.679865244 -0.702018168
22.120000000 -2.791274706 2.195048076 1.210698112 0.196219674 0.036460284 0.664647406 -0.720008550
22.130000000 -2.789033339 2.177307651 1.206918038 0.193159699 0.045012746 0.648652377 -0.734787913
22.140000000 -2.786456486 2.159265444 1.203559439 0.193349166 0.061256438 0.635272499 -0.745179576
22.150000000 -2.784733346 2.139851883 1.201195033 0.197761732 0.072079036 0.622579805 -0.753716987
22.160000000 -2.783678582 2.119548627 1.200033133 0.200815662 0.080039495 0.610077347 -0.762281037
22.170000000 -2.782670935 2.098655897 1.200169432 0.203819984 0.080472119 0.598423071 -0.770630573
22.180000000 -2.781185005 2.077454370 1.201779896 0.207649356 0.078213786 0.590146949 -0.776202891
22.190000000 -2.779542769 2.055953072 1.204794627 0.212282119 0.082546385 0.583398748 -0.779594957
22.200000000 -2.777797656 2.034350412 1.209298495 0.215715526 0.093094109 0.576546599 -0.782556271
22.210000000 -2.775659637 2.012812114 1.215122385 0.222847090 0.110929475 0.569199002 -0.783611079
22.220000000 -2.772826520 1.990968221 1.221918898 0.240126690 0.137684893 0.561006247 -0.780162825
22.230000000 -2.770147379 1.968786997 1.229654155 0.261525012 0.176423688 0.551693085 -0.772084251
22.240000000 -2.767593661 1.946312921 1.238606945 0.283240437 0.215553520 0.539238746 -0.763238567
22.250000000 -2.764901032 1.923690976 1.249039907 0.306662874 0.253746998 0.525169995 -0.752174727
22.260000000 -2.761694238 1.900677257 1.260907737 0.327416184 0.287196220 0.511486087 -0.740742166
22.270000000 -2.758464790 1.878646695 1.273496432 0.342401814 0.323959326 0.494638836 -0.730166950
22.280000000 -2.754292898 1.856764302 1.286228629 0.336405720 0.385105468 0.470312674 -0.719257227
22.290000000 -2.749740432 1.836431965 1.299024927 0.334811511 0.425356233 0.456923021 -0.705829073
22.300000000 -2.745117569 1.815593085 1.312143728 0.346134486 0.455076835 0.433479861 -0.696556675
22.310000000 -2.740372319 1.793415491 1.326188854 0.363877775 0.464986983 0.416708738 -0.691182970
22.320000000 -2.735018304 1.773065365 1.339675520 0.372702110 0.450689558 0.417853407 -0.695248581
22.330000000 -2.728893079 1.754316888 1.351861358 0.364972443 0.423264207 0.431713656 -0.708001304
22.340000000 -2.723286701 1.734373302 1.363345326 0.361421601 0.391248158 0.443257196 -0.720987075
22.350000000 -2.716865942 1.713666203 1.373508299 0.350024338 0.356934095 0.454198119 -0.737417848
22.360000000 -2.708959223 1.693645019 1.381537309 0.337010132 0.328148725 0.464024644 -0.750615558
22.370000000 -2.700367215 1.675002498 1.387883076 0.326725273 0.303778038 0.474976976 -0.758529084
22.380000000 -2.692219703 1.657906241 1.392620765 0.313818977 0.276155415 0.487645066 -0.766458169
22.390000000 -2.684770325 1.641426063 1.395345546 0.299028625 0.246075743 0.499292918 -0.775071088
22.400000000 -2.677408131 1.626151210 1.395460510 0.278956237 0.213697941 0.508307616 -0.786218784
22.410000000 -2.669883865 1.611230683 1.393759068 0.259099868 0.186427047 0.516564212 -0.794527299
22.420000000 -2.662263220 1.596464255 1.390555376 0.245991094 0.153004381 0.535018921 -0.793620057
22.430000000 -2.655293415 1.581839355 1.386277766 0.242307494 0.111860354 0.548879686 -0.792152403
22.440000000 -2.648467580 1.566674721 1.381712245 0.232377156 0.090463894 0.556955180 -0.792223497
22.450000000 -2.640670196 1.553232595 1.378182358 0.221764648 0.064553479 0.557547787 -0.797366763
22.460000000 -2.633352082 1.540902337 1.374079519 0.205746010 0.044385677 0.548461998 -0.809251461
22.470000000 -2.626561305 1.529269307 1.369499538 0.193267143 0.036123832 0.534458762 -0.822007732
22.480000000 -2.619164199 1.517772214 1.364996416 0.189158214 0.033326719 0.521336678 -0.831454490
22.490000000 -2.611144493 1.506172436 1.360899577 0.184517824 0.039241923 0.508950295 -0.839870729
22.500000000 -2.603024605 1.493683168 1.357019989 0.179402618 0.047014066 0.497420529 -0.847453359
22.510000000 -2.595355705 1.480419348 1.354027542 0.176474157 0.050710785 0.487010940 -0.853876825
22.520000000 -2.588083407 1.466252759 1.352361173 0.170929157 0.052610871 0.477787180 -0.860078328
22.530000000 -2.580969075 1.451456284 1.352355254 0.169629365 0.048669524 0.469486186 -0.865124197
22.540000000 -2.573450986 1.436118270 1.353909113 0.168728207 0.047389245 0.463741614 -0.868463452
22.550000000 -2.565952204 1.420179544 1.356927692 0.166957065 0.049314745 0.459490578 -0.870954535
22.560000000 -2.558633968 1.403514925 1.361062795 0.166977584 0.062424495 0.456611268 -0.871623668
22.570000000 -2.551381461 1.386233022 1.366284731 0.169496194 0.089752097 0.454293035 -0.869961746
22.580000000 -2.544078500 1.368440772 1.372536714 0.178427429 0.123968619 0.450566194 -0.865901576
22.590000000 -2.536979005 1.350192368 1.379381910 0.193956407 0.163281957 0.445386094 -0.858691529
22.600000000 -2.529424304 1.331392245 1.386634202 0.211810528 0.204488025 0.438706291 -0.849033414
22.610000000 -2.521613945 1.311779637 1.394751336 0.228747669 0.245044693 0.432418425 -0.837043552
22.620000000 -2.513762050 1.291882224 1.403852496 0.245252432 0.283235877 0.425644101 -0.823684274
22.630000000 -2.505323827 1.272100323 1.413381384 0.260891380 0.323454524 0.416004866 -0.808858956
22.640000000 -2.496002621 1.252280790 1.423117714 0.263882329 0.375276669 0.400929661 -0.792962134
22.650000000 -2.485891100 1.233850338 1.433641267 0.261036032 0.428023367 0.386694133 -0.774030900
22.660000000 -2.475050857 1.214788294 1.444828618 0.275928821 0.467880446 0.370913039 -0.753242784
22.670000000 -2.462961061 1.196056439 1.456620329 0.299776620 0.495771181 0.352176965 -0.735062106
22.680000000 -2.450258446 1.179162789 1.468467916 0.314740280 0.504583817 0.344548507 -0.726374597
22.690000000 -2.437388425 1.165728346 1.479036971 0.320666079 0.487988777 0.351523892 -0.731758958
22.700000000 -2.423772403 1.152724881 1.489323849 0.321577205 0.459102571 0.365417700 -0.743157342
22.710000000 -2.409162826 1.138474725 1.498970654 0.318405249 0.429456740 0.378297869 -0.755695525
22.720000000 -2.393499852 1.123828303 1.507276533 0.310004610 0.398963396 0.389924453 -0.769859904
22.730000000 -2.377344458 1.109758487 1.514051775 0.301803029 0.370573892 0.402484674 -0.780766296
22.740000000 -2.362102163 1.096377304 1.519228736 0.293194501 0.344271173 0.416984605 -0.788440349
22.750000000 -2.347971164 1.083744747 1.522844766 0.281487076 0.314624133 0.430933256 -0.797541980
22.760000000 -2.334458270 1.072004103 1.524168682 0.266447723 0.282569479 0.443330442 -0.807847894
22.770000000 -2.321068447 1.061257036 1.523226921 0.250817674 0.252347628 0.456136253 -0.815690436
22.780000000 -2.308211410 1.050734240 1.520697446 0.244498436 0.217058089 0.473285954 -0.817989430
22.790000000 -2.296114819 1.040564308 1.516978443 0.248723375 0.175030333 0.487816751 -0.818251723
22.800000000 -2.283573422 1.029979844 1.512633359 0.240047335 0.147461964 0.491500704 -0.824050547
22.810000000 -2.271005633 1.020321001 1.508583610 0.225515972 0.128820055 0.491439280 -0.831285375
22.820000000 -2.258310679 1.010532204 1.505320112 0.209771221 0.115837070 0.485096305 -0.840987148
22.830000000 -2.246633722 1.000648498 1.501816245 0.190522088 0.117174041 0.468235710 -0.854825653
22.840000000 -2.235277254 0.990019341 1.498732151 0.183627971 0.126455450 0.449493615 -0.865011721
22.850000000 -2.223651752 0.978660586 1.496101897 0.183560731 0.141627762 0.432205294 -0.871461771
22.860000000 -2.211990807 0.967015675 1.493657582 0.181076049 0.159658303 0.416727440 -0.876389714
22.870000000 -2.200628078 0.954610940 1.491372687 0.178234943 0.174519501 0.402566913 -0.880746916
22.880000000 -2.189567234 0.941264206 1.489806160 0.177311144 0.183546038 0.388788011 -0.885277071
22.890000000 -2.178485681 0.927390929 1.489438252 0.177881711 0.186177913 0.376939405 -0.889726119
22.900000000 -2.167138766 0.913233479 1.490620407 0.182366139 0.188888869 0.367730425 -0.892097484
22.910000000 -2.155512934 0.898634790 1.493457652 0.185869291 0.196111784 0.360053505 -0.892946946
22.920000000 -2.143654813 0.883519708 1.497819569 0.189624150 0.214267794 0.352755676 -0.890895856
22.930000000 -2.131676407 0.868059155 1.503561203 0.197427032 0.243120814 0.344977349 -0.884819454
22.940000000 -2.119542282 0.852270343 1.510576972 0.208519350 0.282664196 0.336718239 -0.873636916
22.950000000 -2.107254402 0.836117446 1.518974289 0.220513273 0.322081512 0.326782288 -0.860726863
22.960000000 -2.094337927 0.819874895 1.528286748 0.234373812 0.361279629 0.316117570 -0.845349412
22.970000000 -2.080845723 0.803224860 1.539146298 0.247742523 0.396161501 0.306965362 -0.829127236
22.980000000 -2.067285273 0.786738231 1.551535690 0.258576074 0.436307069 0.293396896 -0.810365853
22.990000000 -2.053690153 0.770980536 1.565121087 0.252731628 0.483666090 0.272165837 -0.792539964
23.000000000 -2.039512282 0.756287189 1.579471487 0.239062276 0.529922203 0.256714462 -0.772094147
23.010000000 -2.026279146 0.743236805 1.593551314 0.247481412 0.567274766 0.227965706 -0.751654128
23.020000000 -2.012628088 0.731030688 1.607353697 0.240983015 0.590087426 0.211069197 -0.741062623
23.030000000 -1.999466364 0.720091151 1.620902955 0.251976441 0.585406498 0.205489725 -0.742685047
23.040000000 -1.985655638 0.709309899 1.634434746 0.252807472 0.569051349 0.207983762 -0.754328642
23.050000000 -1.971723582 0.697949294 1.648391760 0.264239736 0.540661400 0.215521473 -0.769033879
23.060000000 -1.957066361 0.686174587 1.662053858 0.269036970 0.516109109 0.222738914 -0.782072805
23.070000000 -1.942573338 0.675743148 1.674221930 0.268128724 0.489781214 0.226946043 -0.797945389
23.080000000 -1.928364584 0.667426247 1.683982149 0.268516210 0.467456113 0.235148901 -0.808757579
23.090000000 -1.916243986 0.660546014 1.691638760 0.268533989 0.445417411 0.244662048 -0.818311255
23.100000000 -1.905607116 0.654814498 1.697091510 0.263205864 0.416661990 0.253833528 -0.832276396
23.110000000 -1.895905794 0.649901541 1.700183033 0.256253814 0.383607842 0.261423818 -0.847842317
23.120000000 -1.885516472 0.645001101 1.700934927 0.247955008 0.348765356 0.267751520 -0.863243977
23.130000000 -1.874406206 0.639395389 1.699610948 0.237112384 0.324695029 0.276978152 -0.872716425
23.140000000 -1.862847254 0.633686735 1.696930039 0.235125866 0.294619667 0.296273208 -0.877574649
23.150000000 -1.851268775 0.628027966 1.693165022 0.236776556 0.255838312 0.307399769 -0.885431535
23.160000000 -1.838228215 0.621716713 1.689075630 0.228451559 0.231538895 0.312289602 -0.892566429
23.170000000 -1.824417562 0.615027893 1.686132986 0.223284756 0.207527949 0.313292303 -0.899402024
23.180000000 -1.810851708 0.607809307 1.682496919 0.212624585 0.189514907 0.307883462 -0.907789986
23.190000000 -1.798417160 0.599611454 1.678191509 0.207264397 0.186325742 0.295816849 -0.913682975
23.200000000 -1.786531088 0.590555212 1.674354763 0.203191610 0.189788289 0.281727715 -0.918326233
23.210000000 -1.774276210 0.581289397 1.671160066 0.198082817 0.196290555 0.268676612 -0.921979443
23.220000000 -1.761490937 0.571931770 1.668994011 0.192667197 0.200129257 0.258902771 -0.925092961
23.230000000 -1.748173057 0.562980792 1.668312001 0.190188996 0.199685138 0.252243534 -0.927538242
23.240000000 -1.734280523 0.554158776 1.669578544 0.186591132 0.195126796 0.248317418 -0.930294439
23.250000000 -1.720448102 0.545061928 1.672645460 0.180419000 0.184838895 0.245657612 -0.934310390
23.260000000 -1.706713306 0.535164975 1.677069874 0.173822360 0.179192787 0.245552249 -0.936685553
23.270000000 -1.693097800 0.524519666 1.682860914 0.170663641 0.178254259 0.245621454 -0.937427033
23.280000000 -1.679531536 0.513365948 1.689707785 0.166317429 0.185723551 0.246161032 -0.936616262
23.290000000 -1.665870232 0.501819302 1.697085385 0.164107438 0.209969511 0.245974818 -0.931921639
23.300000000 -1.652476506 0.490079972 1.704852141 0.166883888 0.245814425 0.245693543 -0.922691562
23.310000000 -1.638900861 0.478162493 1.712802210 0.172440534 0.285365391 0.244218274 -0.910597765
23.320000000 -1.623602911 0.465804472 1.720661377 0.176961369 0.325668197 0.243671369 -0.896241688
23.330000000 -1.607415257 0.452809211 1.729027721 0.183467665 0.361338854 0.243304199 -0.881236016
23.340000000 -1.591003497 0.439270860 1.737728201 0.191033213 0.397367947 0.242426515 -0.864195818
23.350000000 -1.574776601 0.425641236 1.746398653 0.190856961 0.437162367 0.236986753 -0.846345062
23.360000000 -1.558871924 0.412153427 1.755098495 0.185752298 0.477787123 0.236923185 -0.825277501
23.370000000 -1.542822441 0.398203928 1.763685539 0.192654585 0.507783101 0.228813440 -0.807889190
23.380000000 -1.525425037 0.384099935 1.772931403 0.212659205 0.522866845 0.221121174 -0.795293500
23.390000000 -1.507514852 0.371037230 1.782925610 0.229952831 0.519726358 0.223061288 -0.791991080
23.400000000 -1.490214799 0.360468833 1.791954364 0.236437954 0.500042566 0.232225650 -0.800078604
23.410000000 -1.473744540 0.351191030 1.799050038 0.243451352 0.472908829 0.243087874 -0.811170120
23.420000000 -1.457522027 0.343170598 1.804320621 0.249392038 0.444635119 0.254905298 -0.821660825
23.430000000 -1.441448292 0.336210127 1.807685760 0.251146029 0.422768921 0.264874038 -0.829478062
23.440000000 -1.426055828 0.331497653 1.809458675 0.251374073 0.405874768 0.275048209 -0.834520959
23.450000000 -1.412516733 0.328158425 1.810340550 0.249748393 0.387015058 0.288650614 -0.839360416
23.460000000 -1.401160515 0.326177996 1.810329892 0.244700618 0.362111917 0.303274559 -0.846770990
23.470000000 -1.390995121 0.325052174 1.808636759 0.238288980 0.332377340 0.316766502 -0.855805264
23.480000000 -1.381502162 0.325664735 1.804810392 0.229410605 0.305493472 0.325633232 -0.864874275
23.490000000 -1.373474534 0.327750530 1.799470044 0.213888917 0.283541570 0.330898929 -0.874277764
23.500000000 -1.365902866 0.329990089 1.793640817 0.199369224 0.257413576 0.335196218 -0.884100480
23.510000000 -1.356493918 0.331332476 1.787730970 0.184770888 0.228320010 0.333362609 -0.895878933
23.520000000 -1.346026305 0.331258934 1.782519529 0.165477205 0.201082640 0.329506441 -0.907528827
23.530000000 -1.336504284 0.330617564 1.778291123 0.147685498 0.182825196 0.324468130 -0.916233799
23.540000000 -1.327865955 0.329407999 1.774777388 0.130744465 0.176659835 0.313213082 -0.923901917
23.550000000 -1.318906728 0.327489889 1.771316214 0.118412304 0.176281011 0.300254616 -0.929919726
23.560000000 -1.308989903 0.324951295 1.768125799 0.110736075 0.184199783 0.285290885 -0.934032693
23.570000000 -1.297888088 0.321792117 1.765451544 0.100250934 0.191954505 0.271734018 -0.937690696
23.580000000 -1.285788612 0.318016686 1.763608476 0.088966173 0.195489035 0.261682942 -0.940952228
23.590000000 -1.272944377 0.313664015 1.762781541 0.080724982 0.191759610 0.255696107 -0.944103400
23.600000000 -1.259328688 0.309082769 1.762719032 0.074712597 0.180965316 0.253577762 -0.947295044
23.610000000 -1.245783967 0.304384495 1.763791484 0.067856299 0.165015029 0.254151747 -0.950564281
23.620000000 -1.232189177 0.298671424 1.765846602 0.063487155 0.148915692 0.256811059 -0.952807209
23.630000000 -1.218100924 0.291165919 1.768363079 0.059876688 0.142443796 0.261918708 -0.952640088
23.640000000 -1.203358108 0.282214104 1.771061117 0.065522530 0.149000971 0.266161422 -0.950086105
23.650000000 -1.188032234 0.272417015 1.774335086 0.071728630 0.163618410 0.270859311 -0.945896006
23.660000000 -1.172585243 0.262311886 1.777634032 0.077345152 0.189348465 0.276956025 -0.938861143
23.670000000 -1.156605218 0.252025566 1.780943639 0.084884072 0.222395999 0.283773614 -0.928874184
23.680000000 -1.139747531 0.240853537 1.783941157 0.093261010 0.259399111 0.290756196 -0.916228858
23.690000000 -1.122537570 0.228863644 1.787248492 0.101006585 0.295937430 0.298305822 -0.901793959
23.700000000 -1.104398856 0.216088813 1.790588340 0.110306168 0.328746022 0.305712947 -0.886734569
23.710000000 -1.086457826 0.202136643 1.793937289 0.116610246 0.364940669 0.312570475 -0.869206567
23.720000000 -1.070455341 0.187904460 1.797957634 0.116456069 0.401463920 0.317954130 -0.850981713
23.730000000 -1.055751727 0.174566266 1.802378997 0.129434786 0.430473477 0.320312848 -0.833869835
23.740000000 -1.041717215 0.162126258 1.807608845 0.129323064 0.457057415 0.315405542 -0.821518964
23.750000000 -1.027823630 0.148627596 1.813728154 0.132141440 0.461363784 0.315118939 -0.818768681
23.760000000 -1.014267711 0.134742929 1.820223234 0.129781790 0.443547114 0.321791328 -0.826361293
23.770000000 -1.002130852 0.121619885 1.825619750 0.125042698 0.413916507 0.333010624 -0.837938765
23.780000000 -0.991055902 0.110395860 1.829081729 0.123913931 0.384984916 0.343435564 -0.847634335
23.790000000 -0.980696279 0.100876188 1.831105635 0.123255165 0.361081251 0.352883693 -0.854342785
23.800000000 -0.970948992 0.093158790 1.831990492 0.121352005 0.343716746 0.361071639 -0.858347110
23.810000000 -0.963373597 0.087086793 1.832566826 0.119773419 0.332183187 0.370860667 -0.858935984
23.820000000 -0.957875762 0.082626677 1.832899106 0.115946771 0.309439241 0.381069286 -0.863475478
23.830000000 -0.953482583 0.079644025 1.832018069 0.107995987 0.283015553 0.388530252 -0.870220263
23.840000000 -0.949580887 0.078077369 1.829612900 0.094998703 0.252728843 0.389703413 -0.880474093
23.850000000 -0.945316578 0.076340462 1.825592329 0.079470171 0.232025736 0.387387109 -0.888695548
23.860000000 -0.939539324 0.074948371 1.820637450 0.059347208 0.210790781 0.382392056 -0.897675593
23.870000000 -0.932095539 0.072930314 1.814778481 0.033722430 0.188542212 0.372551209 -0.908030963
23.880000000 -0.923747157 0.069976149 1.807912522 0.009123880 0.177092947 0.367839334 -0.912824774
23.890000000 -0.914604816 0.065908690 1.800751638 0.013432581 0.161264983 0.364732578 -0.916942374
23.900000000 -0.904513553 0.060980705 1.794437056 -0.001481068 0.159491777 0.353332410 -0.921800622
23.910000000 -0.894486176 0.054953571 1.788229981 -0.002632896 0.165428698 0.344112589 -0.924236409
23.920000000 -0.884616834 0.047385866 1.782525272 -0.000448790 0.170955609 0.334792541 -0.926654160
23.930000000 -0.873715045 0.038928582 1.777850013 0.000573661 0.177440579 0.325225402 -0.928839571
23.940000000 -0.861863328 0.029580112 1.774839461 -0.003098068 0.176565404 0.325378236 -0.928947826
23.950000000 -0.849591842 0.019749523 1.773803845 0.000152007 0.166208962 0.327712123 -0.930042645
23.960000000 -0.837058067 0.009732880 1.774303800 -0.002550831 0.149116068 0.330307208 -0.932016652
23.970000000 -0.824189730 -0.000887649 1.775581489 -0.005237605 0.130306790 0.334893918 -0.933187426
23.980000000 -0.810921035 -0.012115592 1.777639711 -0.004586424 0.118070799 0.341895431 -0.932279875
23.990000000 -0.797035938 -0.024190148 1.780275276 -0.005936840 0.108270959 0.348937596 -0.930851603
24.000000000 -0.782695218 -0.036804649 1.783189262 0.003457129 0.118825504 0.357117710 -0.926463971
24.010000000 -0.767898300 -0.049926143 1.787033965 0.014845203 0.146287867 0.365218207 -0.919236173
24.020000000 -0.753005108 -0.063487775 1.791734105 0.031231558 0.172419233 0.373087867 -0.911099139
24.030000000 -0.737497123 -0.077704404 1.797227336 0.045895031 0.207353982 0.380436447 -0.900092263
24.040000000 -0.721637906 -0.093055466 1.803316126 0.057075448 0.243957469 0.389114515 -0.886463220
24.050000000 -0.706904742 -0.109496220 1.810241415 0.068266634 0.275996147 0.399127814 -0.871701085
24.060000000 -0.693377608 -0.126432827 1.817580680 0.077967052 0.307926941 0.409573839 -0.855190861
24.070000000 -0.683480675 -0.142589222 1.825626985 0.095212386 0.342613057 0.420653771 -0.834626443
24.080000000 -0.677367949 -0.156110533 1.834640838 0.110823233 0.375723372 0.434489298 -0.811029721
24.090000000 -0.673216431 -0.167462037 1.844256076 0.141048941 0.405280288 0.435619666 -0.791257601
24.100000000 -0.669374246 -0.177599008 1.853751611 0.153962390 0.429596456 0.441258211 -0.772679532
24.110000000 -0.666955172 -0.187397807 1.862558174 0.154163166 0.433884944 0.451735428 -0.764141791
24.120000000 -0.665608758 -0.198396642 1.870211321 0.145060541 0.423660026 0.460340169 -0.766522374
24.130000000 -0.665190555 -0.210603696 1.876610598 0.132958534 0.403288168 0.471265025 -0.773039429
24.140000000 -0.664814592 -0.221739344 1.881470835 0.119395058 0.386073246 0.480809952 -0.778147839
24.150000000 -0.664632530 -0.230957201 1.885418828 0.108097575 0.373783957 0.486199922 -0.782438562
24.160000000 -0.665825892 -0.238156559 1.888683564 0.099156261 0.365258347 0.491240532 -0.784498002
24.170000000 -0.668451099 -0.243787596 1.891101465 0.091309756 0.354171657 0.497389683 -0.786656513
24.180000000 -0.671853430 -0.249033962 1.892363284 0.080441282 0.338242058 0.503446977 -0.790988402
24.190000000 -0.675562598 -0.253636033 1.891984960 0.065401647 0.318088233 0.508558832 -0.797439913
24.200000000 -0.678574326 -0.258241062 1.889994156 0.044810496 0.299139919 0.510279104 -0.805060596
24.210000000 -0.681660344 -0.263226565 1.886440107 0.023904925 0.281335005 0.512824864 -0.810734129
24.220000000 -0.684930320 -0.267880698 1.882135025 0.014644736 0.258603468 0.516484707 -0.816182164
24.230000000 -0.686930865 -0.273851505 1.877215722 0.005345397 0.244294317 0.516390825 -0.820751015
24.240000000 -0.688098646 -0.282426289 1.871251396 0.003643147 0.227150221 0.514994282 -0.826541224
24.250000000 -0.689157614 -0.292425012 1.864906939 0.000790889 0.213470313 0.509901803 -0.833324638
24.260000000 -0.690124802 -0.303381049 1.858608507 -0.001740029 0.213354044 0.502402386 -0.837895499
24.270000000 -0.691004507 -0.315857484 1.852406479 0.008529104 0.221009635 0.496174870 -0.839578760
24.280000000 -0.691594861 -0.330112660 1.847151097 0.021123572 0.230995640 0.490431956 -0.840042442
24.290000000 -0.691707054 -0.345877003 1.843643850 0.026952464 0.236873322 0.484178545 -0.841864437
24.300000000 -0.691401895 -0.362701891 1.842275512 0.030481009 0.233776247 0.479198805 -0.845451406
24.310000000 -0.690719569 -0.379556464 1.843390987 0.034622654 0.223360768 0.475228164 -0.850334894
24.320000000 -0.689533246 -0.396151901 1.846375389 0.036762579 0.205945745 0.472962706 -0.855886173
24.330000000 -0.687885055 -0.412686144 1.850953492 0.036955249 0.184056374 0.472478186 -0.861116673
24.340000000 -0.685582198 -0.429849229 1.856415538 0.041929602 0.165235796 0.472503731 -0.864684488
24.350000000 -0.682408024 -0.447684694 1.862522476 0.054393471 0.157187786 0.472450764 -0.865519281
24.360000000 -0.678633358 -0.465562789 1.870005147 0.071322344 0.162765298 0.471677834 -0.863678529
24.370000000 -0.674668823 -0.482793148 1.879104919 0.090929486 0.180873388 0.471260024 -0.858446641
24.380000000 -0.670728444 -0.499465427 1.889516876 0.111253320 0.206561530 0.470845794 -0.850446513
24.390000000 -0.666609140 -0.516507318 1.900907715 0.129657676 0.235147032 0.469671239 -0.841013488
24.400000000 -0.662740500 -0.534583325 1.912906390 0.144843752 0.265486101 0.469103938 -0.829746295
24.410000000 -0.659352676 -0.552951821 1.924661628 0.158736521 0.294461996 0.469043113 -0.817369811
24.420000000 -0.656280135 -0.571213108 1.935520734 0.172642627 0.328244595 0.465747864 -0.803448154
24.430000000 -0.654856764 -0.587854706 1.945846084 0.181717035 0.368028822 0.461540067 -0.786456910
24.440000000 -0.654310846 -0.602298007 1.955171605 0.190165811 0.407477204 0.458171882 -0.766731908
24.450000000 -0.653985383 -0.615544339 1.963915857 0.205572614 0.437909071 0.455213553 -0.747499945
24.460000000 -0.653573594 -0.627279913 1.971271856 0.204979242 0.460021310 0.456830075 -0.733259972
24.470000000 -0.654136391 -0.637756938 1.978513774 0.196955543 0.465324531 0.460038526 -0.730100096
24.480000000 -0.655725733 -0.648201385 1.985611778 0.180905977 0.461506286 0.461645530 -0.735641475
24.490000000 -0.657854625 -0.658039250 1.991833474 0.166484228 0.453288951 0.462014638 -0.743878083
24.500000000 -0.660043430 -0.665366876 1.996498282 0.157038087 0.449080062 0.459295449 -0.750142538
24.510000000 -0.662931462 -0.669584123 2.000505182 0.148461580 0.451346300 0.453680507 -0.753936121
24.520000000 -0.667144973 -0.671386300 2.003791574 0.143172430 0.457129605 0.447354395 -0.755253749
24.530000000 -0.672386566 -0.672631813 2.005728055 0.136123135 0.453372148 0.442914653 -0.761413683
24.540000000 -0.677795014 -0.673761963 2.006256438 0.127160991 0.439794897 0.442788329 -0.770940352
24.550000000 -0.681544120 -0.675654290 2.005505821 0.117126991 0.425653694 0.443789484 -0.779840429
24.560000000 -0.684731885 -0.677371257 2.003562138 0.106280403 0.407268556 0.444910624 -0.790500687
24.570000000 -0.687736089 -0.678799168 2.000474666 0.095739563 0.397771888 0.449253254 -0.794218468
24.580000000 -0.691330000 -0.679117410 1.996800848 0.086788982 0.383347631 0.455807401 -0.798593688
24.590000000 -0.694948666 -0.679268997 1.993370872 0.079005980 0.364297278 0.462439375 -0.804484538
24.600000000 -0.698921825 -0.680513568 1.989275997 0.074671489 0.351105300 0.475397602 -0.803210033
24.610000000 -0.703118528 -0.682637855 1.984595434 0.082441721 0.333324467 0.488412252 -0.802216700
24.620000000 -0.708206173 -0.686960893 1.979033048 0.092033516 0.324831144 0.499410561 -0.797874458
24.630000000 -0.713747654 -0.694378554 1.973231706 0.107007101 0.323941070 0.506210571 -0.792062196
24.640000000 -0.719610241 -0.704868649 1.967789363 0.118928578 0.327926011 0.509286630 -0.786732263
24.650000000 -0.725124091 -0.718230943 1.963532134 0.134358912 0.328563476 0.511925396 -0.782257064
24.660000000 -0.730494119 -0.732635883 1.961298080 0.143060180 0.325309774 0.517499402 -0.778396881
24.670000000 -0.735884002 -0.748027252 1.960846334 0.150553045 0.312903061 0.524848716 -0.777148172
24.680000000 -0.741734150 -0.763684428 1.962106427 0.150750637 0.293133277 0.534381896 -0.778320703
24.690000000 -0.747962100 -0.779045475 1.964890343 0.144627494 0.271191578 0.544479718 -0.780435681
24.700000000 -0.754948691 -0.795240793 1.968576740 0.133322279 0.249339195 0.557670378 -0.780422248
24.710000000 -0.762612626 -0.812913771 1.972281617 0.122169950 0.227219130 0.570819254 -0.779494291
24.720000000 -0.771119477 -0.830940672 1.976175246 0.117363975 0.216546682 0.582314236 -0.774753744
24.730000000 -0.779458637 -0.848838745 1.980243599 0.123789032 0.211562951 0.590342809 -0.769033654
24.740000000 -0.786835597 -0.865761468 1.984958929 0.141849363 0.218547217 0.595727501 -0.759752997
24.750000000 -0.793308182 -0.881195269 1.990229903 0.161358744 0.238566660 0.598172553 -0.747822774
24.760000000 -0.800023943 -0.896089575 1.996483596 0.182556152 0.267731781 0.596672214 -0.734149313
24.770000000 -0.807559526 -0.910965378 2.003632837 0.203646070 0.295137989 0.593761882 -0.720325393
24.780000000 -0.815560528 -0.925959133 2.011409809 0.221722051 0.319879885 0.593281135 -0.704651464
24.790000000 -0.824642303 -0.938762665 2.019346322 0.240261394 0.346238301 0.594539441 -0.684774674
24.800000000 -0.834194476 -0.947335492 2.027589134 0.258927650 0.367107688 0.601161852 -0.660903053
24.810000000 -0.842790764 -0.952887587 2.035563250 0.282392853 0.390351304 0.590546822 -0.647406045
24.820000000 -0.850073748 -0.956612585 2.043094105 0.276946836 0.412514092 0.588563135 -0.637750743
24.830000000 -0.857982174 -0.959447453 2.049885152 0.256908561 0.415529708 0.592841285 -0.640212671
24.840000000 -0.866392790 -0.961848350 2.055734752 0.231859928 0.407128873 0.598014660 -0.650281109
24.850000000 -0.875308234 -0.964293365 2.060572848 0.203569461 0.395410284 0.602746641 -0.662500316
24.860000000 -0.883152708 -0.966593733 2.064537560 0.182132473 0.384510523 0.606147781 -0.671985333
24.870000000 -0.889619882 -0.969122025 2.067654740 0.170990903 0.388634708 0.602236293 -0.676044838
24.880000000 -0.895927949 -0.969597806 2.070026356 0.166294953 0.398547115 0.598554884 -0.674713447
24.890000000 -0.902441836 -0.967966844 2.071018905 0.160589321 0.398112577 0.596721973 -0.677967796
24.900000000 -0.908190927 -0.966980311 2.070580918 0.143898804 0.385570276 0.598245688 -0.687554211
24.910000000 -0.913466021 -0.967770178 2.068881721 0.127564745 0.370282851 0.601657070 -0.696151288
24.920000000 -0.917811883 -0.969048417 2.065960748 0.113198865 0.354626464 0.600785060 -0.707448514
24.930000000 -0.920808950 -0.969585241 2.061769958 0.096205998 0.347125536 0.604562479 -0.710459342
24.940000000 -0.923015583 -0.969628294 2.056554039 0.077518701 0.334923899 0.612977791 -0.711389527
24.950000000 -0.924957137 -0.969773991 2.051177016 0.052235167 0.321148280 0.615852177 -0.717538407
24.960000000 -0.926137141 -0.972472941 2.044350527 0.023531961 0.314488061 0.627539514 -0.711855087
24.970000000 -0.926721849 -0.978273944 2.035993514 -0.000219924 0.309376658 0.636295130 -0.706692679
24.980000000 -0.926586706 -0.986883407 2.027057555 -0.005908827 0.296137255 0.655788531 -0.694412856
24.990000000 -0.926803694 -0.996860344 2.017893667 0.003416829 0.282341016 0.674915486 -0.681733792
25.000000000 -0.928898056 -1.007850114 2.008472754 0.016657558 0.270801834 0.693957231 -0.666942467
25.010000000 -0.933344490 -1.020394764 1.999144055 0.029861580 0.262003522 0.711030518 -0.651842038
25.020000000 -0.940084876 -1.033913159 1.990482570 0.038580634 0.253974217 0.725146947 -0.638882256
25.030000000 -0.948057672 -1.047784721 1.982908304 0.044345267 0.244519494 0.738326658 -0.626990798
25.040000000 -0.956660640 -1.061629436 1.976856115 0.044153287 0.230292515 0.751816800 -0.616268890
25.050000000 -0.965792781 -1.075214172 1.972040764 0.036107968 0.212838645 0.765706709 -0.605878834
25.060000000 -0.975271808 -1.089002892 1.967493832 0.024035539 0.194668891 0.778535373 -0.596161881
25.070000000 -0.985051397 -1.103184227 1.962929865 0.007615675 0.178567768 0.790859563 -0.585317610
25.080000000 -0.995932753 -1.117849440 1.957534480 -0.002155882 0.163453980 0.802014948 -0.574499931
25.090000000 -1.007492365 -1.132857845 1.951255612 -0.002061254 0.150989825 0.811638227 -0.564305956
25.100000000 -1.019447012 -1.147883887 1.945027754 0.007928066 0.143242523 0.820486238 -0.553372442
25.110000000 -1.031447413 -1.162355136 1.939880087 0.022969078 0.147975049 0.828233957 -0.540004000
25.120000000 -1.043387951 -1.177295034 1.935832479 0.048008492 0.158428832 0.834289196 -0.525886896
25.130000000 -1.055915442 -1.192176263 1.933388110 0.083341093 0.170800627 0.838024861 -0.511464309
25.140000000 -1.069691115 -1.206360146 1.932422545 0.119865584 0.187289852 0.839883393 -0.495126891
25.150000000 -1.084461248 -1.218916038 1.933061485 0.154342069 0.204541243 0.841007992 -0.476494453
25.160000000 -1.098903955 -1.229384515 1.935728218 0.178836618 0.207443670 0.845400501 -0.458565787
25.170000000 -1.111983749 -1.239648321 1.939234425 0.192634199 0.200065466 0.850681938 -0.446325123
25.180000000 -1.124584802 -1.251807015 1.942341000 0.182836869 0.201028067 0.855401174 -0.440961708
25.190000000 -1.136670944 -1.263275697 1.945226432 0.142172423 0.202090119 0.863293551 -0.440080482
25.200000000 -1.148793121 -1.274085599 1.947211070 0.092249878 0.197344185 0.871139865 -0.440068822
25.210000000 -1.159730551 -1.283551820 1.948346267 0.046923241 0.196828727 0.875509203 -0.438794140
25.220000000 -1.169281693 -1.292280580 1.948632789 0.007503023 0.201829279 0.876720665 -0.436542692
25.230000000 -1.177599646 -1.300405053 1.947766222 -0.029192778 0.205437742 0.877224331 -0.432920997
25.240000000 -1.184903133 -1.306454336 1.946254335 -0.063414458 0.202020595 0.877177967 -0.430958350
25.250000000 -1.191298968 -1.311589268 1.943243443 -0.104551592 0.190399042 0.874740193 -0.433182138
25.260000000 -1.196649429 -1.317234094 1.937835155 -0.147046871 0.179023921 0.871181450 -0.432863181
25.270000000 -1.201409330 -1.323356928 1.930134499 -0.183045611 0.175553895 0.867784640 -0.427346409
25.280000000 -1.205983971 -1.330196375 1.920312060 -0.222589757 0.178517736 0.862582962 -0.417774882
25.290000000 -1.210697860 -1.337383874 1.909082270 -0.253600025 0.172682093 0.860912939 -0.405828576
25.300000000 -1.215112479 -1.345220685 1.896699216 -0.272770497 0.161351612 0.861921300 -0.395794877
25.310000000 -1.220002519 -1.352831528 1.884763024 -0.281122375 0.139317766 0.867183010 -0.386722637
25.320000000 -1.226183918 -1.360147815 1.871389329 -0.277925952 0.108559042 0.878614094 -0.372839608
25.330000000 -1.232968960 -1.367168489 1.855685148 -0.267441497 0.086024961 0.888506817 -0.362809023
25.340000000 -1.241052180 -1.373212975 1.837887911 -0.249859535 0.075027863 0.897189919 -0.356358362
25.350000000 -1.250829991 -1.378892203 1.819221723 -0.230744573 0.076212198 0.903521369 -0.352984106
25.360000000 -1.261808849 -1.384811846 1.800499630 -0.210429119 0.073326152 0.910258692 -0.348958414
25.370000000 -1.274260107 -1.391152511 1.783083076 -0.190705705 0.066253553 0.917245324 -0.343369796
25.380000000 -1.288319505 -1.397929163 1.767341794 -0.174619486 0.060179993 0.922852046 -0.337980035
25.390000000 -1.303415526 -1.404938473 1.753238999 -0.160882175 0.057436671 0.927584698 -0.332271850
25.400000000 -1.319128385 -1.412143478 1.741007967 -0.147475186 0.056991623 0.932436257 -0.324908681
25.410000000 -1.335899139 -1.419607211 1.730148700 -0.129019631 0.056129539 0.938334288 -0.315804011
25.420000000 -1.353998799 -1.427078339 1.721491889 -0.106414701 0.060203606 0.943931222 -0.306668038
25.430000000 -1.373362469 -1.434272246 1.715447439 -0.074786171 0.063801596 0.949767102 -0.297117549
25.440000000 -1.394085268 -1.440569053 1.712648606 -0.035002957 0.073937776 0.954266975 -0.287545717
25.450000000 -1.416210010 -1.446164427 1.712502643 0.013508801 0.085896195 0.956825272 -0.277353123
25.460000000 -1.439780398 -1.450928024 1.714420157 0.070132400 0.097944308 0.956593568 -0.265362212
25.470000000 -1.464427075 -1.454238280 1.718232723 0.119500940 0.106712279 0.954417041 -0.251833529
25.480000000 -1.489756930 -1.455751708 1.723111593 0.166332003 0.117471527 0.949859363 -0.237278942
25.490000000 -1.515476641 -1.455587005 1.728494925 0.212556769 0.127955851 0.943486700 -0.219726574
25.500000000 -1.541118943 -1.453815384 1.734278820 0.260946599 0.138201893 0.934084593 -0.200731370
25.510000000 -1.566610058 -1.451090071 1.739959830 0.311076892 0.144327213 0.922054961 -0.179486690
25.520000000 -1.590510171 -1.449285354 1.745815094 0.353345711 0.114205504 0.916187922 -0.150677146
25.530000000 -1.613642900 -1.449032359 1.751565298 0.397969275 0.100608981 0.903270536 -0.124902473
25.540000000 -1.635945914 -1.450547390 1.757874507 0.406006858 0.103643260 0.901754614 -0.106090156
25.550000000 -1.660837668 -1.452332789 1.765072109 0.383226037 0.098848536 0.914072430 -0.088534541
25.560000000 -1.688995563 -1.451916758 1.772333482 0.325769923 0.096613018 0.937015838 -0.080877693
25.570000000 -1.719361454 -1.448912461 1.777709318 0.275432989 0.112237728 0.952087794 -0.071191250
25.580000000 -1.748781435 -1.444824320 1.782113178 0.225049542 0.129610429 0.963466495 -0.065468726
25.590000000 -1.779096884 -1.442051825 1.783997724 0.198015044 0.144110315 0.967777394 -0.058559154
25.600000000 -1.810591771 -1.440633795 1.784618200 0.158218624 0.149651871 0.974925811 -0.045725791
25.610000000 -1.841032812 -1.437559511 1.784419578 0.114907220 0.148281564 0.981526165 -0.037620430
25.620000000 -1.870435940 -1.433776429 1.782564644 0.060710552 0.157719834 0.984949611 -0.036234594
25.630000000 -1.899695631 -1.431458146 1.778585287 0.009011267 0.187482422 0.981161807 -0.045723588
25.640000000 -1.927699362 -1.431356387 1.772170767 -0.031417527 0.217318892 0.974054390 -0.054804046
25.650000000 -1.955395788 -1.430862523 1.764472992 -0.061046804 0.250149445 0.964081961 -0.065149939
25.660000000 -1.982858505 -1.430103977 1.755003186 -0.079527255 0.263229831 0.959061589 -0.067722526
25.670000000 -2.010648024 -1.430712160 1.743939821 -0.095455963 0.278910785 0.953195214 -0.067199830
25.680000000 -2.038041109 -1.432510422 1.730329432 -0.100716303 0.294508852 0.947812209 -0.069085301
25.690000000 -2.065104911 -1.434939832 1.715456158 -0.098390984 0.302440228 0.945754152 -0.066318985
25.700000000 -2.093054312 -1.438326410 1.698814941 -0.087612767 0.309251934 0.944810192 -0.063410928
25.710000000 -2.121475088 -1.442308342 1.681469269 -0.073174150 0.313553064 0.945016519 -0.057217110
25.720000000 -2.149984406 -1.447607218 1.664603557 -0.058011492 0.318470873 0.944928928 -0.048169399
25.730000000 -2.178954478 -1.453733038 1.649234545 -0.043882312 0.318923889 0.946082808 -0.035905660
25.740000000 -2.206866657 -1.459872675 1.636168526 -0.031413499 0.319285672 0.946869828 -0.022525119
25.750000000 -2.234634038 -1.466848579 1.625126616 -0.016994992 0.317451401 0.948107406 -0.005303256
25.760000000 -2.262558109 -1.474563404 1.615573556 0.001426574 0.315361594 0.948854762 0.014821318
25.770000000 -2.290660742 -1.483394528 1.607196590 0.025927377 0.312846149 0.948719764 0.037227246
25.780000000 -2.318765467 -1.492889193 1.599860908 0.058316765 0.309202773 0.947139252 0.062610198
25.790000000 -2.347436547 -1.502270050 1.593449056 0.095739450 0.304725093 0.943320609 0.090126606
25.800000000 -2.377284630 -1.511053816 1.587968735 0.140612917 0.298864809 0.936226098 0.119952189
25.810000000 -2.408726970 -1.519290654 1.583613378 0.185874505 0.291769475 0.925923494 0.151614396
25.820000000 -2.441129229 -1.525603402 1.580830948 0.227947838 0.284185676 0.912784800 0.184667791
25.830000000 -2.475647370 -1.530515268 1.579637149 0.267871542 0.273429723 0.897849733 0.217593384
25.840000000 -2.511481345 -1.533330511 1.580085772 0.308606552 0.258567588 0.880486052 0.250298043
25.850000000 -2.548776985 -1.534882192 1.582410732 0.351323539 0.238839167 0.859876461 0.283090260
25.860000000 -2.587855323 -1.535636876 1.586270458 0.392640934 0.209585859 0.837224492 0.317745204
25.870000000 -2.629148722 -1.535521311 1.592343259 0.422658875 0.164158042 0.817252537 0.355682306
25.880000000 -2.672364948 -1.533630001 1.599529209 0.444333984 0.123049105 0.797961157 0.388180655
25.890000000 -2.715629714 -1.530269508 1.608662617 0.456379144 0.094509142 0.781957727 0.413918123
25.900000000 -2.756998178 -1.523110884 1.619476373 0.448860134 0.082881739 0.775904861 0.435461646
25.910000000 -2.797945106 -1.510082213 1.631963591 0.416129585 0.091111604 0.783623062 0.452183305
25.920000000 -2.837089902 -1.491839187 1.645508807 0.372559487 0.115393878 0.798753056 0.458123604
25.930000000 -2.874673013 -1.473413261 1.658520430 0.323603532 0.147822048 0.811879989 0.462904180
25.940000000 -2.911149392 -1.454089381 1.668980902 0.282100701 0.181448581 0.815916818 0.470930306
25.950000000 -2.948832286 -1.434740861 1.678368354 0.253447397 0.209622548 0.814233653 0.478378891
25.960000000 -2.986907544 -1.415623410 1.687100179 0.224173198 0.235349991 0.811588890 0.485469086
25.970000000 -3.021325746 -1.396492885 1.694897307 0.186110076 0.265404919 0.812138984 0.485132496
25.980000000 -3.054215863 -1.377354519 1.700139452 0.151344510 0.304626335 0.812266907 0.473835527
25.990000000 -3.089096553 -1.357993474 1.703660482 0.125614990 0.350656791 0.805635555 0.460664782
26.000000000 -3.124397161 -1.339235905 1.705010253 0.109150438 0.395267143 0.795822061 0.445552820
26.010000000 -3.160518506 -1.320415681 1.703809519 0.099611623 0.427716568 0.787174706 0.433003516
26.020000000 -3.197329065 -1.300950159 1.700788195 0.097359473 0.450328688 0.778761219 0.425741904
26.030000000 -3.234315991 -1.281541735 1.695828524 0.110823989 0.465358376 0.770784823 0.420773552
26.040000000 -3.270801926 -1.261338939 1.690000700 0.132507075 0.471135343 0.764087720 0.420289566
26.050000000 -3.307319637 -1.239970845 1.683461290 0.155042233 0.473953723 0.757320666 0.421657661
26.060000000 -3.342185411 -1.217097757 1.676032482 0.178656507 0.473065681 0.750542762 0.425413065
26.070000000 -3.375718593 -1.193590454 1.668318002 0.200246666 0.472607669 0.743100908 0.429353357
26.080000000 -3.408065249 -1.170104394 1.661243362 0.216890986 0.472507380 0.735623818 0.434226525
26.090000000 -3.438467698 -1.146950051 1.654767968 0.228356993 0.470206745 0.729409104 0.441272093
26.100000000 -3.466941631 -1.123856251 1.648689196 0.237613113 0.465316737 0.723717594 0.450836099
26.110000000 -3.494042729 -1.100536133 1.642852224 0.248358810 0.458236604 0.717285949 0.462426193
26.120000000 -3.519795741 -1.076831748 1.637404867 0.262329865 0.447720290 0.708793787 0.477850343
26.130000000 -3.543554919 -1.052578287 1.632078805 0.282040722 0.433401050 0.696758258 0.497136290
26.140000000 -3.564921072 -1.027244049 1.626515437 0.307202437 0.412221433 0.680959943 0.521530161
26.150000000 -3.583880715 -1.000087885 1.620694541 0.336929212 0.386998313 0.661119840 0.547386124
26.160000000 -3.600485441 -0.971073988 1.614968297 0.368732402 0.358286146 0.637729112 0.573558221
26.170000000 -3.615150485 -0.940391034 1.610100032 0.398345650 0.328917558 0.611624573 0.599207280
26.180000000 -3.628157784 -0.908108010 1.605978479 0.424953791 0.297979747 0.584182252 0.623981925
26.190000000 -3.638443154 -0.874589275 1.601959067 0.450464184 0.264562775 0.553613108 0.648537650
26.200000000 -3.646062766 -0.840690244 1.598588801 0.475063677 0.227139103 0.521978726 0.671014560
26.210000000 -3.651988589 -0.807001236 1.596075477 0.498962572 0.181988724 0.487686001 0.692877205
26.220000000 -3.657236896 -0.772174042 1.594843633 0.519603748 0.133609060 0.451305052 0.713080860
26.230000000 -3.661233990 -0.735504737 1.595489517 0.532132495 0.084484505 0.415610875 0.732778942
26.240000000 -3.662981337 -0.696747111 1.598628901 0.530469439 0.036536438 0.384871815 0.754414308
26.250000000 -3.662283699 -0.658444982 1.605360681 0.533561142 -0.009112653 0.355106042 0.767547501
26.260000000 -3.658644731 -0.622108690 1.615460736 0.539860465 -0.026153800 0.336324655 0.771201909
26.270000000 -3.652080876 -0.587889801 1.627046134 0.526815499 -0.022942762 0.335553647 0.780604131
26.280000000 -3.641588777 -0.552161968 1.638200408 0.508581688 0.005751804 0.347379434 0.787806519
26.290000000 -3.627141821 -0.517262299 1.646616995 0.485831403 0.044079377 0.366618937 0.792221819
26.300000000 -3.610395411 -0.481443226 1.651951002 0.473070336 0.089758315 0.385665717 0.787025957
26.310000000 -3.592536526 -0.446101266 1.655227074 0.459203585 0.139312477 0.395075546 0.783351399
26.320000000 -3.574473263 -0.410211947 1.656826250 0.448687312 0.176426012 0.398677532 0.780134465
26.330000000 -3.556257108 -0.374493394 1.657017058 0.436020744 0.209057846 0.401308301 0.777902548
26.340000000 -3.537418338 -0.339313465 1.655284894 0.422314350 0.251944035 0.411082543 0.767584481
26.350000000 -3.518327135 -0.306819202 1.651140814 0.419615535 0.294346047 0.414302986 0.752087922
26.360000000 -3.500752651 -0.275867889 1.645864905 0.412911749 0.335889548 0.411935918 0.739588331
26.370000000 -3.485093359 -0.245881292 1.638826211 0.397767446 0.367251386 0.414660169 0.731412622
26.380000000 -3.470910220 -0.217061581 1.630687534 0.383011103 0.374770875 0.412545737 0.736651411
26.390000000 -3.457233650 -0.188769005 1.620233188 0.384887979 0.380564082 0.406009881 0.736334299
26.400000000 -3.444839541 -0.160770473 1.607039093 0.391563894 0.372603475 0.398870600 0.740774332
26.410000000 -3.432844870 -0.133376110 1.591778420 0.397528275 0.353858471 0.389366104 0.751764252
26.420000000 -3.420556316 -0.106350033 1.574323321 0.406210357 0.334505186 0.377328533 0.762051576
26.430000000 -3.408124556 -0.079903157 1.555630718 0.413270341 0.312316812 0.363503960 0.774293681
26.440000000 -3.395105576 -0.054010160 1.536903431 0.419634774 0.288046481 0.348487982 0.787078146
26.450000000 -3.380516481 -0.028696555 1.518234658 0.424265330 0.269754215 0.332972162 0.797722466
26.460000000 -3.364503610 -0.003853923 1.499909229 0.429405905 0.246205721 0.314447525 0.810009917
26.470000000 -3.346471164 0.020435846 1.481691233 0.436259425 0.217709182 0.292519850 0.822625409
26.480000000 -3.325850553 0.044452260 1.463720070 0.443555247 0.184747342 0.267785839 0.835115505
26.490000000 -3.302582232 0.067928562 1.445997617 0.450718524 0.144704241 0.238990771 0.847818911
26.500000000 -3.276423865 0.090349895 1.428499868 0.459412017 0.101062377 0.207821924 0.857634562
26.510000000 -3.247868588 0.111035336 1.411736020 0.466221502 0.056006559 0.173976780 0.865582380
26.520000000 -3.217637167 0.130452284 1.396638130 0.470276337 0.011424032 0.140058726 0.871259555
26.530000000 -3.186146515 0.149063417 1.383118367 0.471873846 -0.032519201 0.106135737 0.874650090
26.540000000 -3.153603765 0.166386479 1.371070693 0.472024504 -0.079704310 0.070657121 0.875127226
26.550000000 -3.119710003 0.181791858 1.360442027 0.467784189 -0.130795675 0.032547037 0.873505085
26.560000000 -3.084777256 0.195810983 1.351274512 0.460211645 -0.182530874 -0.005959243 0.868822311
26.570000000 -3.049016717 0.209623388 1.344207684 0.450230035 -0.233264315 -0.043615317 0.860801010
26.580000000 -3.011929907 0.222683197 1.339268895 0.435009149 -0.283225656 -0.081374325 0.850839872
26.590000000 -2.973649962 0.234145931 1.337066640 0.410813900 -0.324071889 -0.117667727 0.844016384
26.600000000 -2.934495640 0.243769901 1.337425157 0.381135288 -0.366727843 -0.151638804 0.835016320
26.610000000 -2.896756385 0.250250723 1.341309808 0.367518449 -0.394355277 -0.173242551 0.824257923
26.620000000 -2.860740076 0.253690700 1.347309304 0.359151866 -0.396715871 -0.184697066 0.824326057
26.630000000 -2.823910342 0.253390030 1.354336552 0.360148045 -0.370477279 -0.184758450 0.836004956
26.640000000 -2.784845071 0.248174092 1.362238396 0.364175895 -0.326835871 -0.175362677 0.854284591
26.650000000 -2.744490799 0.239193541 1.368434276 0.378398947 -0.280414755 -0.159939655 0.867525855
26.660000000 -2.704942673 0.228847601 1.372965444 0.397317226 -0.231463538 -0.148752104 0.875463571
26.670000000 -2.665672874 0.218809592 1.376018023 0.413085394 -0.194081864 -0.143745257 0.878083133
26.680000000 -2.626560378 0.209335036 1.378282664 0.424602122 -0.164164230 -0.141268305 0.879094085
26.690000000 -2.587911337 0.199131929 1.379745447 0.437852084 -0.127038928 -0.131652262 0.880235392
26.700000000 -2.551897247 0.187261316 1.378908874 0.454697225 -0.092505810 -0.119375027 0.877748661
26.710000000 -2.518171146 0.175689505 1.376582520 0.469879977 -0.059189413 -0.105252927 0.874431954
26.720000000 -2.485871964 0.165677338 1.372466551 0.480667305 -0.029782104 -0.097305807 0.870978500
26.730000000 -2.455032977 0.156219477 1.366773080 0.483463899 -0.014568952 -0.097077917 0.869842677
26.740000000 -2.426066306 0.147027278 1.359708979 0.484322609 -0.008291910 -0.101289932 0.868966745
26.750000000 -2.398307385 0.139298861 1.350747212 0.484883167 -0.009067513 -0.109908151 0.867598002
26.760000000 -2.371053817 0.134723826 1.339306392 0.480611179 -0.019940920 -0.120873049 0.868334590
26.770000000 -2.344020627 0.132549779 1.326501750 0.473435437 -0.036080466 -0.132183587 0.870106078
26.780000000 -2.317038218 0.131034355 1.312957262 0.465565321 -0.054079152 -0.144383004 0.871480307
26.790000000 -2.290105309 0.128956648 1.299246777 0.458042498 -0.071402197 -0.157322941 0.871979523
26.800000000 -2.263003134 0.125531328 1.285942721 0.450674399 -0.085630026 -0.169968987 0.872164336
26.810000000 -2.236243240 0.120251638 1.273461755 0.442564222 -0.098382727 -0.182767321 0.872384006
26.820000000 -2.209624210 0.112567213 1.261997072 0.433220930 -0.113069920 -0.197240508 0.872141617
26.830000000 -2.182965012 0.102348563 1.251487316 0.423375014 -0.131717481 -0.213861754 0.870440838
26.840000000 -2.156191945 0.089635934 1.241830594 0.411659029 -0.157370118 -0.233720124 0.866687022
26.850000000 -2.129104893 0.074397641 1.232986548 0.396969944 -0.191044503 -0.256919745 0.860179694
26.860000000 -2.102307485 0.056401033 1.225006474 0.381098159 -0.227775241 -0.280919532 0.850862415
26.870000000 -2.076225768 0.036348472 1.218120045 0.364699165 -0.264007733 -0.304772261 0.839290358
26.880000000 -2.051092188 0.014669695 1.212059073 0.347856540 -0.299653868 -0.328498971 0.825404030
26.890000000 -2.026674505 -0.008082136 1.207005830 0.330997300 -0.335088008 -0.351599948 0.809032936
26.900000000 -2.002989040 -0.031547103 1.203196350 0.313712545 -0.371316881 -0.374527602 0.789580451
26.910000000 -1.980992230 -0.056127066 1.200215853 0.293386897 -0.408932476 -0.397928350 0.767040668
26.920000000 -1.960830893 -0.081257571 1.198270812 0.270258052 -0.447123964 -0.421066659 0.741446973
26.930000000 -1.942107912 -0.105863688 1.197274532 0.247139320 -0.484125548 -0.442008861 0.713563436
26.940000000 -1.924681876 -0.129919894 1.197852274 0.228258359 -0.516370573 -0.459115282 0.685910133
26.950000000 -1.907582400 -0.154861278 1.199913177 0.209511689 -0.540495981 -0.474339301 0.662548998
26.960000000 -1.892120222 -0.180868660 1.203043888 0.189526987 -0.560342558 -0.486297563 0.643125508
26.970000000 -1.880772945 -0.207114815 1.206705101 0.187474714 -0.573870495 -0.487473839 0.630789301
26.980000000 -1.874646587 -0.234575512 1.210618695 0.195093567 -0.569700976 -0.485969344 0.633413841
26.990000000 -1.873747817 -0.263836823 1.215488090 0.215118718 -0.555359825 -0.477508886 0.645975747
27.000000000 -1.876512296 -0.295124435 1.219779489 0.241889277 -0.538478545 -0.462223562 0.661724877
27.010000000 -1.881435748 -0.327498862 1.223545350 0.272173151 -0.519978113 -0.443080489 0.677660843
27.020000000 -1.888385341 -0.358704064 1.226528288 0.300901623 -0.499799206 -0.426980682 0.690902645
27.030000000 -1.895352087 -0.388576776 1.228261772 0.323559044 -0.484242913 -0.415017558 0.698984100
27.040000000 -1.904196510 -0.417107386 1.227554455 0.342957911 -0.468422839 -0.404584618 0.706591255
27.050000000 -1.914560707 -0.444512437 1.224628958 0.364293629 -0.446719560 -0.393228655 0.716312091
27.060000000 -1.924856371 -0.471984683 1.219579288 0.384543739 -0.420932885 -0.381288206 0.727709367
27.070000000 -1.934496737 -0.499370102 1.212498327 0.402005371 -0.392350413 -0.372497904 0.738713847
27.080000000 -1.943103259 -0.526341590 1.203877678 0.420974225 -0.362574369 -0.367767152 0.745699571
27.090000000 -1.950150203 -0.552649231 1.193406837 0.432250427 -0.331621826 -0.372715359 0.751178936
27.100000000 -1.956819827 -0.578146260 1.181589343 0.433337600 -0.305990900 -0.389984056 0.752662294
27.110000000 -1.963722490 -0.601678025 1.169163879 0.428132099 -0.281031596 -0.407895214 0.755874091
27.120000000 -1.970029379 -0.623446615 1.155479508 0.412701364 -0.264763163 -0.432601479 0.756593691
27.130000000 -1.976622776 -0.643311881 1.140641788 0.391744451 -0.257283271 -0.457470984 0.755686378
27.140000000 -1.984568262 -0.660888706 1.125673005 0.365244952 -0.252916877 -0.481758167 0.755339822
27.150000000 -1.993174702 -0.677789974 1.110727632 0.338845340 -0.252805377 -0.503430881 0.753545370
27.160000000 -2.001380287 -0.695130291 1.095455866 0.317326448 -0.250671430 -0.520924791 0.751734741
27.170000000 -2.008833156 -0.712493441 1.080003465 0.294265320 -0.244729153 -0.538000576 0.751046566
27.180000000 -2.016566694 -0.729640577 1.064803902 0.273313516 -0.239094901 -0.552926143 0.749937351
27.190000000 -2.024581028 -0.747518676 1.049982836 0.250931263 -0.237026242 -0.567363274 0.747630241
27.200000000 -2.033049323 -0.766530831 1.035595766 0.227994933 -0.238228005 -0.581901991 0.743408233
27.210000000 -2.042318813 -0.786396985 1.022265302 0.204247532 -0.246703336 -0.596168640 0.736208776
27.220000000 -2.052710796 -0.807102226 1.010540881 0.171817316 -0.261334798 -0.611014440 0.727216809
27.230000000 -2.064958998 -0.828308163 1.001157932 0.137644942 -0.278805771 -0.624782785 0.716217623
27.240000000 -2.078753901 -0.849882920 0.994080199 0.101419376 -0.300745642 -0.636045683 0.703357702
27.250000000 -2.093077140 -0.872107088 0.989045450 0.067334533 -0.320778696 -0.645601463 0.689757812
27.260000000 -2.107374798 -0.895510126 0.985605049 0.034361577 -0.342368406 -0.655838471 0.671921913
27.270000000 -2.122906643 -0.920040366 0.983705010 0.002895339 -0.364875388 -0.662578188 0.654100690
27.280000000 -2.140126931 -0.944227702 0.983173340 -0.031783650 -0.390386988 -0.666628611 0.634187744
27.290000000 -2.158317523 -0.966626001 0.983764725 -0.068538635 -0.419077595 -0.668988568 0.610025181
27.300000000 -2.176274341 -0.987444802 0.985398649 -0.102414277 -0.441209466 -0.673710945 0.583917020
27.310000000 -2.192823726 -1.006617789 0.988569121 -0.129885420 -0.451374522 -0.679002725 0.564221693
27.320000000 -2.208901439 -1.026188762 0.992381666 -0.161859333 -0.470897698 -0.678598524 0.539963849
27.330000000 -2.223120747 -1.044639640 0.997803666 -0.161823228 -0.489042802 -0.672583803 0.531301618
27.340000000 -2.237392696 -1.061532046 1.004616372 -0.143396975 -0.486570374 -0.671728054 0.539877764
27.350000000 -2.252771951 -1.079464455 1.012196596 -0.110851685 -0.471465001 -0.673921327 0.557909224
27.360000000 -2.271871371 -1.099255486 1.018773924 -0.068305731 -0.460968456 -0.667226468 0.581077663
27.370000000 -2.290370164 -1.118807909 1.025572044 -0.028659211 -0.447378338 -0.665417652 0.596867339
27.380000000 -2.308271934 -1.139258065 1.031782629 0.002131333 -0.437624588 -0.664679720 0.605541945
27.390000000 -2.325106381 -1.160115530 1.036776435 0.022616252 -0.433074767 -0.663332602 0.609856221
27.400000000 -2.342014015 -1.179120624 1.040450027 0.043785383 -0.423689623 -0.664306780 0.614220193
27.410000000 -2.359384955 -1.197128972 1.042742018 0.068550447 -0.403636609 -0.665871111 0.623693826
27.420000000 -2.376857278 -1.214757581 1.043216380 0.089280175 -0.378037893 -0.669142410 0.633533612
27.430000000 -2.393435522 -1.232289687 1.042015079 0.113320161 -0.353141316 -0.672133894 0.640847705
27.440000000 -2.409238728 -1.250215594 1.038879991 0.141413478 -0.337777417 -0.676401569 0.639053646
27.450000000 -2.424629304 -1.266899160 1.034163759 0.158145913 -0.322976920 -0.687857832 0.630497726
27.460000000 -2.440096178 -1.282199221 1.027948171 0.170510904 -0.300093002 -0.703378722 0.621392464
27.470000000 -2.454644088 -1.296008457 1.019673220 0.164461630 -0.270361028 -0.727233953 0.609087896
27.480000000 -2.469017869 -1.307525928 1.010062174 0.142264117 -0.244706561 -0.751717707 0.595650996
27.490000000 -2.483774283 -1.317151578 0.998413988 0.113035020 -0.224678606 -0.772787141 0.582702877
27.500000000 -2.500250527 -1.325842728 0.985993764 0.083928887 -0.210252078 -0.790605261 0.568940530
27.510000000 -2.517968918 -1.334926705 0.973569514 0.059205131 -0.194982901 -0.806130702 0.555544518
27.520000000 -2.537481440 -1.344985181 0.961536375 0.038008283 -0.177837285 -0.819394440 0.543619373
27.530000000 -2.558247358 -1.355962249 0.951052985 0.021194086 -0.161038985 -0.831080803 0.531904084
27.540000000 -2.580459529 -1.367501827 0.941916175 0.005551776 -0.147684756 -0.841447215 0.519735486
27.550000000 -2.603617835 -1.379103183 0.934234537 -0.011637374 -0.139761387 -0.850051850 0.507684132
27.560000000 -2.627637119 -1.390171094 0.927614417 -0.029656124 -0.137239799 -0.857407725 0.495113870
27.570000000 -2.652539938 -1.400651382 0.922003459 -0.051641394 -0.139946405 -0.863459179 0.481857257
27.580000000 -2.678031726 -1.410528144 0.917985634 -0.076523979 -0.147929427 -0.867966719 0.467861881
27.590000000 -2.704082110 -1.419504478 0.915880332 -0.107711574 -0.159085268 -0.870477536 0.453165481
27.600000000 -2.730836669 -1.427763376 0.915790408 -0.142867607 -0.172579345 -0.870864389 0.437493351
27.610000000 -2.757704263 -1.436361676 0.917768629 -0.177540163 -0.188091384 -0.869280608 0.421250930
27.620000000 -2.785056619 -1.444778364 0.921258453 -0.210718900 -0.204023305 -0.866531800 0.403849819
27.630000000 -2.812902830 -1.452547947 0.926280470 -0.243564117 -0.220893039 -0.862407861 0.384883707
27.640000000 -2.840960953 -1.458338206 0.932832285 -0.278644500 -0.238304327 -0.855852498 0.364807884
27.650000000 -2.867860545 -1.462990678 0.939876803 -0.315829589 -0.254358536 -0.847168846 0.343305043
27.660000000 -2.892896308 -1.467617749 0.947046756 -0.351863771 -0.267593290 -0.838278627 0.319178104
27.670000000 -2.916372851 -1.473297019 0.954256236 -0.385446232 -0.266147705 -0.834030007 0.291531384
27.680000000 -2.939312448 -1.480554619 0.961523131 -0.413880835 -0.258677307 -0.832155597 0.263259886
27.690000000 -2.961532215 -1.489598997 0.969517548 -0.423463887 -0.259554531 -0.832069929 0.246919854
27.700000000 -2.985400961 -1.499366053 0.979371914 -0.409451976 -0.260420950 -0.839697924 0.243797878
27.710000000 -3.011491589 -1.509026178 0.991686780 -0.377348837 -0.260654580 -0.853898867 0.246015793
27.720000000 -3.039132401 -1.517637336 1.004527921 -0.333947609 -0.261844378 -0.869681000 0.252133841
27.730000000 -3.064134393 -1.524375684 1.016917604 -0.293567150 -0.265956049 -0.881850557 0.255783706
27.740000000 -3.086881186 -1.531639364 1.028398382 -0.262385489 -0.274483734 -0.889482705 0.254230312
27.750000000 -3.109068450 -1.540021045 1.038426369 -0.240553603 -0.281197382 -0.895765991 0.246303238
27.760000000 -3.129813554 -1.547267595 1.046817653 -0.219685854 -0.280761860 -0.903786781 0.236812916
27.770000000 -3.149504605 -1.552033436 1.053846140 -0.190101920 -0.274228461 -0.913284896 0.233603745
27.780000000 -3.169120342 -1.556950655 1.059226526 -0.156329440 -0.268208025 -0.921676306 0.232676490
